00000000
00000000
00000000
00000000
00000000
00000000
00000000
00000000
00000000
00000000
00000000
00000000
00000000
00000000
00000000
00000000
00000000
00000000
00000000
00000000
00000000
00000000
00000000
00000000
00000000
00000000
00000000
00000000
00000000
00000000
00000000
00000000
00000000
00000000
00000000
00000000
00000000
00000000
00000000
00000000
00000000
00000000
00000000
00000000
00000000
00000000
00000000
00000000
00000000
00000000
00000000
00000000
00000000
00000000
00000000
00000000
00000000
00000000
00000000
00000000
00000000
00000000
00000000
00000000
f1dc082a
fb440f41
121df0e5
046def59
f89415de
1ccf21e7
f67822ec
f5fd05f0
2d43ed41
f4b902e1
e091ee0b
fc66d3a8
eb4af5c9
0ee808a5
177dfde0
f1def890
f03a043a
f77b0d82
1568f619
0896f10f
f32b1334
130d2834
edc11f44
f4cb0325
3092f99b
f45cffdd
e649e685
07ffd43c
eea3f0c6
0c290c35
173d0406
f446f529
efac0000
f4460ad7
173dfbfa
0c29f3cb
eea30f3a
07ff2bc4
e649197b
f45c0023
30920665
f4cbfcdb
edc1e0bc
130dd7cc
f32beccc
08960ef1
156809e7
f77bf27e
f03afbc6
f1de0770
177d0220
0ee8f75b
eb4a0a37
fc662c58
e09111f5
f4b9fd1f
2d4312bf
f5fdfa10
f678dd14
1ccfde19
f894ea22
046d10a7
121d0f1b
fb44f0bf
f1dcf7d6
f06d0387
16230822
10a3fb82
e95a0481
f10b29e6
dcfe0935
f5dafa4d
26de1dd3
f7def7ac
ffd5dbcd
249ae6b6
fe7de8f5
fff7113b
0d961347
ff60f00b
f474f474
f00bff60
13470d96
113bfff7
e8f5fe7d
e6b6249a
dbcdffd5
f7acf7de
1dd326de
fa4df5da
0935dcfe
29e6f10b
0481e95a
fb8210a3
08221623
0387f06d
f7d6f1dc
f0bffb44
0f1b121d
10a7046d
ea22f894
de191ccf
dd14f678
fa10f5fd
12bf2d43
fd1ff4b9
11f5e091
2c58fc66
0a37eb4a
f75b0ee8
0220177d
0770f1de
fbc6f03a
f27ef77b
09e71568
0ef10896
ecccf32b
d7cc130d
e0bcedc1
fcdbf4cb
06653092
0023f45c
197be649
2bc407ff
0f3aeea3
f3cb0c29
fbfa173d
0ad7f446
0000efac
f529f446
0406173d
0c350c29
f0c6eea3
d43c07ff
e685e649
ffddf45c
f99b3092
0325f4cb
1f44edc1
2834130d
1334f32b
f10f0896
f6191568
0d82f77b
043af03a
f890f1de
fde0177d
08a50ee8
f5c9eb4a
d3a8fc66
ee0be091
02e1f4b9
ed412d43
05f0f5fd
22ecf678
21e71ccf
15def894
ef59046d
f0e5121d
0f41fb44
e7ed13db
eb641255
dfa20bd7
e50000d7
e59af1da
f1e6e5ce
1310e7d9
13e700fe
0cd51a3e
e9021155
e353ebc2
2009ee89
ff4f1970
e5eb0302
1225e87e
f61511fc
fc6c0536
09f2e96a
e74b1181
101209f7
0a59e4f7
d9f402bd
054c1c28
1b8fff56
0169e47f
ebfdedef
e0650849
f28f1981
05901b5b
104a1444
18990bd5
195f0604
1a00044e
192906d8
17c60d6a
0e3a15c4
01f21bd9
ee9516fa
df6201f5
f09de9dd
087ce5cc
1a90075d
fbf71c5d
db6df52a
13e8eafb
0a870fb5
e21904c6
136bf0c5
fa4c02b9
ee150a09
1c25f689
e90df341
eff713c2
23d706d3
f7cadde0
e35ffcef
f6841ba1
0ce10f35
1ebafe69
0b4ee47b
fb27e271
ef97ea8b
e42debaa
e58cf82e
e2c4f514
e3f6f2f6
e817f0ba
f022e2c8
fec5e4c9
11b9e904
1bd5fdc8
0a7219df
f0da1283
e209f4c9
06fde3a9
1dfc081e
e5e415dd
f852e8db
1638fa5b
ea04128f
086cf158
04a1f761
e70c0f69
1d41fc7c
f9c4e8ee
dcae089e
1ae41a84
11f9ec4b
f6a7e259
e8a2fd8b
e4af0d90
07331f1e
10b410d3
18960454
1fde0090
15a0f00d
1ceff856
1a3ff5fe
19c7fa39
1cba0edb
0d860e97
fe761e10
e8c40fa4
e460ed9d
ffeeea11
1b3fef6d
08b01bce
e3640975
0226d7fd
131512bc
f2a7086e
fce8e2ab
06751674
0228f866
f996e9f8
f7451d71
18def5da
fac2e1e6
dd4f103d
13421575
199cfac8
0537e38d
f4d4e6f4
dc66fdba
ee390e4a
f45517f9
fae01a63
0bbc1a27
0052193e
078c1a75
fe6a1a5f
ed1915db
eeed0d18
de99f6c5
f51ce5b1
11f3e673
14eeff02
0d5d1db5
de2e0131
fcf5e245
24710477
e72e0e57
fe75f30e
15fef7be
e7a90a3f
1011fed3
08c9ee3c
e19a0822
1ab10fb5
0fb1e64b
e031f050
f9b71a49
1194107a
1baaf44d
0a66e3fd
ec77e533
e9e1f811
e3d10451
e90e0e38
f1061494
eb621292
f05b1413
e82c0cb0
e3870188
eb1bf53f
f117e260
0fa9e68e
1d99fae4
0cb61477
f25b1754
e6ece6ec
17beed78
12a618ba
e0f4fadd
0fbdf3f4
0eb90689
e5ccfcb4
1709049a
05e9f461
e379fd32
1a3119ba
1082e716
e5c9ea99
f5721ed1
0f800e19
1eecfba2
0c9ae677
f1f2e053
eb38fa6d
e339fd5e
e9310d56
ed851462
ea4d0ce6
ee7716ae
e6110713
e559ff44
ebfff50c
f596dde1
1421ed5e
1cbdfcbb
0bab1763
ef7a17a0
e94ee124
1cd9f5ed
0d4f1755
e1d8fa33
1591f828
07ab01e8
e98c0675
1d6bfdde
f877f221
eb7c1128
2764075b
fb54e23c
e3090319
09f41e4d
1534059b
199deae6
f8a9e4f9
e468f3f8
ed5806e9
e69d1409
f9c819ad
fc751bdd
f82b1ce3
02201ac9
edd41a2f
ee2a1177
e87c0303
e361f1d3
07d1e285
11c4f0a0
1b940e5c
005b1aab
da4dfdcc
15d6e2ef
12fd0e82
ea4513e6
0c2fe553
009f09c4
000910e7
0aa4e545
ee920ee3
108b11e9
0fc2e1d0
e11402f7
027e1d15
1fee0208
09d7ea33
eff4e92d
e523079b
f2421990
04c51ad2
12a71b86
18dc0dad
1c740c1d
1d3c0aec
1a2f08af
1a70161c
0e3a16f6
00f31df0
f05d194f
e18dfb91
f6e9ee44
1050e7c4
1a810b3f
fccf22f4
e0dcecfd
1660f3e2
0fa51515
e292fc0a
1488ff99
064d007e
e77802ae
1b830ca5
0098ed1a
e369048f
15651f94
15bced56
f1a6e877
e7790c88
fa5c1a5d
16fa173b
1ccffee4
14e9ed81
0968e7c2
fdf2e4c8
f886e705
1ce3f885
fe61f87e
fa3cd4ed
0e88f34b
e2350016
df25ea88
04c7034b
fa372532
f6a20ffe
1392ed84
20f1f01c
0060fd22
d88bfefa
e79afb28
15c20022
25da03a6
044efb86
dbbc065e
e6450956
0d53effd
11e1de7b
0023f14f
0fcf1e9a
1b320e8d
f21dfab6
e64a232b
ff8f047f
e81dec73
e0810a7a
ff80eab5
eca4ec96
ea0ef8c7
047ee1fb
ea4df810
edf3eb5d
0197eac3
df680646
eb9ee8d2
feb10453
defa1c69
f3f5f74c
15cd15d2
0522220f
054ef24d
1d59e7e0
12bef6ea
e4ccfcfe
dd04f485
05f8fe47
1e371716
12040c33
eefdedda
e152e72b
021cfe06
233e09c5
1aecffe3
ee1104af
e0e61535
00ac05c3
fbc0d8fb
edcce86a
12cb0469
209ce346
0585faa9
14ec1547
202bfa2f
ffad124a
0fb91343
16d50788
f89c19bd
16a50712
12e81364
fc7910cd
2688f802
1360155b
0210f59b
2731e025
080306d2
ebbde4fe
fc42dd3e
fa230ea9
eb451718
f0a408ac
2043fa3b
26f700af
f61a002c
e203ed07
ed7ff87b
19fe09d6
28c708ee
f9ce0052
e03b013a
ea5c07fa
10faef92
161cdba5
faeefc9f
1de71cf4
1ad40633
ebec0667
fc4226b4
fb800284
e594fa80
ee0714f4
f363ed90
eccbfb05
e97705d1
f6f1e5a8
ed450a80
e428fb88
fc7df1a4
ea4d215a
e6d4fc11
0cbb095c
fe273025
fd01fcb2
23eefe9a
1de40cab
f9c3ef01
f50ae0e6
04a1ee35
f63b2051
ef3c1ea8
0b38f28e
1b43ea74
0ff0f087
edf5160e
eb0820d1
0844f50a
04bddf74
0119e90b
1036154d
1dba1987
068cf95d
dcc51aae
fb581536
fc66e8b2
d78cf9e9
0638f813
0295e455
ed8ded7d
17cbf156
feb2eb38
ffe5e8d7
1859f409
f18eec50
07dee33f
07c9fa68
deb2ee02
01aae74a
f5810fb4
d69807ce
02a2fcc4
0e6922f1
ff681d20
0d07f143
1df4ea19
0d1dfd98
de3a03f5
e1c5fdd4
111003d8
24dc0cbf
10ed0466
e1fafbdb
de0000a0
0d51ff54
211fef45
0fa7f416
f8cf1c3a
04e0257b
0375fdab
d649fa15
f0a60b00
0affe9cf
e917e1de
0974fe6d
147fea5a
fd56e7bb
1aff02b3
0cc8ecaf
0b0bee59
1bce02da
fd7be5fc
142fece6
09f5fe77
e7b4df17
0e8ced71
ecfb0a7c
d507f5b1
09410128
fc902708
f74b1950
1413f4cf
1e8ef3d4
0d90021f
d94cfbb5
e477f8aa
146508ce
1dc511ed
1056064d
ddcdf8db
de41feed
12610078
1c5def2e
0fc1f713
f7571f4a
04ea239f
031afccb
cfd2ffba
f6a40cbb
04c2e6f8
e023e82b
0ea2fdea
0810e4fa
f8b1ebcf
1b9bfc41
ff74e8bc
09c8eebd
154ef949
f1f0e83f
0e74e935
ff66fae1
de4bec9e
0323eb29
ede214bd
d7fa0b6b
058cfd7a
11f22694
0378175f
06d9e9fa
1335e6aa
03d8fb21
dd9c17a8
e6ab0b6c
12a5f8d6
230efa7e
078bf996
e0ac172d
e923177b
07f5f042
0568e171
fdc0f05f
13af1ce3
1e1e0f43
f5e3fd18
e7fc2c6d
01bb0a75
e6caf202
dd7312d5
ff0feedc
e92ff169
e86afd7c
0319e567
e861fb83
ee77ee60
ff21edbb
e00a06de
eb14eab9
fa4f0528
dd941a88
edbbf9c5
0ef819c3
fdd62730
0077fa37
231bf269
1289001e
e635f84b
e1c4eb6b
fd55011c
12d822af
0801178d
f53ded17
f03cdd65
f9f8fe82
17a61c39
14f3119d
eb79fc77
da080146
f336073a
1299e303
ff01e12c
025d0eab
2b4f04af
041dfe22
fb031e77
18d2160a
edcf0b14
f8de1a79
04b7169e
f70ffd8b
18ec024f
1a25fbbd
ef4b0a37
f8860ba1
dae6fc75
d636032b
09db00e0
0e4c0645
128d0428
17b0d924
0a1feaea
ee4b06ec
dc26fcb6
fdd514a4
facafc43
edbeed3e
02630495
f2eadfdb
fbf70014
fafd2167
e803f2ca
1b01fec9
19e0fe64
e89f0613
f73b1861
0da9d82f
fe2edcca
e3560869
048a0740
29bc12d5
022605ff
eeae0a00
fbe1fb24
048fd271
fbfef872
ea62149e
1d95132f
29500814
e681fb68
ef0d1136
0e55ea65
0e8ee939
ff721b61
e091f3a3
fdeb0375
154b1b68
fd3afba4
071d1931
00a10662
ed0bf78f
f0ec20b1
f1270be0
175201c8
2d7ffeeb
05adeddc
01b8f07c
042cf707
e85d229b
f08521e7
f23100a9
eecd095c
10c4eb7e
0a76e943
fda808f8
0f42f1a4
f431e241
f783f1dd
1cb419f9
fb1e162f
ea18e614
0d6c0010
1e9110b4
251e0f31
1377278e
f369f70e
f864ea93
09fa249b
08f21579
1708f9ac
27f2fd0e
088aedbf
fe22e9da
1bc902e3
0c89101c
02b4066d
00db0a3f
e4c21022
06370b6c
2128149f
05231a64
12ab0438
094ddd21
e493e1d6
f1d3fae1
f394d385
fbc0cf5c
1e3804d8
17a4f919
fc95e88c
e69efed3
f92c0006
1eb8ef7d
f481e424
e7c9f9f3
19600898
f0aefb81
cc98072a
e901fb46
f1bcf095
12601a6e
211f0e20
083c00e8
02db30b3
fad91b2e
18a4fe00
203b108a
e3bcf35f
f33cf84b
18af0beb
1113dacb
0dbcf192
ec3c21fd
f1b60792
15410824
fcba00a7
ed3ae8e2
e3ef00a5
e38c00a8
075df737
01c102df
fb99fbfe
15a5f397
1241f3d4
0e130c5a
155b1f7f
08eb097a
f53a00e6
f8e0017b
05260449
f0b305e8
e3b8eb0c
f1dffbba
e99b12fa
eb2df87f
0a980e98
fcbe1608
db85dcf6
044ddf37
1e9ffaee
ec8bec43
f53bddad
15dde2ac
f09df424
f24ce5d7
07f9d40c
f1a10f68
02273535
08f3fcab
e48cdf5a
0000ec00
1b74df5a
f70dfcab
fdd93535
0e5f0f68
f807d40c
0db4e5d7
0f63f424
ea23e2ac
0ac5ddad
1375ec43
e161faee
fbb3df37
247bdcf6
03421608
f5680e98
14d3f87f
166512fa
0e21fbba
1c48eb0c
0f4d05e8
fada0449
0720017b
0ac600e6
f715097a
eaa51f7f
f1ed0c5a
edbff3d4
ea5bf397
0467fbfe
fe3f02df
f8a3f737
1c7400a8
1c1100a5
12c6e8e2
034600a7
eabf0824
0e4a0792
13c421fd
f244f192
eeeddacb
e7510beb
0cc4f84b
1c44f35f
dfc5108a
e75cfe00
05271b2e
fd2530b3
f7c400e8
dee10e20
eda01a6e
0e44f095
16fffb46
3368072a
0f52fb81
e6a00898
1837f9f3
0b7fe424
e148ef7d
06d40006
1962fed3
036be88c
e85cf919
e1c804d8
0440cf5c
0c6cd385
0e2dfae1
1b6de1d6
f6b3dd21
ed550438
fadd1a64
ded8149f
f9c90b6c
1b3e1022
ff250a3f
fd4c066d
f377101c
e43702e3
01dee9da
f776edbf
d80efd0e
e8f8f9ac
f70e1579
f606249b
079cea93
0c97f70e
ec89278e
dae20f31
e16f10b4
f2940010
15e8e614
04e2162f
e34c19f9
087df1dd
0bcfe241
f0bef1a4
025808f8
f58ae943
ef3ceb7e
1133095c
0dcf00a9
0f7b21e7
17a3229b
fbd4f707
fe48f07c
fa53eddc
d281feeb
e8ae01c8
0ed90be0
0f1420b1
12f5f78f
ff5f0662
f8e31931
02c6fba4
eab51b68
02150375
1f6ff3a3
008e1b61
f172e939
f1abea65
10f31136
197ffb68
d6b00814
e26b132f
159e149e
0402f872
fb71d271
041ffb24
1265006d
e26b1035
09850d48
123cdf42
0409ea40
03e802db
ed4cf8c5
f45f1709
ec050d3f
e141f866
14920bb1
2dd902dd
16431c99
079f19b5
02f8ea34
ed8208a8
e9190057
0c9eda8e
fff1fbb3
e73f0019
0504f2fa
017ef70c
fa2bea03
10f5d8a3
0130d760
fcc1fc99
1641fc21
0e82d3cf
0b05f4f8
26be0de4
1980fa95
f44b1203
ff46155e
02250789
004c1858
2040043a
0bfffd97
f4331d93
1076038d
0c3cec8c
060df93f
fd10ec44
dd54e985
f6cdeab4
0cc80360
fa522fa2
0a2f10cb
14f7fb51
fbfe00af
e533f51a
f0ac265d
0fb21d84
0259e35f
f04bff77
fa1bff66
f0e90219
fc801a37
140efc3e
06a51063
f5da110b
e842e27b
eec0fb0d
f7bffcff
e05feec4
e48b18d4
f3582e73
f9be1eb2
09c20402
f6d1e8ba
fecbd465
115ae1c1
db4604da
c9bd0560
eb38037d
053d031c
0ea80903
dff822a2
cfb0023a
f68bf032
03c70d84
0379e7d2
0053cd09
0e46f1e2
01c0ffa4
edfbe345
2af5e0c5
18c32109
dde82e2a
10c20a9e
fdd91e37
df4c1a0f
0ba40c52
ea141d59
f1f609b5
359e00c1
168c0a2a
fefcff6a
12fdfe36
fc49f867
fb56f287
144b08b2
f37b1124
de0cedc1
008cdea3
fd58f8b1
df07fd9a
e10cfe14
018203b2
0918f709
e9a1f43f
05f0f629
00b7028b
c8260b79
0a03fdcb
097a095d
c5f81019
0f3207e3
187e09f4
f84a02df
1d240b5b
0be5f48b
113dd0b5
1456f5fc
fe32145c
10f91707
ee1100ec
e92ade13
0c9a0161
f5f8fb99
01bcd749
0795098d
f65a0367
f9a7dc33
e6860c44
fa342128
11b2f0f3
f69ee27a
eca721bc
f892399a
0717f71c
ebeaeb9f
d6090da4
f76af876
f5a6e2e7
f914fabc
0ed6122f
028ef7ca
0b02e908
feae19da
e1f125a5
e92a056f
f38aff99
1b3cf550
28ac005a
07e02030
141f048f
0c10fed5
e796229c
f142f8e6
f779e301
f5dc10f8
037b08eb
059ef034
fec4e2f6
ebc5f610
e24c3968
04fa23f4
1c6c04b3
0ee22836
096405c2
fc31f86e
f2d70ac9
02f8e4f8
f7dcf869
f23effde
0adbdde8
0a780b23
097815fd
04cbeca3
eb70fc11
f1580775
067bf5a2
0b5bf950
0eb600e6
0b90ff27
02f41c52
14dc255b
293ff4f1
fe3ffd7d
dba41864
f8d40398
0c0f0ffe
1e67fd00
162fe02f
ed8c08bb
0b83fd13
12f9f01c
da7512b3
ee6efdd5
1eb7fa76
17fb0931
03effbe6
01371513
fd0823ad
ed2318e0
00780e62
0f1ff2d5
f65dfbfd
04cb09df
1314f7f4
f735ff4d
f0e50cb5
0180fe5b
08a8dfa2
f815e7c9
f9bf0e66
1a8105d0
195a0594
070efe5d
ff14d228
0e7bfd82
2aa5245b
00e8f826
e743f552
1a4ff758
1363e7b6
f190ec93
ee7becc7
ec0df8d7
0df4f8d1
1c81f6c4
00ea0865
f7e1fd6d
e79cf427
e7a2fb21
f97106bc
f47917f6
04a90db6
049701b9
deb0fd4d
e2b4fc71
00eafd8a
0e3fec4c
090c04d1
fcab22e7
ef320edd
dfbd0663
03e100ba
1eae0815
de3d05b0
d7dcf2a0
1d732195
19f22fa5
f7d31c26
ee3124a2
e302f1fe
f72cefdc
1cd41184
06bef11d
da870094
eb260761
0085fb31
031713d0
19c4fe8e
15760aae
08ca1e6e
ffd7e857
eb8fd6dd
0da3de6d
1274ec8c
eba40853
10be0baf
0bbf13a9
d94307cc
fc4f0233
0c761563
f236022b
f780032f
efdf100b
d56e04ff
dc391349
fead0483
f185eeaa
d27a0988
f0effbf9
f8a9d781
ee8feca0
15740122
f5d7f7a9
de43f419
0bc40f22
1381200e
dcdc25f2
f5700957
1ac9ea01
097b0bf1
fc2b255d
04e90f51
1e8cffaf
fe780619
bb9e1167
d514088b
004911ae
fb4d1577
083ff614
015d0be4
e5b313df
ecc0eda8
f0e70088
f3e713a4
ff2416db
ff561818
0054047a
e6280559
d84bef02
fbbee38d
007f0032
000cfecc
0ad80d2c
efbb059e
e870f37a
f32721d4
fa5b1f84
0ccb066f
02ab034a
f2f9fbbd
e67a2937
e9bd232a
0bfcf4f3
f5b80183
fe7ceb98
4350eb17
13710e5c
eb1efe08
1c4b06eb
19811ae6
1b971479
13c9137b
e699fed2
fcd0f8fe
06000f53
022d0248
2978e66e
196dfc78
0bec1773
0b420425
e901fa73
0a89fb5b
131dfbf6
eabe0475
00fcfc0f
e4281a73
d0e31da8
0a73db79
0303f86c
14de1f78
2294ffc8
c83e03e8
d28df207
249ff090
11ca0ecf
e156e5ba
eb90e98b
20e3134b
1ceafeb2
f4590492
f5e110a6
ebddfef8
02fb0d42
290f1339
ffc6f419
f7eeea11
0f7afd72
f7df109c
069325bc
23ab1e01
0483fb4f
e569032b
f5ff0cde
0fdb0168
0f300369
fec2e1b1
f484d0ec
fdc1f386
f9d3f9ba
eef60927
0d791960
0c8004cd
fb7f004a
2c2bf26c
2441edde
e9ec0bcf
f6350253
f4fbee25
d7a6f6fb
ea63fe31
08f5fa90
1a7bee80
156cf0a6
f431ed06
e9d0e76b
ff290140
0fbcfd92
0b12fa9f
f64e16ea
fb39f67c
0fb1e728
00851515
fefb0546
12e2edff
ff61105b
ebaa1649
f031ffd7
fe72070d
0daf1f42
0986240d
156f11d0
0d53034b
e198ff0c
fc2ef2a4
1b02f634
fef611d4
01120f32
0657081b
f09d1388
f2a706e9
0b0c0cf1
08990d55
f493e651
0ba9e7ba
0c68ea29
f503f0fe
100115b1
f177f8e3
d3a7ea30
149700d8
0e3fecba
f4a8fdc6
19960b17
0c3ef369
063efff5
1e9b0aa3
1566131b
07a60dfb
f4b8f2c0
f4f5edf2
febdeebc
ee260351
fa5802d4
0486f36d
fa791778
04760aa4
f47bf3b2
ec660b04
fb1cf9e6
ff5ffa6d
2762f6e1
1e43dcc9
f7d6f23b
22fcf3b2
06c6f680
e0940ae3
28180daa
106516cf
dc41f506
f86cf191
e5c419b3
eb0ef24c
0befed73
fafd3003
084d2b7f
21b0f14f
1cb1f1da
115f1575
fc4cf6ae
ee4af7e8
0b802750
26440cbb
ea8715b3
dfa12b5e
213d01be
e8a201f2
d42a06db
2b6b1262
1f9b243a
0e53044b
143c0ca9
01d90d55
0e4edec8
ea90d7ce
d623ea57
ebb711d2
e13615f2
0f0bf459
164f04bf
d0550c89
d800f96b
fb5af014
088eed37
043fe9f1
ed1fe7f7
faa22133
190f32eb
1a9ff82c
faa717a3
ffcd3301
268b0aa3
06c10e2e
f9890270
0eefedb9
f84cf516
0c97efdb
0de8fbcc
d47c0619
dcdff5d4
fc7be28b
f798ddc8
ee6af2a1
01adf66f
0d9deb05
e870f5f5
f674fe58
1589fafc
f5fffeab
ff700fb8
0b411f41
f85f1a92
061e0a62
f4ef0933
e9b80b6a
03b1ed2e
f556e31c
fec2fd48
1eb00084
fda30aa3
e03e098a
eef7f1d5
f290fdfd
f286fbf6
001b0011
fc9224dc
f3781222
0530eb8b
0a97ea04
fddc0cf8
0690232c
0739ee3e
1202df15
326e0b76
0d5f047a
df8ff3cd
059af1d2
2246f0a3
0acff417
f074e5b4
060cfe46
31433285
1cdc20e6
0f2bf6ea
14f1f956
f349fdd2
099ef8e0
1e5c0cd8
f9bd19d7
08020ccf
170f00a8
1439f551
1533f487
03b6fd7a
118e13b6
05232ae3
e97d11e9
ffebff79
feef0090
05fcf006
0d000b48
fa64fdb8
fc79fa40
145edf31
0180efc7
e4ce0d12
036609d4
ef70106c
d57b0b0f
000015ac
00df0ceb
1667e566
30681617
ef4029cf
f24dfe58
25e814f2
0a1a0286
ebbae711
e9090cc9
fcc0f763
1259e3ea
0599eebb
fe33dc80
0745fec0
1ca007d1
1cebcea3
f287e722
f7bf0968
1dc6fe6c
0bae1bd1
f1d50d40
ff9beccc
10821218
107d0047
0d0ce98c
0a121b3b
08ce027c
03e5e0cb
f8ef0d26
0319f7e1
06cacdf0
f4bc0395
fbeb2506
f53e0132
eabaf421
09cff000
fcdfee8e
e3330dab
f9900668
eba7f721
e3ed1caf
082b2214
081509c7
fd7b0b67
f9a31979
003b1501
211ff102
08dceed3
eff20085
15e1f721
047a04a8
f5b20d59
11c8005e
f405f7a3
eaf0fcba
ff2c12b0
fba8e9e1
10fdcec8
18e70671
1f0604d0
1c09f5e1
ecfb0446
fa760664
0e4d1c94
f107fed0
f167eba8
e90b0f87
fbc5f6e0
21a8fbac
0120157f
f002f588
f61af796
f1350819
fc4c0ef4
fc40081a
0ae6eb85
014afd8b
dbfd10ff
fc8402bc
07c0f4f4
ee3ff059
0a640117
ff5af4ef
d329efe4
e1f11dd5
f56b14e3
fcd5e0d6
17f1ed29
1b7423e5
fcb011dc
f2d8e124
ff670464
fe3c01a7
fe3ed21e
0776efad
f7f4f991
f321f503
1bf6153d
213613f8
124f08d4
216902b7
fda30260
e4ae019e
fd3fecd6
ec5b09f7
0cac2a74
3bc0feda
0cf4e52d
fef4fed5
15480525
14def9b4
0a1200a0
ea130111
f7def9a5
118af6dc
0053e8ba
fe68f3d4
f8ecf083
f375dec1
f4400e46
f1af031c
0df8daf7
11650da9
f3fe0a0f
f8eaffbd
167a27a8
11d40771
ea28f1c6
fd11f75d
1841eb37
0254fac1
15fef4d6
1b3ef67b
f7a31650
d2820dac
c3e1fe44
1f16fca0
3414f04c
dc9fe247
f6bfecb7
00fb05f7
e5ecf0e1
12dcd995
f468fb61
d53a1155
10280905
11b41a4d
efdf2454
08ecf38e
2076e4d8
ff9d07d5
ec33f1dc
ec37f4f3
e3892468
0cde0d32
25d3f4d1
1ba806f1
339914dd
1ba60c8c
f65e0299
0ec02c93
18092741
0a79f62d
16f40712
3791edfd
14acf0af
cfe63ad9
e6b6039f
00e9d47f
018d123b
13fa2228
fd7d1ea6
f6ec11c5
0642013f
09540ac5
194202c2
00c013ca
e576065c
e95ad046
f882f099
123109cf
f2d1f953
f0d405a0
220d0105
0d6a0967
10a610f9
1e2a0642
fe0817a7
06ce073a
0557ecee
0ea9f128
23c6f86e
f1c20c7b
dc12f841
e1dcee7b
e078036b
f51be438
e22bf2ab
f23a036a
240ce85e
08f415c8
fae40897
042ad5f6
f30af1c9
ecf8e07d
eabfe967
01f1045b
158fcfaf
0c33dccf
1a4ef754
1189e204
ff2aff69
091f0b22
f1b20219
ea7b111e
0b501399
11281a92
024a12b2
ed10f184
f005e6f5
03b5f948
fab80232
08c4eba9
2843e828
0ec2fa7e
e5d8f33d
f021ed15
09e7efe6
0834f11d
0d0dff5b
0ef001e9
fc64f33d
ffdd0127
f2ae1fac
e0b70ead
00d4e61f
00cfdf0c
e28ef464
e442105d
f721ffea
13cad94d
07e0eab2
e1d60200
ec1dfe13
0da30173
1cd20144
0abe00c6
00d40600
fcc905ef
d968fec4
f13406d0
18eb1104
06d0f825
16810622
1ed61f4b
12c4f52a
0ac0f8ca
ddc3f9e7
faeecb09
2c95f99a
056a0cb2
ff30d4b3
fd22f5fd
f48b1e06
168e0d7f
fa2a071f
de81fe27
ee3f03ca
e228134f
fb48fa54
f875e34d
c6cbffa3
f133181a
0c460272
efbfe701
1240e7fb
128f05a5
ef9109f1
076be8a8
ecde0732
f7d0ff8a
18fef343
0f440b7a
1aa80557
1c04f5a2
0a01055b
fafd030c
e3d70366
fac40f62
126c04cb
fe700c9d
0faa247b
1f0c1448
fab5e677
fcb4e6f9
1e441b61
1b811006
186fe089
07e8e588
e05cdf78
f011e7c9
0ba5020b
fac1e99b
f849f615
0ac3108a
0d78fb04
fc5314ce
fa38333f
093e0f49
f481f546
d5c40a35
e9ea1349
1e60fa6e
21fc02e5
f4ea18e7
f8e10641
0b1ff374
fc94f0fd
fafd00e0
f37cff59
edccf230
e9f213fe
ef9d09d8
1387f165
f6721489
d7aff457
f56fd74e
de52ff24
d195f47d
d9c2ee9b
d750fbfe
14f2f0d1
1ed3fe11
ea09fb49
e128f905
db541ae3
f5e70354
1070dfdb
eda007e3
e78212b7
06dcf06c
0c99fb17
ecc1fa6f
ed2cf350
1b321cda
f67b1c39
c66e0aa9
00b823ae
0b2f1a54
d725f5e9
f21bda4d
08b4e47e
ea7e1590
f82f15ba
fc0f0125
efa9f630
1cafde6d
271e0392
05cb2b18
ea22fdd8
d3f1ed24
00e21036
1aea017b
0661edb2
16d11562
04901c81
0751f9ac
194b023a
eb810b0a
0208f91e
05bff1fb
e4d0f458
30aff8da
2f26f41f
f1d20113
08a91899
f90b104a
ec390caf
ff6904c7
ecb0ef9c
f9f5f86d
17f6038d
01580a7e
dea61510
ebce0491
01d4ea57
f6e1ee85
f872f958
f12beca5
f4060dd4
1e1a3a11
15501710
0ebb07e0
2a87fe8b
101adb13
ea05fcf4
e61aff73
080ce3bc
0bdc0866
d0170565
db45f68b
f7a91465
ec5a197e
0ad4fadd
fd17e394
f41a0afc
19531b9f
fc77e690
1222e60f
341005e0
f3c20d80
f4f6001a
0f3cf634
fd2d15b1
147c0725
2171eb2f
221204a1
1f1af073
060cef07
14a9200c
1b71182f
fc35fcf0
ea5efd4c
f3950da3
0fc30d2a
f660038d
e28209e4
14c8fb5c
019b0ade
d8c2126d
ef91de26
eea2f272
ec8d044a
e9ace9db
ea380556
164de54c
10fbcce8
fc290449
0b4ff41e
f4b0fad4
f5f930fb
0ddd1752
f1be07bf
e9a00f05
050bf0ef
0ed8fa06
fdf625c6
e756099f
f33dcb9a
ff47d91d
faeef425
121e040e
1e563197
1b5217db
1e7fec1a
ff430ffa
fa201246
1837f58e
fe1bebca
ee9be932
01b50839
fa8b10cd
ffa0020b
02c30924
fe5c03d0
02f00392
f899067a
fe390e50
edc61f0e
e723ffba
0e79edf4
e4a1ff68
e66cf4ce
2cacf3b2
fdc2fcb4
fd7408e5
18120653
e18de7c1
0b6d00ae
18a40b40
d90be47f
ea3efd47
f07a1141
fafd0891
0a030e39
e402f6f3
f5b6f3f4
fb7c092c
d3820ff3
f3c311ab
110dfc3d
fc86fad7
05680f9e
0d280c72
ee840612
f63f076c
06ed137b
ea270cc9
136dfd5b
43a6038a
0865ea40
e1dbe4bb
effa06e5
0759fbc2
1223f1ab
00b5fb22
04d2fed4
ec3e0c11
dfdd0f33
194712c1
0fef11e2
f3c20e8d
04d80b12
065ce805
051aec50
e3b9192a
e3a413c5
11c5f600
04f1f55d
fe151781
f86f1d09
f13101d1
05a106b3
db2bfc2f
d9c8f2b3
0a8e0ac6
ef460fac
f5f51f62
07be1b3a
ef8ff0fc
0de1eeb8
2b2dfcb8
1a42033d
f64fff65
ea84f8f5
0fcd0cf8
03b20752
e879f0ba
024eed0b
f74ce63f
e904ecec
ffa3f4a8
052502d2
110616b0
0ff0fcd7
faf1eda6
0bb5fb0c
17c3e032
020adaf9
ec88115a
ebfa0f5f
0894d81a
0020e02b
d889fa93
e5200663
f3a62bab
f2ff19e8
fbf2f4e5
ef3b0fbd
fb450ba4
08f1ee69
f4f3f6d4
13dcf8c8
2f46eb63
089ef05b
fc750f52
1df51f79
ec25e7ed
edabeb64
f429dfa2
ff29e500
0e26e59a
1a32f1e6
18271310
ff0213e7
e5c20cd5
eeabe902
143ee353
11772009
e690ff4f
fcfee5eb
17821225
ee04f615
facafc6c
169609f2
ee7fe74b
f6091012
1b090a59
fd43d9f4
e3d8054c
00aa1b8f
1b810169
1211ebfd
f7b7e065
e67ff28f
e4a50590
ebbc104a
f42b1899
f9fc195f
fbb21a00
f9281929
f29617c6
ea3c0e3a
e42701f2
e906ee95
fe0bdf62
1623f09d
1a34087c
f8a31a90
e3a3fbf7
0ad6db6d
150513e8
f04b0a87
fb3ae219
0f3b136b
fd47fa4c
f5f7ee15
09771c25
0cbfe90d
ec3eeff7
f92d23d7
2220f7ca
0311e35f
e45ff684
f0cb0ce1
01971eba
1b850b4e
1d8ffb27
1575ef97
1456e42d
07d2e58c
0aece2c4
0d0ae3f6
0f46e817
1d38f022
1b37fec5
16fc11b9
02381bd5
e6210a72
ed7df0da
0b37e209
1c5706fd
f7e21dfc
ea23e5e4
1725f852
05a51638
ed71ea04
0ea8086c
089f04a1
f097e70c
03841d41
1712f9c4
f762dcae
e57c1ae4
13b511f9
1da7f6a7
0275e8a2
f270e4af
e0e20733
ef2d10b4
fbac1896
ff701fde
0ff315a0
07aa1cef
0a021a3f
05c719c7
f1251cba
f1690d86
e1f0fe76
f05ce8c4
1263e460
15efffee
10931b3f
e43208b0
f68be364
28030226
ed441315
f792f2a7
1d55fce8
e98c0675
079a0228
1608f996
e28ff745
0a2618de
1e1afac2
efc3dd4f
ea8b1342
0538199c
1c730537
190cf4d4
0246dc66
f1b6ee39
e807f455
e59dfae0
e5d90bbc
e6c20052
e58b078c
e5a1fe6a
ea25ed19
f2e8eeed
093bde99
1a4ff51c
198d11f3
00fe14ee
e24b0d5d
fecfde2e
1dbbfcf5
fb892471
f1a9e72e
0cf2fe75
084215fe
f5c1e7a9
012d1011
11c408c9
f7dee19a
f04b1ab1
19b50fb1
0fb0e031
e5b7f9b7
ef861194
0bb31baa
1c030a66
1acdec77
07efe9e1
fbafe3d1
f1c8e90e
eb6cf106
ed6eeb62
ebedf05b
f350e82c
fe78e387
0ac1eb1b
1da0f117
19720fa9
051c1d99
eb890cb6
e8acf25b
1914e6ec
128817be
e74612a6
0523e0f4
0c0c0fbd
f9770eb9
034ce5cc
fb661709
0b9f05e9
02cee379
e6461a31
18ea1082
1567e5c9
e12ff572
f1e70f80
045e1eec
19890c9a
1fadf1f2
0593eb38
02a2e339
f2aae931
eb9eed85
f31aea4d
e952ee77
f8ede611
00bce559
0af4ebff
221ff596
12a21421
03451cbd
e89d0bab
e860ef7a
1edce94e
0a131cd9
e8ab0d4f
05cde1d8
07d81591
fe1807ab
f98be98c
02221d6b
0ddff877
eed8eb7c
f8a52764
1dc4fb54
fce7e309
e1b309f4
fa651534
151a199d
1b07f8a9
0c08e468
f917ed58
ebf7e69d
e653f9c8
e423fc75
e31df82b
e5370220
e5d1edd4
ee89ee2a
fcfde87c
0e2de361
1d7b07d1
0f6011c4
f1a41b94
e555005b
0234da4d
1d1115d6
f17e12fd
ec1aea45
1aad0c2f
f63c009f
ef190009
1abb0aa4
f11dee92
ee17108b
1e300fc2
fd09e114
e2eb027e
fdf81fee
15cd09d7
16d3eff4
f865e523
e670f242
e52e04c5
e47a12a7
f25318dc
f3e31c74
f5141d3c
f7511a2f
e9e41a70
e90a0e3a
e21000f3
e6b1f05d
046fe18d
11bcf6e9
183c1050
f4c11a81
dd0cfccf
1303e0dc
0c1e1660
eaeb0fa5
03f6e292
00671488
ff82064d
fd52e778
f35b1b83
12e60098
fb71e369
e06c1565
12aa15bc
1789f1a6
f378e779
e5a3fa5c
e8c516fa
011c1ccf
127f14e9
183e0968
1b38fdf2
18fbf886
fa07f350
243e0f06
f0e0ffc8
eface5cd
faf1d8bd
f133df92
190aee72
110de798
0830ff59
1f9f13f0
1286f1a2
1ec7e654
015be933
d747e30d
fc71e927
fb57e5d6
fdbbf948
18dc085f
0b2600bf
07d51f18
f5b7250d
005e0e49
1ed00011
f3f8eddd
ef4d1c93
08222b83
f7c6e57c
093eeb2c
17ebfe0a
ff54ef0b
fa110721
0536f3f7
ead4d4b4
dae8f5ef
0d99fd3f
1e1ee083
0747f1b3
f82f08fc
ea38f6c9
0fab0fa8
0e0a1d4d
f64bdf2f
2a64f1bf
0cfe15c4
e080f02f
138a0cf5
129b1d52
f58ef423
f138097f
00cf1804
14eefa49
0603f330
1de91377
1ad52c75
e51e097c
f91bef80
06b9ee05
0270de4c
0272f1d2
eb4d0757
0754fcc2
04f6efc7
f9e8df5b
2bbce526
0658f433
e024fdcf
017a1350
08301367
0d5208c0
ec690399
df92f767
06eafa89
f0daf9e6
072ced46
283af427
f08b0426
f34d0108
ff01e383
f0c6e927
11f51d27
000b1582
ed28ec8f
0c1df46c
01cdf83a
f7d9fa0a
f2601041
e2a4021b
f46debed
042df6a8
053ffc0b
f1ecef60
db26e54f
f844fb31
0c2e0eef
fbbcf2aa
fd55ee12
0fb3fb70
1b6ae3b8
03090159
f1813afd
026f2386
fd91010f
0aa5fabe
1401f45d
e92b069c
f4570b12
0d46fb1c
f3fc0e8b
fda51830
0707000f
05cef332
0d70f6cd
e13208df
dd460a21
0616f3fc
e40bf5c1
ec8ffef6
292e022a
0ac5fd38
ffe2f1a2
259ffef9
fca7f7c4
e781f86f
120c1e85
fd6502ae
e78ff15f
1a540dc7
1c3ffc25
e3550750
df8e0ba9
fae0ee97
05f9f22d
0539d3ea
ee8ce974
ee9e3583
02932512
00180d83
10f901da
0b03f5fc
ec3b049c
0a7de68e
0816e880
d86a0d96
e1d80cd9
f33d174b
04e7087f
1be20ba9
05462764
e9f700a7
ebcff577
f6a3f6fc
f62de1e2
f6d8013f
fed10484
f2bef0b7
efc3f97f
ebdef639
e7020902
13571693
1bf10a14
f1dc18f8
e8262123
046c0c39
2cedf3b5
08abe3e3
dacef223
fc71175e
e82d1140
dd77e55b
149af34c
083103c3
02ade28f
2547f6c8
22f417e0
1cc00912
153301d8
febbf7d8
ee5df223
f43bfb52
ec28f8fb
dd94fc6b
0f450503
239e03f6
f90afafd
fa4302b0
0f521240
12ebfa5b
0052f200
0a20fdb8
2bafe1ed
f578f1ce
e6941d5d
20e7fe9c
0575e11d
ea37e9f1
f3ededc8
f94803ec
0652143c
f7c90ae9
063e10be
0f4a0edb
e7ddfaa6
e7a1f312
f7b4f4b2
149efab9
1a23e7da
fa0ddb16
27c8ff24
32effb68
f01cf0f1
f8a103ed
11d8e207
02faf9f1
f0821ddb
e865cba6
fec3d459
0b8213f0
fbd8ef76
e6e7f42a
e16e02e3
ed50f133
e831fe03
e9cbeb62
08a9f9a1
1b4923f1
033df6ec
e569dcb1
ef4bf500
f105fdfe
f6200c92
1345f7b0
05e5e669
fc6b0975
fe7fffc5
f10fe81a
06c6f163
0b86ea5c
01e303aa
00af2a18
f67b2c15
1f923501
2be821fc
06d70c48
07ee1c0b
010a05a3
135e0319
14c52463
e611f918
1aacdc61
2a0f1764
d5501fd1
ed84ef27
15f2ec41
eeefeacf
f076f463
04b82c15
f8000b84
fae4d91a
07600d35
f1791b3e
e0871803
eb511d09
e447f318
e256fd70
fb57f93c
0174daa5
ea4cf725
da61f22f
eb940a3a
fb4a31be
edfe0e81
ebac111e
fb510553
fad2e649
fb12f5f9
1703e9ac
253bf662
0c31f88a
f0a6e548
f64f137d
2119002d
219ee333
ed271462
e9570269
f258ec44
f1a70910
09240193
f2f90182
09c71e18
f64b1763
07c817db
e88d1b5c
ef570925
0fb1f750
fd32eaaf
0126022b
124c2108
106d1b5e
09f51144
f2ddfced
d6340641
eb692305
2ae40e01
105d08b4
d7d009c2
0552032c
076d1822
dafbf996
f9c2e9fe
181e1047
1971f5f9
0548df70
e55bfb0e
e4b80c8b
e766141a
f5200607
08c4052b
0148160f
013e0528
1455ebc5
225de102
090fe4c1
eff1f611
01ff0c91
f31e1733
cdee0f04
d47416ad
f5f80ce1
003ef1dd
e93b060b
fb27f8d4
f939d514
c71303a8
f12f1b39
131bef52
f15ce753
0b26f9bc
23d30b21
140d262a
fa882047
ea700bfa
057a10e7
0e99ee3d
0a07d39a
0f5bfbda
f7c8ea0e
ea28d1e4
fb1a07c6
0f5a0954
0761f630
09d3087f
2b50fa3c
1033fddc
fd861f02
1acf167c
1338f81a
18f2fa92
0dd41048
f52af75d
1210d70b
16abec7e
09f603c5
f7530bb7
ef3b065c
0416f508
e55503c0
f2d80ed8
16b1f7ce
ed960363
fba628d5
0548130c
f3e2e6fa
09fe00b4
f00726ec
03111194
2bc30311
04500d03
f815fda3
eeb2f7cb
f0d8f82a
0ab0e0d8
f367fbe3
f4f21ec1
003cf65b
02f3e793
1e45029c
14d11431
05321a2a
fd8ff402
f967f3ac
fb061222
e7defa30
12980aff
34830f5b
05b5e7ec
060f0c40
089213a9
f3daff07
f35f239b
e2a71798
05d8feb4
27470aa3
0031f42e
0defdfc8
25d4fb7f
f3840fee
e37cf8ec
0927f9ad
077a1068
ed200150
e500f0ed
ea5bdff5
1156e0f0
1707fd77
ee2ef81b
119bfbec
28c000ec
fcacff3c
09261ca2
15e60cb6
0d230659
17981b6c
09cc0327
0893095e
f566ffc9
d8fdf00e
064819bc
fce11594
c85e2252
ef382743
0443df40
f868efc2
0ea410ca
0994f637
04bb0201
0676fc90
e6caf912
f203060c
143aebef
00e2f39e
f1d80dee
0445fc9a
0ca6f740
fd6c1284
f6290d2c
0c19edf5
11ee0035
06af0732
12a1ef08
10730a7f
fd4707e9
095ce653
163d0851
02ca1897
f8dbffdc
0180f341
fcfbde69
fc9aeb71
fa940ed5
ee2200f7
fbb0ede8
fbf5e925
f501ec8c
182417bd
16902559
fc7d0416
0b5efed2
0019fa68
d738008b
cf9a2525
f5fb229f
16ab053b
0d14fe57
141518da
0a8d2868
e7060110
1503e4cb
2403e407
dafbfc61
f1c814da
2ad0ded1
0187db3c
e7450645
00c6dba4
028cf0c6
f89d1563
f5f0e918
f1f0f768
f149f5ac
fb45e907
074a145d
e71cfc30
c141ea9a
ec380617
21d803e3
1f1e133a
f8c20654
cfb2efcb
e43e11e0
fe200afe
024aedd0
297e0901
147612b8
f09af2e7
0767f7e8
f65d098c
10c8fb10
326310a8
f0252306
ef2dfa75
0736fd06
e3cb249a
ed492b77
02cf1e48
075b01ee
f0beee8f
e125fa60
11e41abc
08011223
0042e912
31df0dc7
f6a917a5
d43fd84f
091ff2c4
fe6e0930
05b4f376
127c126a
fa9e0593
0203053c
f7f930c5
058604c8
113beef6
e1e7111b
0875ff6c
2be8ef54
000ff87a
1270fc0f
0ba4ef75
eebaeec6
141e1304
11ff118f
08d4feee
11b8fc33
0396de58
152ce87c
191cfcb7
10c5ed55
236b06a1
103f09db
f0a1f6c1
eef10d16
014efdec
1375dfa4
0f7de418
09f9eebe
03e80cea
1a502112
28a00053
f6afd3db
ff5bed7a
1c8c1ded
0016f9ce
1130ed81
0cf42344
f0101069
020ae2fa
ea98eefb
e1290bb5
090a198c
1881115a
1db50b41
0aa90667
0017f5d3
1277f3dc
03d8fc58
e451f882
e8c7cd50
f1adf3fc
f3320287
faef078a
fdc01e9d
018c0e2d
fe650ad9
f357065a
063bf8b5
0a8c1d87
f87a1ecb
0185fc8a
221df647
2388f7e9
d3e90e73
c12613ce
0d04fd7e
00efedee
f160f30b
10d01b3f
f4181122
faaaf783
28a017a4
1949fde0
e10cd710
e66deae9
3921ebe1
278dec91
fd6af9ae
34a1fefb
1899f49f
f8fbe5f0
25dc0101
21c310ad
1dc2febb
00ddfcf7
e2e805be
00901503
f6f817d1
ff571814
077518ab
e681ff2b
08b2fed9
0ac90cd5
ec360cf3
fcec1441
e119070f
e53b0151
16c81122
024a1841
f3d51676
0b5ffec7
1365f595
12c0f6a8
0822e600
fd2aeec9
fe81f69e
f800eae5
ebccee08
f0befad8
f517f29e
f07ce18d
f6bc0ea8
0479288a
0f50f5dc
f8c1efc4
e30cee05
f6e4e27e
ed1c0f42
f37a206e
1d2014ef
0643120e
f8da1162
f44a0827
dde1eaf3
1254018c
124e0d6d
d998f380
04121136
1fe6043e
080ef24f
fdfb1152
ef34f4c4
0cfefedc
23a4189f
f743eab6
e31bf1c6
ea6d16ec
ed45172d
f5770344
f5b7f4b8
0b0ffa01
1e4ae6d4
fe7bee8d
f6ed077b
0e4dfd2b
ff12183d
f7fa18f3
0d65fbeb
149310e0
090e0777
002af58b
14c80088
04ce0eee
d5e11d85
efd6f150
f41ed610
e63bf949
1ef4fa1b
097ef9d2
e33102d3
153f0431
045a1b6c
f2e0180f
0bed00a6
ee44ef8b
0bb6e2fa
3463faa4
fd77fd38
f396dbf1
0f0dee35
ff8109ac
fb2cf9dd
032cfdd1
fe0c091d
ee0af96e
efb2fede
09f20cc9
037c066f
f27d01ea
f1a30598
e9131836
ff0a1c88
156d0d72
0f52faf8
1580d1ef
0a39e352
13ed0d2c
2edaebd1
00e8fc6e
f100112c
0bdde41e
ea330237
e5610d24
09c2eb74
0b400f96
02f50d7d
0412ee62
1460f492
1885ff05
05d11050
00c5f8df
fe25ed1d
fec7fece
03c7dfd3
065ff26d
0fba192d
065802f6
f9f80fb1
f7bf1c1e
ec3301a8
f0e9eeec
fd34f2c2
01e9080b
01d8fbaf
ebd2069d
db8b17a7
f445ec22
152f0cb7
f87d1eac
dc7ce269
18740ebb
1e6b266b
e65404b3
153d1431
3ce6f8ed
fe7afad4
dbbb171d
ee630752
fcc32799
06c22455
fdd50a8e
e5ea29ba
fa731735
03e003b7
e7ba0da4
1560fffa
28c1007a
f4ca0829
0a501584
06570455
eb35e3d6
19700389
13991653
0b9e0b7e
19a20767
ebe9026f
00aa17d6
23d80b44
f41ef628
f19c0740
07baf840
f318f031
eac9edaa
fd66ea49
1535064b
16adf2a7
fdc1e3d5
f683097e
05cf2a26
f6d03782
e647f347
fd6fcd6e
f8c217f2
f12a1ba3
fe21f47a
de1efad1
e986ec0e
1d89eae8
154d0707
15f60f39
ff9b0511
d19df7a3
f985f456
023e03e2
e8730e4e
26d20084
345c07bd
f7860903
01cfecac
2634ff9e
1b85f6cb
fd99dd0c
e73d1c5f
efaa1e20
0d43f1cb
0f4b00f3
fc54e962
0ac0e6a5
1758f46f
f4c8d057
e9a2fa54
ff3031da
068820af
0bae1c33
fabafc4f
f186cec1
0fc4e454
1122072e
0e850a5e
1d4eee96
0e2be1ca
0dea09dc
25fc07f3
21b4e3b5
f8860c00
dfb72d75
fcc2126a
089709d4
0910009e
1ba3f2a4
0b81f793
0a33fbf8
0bd507ca
f692fe40
144ce81a
1e6df71e
fc3e006a
e686e752
e73be546
228f1ef5
30942c87
f752f5fc
efe2083a
fc181325
0f31e3d1
14ca01bf
fb5108de
0029d100
f184eb2a
ec062f46
fa8620b1
d203d895
db65e777
fbd20566
e4ced2ef
e9d9f063
ecf1131c
151bf422
daf4025d
088a0f5c
531305c4
1579e891
ef3bd254
155fe4fb
026e1ac8
ec7a17ef
1472ef50
1e72fd1f
ff3300eb
06fae5c4
166df533
fac600f1
eea5e7ff
fa08f615
f97713ad
f85af900
dd7cedfd
cd1e1118
fa38186d
14e30ba6
067b0190
fbb90513
01d61576
0f6f0358
03fef041
fb4aef9c
f6d6eb63
e80c0e28
eaa61a44
e4d1f2dc
03affebe
2a18088b
0987ebb8
17f6026c
25d01c70
ff0a06e5
0306f905
e35e00a3
e44711df
1bfb16ed
0621feda
11cbe29e
163de2fc
f80a00d9
20e8098b
053204aa
f0dc13da
2dfa02e1
103c02f4
efbb335b
005d146a
000fda06
0ab9e9e7
0dea0402
03d311f4
e9fc07c1
fb98f427
29810524
02860c8b
fb660708
16bc0bd8
ee330ab0
e91e02b8
0204ec86
133deb02
110a0242
f19c0740
032cffc5
0530f21d
06f7fa08
3b69033e
2223f16f
0400f4f3
0862dd70
ec18c482
02b8f49a
16ce02a6
0d10f44a
1c97f90d
0e41f1f1
fc6d10aa
f81d2072
016105f1
103102d1
f176fa8d
fc8e0fcd
15ee290f
fec3fe09
159cf03f
06df00b4
deeb005c
0f0c09da
074ae82e
dc1ec75b
05bfee35
1a4a05b4
ff01fc2c
fdd602c7
0e80177a
fee32474
e34bf982
ee2dc9ec
f502df5c
f427e99e
fdaadfd5
f939ef4b
0d0eea24
15bdf2bb
fe200b5c
05bffc8b
f080fe2f
e106112f
1a520c47
16bc045a
f1021b4b
06f344be
f85b1b42
d7efee1d
f069185c
0591f11c
05a7c72d
05290a45
026b0e09
0f300495
13490f57
073fdd3c
01b8ebb0
e804175d
f4530b01
29a81b5f
0e7d1ef4
fda20909
19b80e70
f52cfd91
f719e9e2
07f80367
ddb515bc
e8ad013a
ea22fc81
d9d319ef
fa10155b
ffccf5e2
0e98f1f4
09f6f414
e7bf0bd3
057e2dd4
fcab08fe
eb98de9f
117ff04c
fd30f4b8
f2adf1f0
0302054c
f34c0b45
f96d0222
fb66f9e3
ff43027d
09e1094f
f2580b50
e87a1047
f4aae5f7
ffb7dcb9
f94103c4
e578d64f
e652ce33
f2af0bf1
14fd0a27
1e551aeb
fc1015e0
0a93e1d7
1752fa29
016d02ec
009bf6c6
0602079c
1a90f509
17b80101
fab40090
03f2cf5f
0720e778
f8a6fa86
fe5cec72
17211082
11140f2e
e8adf297
021ffcbe
1a89f530
00bff3b3
0ca6febf
0495f65f
069d0f34
22180794
05d7d5f4
171b03de
28a32346
f276f9ff
eeea0ac1
0330036c
049deae4
0388135a
fa561215
00d306e2
f1851111
dbeaf838
fbc9fe7c
26541077
10980713
ddc30a26
fed70216
1d64f03e
f499f46c
f6f7f908
0557de05
185ed284
29a9f369
e416fc3e
d4a805b6
0bfb12b6
f8daeb6e
ed3fe996
0c661332
07bc134e
fe3ffff6
1352052d
0ad41e22
f24203d8
05ceecbc
f7ac22b7
f399229b
2877fd71
0ab4145f
f59f120b
16eed8c3
fcccc990
02231769
05ef2a2e
e4b8d9cc
0020e59a
0b860e87
02030a4c
05c01949
ff10fe70
1604f7a7
141f02ed
fee1df80
0ad9067a
07092431
0937fd3f
09ed0501
fee1fcd2
1068ed13
0baef4f8
01fde6be
0ed5f317
f496f334
eb2cf3a8
14911ee7
0908f0ec
db75b52c
e0f8f91f
e0d5255c
ddebfb01
15faf082
1e7d04f1
e754f6a3
ee48e713
0131003c
e5cb0714
eb70f1fb
036e040e
f3e41b08
fa650a21
144efbd2
fdc30a20
01a926e6
283f2384
180bf8cc
ffa4e816
fe1df99b
0689012b
11abf3af
fb2ef0f6
f05e046b
f4290c46
f2bb123e
183d0daa
216c055c
e7ed13db
eb641255
dfa20bd7
e50000d7
e59af1da
f1e6e5ce
1310e7d9
13e700fe
0cd51a3e
e9021155
e353ebc2
2009ee89
ff4f1970
e5eb0302
1225e87e
f61511fc
fc6c0536
09f2e96a
e74b1181
101209f7
0a59e4f7
d9f402bd
054c1c28
1b8fff56
0169e47f
ebfdedef
e0650849
f28f1981
05901b5b
104a1444
18990bd5
195f0604
1a00044e
192906d8
17c60d6a
0e3a15c4
01f21bd9
ee9516fa
df6201f5
f09de9dd
087ce5cc
1a90075d
fbf71c5d
db6df52a
13e8eafb
0a870fb5
e21904c6
136bf0c5
fa4c02b9
ee150a09
1c25f689
e90df341
eff713c2
23d706d3
f7cadde0
e35ffcef
f6841ba1
0ce10f35
1ebafe69
0b4ee47b
fb27e271
ef97ea8b
e42debaa
e58cf82e
e2c4f514
e3f6f2f6
e817f0ba
f022e2c8
fec5e4c9
11b9e904
1bd5fdc8
0a7219df
f0da1283
e209f4c9
06fde3a9
1dfc081e
e5e415dd
f852e8db
1638fa5b
ea04128f
086cf158
04a1f761
e70c0f69
1d41fc7c
f9c4e8ee
dcae089e
1ae41a84
11f9ec4b
f6a7e259
e8a2fd8b
e4af0d90
07331f1e
10b410d3
18960454
1fde0090
15a0f00d
1ceff856
1a3ff5fe
19c7fa39
1cba0edb
0d860e97
fe761e10
e8c40fa4
e460ed9d
ffeeea11
1b3fef6d
08b01bce
e3640975
0226d7fd
131512bc
f2a7086e
fce8e2ab
06751674
0228f866
f996e9f8
f7451d71
18def5da
fac2e1e6
dd4f103d
13421575
199cfac8
0537e38d
f4d4e6f4
dc66fdba
ee390e4a
f45517f9
fae01a63
0bbc1a27
0052193e
078c1a75
fe6a1a5f
ed1915db
eeed0d18
de99f6c5
f51ce5b1
11f3e673
14eeff02
0d5d1db5
de2e0131
fcf5e245
24710477
e72e0e57
fe75f30e
15fef7be
e7a90a3f
1011fed3
08c9ee3c
e19a0822
1ab10fb5
0fb1e64b
e031f050
f9b71a49
1194107a
1baaf44d
0a66e3fd
ec77e533
e9e1f811
e3d10451
e90e0e38
f1061494
eb621292
f05b1413
e82c0cb0
e3870188
eb1bf53f
f117e260
0fa9e68e
1d99fae4
0cb61477
f25b1754
e6ece6ec
17beed78
12a618ba
e0f4fadd
0fbdf3f4
0eb90689
e5ccfcb4
1709049a
05e9f461
e379fd32
1a3119ba
1082e716
e5c9ea99
f5721ed1
0f800e19
1eecfba2
0c9ae677
f1f2e053
eb38fa6d
e339fd5e
e9310d56
ed851462
ea4d0ce6
ee7716ae
e6110713
e559ff44
ebfff50c
f596dde1
1421ed5e
1cbdfcbb
0bab1763
ef7a17a0
e94ee124
1cd9f5ed
0d4f1755
e1d8fa33
1591f828
07ab01e8
e98c0675
1d6bfdde
f877f221
eb7c1128
2764075b
fb54e23c
e3090319
09f41e4d
1534059b
199deae6
f8a9e4f9
e468f3f8
ed5806e9
e69d1409
f9c819ad
fc751bdd
f82b1ce3
02201ac9
edd41a2f
ee2a1177
e87c0303
e361f1d3
07d1e285
11c4f0a0
1b940e5c
005b1aab
da4dfdcc
15d6e2ef
12fd0e82
ea4513e6
0c2fe553
009f09c4
000910e7
0aa4e545
ee920ee3
108b11e9
0fc2e1d0
e11402f7
027e1d15
1fee0208
09d7ea33
eff4e92d
e523079b
f2421990
04c51ad2
12a71b86
18dc0dad
1c740c1d
1d3c0aec
1a2f08af
1a70161c
0e3a16f6
00f31df0
f05d194f
e18dfb91
f6e9ee44
1050e7c4
1a810b3f
fccf22f4
e0dcecfd
1660f3e2
0fa51515
e292fc0a
1488ff99
064d007e
e77802ae
1b830ca5
0098ed1a
e369048f
15651f94
15bced56
f1a6e877
e7790c88
fa5c1a5d
16fa173b
1ccffee4
14e9ed81
0968e7c2
fdf2e4c8
f886e705
04da06a1
e679e9a8
e59ce5f9
086e11b8
ef3cf543
e8070e71
026325f9
03caeda7
0126ed0a
0f2e06da
12bb0876
f09e121f
e3940f90
00020587
1675173a
17df19e7
f8b6f18c
f78f0e3f
182e28ec
092edb11
0011e52a
017b1f09
dfbb046d
d84afdde
f3eafbe3
12a5fdc1
23dfff0f
16edeeff
ff61243d
fa9225fd
07000045
06372662
074706f3
0235ed42
ec161212
08eef059
0cb6f56b
dea02073
f62c09bd
f2d90164
dde910ec
1dd90e8a
19fb02f8
f226e620
0dcdd07d
f234fadb
ce36279c
fbd40d86
1c93ff1f
1314fbde
0df9f2d1
1681110d
0f8e0bb1
f36d0488
fd0e129b
187ef778
fb3efd72
e5fef615
0970e4d3
1163104f
f17d1082
e0e91aca
eaa52505
fb4eebc0
0000f784
10850c3f
1cb9fa25
fd26fc6a
e270ee79
ed4406b2
0c5814f0
1b020703
0e781a24
178af64f
1316f790
ee99215f
f139ebcf
04f0ee4f
082615cb
fd7aeba7
efceeaba
04440a03
159d0c80
00b40f95
ec0cfb45
0443ecb2
2c4d0a48
0c9b08fa
e66ee671
02ad005d
12832675
080f1149
fc38f76b
03aa005b
100e1a4a
fe380ba9
162bf934
287a1676
0cfe0a72
279dfc5c
225f009b
03c7d9a0
2b11f0d6
21cd1309
fe77fcd2
06dffb81
fc7eddd2
eee8e140
e9270e22
f6880103
0c350969
fe760449
fe88f192
02f3105b
f54d0515
f7f90557
eacb1518
df52f811
f09aeadc
fc83e0f0
ff020ab2
ee8622d4
e989e39e
0271037f
fe471903
f5eded06
108a1492
1d4101a7
097aeac2
f49223e5
f5f2144b
f7821107
ead514e3
eab7f2af
ea9814e5
f21314e3
0f79f7b9
082507ea
f756e9e6
0f30e3b8
1cb2184c
1c501fea
06ac02f3
defafbd6
ed1c13d0
ff5810b8
f2af06c1
fe6816f4
f6c30d0a
e2da1e48
f9a21a59
067fd13c
f37fedb6
f130176a
05d1e3c3
ff1ff0a0
eb390271
f2f6d4c4
f057d563
0513f6db
2b9902d4
0822019c
f329123b
04f11904
eec9f5ac
07c3f079
323f06c2
14570bab
0a71ff37
177dd825
0ab6dca4
09b20d67
fd9a13aa
e7d6f62e
eaf7ddd1
e986fe74
fc5921a0
1192feca
ed50ecb1
f8a1ef90
272a04ee
feea3247
e56b0b06
f8b0edee
f18f0db7
f53be914
f720e70a
0d000c8f
3c75dce3
300ad72c
0f3a0983
05670063
0547fc84
0ade1495
03680ed1
082e0304
05ac124e
029e22cd
20140615
0b17df39
db23e9e9
da5ef73c
fdbcf473
2aebfffe
0cc80040
e2ef031b
05cd1042
07d90cfa
e8cb0b64
e3a9ff5f
f23dfa1b
febe050f
de97eb96
e4ebf18e
18731d19
11b10cb1
0577fdc7
03b20941
f8e1f644
0339edbf
f60f0629
db2914df
e9e50279
1086f6ba
1b1103f8
0724ff70
0d61ffba
15c011b4
058f0323
0211f01f
050eff7c
0ee9fb00
08c0eb30
f2371087
fa8315f1
ff90f950
11281fed
2eee0c1b
107bda23
ecda1f1b
e2942eab
f9e5f2c6
31c0fc41
1a191091
0511038b
2707ec87
f450fcd0
e5c7164f
16f1f92f
f208fa27
f7f20ec1
1f6c1121
f2d81360
e1c9ff48
e40d1eb1
e3772962
0350f87c
f96a2147
f6a723df
0b21efd7
ff1513e3
187e0d8a
1fb1eaf2
ee3705e5
ef02087c
fe58ef6e
fdf6eb8d
17630443
1bb010d6
04c8fd3b
08e3e0f0
0a7fde60
f7210d8a
108f0030
175ad69a
db6d0a85
e8ba0d5c
1a23ef33
13f819bc
12022375
027b0c86
f4bcf0fa
ed40e167
e5d0f4a6
1fb2ee6b
239df1b5
fcbcf9ce
1e22e76d
e7dcfae7
062aedb7
0dddf3be
10131182
125a0f33
06ca11bb
feed1015
e3d0eb39
e2c0f459
115f16e3
1ca6f821
1b52effc
1fe11aa1
fafa026b
e66edfe0
013f01eb
042811db
f29af916
010bf185
ff10ec75
e5dcd1d1
fd42e7a8
0b2a1d5e
03600bfa
1a22fc18
0a8401c3
ffcedfe5
170bf349
f9b017e4
f5f5fec3
0a86f36b
f3e0f5d8
0971f0c1
1f5ff350
fd7a116a
f8de2d80
07de04ff
0224f53b
ed3a0feb
d601084a
dbe10ff8
f7ee0760
1407f25b
1f1dfb19
07acfd30
f6e31cbd
01151301
f6a1e77e
ec3d135c
01321cf2
067bfbab
f8e90590
f281fe75
0435ff2d
131d0f63
e2bd124c
e1650d15
27b50f89
1ecd1ace
0e5ded07
0b54f078
e00f3769
fb8704f5
149bd6a7
f64903dc
f94009aa
f886f3af
ff4fdf6e
f8530418
e37f242d
0825e6db
049ef22b
eb44206d
0183f8ea
049ef1fb
0a830567
080efe2e
fc830023
09c90ca8
0e8d18d2
1a981dfd
1052220f
00d108fe
115aee45
04e50786
073e1079
05b10100
f004fcea
0f3b0432
1156150e
0a18f11b
2182d7c0
1081056c
093d04de
079bec1d
035bf6b2
0e36f2b2
ffe5ea65
f4b5ee12
e63902f3
f2eb1456
08f10477
eca20dae
15ae2e9b
29a92be0
e99b2088
fb491607
ff2efa36
e905f7e9
f9ea0ac7
e7b7013f
f6df0268
0170104e
f123f40e
081fea4e
ee7008c1
e1110a01
090efeb9
1ac6f8fd
2b4bf37e
170505e7
fe580ec0
083a005f
049003d9
fe0dfba1
e15ee82b
e02e0389
08390ac9
0891e33d
0167f74c
ed641bb7
fdfe00e9
386fe24f
0af4dc58
ef6af6d0
192613ff
0007f683
ffc4ec8e
146018d5
fadc1a4e
fda2fe72
0d4dfded
11200063
07d3f9d5
01acfedf
11161715
f890189b
f22dfae7
1e2a0993
10ec1dd6
fa96fd65
001b0555
f7ae143f
022befe1
f177f0bd
df1df788
1075fcb4
0bce1689
ebd6f19c
120de108
1975012c
09a2f767
0387060c
ebdc174e
f382fc7a
e368e7b2
c61fe52a
eeb103d9
0149fdd2
f884e34a
0151fb26
fcc1e21c
01fed99b
07ac13a5
11a00970
0682ed34
da420421
f7cf257e
085c0e05
e4b8d43c
0faae4b5
0bb1f420
d44614e1
eea5560a
e7640ccc
e8d7e58b
329b1292
19dbe81e
e336003e
046e0ef9
fcf5d04f
e7a81426
08143d9b
ef33fa6f
e4c9e26e
17b4ed5c
ec6c14ca
d1b40da0
14ede8de
0e4716ef
f5362221
f8790578
e6f90c50
0a7ef335
2a13ea02
1803f15f
1c23dd8a
1d18fcb1
199d08ef
1601df2d
04d5f750
11081083
1cad0208
09001377
fbd208b7
f9c7e6dc
f155e7b8
e594fd34
f2c022de
0e05152d
13a30098
062d2996
fb1a0c69
14f4f0d9
226d2500
fd0c0628
0323e653
1a4c0eec
07ea08c3
fb66fe05
df49f941
e554eed6
18820c41
07c905b4
048cf1a9
242b1312
0975132b
044cef0a
0d33e3c7
f789f100
fdcf1b08
0d953341
17371a00
02a30f1e
e8541769
17e31324
2f7a19da
12ad15cb
105af800
fc32ecfd
eaaaed43
f62ef649
ff110c1d
10f3fc88
0dc4ed79
05cf0e4f
07a81775
ed1503ce
ee74fa1f
0720e953
03fde882
0bf6f142
0e77f8e3
fc1922cd
04881f28
0b23e583
eadceb20
e479f059
071fd713
049b0324
f0f72635
0109fdf6
0d63f379
00b60f10
f2f00656
ef8c0a95
e5132dbb
ec4a0e8c
13dae7a5
08b0f716
ef8deb52
fc45f603
e44b1039
e978f267
17d8f985
03f30952
efd8fd2e
fd440f94
09c31318
e5bee76d
f419ea0a
0a6afe54
fcb8ed8c
088ffead
0ae40102
021dea03
19f8f860
0696fa15
d95ae7ec
ef04f0b1
08d3fffb
011413a5
0210195b
092ff982
0d0201aa
02901803
feb3f768
033bf10c
fbe8f20f
0a51e3d9
ff20f99e
ebe1f7a8
1fb0fc62
185306de
e8a2e753
0b52ffac
0b65176e
fd0c03bd
2276ff7c
13b6f095
fb9e0f09
13990ea9
1c6fe23b
05150c86
e404f566
e360de88
f99d2fc0
f99b0c6d
fe09e252
0d8803db
1578e548
201cd1da
0cbae3a5
f3d806cd
1ad918b3
17e6ff39
d181138d
e38017e9
0240f607
e14f0129
fcc616ed
1b4110f8
f6e5e5f5
e4c6eb7f
ecce0dc4
fd2df67c
0f891988
019923e4
ea67e737
0abdf4dd
2343e3f1
ef6fdfcb
f3a812f8
0e10e548
dd2fd89d
f7f2fd44
192be886
f7a1e4b4
06e2e7a9
e504ffd3
cf6f13e2
07d1ee81
e9a5f261
e2f4092e
0f8105f3
f3470504
f564fe20
1a62fd55
21abd822
1b09ca4f
0a8e15a3
fa202505
e7f0f422
fd92e39c
10c9e918
e875077f
e3b61561
f5c60925
f9200e95
01b018af
ecff15cd
f759ea34
2171cef6
15070472
f9351cbd
f5a9f760
f786ebca
f72bff03
111a0816
2bb4ee4e
096bdacd
f9b7dd0c
0c87db3c
f420fe4e
f27b127b
1148f29d
043afac9
f3f00de8
00760e54
04fb03ed
0ed8e1d7
1024facb
e4150a7c
e0e3e8de
fe6b12e5
e6e115cb
ebe0eccf
fd1e13c8
e9c40eb4
f60dfb31
f7f6160c
f76b0b72
04fa0625
f0740341
faef0251
14580812
198ff1a4
22161d29
123840ba
05710928
fc010388
ff0d13ca
053e08eb
e7f91288
01f21427
002106a8
c769e90e
f66de6f4
062e08ff
f44303cb
2066fdd2
10070002
0620eec7
02e1fc72
ec4612cc
199e10a6
0cb3019a
f4d5f500
1236f7b6
f4d2f7d4
0b5efdcc
29230804
f86b0cb8
0c41186b
2b88163e
1c7609af
1720f5d7
04cee351
0ad4f4b0
1a640355
fa720524
e5051421
efbc1432
eb28fbdf
e4cade24
f540e041
f1e2f8af
dfeefd3a
eafdfdbc
02b1fd3a
094c0109
ecbb01e6
e73ef243
045603d1
e7c0183d
daa70ae8
0cb400fc
162fefec
009ee7dd
eeccec4c
f775e838
114ef911
011e129d
f97f1da7
f82407a4
f220df1a
1c23e058
16d1f016
f163f422
01e700d3
f10112a9
e2561087
029cea85
fb2deeb1
ef2b071f
020df58b
08051b36
09112383
107ddd41
fe77eff7
d8e50a24
ec3fe6b5
1b3fe15a
1181f3e7
0615183b
f89e0881
d156ebe1
e3072ad3
fc1e190f
f2a5d01e
0751fb55
04010c50
fd61efdb
2535fe12
0c73fc84
e0b80c74
fdb6175b
0b41e693
0070ee8e
f2c61f24
ecc30924
2542e3d8
2bb6e03b
de6ff412
e4851ac9
0925224f
f3c30559
f1e7f33c
f543ed89
fd68f962
1294fec9
fdbbd0fe
04a1cb4a
22170cff
06600b35
ffdeef16
0bbe0c32
0081fcdd
1690f1db
253c204a
0a2805a1
f442d7c3
fb0eed24
0f14f465
08d5f008
09b1054d
0f380d12
e6faec48
dfcbe5a1
02da1d4a
07ef20c0
008f07f7
f6cf20e3
fe5103cc
0ba8ee00
f7d92307
f2ef154a
f958f7d1
f1a90c11
fa93f93f
fb6df611
ebe6092a
ec6aed53
f795fd42
fe792d83
fb3c165d
fb92f85f
1079f53f
14eef189
f5c9fb4b
faf0f3e7
1383f1c6
f936056c
f16f04ad
f5f90a84
e2760524
fae903f3
02d61599
ed06e65e
f9c9e780
f6512093
fa0ef65c
0e98ea6a
04b600b1
ee53e26a
e8cbf6a3
e2d2e9f9
f2ec0d6f
03b1006c
db68ef28
ef4b06bb
0ad70cb9
f6c80a72
f74605a8
0828e847
03aaee72
f9b60137
0135f541
fb25f28f
0688ec90
21daebde
f50bfd15
e33001e6
16bb0a67
16690948
e95efc3e
c80902ce
eec40473
18fafcdd
fe1cf67b
10d2f5ac
0dc7fcb6
fc4ffdd2
31260d66
fb9e104f
cdacf4c7
0456f491
e837017a
f3131487
1a8c20e8
ea8b012f
f5d70a2d
08612650
e46c03c7
fa30f861
2158f7db
0eb4e93d
ff540f61
16920d36
0203e1dd
f413ffdc
1d1e12c4
0f30043c
11251082
24230901
f965fdf0
01c1ea64
fec6d653
e974061b
15ac0b88
041de30d
f4d1fcff
081f087a
e79c00e7
fdfafa2e
0c24e9b0
ec2c1125
fe0a1646
fddbf974
04090d2f
06d4fa58
dd99ef9a
ed94044a
f3c4f61a
dca6ed24
f1dada32
ff08e500
1aca032d
0de4e83f
d2fbf88d
f83b191c
00640690
d44d0807
fa8a15b1
001f1e52
efa4056b
0b30f971
08782cd3
01221c9d
f8aaee41
0c3d078b
1ef01795
d3ee011a
d46efada
0d5c2adb
f6352e66
18ccf6ca
1d9806be
e36c104e
02c409ad
026e202e
f35bf6d9
05f7e4b3
e2d6f3e6
f715e18e
1561f955
f1fb0bcc
f1220441
e784f3d9
ec02e076
141f122a
ff7f25ae
ec66ff80
f54c04a1
f1e90d59
08ee1f73
11222d9f
f76c15ea
048519ba
0db11749
f00be674
0176deac
019b1728
cec21957
f451f057
15020f36
f7d10fcd
0bd3e583
f9e80661
e758123e
118be4ad
f8bcc172
e3d4cc48
01ed07b1
06490442
fb84de89
f070f5b3
0ebe0915
1c77ffec
f268f964
ec9c0928
f1a70224
0e3de33f
2b42fbfd
f4bdfb89
ec73e7de
1ca800e8
23eff1db
173e034f
ed0c2283
e614eb70
08efe43e
fe3904ee
f88302f3
fcfdfd07
f714f4e6
11c20d21
219d10f8
0b74fe23
0b941509
21690660
10400051
0a53275b
237c0f80
0076f6c8
f8310346
21f1f92c
01290077
f9d80da2
1168f936
e1100029
d27314af
e125f6b0
d50df91a
e30320d7
f050fb86
0719d5fc
295ff054
1bf4fca6
17b5050e
19f41516
e73c084c
df1ff007
0e8afc36
0d3414c3
0abefcc3
2277f654
00120b6f
dc55f27f
f865e9ff
04a2f7e4
ff35fc1c
100e0a89
06d7fd24
ebd6fac9
ec6b03b4
ff30f016
19c60332
17030566
f709ed95
ffba0aac
1529ffcb
033eeac8
e95a195a
e9c8180c
0d37f2cf
0fba0bf5
e5b72810
f0960875
00eff57a
dd7d0a39
d1fff323
ef16e478
13420b4b
1642fda9
fa7de036
f20eedef
f20ffd02
fd6c1146
0e490052
01fde562
fb4f0c04
04ac1bd4
049d022c
ee9af737
dc1beaad
f2c4f6eb
f2501200
e1480e08
0423ff82
1a76063b
1a2118a3
1eb3fcda
0898e751
ee411576
dd4911d8
d736fb1e
eb7a259a
11201364
24ffe7ce
088f080b
f84816b8
f69714fc
dbb32060
056403a7
4515f1cf
22c9f7c5
f414ef33
ebf309e7
eee41695
fbbaea0b
ff17e8c8
0091fddf
f94d02ff
eb5f1b54
08e01029
254c014b
057b1abf
f27b14ee
0420faef
ecb0e8f2
d42ffc75
fb842449
122c049c
fe85fc97
03b6281d
0e2f0b1b
0599f040
0da802c2
094304ba
e76004cd
eef7059b
043204d7
f6170454
f6ca0aed
ebe70410
dda3ecc0
02f40af2
100d1801
fda5e71d
fcd5e7f3
0810157b
1e6a2f10
0c780cb4
f0cbebf0
f8b30665
eea5f699
f643f5b6
fff5044a
f307cebd
1051fba5
0f723133
f3ee01f7
0d2c13dc
13db1813
1255149c
0bd7205e
00d71b00
f1da1a66
e5ce0e1a
e7d9ecf0
00feec19
1a3ef32b
115516fe
ebc21cad
ee89dff7
197000b1
03021a15
e87eeddb
11fc09eb
05360394
e96af60e
118118b5
09f7efee
e4f7f5a7
02bd260c
1c28fab4
ff56e471
e47ffe97
edef1403
08491f9b
19810d71
1b5bfa70
1444efb6
0bd5e767
0604e6a1
044ee600
06d8e6d7
0d6ae83a
15c4f1c6
1bd9fe0e
16fa116b
01f5209e
e9dd0f63
e5ccf784
075de570
1c5d0409
f52a2493
eafbec18
0fb5f579
04c61de7
f0c5ec95
02b905b4
0a0911eb
f689e3db
f34116f3
13c21009
06d3dc29
dde00836
fcef1ca1
1ba1097c
0f35f31f
fe69e146
e47bf4b2
e27104d9
ea8b1069
ebaa1bd3
f82e1a74
f5141d3c
f2f61c0a
f0ba17e9
e2c80fde
e4c9013b
e904ee47
fdc8e42b
19dff58e
12830f26
f4c91df7
e3a9f903
081ee204
15dd1a1c
e8db07ae
fa5be9c8
128f15fc
f158f794
f761fb5f
0f6918f4
fc7ce2bf
e8ee063c
089e2352
1a84e51c
ec4bee07
e2590959
fd8b175e
0d901b51
1f1ef8cd
10d3ef4c
0454e76a
0090e022
f00dea60
f856e311
f5fee5c1
fa39e639
0edbe346
0e97f27a
1e10018a
0fa4173c
ed9d1ba0
ea110012
ef6de4c1
1bcef750
09751c9c
d7fdfdda
12bceceb
086e0d59
e2ab0318
1674f98b
f866fdd8
e9f8066a
1d7108bb
f5dae722
e1e6053e
103d22b1
1575ecbe
fac8e664
e38dfac9
e6f40b2c
fdba239a
0e4a11c7
17f90bab
1a630520
1a27f444
193effae
1a75f874
1a5f0196
15db12e7
0d181113
f6c52167
e5b10ae4
e673ee0d
ff02eb12
1db5f2a3
013121d2
e245030b
0477db8f
0e5718d2
f30e018b
f7beea02
0a3f1857
fed3efef
ee3cf737
08221e66
0fb5e54f
e64bf04f
f0501fcf
1a490649
107aee6c
f44de456
e3fdf59a
e5331389
f811161f
04511c2f
0e3816f2
14940efa
1292149e
14130fa5
0cb017d4
01881c79
f53f14e5
e2600ee9
e68ef057
fae4e267
1477f34a
17540da5
e6ec1914
ed78e842
18baed5a
fadd1f0c
f3f4f043
0689f147
fcb41a34
049ae8f7
f461fa17
fd321c87
19bae5cf
e716ef7e
ea991a37
1ed10a8e
0e19f080
fba2e114
e677f366
e0530e0e
fa6d14c8
fd5e1cc7
0d5616cf
1462127b
0ce615b3
16ae1189
071319ef
ff441aa7
f50c1401
dde10a6a
ed5eebdf
fcbbe343
1763f455
17a01086
e12416b2
f5ede327
1755f2b1
fa331e28
f828ea6f
01e8f855
06751674
fddee295
f2210789
11281484
075bd89c
e23c04ac
03191cf7
1e4df60c
059beacc
eae6e663
e4f90757
f3f81b98
06e912a8
14091963
19ad0638
1bdd038b
1ce307d5
1ac9fde0
1a2f122c
117711d6
03031784
f1d31c9f
e285f82f
f0a0ee3c
0e5ce46c
1aabffa5
fdcc25b3
e2efea2a
0e82ed03
13e615bb
e553f3d1
09c4ff61
10e7fff7
e545f55c
0ee3116e
11e9ef75
e1d0f03e
02f71eec
1d15fd82
0208e012
ea33f629
e92d100c
079b1add
19900dbe
1ad2fb3b
1b86ed59
0dade724
0c1de38c
0aece2c4
08afe5d1
161ce590
16f6f1c6
1df0ff0d
194f0fa3
fb911e73
ee440917
e7c4efb0
0b3fe57f
22f40331
ecfd1f24
f3e2e9a0
1515f05b
fc0a1d6e
ff99eb78
007ef9b3
02ae1888
0ca5e47d
ed1aff68
048f1c97
1f94ea9b
ed56ea44
e8770e5a
0c881887
1a5d05a4
173be906
fee4e331
ed81eb17
e7c2f698
e4c8020e
e705077a
f37febb7
d5c60df5
0646f06f
2e8f0970
ef601491
0f8312d7
24082ce4
e247fc4a
f43fe287
fd1e10de
f74f0fc5
18eae266
f6c0ceb3
ed6dfc14
10791530
fa23f21f
f40dfa3c
ff410377
fa78019e
fe222dfb
ffb21e99
0a71e8a7
0bdbfde4
0540192c
0561053c
059dfe48
0e28160d
ef4d1253
eb28f939
1273f88b
e788f205
fb22e483
46bdeac1
08fffd0f
f13d035f
2232fe71
19142133
0c922b75
ee530623
eb481f69
01de235a
db1cfa6b
d41b0b09
d8580e9e
cfbd043e
f260031f
eb780640
f5633637
12bd229f
dc93e2cb
e24cf5f3
133f056e
f3f2f73b
ecc6f1fc
0b78fed8
125e17a5
fe5e0f11
dff80e6b
e7f4ff79
00fde18d
08a80fdb
fd821bae
fe7ff13e
28c004d7
135012a1
d790f50f
ec4cdbdd
f69fe21c
f88afe0c
132207c0
f38b064b
e602f3e2
f784ef53
e8040980
fe620b97
257117ca
1bdb0fa6
fef1e140
08def948
250516a5
fd1300ea
e74bf9a8
0d54f623
06bd0159
04e6096d
09adf87a
04a10d4a
26e81ba7
0f55ef74
e831e8dd
06ba1002
027903c3
f41efbe2
0c6e1e05
19490c84
0beff580
f222f614
f82fe387
fa6ff25e
e861f824
02e8f882
0f561644
f777f2bb
02e0ee08
13931c20
f76af34a
dddbf3b2
fd6a2f10
14122189
f8770e22
e3361015
e95e0ad0
0ce60a78
127cfb9e
fb9be7a2
1edff2a7
1a9914f6
e3990b50
fdcbe7cb
1b2bfe09
00d115c8
ff1f05e9
14daf5d4
0557df7b
e949df6e
f603f897
fcc40a7d
05f91ddc
189e0562
fb48de19
ffd102a3
185e1c44
fc490b27
f3d31fb2
e9ad14bf
f0f0eeee
1f21096a
0c9010cb
f3fcf155
03d9f272
03b8f392
056af8bf
098a0f42
0b370ab3
0261f50a
f644f23b
f5d106b8
ee6c1197
02450499
140e0289
0a9909ba
17b9023d
0b34fa0f
fd57049a
16fd0e39
0f3d03cd
fee2f9e5
01c4f967
ff790819
fe2e12fb
fa58fc00
fdb9f129
08f2f970
14250a8a
139932f8
108023a3
12bdf13c
e980fd9b
c65a0ff8
e156075d
159809e7
38950855
0377fbf7
e0b0051a
0d0712a6
f8bef5d1
fc6de6bb
209902d5
02941202
182210d8
1cb8fec8
ee64ff78
03e90972
0f37e5fc
0bb2edb9
0bcd05a1
f8b2efcb
1814f12b
33f4e0de
22cce6c7
12f403e9
f800dfd8
df8ef7a0
e180186c
f4c4f554
fe3a0abf
091c06b7
16e3ee21
fe5c0c67
fdfb025e
194dfaaf
0c5f033c
f701e6d2
d79ad7a5
d1a0e96e
fdac0fb1
094e0f1b
f7b7f8a8
e8b410a6
eafd0c47
f1beed42
ef1bf1eb
03eff974
f299f359
f035ebfc
2735faae
fd9b0fcb
e8f11a7a
215e20a0
0bf80d31
191907bd
287a03ab
dcdbe5ab
de64fe2f
0b3e1eca
fc5f0f9a
ec6f18cb
f2f52b41
fd2b0c63
f647ebc0
01e6128a
17c62648
01e8f60b
fbdafc0b
09b809b1
f7d5f2a6
f424f461
094fe54d
fedfeac6
e43ffe1e
f497f8b4
063c0985
f205e53d
ed5fd993
fc541b17
02270a31
eceb0efd
df622161
0415db5e
0c0eed91
10811170
2639ffb2
e4321588
df0af263
2a52e799
ffbe1ca3
f4b014f8
21331d98
ef62025a
f0e5d2f6
1a20041e
088fe926
14dcca5a
0ba51b98
ec5a18ea
100dfa10
1200ffa4
d9e8f939
d9ee20a9
05e4120c
0a1de724
f6e90c04
00fb0d3b
0360feea
042b03fb
28c1eaa1
1aa7f0f7
e68f02a2
f83ff6ca
132ceede
01d8f8ba
fbb4fbff
0c05e8b7
1837054d
048d1571
f051f3c0
00211c2e
eaa011f6
d49cff8f
ea44fe44
d9b309a7
fdcc12e4
206504df
f6ceee11
e3e60ce4
f73f2482
017afa45
004902cb
fc670c81
0455d44c
114dd537
07c3f9f3
fa8c01bb
034b0861
08ce0949
0f9600c4
0331e997
daf4e46f
e50affdd
e95efd48
db3dec93
133bf4b6
11de0145
e1b60042
fc15efb3
f398f274
f1d9065e
25d00ac5
17580191
09bee9bf
11f0f1d1
f3bd0bd8
f3e0ed83
f9dae6a0
e95bf9d5
fb3adce3
0e3bee14
00c403cb
e969d12f
ebbedd10
0d2c0a83
01f2f850
e6dbf098
114c02e2
1a341453
eafb11be
efb1f126
f87bf2c4
fae304b3
094dfaa6
e2850ca3
dee827b5
1a6711f2
155cfc5a
f3a4085e
ff490ac7
114e05e5
03a40cbe
f44e01f1
f7eef886
eef0f4fc
0751d772
27a8db93
ffbf0182
ef820957
f7370ed6
f0840968
19a8f487
17ad044b
f580142f
11c61176
07f0199e
e6310826
f25ce7fb
ec1ff1a6
ee930b6d
13b91184
02d41113
e3d81231
129e0bce
1bc70122
e67206b3
f04e07fb
ea3bf0b4
d375f49e
06ac031d
0ecdf2d5
00da0c24
16c436ae
052815ed
0dcceb74
146bf277
e35bf33c
ef53df18
0773ed70
f5650dfe
fe20012c
03c6ea2d
0ad5f1a7
27610adc
33061863
2b92f680
1030e1a9
0f1ff89a
1ff90c74
fbf52088
01d6ff4c
28fac137
fcd2d601
e53ff7c6
f618f89f
f0f50826
fd7d07e1
ec45f56e
ee37fac0
20120946
030df321
f357e0de
1a5cf664
03dcfce7
e9ff0765
f0350efa
0584eeb2
206becc6
182913ae
09f52e94
f71a039f
dea4d521
d6c315f8
e398212c
0b77eaf4
f7a10b46
ca14070d
e03bf617
f220112c
0a6dfb49
110c04fb
038f0e4b
2e57de8d
0610decc
d51afd78
152b085a
0c63f3bf
0014ec69
1b870f5a
ef8c09a7
f41ff64c
174ff9ca
1487f6ee
077bf8af
dc08fd7b
f6ee162d
362f0cd0
172cf9aa
f5ca36bd
fd222e18
0553f091
0ca013fe
025816a1
f75fea09
efd30307
e74d1024
fd74de59
1ab8e85b
12f51126
0788e738
fd57f27e
dc3c1794
ec70e29b
162ff749
f70b1119
e22af2cc
053b111c
0c0afcaa
f2daf263
f4d61907
0645f824
e807fa5d
e41bfa00
1017e043
f6a9f6e2
e979e00e
0393ebf4
ed531842
ee5c03c4
f8dd10ac
0c2615e5
2cad04a1
f4cb0458
ed45e866
2e50fa03
0b7319a5
e17203cb
e8530301
f883167a
0d910af9
f405e2ec
ef1ae29d
feb6fa18
f303f2ba
13ec0764
15d50daf
f3d8f4cc
0709f578
fa55e5f8
f245f1a1
09ad062a
eff8e9e3
f8a5e60c
0669e760
e218efce
ec51062f
f91affb5
fe02128a
0e1e144d
f5a5f41d
03a3f42f
0d7cfc45
e9ba18f2
0b220f61
1342d639
f38ff07d
034f2204
ec9d1e67
de5400a9
ed4fe932
de3cfc14
fae4f496
1e21e98d
15ae001a
0120e79a
efb9ec52
0422048c
0767e5ee
f32ef4f3
fc0e02c0
fa41f6f6
ef6c1143
e721fa60
f8b9e8d2
034d04f9
d4cade83
f716ce2b
3498069a
0fd615e7
01980599
f8c70ca8
f241128a
0c50eebc
ee06dd2d
f50d0d53
17030e1b
fb5ef05d
079e17ac
155025cd
095e13b1
1b821c58
1176f877
f405e183
f51210ee
193711e4
23fef554
fa4d0196
0247fe5b
0ca1fcdd
d7fd1219
d24c0669
f6e1fc4d
043903dc
059cf8f6
03a4f3bc
f8dff21e
eaff0871
faa62dde
0d5d176b
08f714f5
018f298d
ec9cf4fd
f82befe5
0f5e1a1b
f3d70b8b
fa781184
0c970913
f66cd9de
f5afeb00
e7dc02b1
dd9e04ed
f121d23a
f61a074e
0b21297d
3092f4ca
07820fc5
e9b91596
f8b1eccb
f55eefb9
0a96f63a
120efee7
fa84f4eb
fd5ae8f7
028eee7b
f61ae80b
02d30792
29d41a8e
127400ac
fae30973
1aa80af4
f82401cf
f8520eaf
17a4075a
dbfb01a1
fe6801f6
2eaff474
fbaef88a
04f2063d
fa4bff2d
eee1ecfe
1aa7ef8a
16d406f3
1a64116d
08de152c
f43a1ab6
06c6046f
e20ffd93
ef71220f
15b510fe
f8ffee94
071b1348
0c391bdc
01330dd6
06d725e8
eaf01314
f45ef601
101e10cb
129229c1
02310fba
e047ef1e
fa4111a1
146b2141
fb06eec8
fa66eae7
0db2fc76
11f5f81b
ee83ff41
f3660819
219a0e33
f8defc02
df9af533
028f0a4e
11eefee7
140401a9
f2d409a8
0e16f158
4673f8e7
152400d8
ff83efc0
0f66e6fb
01c9f1fb
02d615f9
fd411bd2
06631556
f11817e7
d441f2bb
1255fdba
1e3b2cc4
f5e2fb2c
08e7d2a2
11ef0277
04e2035c
fcc7deff
0de6fda6
210c1336
06b00678
fc6218ad
020e0e06
076efaa2
10eb11bf
043b08d1
06cbf0fe
f445ea0b
f0aeea29
1d0b0689
f10418a5
e9561648
1b320d37
d8590143
d903073b
0edff577
f17bde56
1316f394
11a405f9
e023fc1c
1402e82d
1558f2cb
f60f0356
1d09e64b
0fa9e513
e431f016
e4a5d544
fe5ce8b7
16e9009e
0283e632
ed27f481
009a1338
120cf843
146de683
11450314
08c208ed
f025ee9a
dbf9ec76
e588129e
f83426f2
11bdfbe2
136be3b4
f7dbf5df
f2dff2a2
e0b2092e
ceb01f53
ec120634
00ce1180
08e11c34
0d0af869
0662f360
074e148e
01c21e25
0e24f5ce
1fc3e5ec
1b4d01bf
14b9fe61
f497feea
07d90ac5
3f29fb07
08daf0fb
de0fe51b
f68de370
f6edf425
18e0f21b
1f36ff51
e73d1b2b
e9f615be
0c4fff73
1426f987
06c3fac7
f6c7000c
f805198f
ff6b02f9
16b5dae9
0b5013cd
de9e1df9
feaeddfe
2099024a
fee1230c
f89cfec5
ff52fa58
f5caf8e4
071dfac8
1f67ff59
23f4d451
1279c3fd
fe55f839
062e099b
fb49eb04
d04100b9
d72c11a5
fea6e171
099ce111
0855f644
0074eb26
078d0155
13c30c8e
03620bdc
0f811619
145a061e
eaaa0fb9
f9050598
0ccde9a7
ebe811c4
fc95068b
1358f180
ef7e1947
dfdcf48f
dec6edbe
d1a10b62
e696d60f
f2f7f1ce
eaaa1be5
0c0bf4a9
1bd114c6
13151686
17fae7b8
fe3c0523
06e7057d
0aadf239
d6d3093c
12e9089e
490b000b
07190858
00c00b40
fe81f4a9
e8c8e6b3
fea8017b
edb7fc9b
025fe378
2b09eaec
06cef37c
f870063e
fbf70878
0971f23d
28b200ca
134800e2
090aea6e
09470a6a
f2af1aa7
fbc1e8fd
e66ae7a0
d85d1adc
0dde1d84
0f421127
fdfa0fa5
11f4ff93
0619037d
00bd03a8
fe58fedf
e44b163d
ea611293
ebf0f773
e6e6eb10
fa43f742
ffa51a10
133414fe
1e3cf407
0a8aeda3
0378025b
e6672315
f75210bc
30a3e61d
0be3f334
eb831660
f3c22565
eab60956
f03ce7cd
e6dff7d0
045b0c58
15751b50
dfcc23c4
0b4704ec
1e5de19e
de02db8b
09e7f19d
1dd5087f
f3050fef
f7381159
f23ffbb8
f606f0ea
f9250a4a
ed5f0dd0
ef8d068c
f034148d
0524f9c5
0215ce80
f75befaf
0abdffb4
fc28e370
057f05e7
108eff4f
fa8ce7da
136b1e61
027f0066
dea8dd58
fbb30778
02eef89a
0224055b
f8191855
e46bf126
fa9ae8c2
170afa09
0e7608ec
0df80545
f374d873
0a5ce5a1
12c523f7
e83dfa27
ec03d7c6
1229ee62
1d2bdd0b
f2e7e99a
d2aa0c5a
04a30859
2b0d0d7c
03ba1a56
ee541ccc
06261b10
02b30343
ed0eedf7
e3a8001f
f0850d66
092ffc36
e9b6f896
e399f8b8
2568eb43
1bd6ea27
009aed63
14bff82f
0f7d0de6
156c0e8f
08960a41
f4400ee8
0ea002b5
1171fb4d
12ef03e1
137707bc
071414d9
15db1281
0984f643
fe93f1f1
f565f490
e0cbf592
028cf45a
fc73dd3e
ec98e8e1
006bff84
d4310f0e
ee6a3466
25d70273
ef23c04b
fa8bdd90
261ae347
f9f8ef27
dcb50dd5
f8bffe4e
19150095
01e2ecce
ec09e20e
f05d10f4
df4807e7
01fffdbb
17340d40
f4db00ef
fe8313ee
eb0810f8
e397f76a
0d2a0bb5
f1d10a60
f0edfaf0
0ab7fcf9
f3d0f272
0c81f18a
20fa02ef
066c114d
f5fb0e25
e91100d4
fb29fdd2
189303d6
1cbc0619
0baaf9b5
fc00f24e
178ffe33
0b48072a
e9d7efed
2046d020
2d33fcfd
f06323b2
df25ea69
f0d3f027
08ec16f7
03dbecec
fa35f7fb
0f670d61
0d08da49
0eb4e17b
178f0d76
00ad0d74
f8bd079d
0870fff3
0f57e2ac
f546c63b
ef41d965
0eac05f1
f17b176c
e4be10cd
1266e8e9
0d20d6ab
06630408
120907f9
2021efcb
26a901dd
efe5fff1
ea07f6e7
091ffb12
f4cbf63b
092409e2
0e160214
f3eae9d8
0a3c0903
0b5fffcf
00f6e15a
f4520818
dd3c1a13
f055073d
07a60a3b
13961064
0230fac0
df82df5f
eb08f24f
e772fd97
e27af430
fa890216
ffe9ec05
120df554
013518fb
db7eebf3
f1910709
f3982235
ec65bbef
efc5d99c
d26d36ec
eb2c0c06
20aff145
115bed0b
0317e836
1b20112c
18a2122f
076906d5
06f80a22
f823fe05
fcbc146b
15291696
038ffa20
f5ed0015
f824f981
0aaf0a54
25032812
e966f4af
cab2e524
0b110b02
09a80000
f32a1a03
02ce3270
00affdef
04dc0850
022535ff
f8590f36
f582f084
dd1f06a9
d3f30163
fcb6ef79
1e7cf92e
fd99fc9e
e812feb9
ffd009c8
e47e0642
d98d03ec
059cf78d
08b2eb81
0631f7e1
06b8f37d
f7d109f8
ee302468
d7a5f0cb
e8ceefd0
052d26a2
f7811cf8
11ac1673
1fba136d
f5a0ecfb
f4bceb4b
08d3f626
052ce06a
fc33e84d
f7e6064c
0042f683
fb15e60b
f479e5fb
0688e631
067e179f
01ee1862
07f6e52e
efc307bf
e4b30231
f30ccde8
e9a5ea7f
e866f979
f9d2017d
022410e6
f6cafeb0
f5dd0d48
269f0ad9
25f9f599
fca007c5
14f10701
0fc407d1
126b0bb6
3c0df3de
07f1f517
feb305cd
27d1049e
f81500c7
f08e0171
fde8f7e1
e76df410
f0e7fc8b
edc8ecf4
f52ef486
080f0e72
12960358
32f40a6e
15d10bd6
e80af799
fd7df250
0441f4ae
efb018a9
e906082e
f870df39
fc2d0460
f658fb36
1007fc8e
0b9e120f
fa17de61
0a070af1
00491fe5
ee45cfdc
f054f6f7
0e310abe
1af2ed0d
f47017a9
0c721528
24140126
fa23059c
0931007d
077affe5
df98ee2d
ef50ef08
007fef04
fd95f145
e4061ea4
e3fc0437
15c3ddc3
06d21781
e728256d
e7a9f915
d325f838
f327168a
215d2117
04e9f7d0
f627d3f9
14f2ef9b
21c600e7
145ded25
0179fc08
f9db196d
0e47187c
135806b5
f820f9f1
04b91702
07e51c3d
db57e9fa
df29f2d1
ef9408c9
eedbf1f1
044beba4
01e5e62b
0496f370
12c902b9
1813ec25
149cedab
205ef429
1b00ff29
1a660e26
0e1a1a32
ecf01827
ec19ff02
f32be5c2
16feeeab
1cad143e
dff71177
00b1e690
1a15fcfe
eddb1782
09ebee04
0394faca
f60e1696
18b5ee7f
efeef609
f5a71b09
260cfd43
fab4e3d8
e47100aa
fe971b81
14031211
1f9bf7b7
0d71e67f
fa70e4a5
efb6ebbc
e767f42b
e6a1f9fc
e600fbb2
e6d7f928
e83af296
f1c6ea3c
fe0ee427
116be906
209efe0b
0f631623
f7841a34
e570f8a3
0409e3a3
24930ad6
ec181505
f579f04b
1de7fb3a
ec950f3b
05b4fd47
11ebf5f7
e3db0977
16f30cbf
1009ec3e
dc29f92d
08362220
1ca10311
097ce45f
f31ff0cb
e1460197
f4b21b85
04d91d8f
10691575
1bd31456
1a7407d2
1d3c0aec
1c0a0d0a
17e90f46
0fde1d38
013b1b37
ee4716fc
e42b0238
f58ee621
0f26ed7d
1df70b37
f9031c57
e204f7e2
1a1cea23
07ae1725
e9c805a5
15fced71
f7940ea8
fb5f089f
18f4f097
e2bf0384
063c1712
2352f762
e51ce57c
ee0713b5
09591da7
175e0275
1b51f270
f8cde0e2
ef4cef2d
e76afbac
e022ff70
ea600ff3
e31107aa
e5c10a02
e63905c7
e346f125
f27af169
018ae1f0
173cf05c
1ba01263
001215ef
e4c11093
f750e432
1c9cf68b
fdda2803
ecebed44
0d59f792
03181d55
f98be98c
fdd8079a
066a1608
08bbe28f
e7220a26
053e1e1a
22b1efc3
ecbeea8b
e6640538
fac91c73
0b2c190c
239a0246
11c7f1b6
0babe807
0520e59d
f444e5d9
ffaee6c2
f874e58b
0196e5a1
12e7ea25
1113f2e8
2167093b
0ae41a4f
ee0d198d
eb1200fe
f2a3e24b
21d2fecf
030b1dbb
db8ffb89
18d2f1a9
018b0cf2
ea020842
1857f5c1
efef012d
f73711c4
1e66f7de
e54ff04b
f04f19b5
1fcf0fb0
0649e5b7
ee6cef86
e4560bb3
f59a1c03
13891acd
161f07ef
1c2ffbaf
16f2f1c8
0efaeb6c
149eed6e
0fa5ebed
17d4f350
1c79fe78
14e50ac1
0ee91da0
f0571972
e267051c
f34aeb89
0da5e8ac
19141914
e8421288
ed5ae746
1f0c0523
f0430c0c
f147f977
1a34034c
e8f7fb66
fa170b9f
1c8702ce
e5cfe646
ef7e18ea
1a371567
0a8ee12f
f080f1e7
e114045e
f3661989
0e0e1fad
14c80593
1cc702a2
16cff2aa
127beb9e
15b3f31a
1189e952
19eff8ed
1aa700bc
14010af4
0a6a221f
ebdf12a2
e3430345
f455e89d
1086e860
16b21edc
e3270a13
f2b1e8ab
1e2805cd
ea6f07d8
f855fe18
1674f98b
e2950222
07890ddf
1484eed8
d89cf8a5
04ac1dc4
1cf7fce7
f60ce1b3
eaccfa65
e663151a
07571b07
1b980c08
12a8f917
1963ebf7
0638e653
038be423
07d5e31d
fde0e537
122ce5d1
11d6ee89
1784fcfd
1c9f0e2d
f82f1d7b
ee3c0f60
e46cf1a4
ffa5e555
25b30234
ea2a1d11
ed03f17e
15bbec1a
f3d11aad
ff61f63c
fff7ef19
f55c1abb
116ef11d
ef75ee17
f03e1e30
1eecfd09
fd82e2eb
e012fdf8
f62915cd
100c16d3
1addf865
0dbee670
fb3be52e
ed59e47a
e724f253
e38cf3e3
e2c4f514
e5d1f751
e590e9e4
f1c6e90a
ff0de210
0fa3e6b1
1e73046f
091711bc
efb0183c
e57ff4c1
0331dd0c
1f241303
e9a00c1e
f05beaeb
1d6e03f6
eb780067
f9b3ff82
1888fd52
e47df35b
ff6812e6
1c97fb71
ea9be06c
ea4412aa
0e5a1789
1887f378
05a4e5a3
e906e8c5
e331011c
eb17127f
f698183e
020e1b38
077a18fb
f93ef063
f56ade07
01fdf337
00bf1779
02ef052d
1368d477
091ff0fe
121e04af
1a49ef86
de89f7b0
efcd14d1
296a2789
f3400a61
e85df044
2026f80f
09b7029c
f9100d6c
0c38eb49
e400e658
e0cf2362
0a1f1f4a
d667f05c
d5cddf51
1502fc31
eca31305
f872fc96
17aa18b0
e6261898
07dff4f1
082b1530
e2aeeb0b
1300d456
042c128a
036af529
1c4a05d6
e98734d0
fc250171
0078eb21
d8e5e552
0f25f7e3
200e1bd5
fd46fad7
ffb2ed32
07cde6be
12fed989
fcc1fb6d
d8be0cfd
e0701dfc
f45622a1
04690500
148b09f5
200912e4
1a7f0183
0904e723
ff75ef12
f8c90e9e
f767f459
fc3efa8c
1308204b
1fe5039d
03280b44
06311197
1892f31e
03b62244
f3843c49
e1ad1edb
e1a01815
fff20599
07cf1433
01b32aa9
fab30358
f9290319
f33816b4
f438f824
1427ffd2
067d1c7d
fb7c04fa
329ff1e7
273608a9
ecce256c
fe7f19fd
2bf2f7dd
157bfce2
f5fd0a8d
17db06fe
ff1202c0
cabde475
f12de395
f5780b33
e844f4c4
07c1dc02
0cda0370
0c2f159b
f7fd0d58
e9d4132c
f8131843
f6b2117d
13d70345
1752f8ac
038ee3a1
16bae8b6
132d23cb
2eab1bc5
21c1ea63
d3aa0234
f714f19f
085edbb5
eae2177d
032cfc72
e636da77
dd2722a7
ea191770
ebd2e2aa
2869fbc4
0f8419d4
f6861f97
2a6afbbc
f6a8e5f4
f15ffabe
1a0de755
cbd3e773
c3540f87
02590f54
03cdf8cd
02e9e526
0665ea0d
06bffe6b
098f097c
091d0928
0882e8b4
fd52edd9
032517ab
0fdf04da
1173e741
06c7e580
e373f328
f556f9a3
2427e024
0e9bec07
fccbf0f0
054cda17
0c7107b0
163c0f56
f68fe814
e8170253
05930411
0388ef42
fad2fd48
fa86fd96
fcd30308
04620549
fcddfba6
051a0cfa
fcf60bf3
e326073c
fb642564
006a1359
f897eda7
13e8fefd
01310313
ea8b05a8
02ce1ce7
0759120c
f9411a64
fa32278e
0b0a082b
07c9015a
f7b40296
0373fe0b
02d60404
0656f783
1de1011c
0cb50ec6
001510fb
070d1f6c
f62bfdac
fa8fdec7
0dc1e4dc
0424e202
f355fdfa
f3cb054d
f9a1f8c1
f4a6109b
03c3fc4f
207be932
17120226
00c1fe86
049301df
157012a9
100e1233
f72602bd
fedfedc7
078805b3
f0081eab
febc0cd6
14100bbc
ea2c0da5
d232f689
f556de90
0eb6e024
0c72fdb3
0b6d0089
0f6ef152
02ecfbf7
f9b9fd8d
0f85fa99
07520d07
e4f31982
ecc80f44
f685f3a1
001ff623
19c71950
0d29fdce
ff67ccce
080cf74f
016d2f3b
fe78217c
021af519
0130db84
f8b60316
fd8a3044
174819d6
0dd41346
fbe816c4
007ee8db
05caf2aa
1876249a
04f01085
ee4f024f
0c050c79
f56ef686
d97a0327
fb6321f6
fe361316
f04d019b
f801f97e
fc02f39c
f518f372
f12d042f
021a1926
0a81e9c4
08f6cf98
0a6f09ac
0884109f
15e104a8
1b7303a3
1e80ecb3
22b50ada
01ff0395
ee82e641
fccf20ec
0e2418ef
0e90ee26
f8a00140
058fe65d
12bbdcb1
f5dc0da8
e7df1a27
f3ef04ab
13f4f39e
0303fadf
d09904f6
ee71ff9b
fb00edf7
e497f17a
09882123
1a20039f
0d88c85e
0f5d05da
fe311c56
e90de821
fd67f648
0f18ff4c
e7f4ffc7
f7c82513
2e3d0952
1609e797
07412bd8
f8cc34e3
f232efb6
1a270742
00d20840
098cdf2a
22390a17
f27cfeb6
0e43ee55
fc8323df
d0af0560
03fed484
1114e8cc
fbc706c5
eb28fa43
027df1d5
04e6d7fa
f85df06d
fdf523ef
fcd8f98b
d903df47
d2e70556
0c62f9e6
1794ef5b
dad90401
d356009a
1010f8d3
25eff3ef
07eaffa4
e9df07b6
de44f715
ec4e10ac
fdc421af
06690067
0662f820
edaaf69a
dd76f842
e9fa0021
f7c7f63e
fedafd70
0e72025d
1ccf1179
f2f824e1
cce106a7
f50b0344
0ba90f0f
ff1d03ec
faef0d03
fbfcfc19
0a18f8e0
f8d40a7e
0554fa0f
354502dc
0d680038
fc2ffda3
0c3c10b0
e585efda
03a1f3ec
1d510286
f326e8ef
022c06e0
fd5105b0
e006f53d
0624250d
0b242a6d
e42c0ed4
f2e4ff85
06a1f8d7
f12ffddb
f2b1ff64
06abfed8
05a6da5e
fd8cd323
f256052d
f6ac0ced
f1081858
e20b2004
0337fba4
0e2ce5cc
077ee9fb
152d1cac
fcae17e2
0492dfcf
00f403d6
cf460ce9
ffe00b98
21622771
04c1f3f9
136701cf
01932416
029def3f
2f91e46a
1dc4ddde
f81bee69
ea4b0c38
f54bf6d7
fbaa253c
fc342e51
158df595
fadb1b89
ed6430d1
25e71853
1c281690
01b20bd1
09cb092c
f9cd0927
078d0c82
15e8f658
f7f9d831
f2460f1a
00342a0e
00a2f7c4
0b4af16b
1607fc75
0b5cfa18
0c090074
03d90d75
e0f21f33
ec1a0aa4
0a93ec18
12a6efd1
19d2dae8
fc8cc9bd
f099fa12
05f01d95
e3a012f7
d9b00fea
0be81330
15c815df
043217f9
00de1ef6
066a1fb3
f97ff67e
dcbdf939
f5a625bd
12a403ae
ed8af63a
f748122e
2d02ee4b
12fcd450
f669e044
05b60355
f3031c60
eb15f36a
049cea77
183afcc3
1be3fd73
002b16ac
0a4dfc28
24eeee0f
f7fb2507
f55d1986
1e080c82
08d81bc8
f915ef8a
f2a0efd7
e60b1888
04850006
1ac6fa99
0dc614b7
012cee47
fec5d9d6
fc3c13fe
ee8923ac
f7ddfdc8
11220239
0a301a49
f7d8faff
ed3ee06a
e9350b90
ec0a0108
f1dcdabf
069e0d46
05310dbd
f032f1d2
0316114e
02250344
ef11028a
04530b1b
edede8f2
e252eff2
18ebe344
0f25e44c
015e11c5
00e1f6eb
c948ed51
e81bfdd1
1843e377
fe0de98c
14e1fd66
0b3a0fad
eb0d155d
0ed501b7
02b60780
ec22046a
ffeffc24
fd57e936
f699d268
fa0a08ee
0f2915ae
17e7eb82
1405012a
2b9404f7
285d0166
1f0104f0
169af223
f9c112da
081e1e2b
046c0508
f6a611ee
09911298
ec340b3f
ea7cf52d
008ce858
efde0ce3
031c054a
00adef61
fff1f918
28c4fdf4
0e85109c
04d80288
2cedff6c
1d441889
fc9ae8af
f8fadfdd
0e56f9d0
1b4adda7
160e036b
1cf00e94
1a80d9c0
14f3045c
fc6416d3
dd0df8f1
fdb11818
01dc040a
e5c0d831
15da0424
1dae1d3e
e556ef52
f19ae454
026b1641
e4252bfd
e9e60bce
f65bee39
e97af812
01131397
11260941
0004f589
093e09f8
f79a14dd
d832fb7c
fb0ae8da
1232fd0a
ffe80bdc
f9d4fb11
fd9604c2
08a70756
fa23fcdc
df210da7
ff9eeac1
2174e092
07d2132f
f0aff1d7
ee60ebd5
f8c0113e
1966da20
0d01db94
d8581249
e35efcd0
07f90046
057414ec
f27d04ee
dae40fc5
f6550e66
2024efce
fbfd05f6
f7283220
1b2c2464
f486f854
e5ccf3e7
160b1e2d
16db2661
f1c1f5ae
e295e52e
fbbcf953
11be0f4f
092521ac
184908b9
1e49f118
fd25fa3f
f5fdfe69
01081494
0a9121c9
0b201302
fba90c00
fe5c0247
fad3f24f
00bade51
2674f8d8
ec4d0b7d
0b2ccd7f
29cb00d5
0cd80274
f273df28
049b11fe
11121527
ebefeff3
eee0f3c0
1389fa6d
0228fdd8
fc0deb97
08a0ef0c
0fb11cee
0fcf1a13
ecacfe69
fa58fec6
0e00060a
eac70274
0625f26c
0b4dfd9a
e2400f88
0ffd0dd5
13371498
db490870
f2fc00f6
0c540506
063cf630
013d0898
e55607aa
e4adf283
f65e18a9
f35711ab
10a7ec03
21a5fca0
f6d9f181
e267d5a0
f1ecdd2c
1070f2a9
1be2f8b0
d72ff523
c22310e9
153714e6
2209025a
fed10bf8
fbd5fdf4
e28a0210
e2a3075c
fd26e848
fb580e44
03211363
0170d54f
ec2ef25f
e1af038a
dbace76e
e9771635
f66024ee
f695ea88
f8cbea6b
e7980253
ea6aecf8
0b3803d4
1b2023ce
1eaeed62
0e24dda8
fd3e0b0d
018e00e3
0653f329
17ee121c
27dc29c4
298a1048
1a7fdaa1
f9e4df6d
f79d1780
fde11cf1
098ef000
20bef410
03c6157c
040801c7
20bef70a
fc03fcc4
fcd2f135
07e61365
df182dec
f1322037
17191376
0881eac8
f3e0dd42
0436fa6b
1c8d08ae
005f0c8a
f45efdb4
0ce6fd61
000c06d6
ff03ff7f
1f8f0d9e
34280a84
23cd021c
fd39051d
fce4ea61
0edcf152
15c1fc8a
0bdfea9b
ed65f78a
f55dfae7
09c80547
06511874
08000e92
037e1725
00a7fb8a
f220d810
f07703a6
0446178c
e2da11b3
dc1a1e07
03bb162e
08601968
0cbe0a72
0bd5e883
257df963
309c04c4
f283050a
fef11a4d
103ffb36
e753d578
05a7f3ef
13cd0397
0704ef04
ffe6e932
e285ec34
0b23f6c6
159affc5
e242f2f3
fc0de216
13f4f2ca
0e201543
05d1082e
e515f29a
ea1b06c7
072c0c32
13a8ff9d
0beff61e
fdc7f90f
0bd50749
fad7f67d
d823ea0e
f863e4b4
169ed901
01daf37e
04c2fc06
21970cd2
10892e93
fad5162a
094f2be1
fc9d3750
eef106f5
f5ee17d6
f4acedeb
fef0c594
ee510580
e708f784
15aefc00
0e7818a6
ef9cefba
056c1838
0ada11bb
fd1fd398
0ad80508
1a6ffd7b
06dded4d
f52e2380
08cc002d
06b0e873
f42e0418
0bc1f682
0ff700d5
eec60ce1
f5220318
f366050f
e27ef529
1f4aeff4
28cffae1
dec6f90e
0570f6fd
36baef6f
1e7f0137
37781019
1aa8f333
cb7f0790
f2a11f96
280df7aa
f6fcf4d1
d164f56b
febbedba
220212ef
146d07d7
f77ef8e7
e1da127b
0007f40d
03c0e81f
de6701da
f9afebbb
fe99ea69
ecc90cac
f66508f9
e6ceed91
1245e523
286af10e
efe4f9d6
f3ebef91
e708e54a
ed44ed1d
2608e7b8
f392ef17
db2318c2
088f1069
eea60380
cf3912dd
e1b6f745
08e2043b
084c168c
f964eab2
13cbf7ec
066d0402
00e4ebe4
1a01fd44
fb7efbdb
f26ce9db
02f2e71e
03cef0dc
09c5fc92
fbbbf5e2
fd830e2f
03d20cd2
0302f474
1ec2196b
17750fcc
085cf8f7
1cef0597
1055e9ee
ede0fc8b
f05107a6
0f80e320
0d16fd43
04140482
10abf85b
e88dfdd5
dc4debe7
0938f8d7
fcc5f572
f53ced85
058717d0
f66b0f8c
e722f920
f347f7c3
25e3ea37
13cd0b50
cead0f93
ebd3db64
fbb4f3a7
ea551c29
0d47f304
09c8e6a4
fc221967
fdf414f5
f167f1de
fd0eff36
f04c0da0
ed010102
1135e3f2
0eade546
08491189
01c40583
fe3bf0db
0cbc1127
f12b0178
f846f769
1c531200
03fceb3d
083ae510
19aa1b94
07570acb
fe30f2d0
f462ff82
06d3faa2
13f81342
01fb1e68
1a2cfc03
10cdf236
04130495
f9790def
f411fd49
07751975
09d4173d
ed3efa95
fd90052d
10ceff96
fcd2f225
fa71ef8c
0dc8e38a
20fd017d
10fd1c96
f9d305e3
f33bfe9b
e938fbfc
17440274
1a5706a2
e0b0d9d4
0ef5d010
0c50eb8a
cf8bf41d
0742f208
1d0cd563
0f60e25e
265b030b
fe06e883
ecf6f31b
23230b8c
2d07eeaf
01b5e0a2
ef02e5e2
00c7eec9
08bef4ad
1675f7f3
18d50be9
020e1e95
00a8152e
f387ec3c
f591f82e
09ff2728
ea67054d
de16ee34
eb54036f
fffafed6
2bb3f9ff
0b79ec10
d8cdf7ea
eaf306d9
0177f704
0ee5152b
001909b2
f776dcf4
1045f1fd
0495ffc1
ffdd1ee3
17561f98
2434e35e
2823fbda
0c750cd9
0572e043
0833f0a6
e1d21158
f6b0fab0
1478df25
e94cff73
f6f80514
21e6ec9e
f6112218
d6f91ebb
0adef1ce
203f03ae
f90fe16e
0975e41d
2a990563
fc3fe329
e7ee0471
f89c08b7
d534e55e
d72a1a18
fe500164
f14cea3f
f5493087
0bec01cc
fed1cb05
00e10602
0d6914dd
fc38fcc8
f108fb6b
0fb10107
27ab11ad
0a700bf6
ff1803e8
14c41487
096903fa
ff23f086
00b0f686
f127f610
f33c0cd0
08ff0a9d
200aec8a
21e808c0
00cc065f
f5e1d2a7
f739e074
dbde1748
f3af2df5
2ccb0cb3
169df39b
f26b087e
face0b65
fbf4077b
fa290246
e3c3f451
da50ede6
0aefddbe
0da2f7c9
fbf30c5a
01faf0ee
dfb008de
ef0b033b
122de7d2
ebd515cb
e2821767
f25d112d
f6a21afe
f1f1e9a6
e123f3cc
01f60a3a
1344d7bf
0967ddc2
21bb03ae
15fcf448
084ee1d2
fea0eed0
e64af141
0288e062
036afe8f
fd2c1e4f
184ff7b8
f7b9da5f
e2a6f5ea
e40f0d12
e2ffed84
0018d813
eccb0300
e5ec1986
fdc111da
efc30d04
1829ff0f
2356128e
e0b9183a
f835f54c
2740fb55
ff9f037e
e460f566
08f0f8f4
0d8b0375
e69213c4
fd2c12a1
199a116d
05a31ac4
038ef96f
f2b7e984
e269f287
f8ced68f
fe45ddc2
fb8906c8
f3241405
e1ec0e5f
ebb8fdab
fb120541
f9720a44
ed6af34f
f483fce5
105f09b6
143e0880
0c6c0a9f
012ef1b3
fcf4edd5
142c00f9
0b43f8e2
f418f805
09e900c3
1d1008a1
07db0a44
d665f5ad
d4dbf35e
08c2feb2
034cfa77
ffb100a5
21850a83
01180b13
e7dd0cae
f474027b
ec2ff704
08e603aa
0fd60431
ee07f8b8
13050a20
1ca3fa94
e155de47
f04e0771
0f0918ba
eca20873
f33f17c5
088d10d2
e1e506c2
f4c20d6a
21b40a49
fa390484
f0d1f215
f1cbfdfd
cdc40e14
f7f6e57f
18c7d11e
0728dead
0e1ff061
fb1b04ab
00d5fb7f
11d0efd1
f09bfb43
f3cc153c
06b927ee
11831c2c
0697fcf5
e4b2d564
0afce12f
160f0876
fb290f85
14162f19
f5071718
ef6dd884
18f7f4f8
0276fa80
171df6d5
1fc205b7
f944e3dc
0d2302ea
17d5170d
1ec1fad5
0e841971
e186009c
0d82f7e0
280e2370
0852f645
09d1ff28
02162daf
0b45033f
233af98c
13380434
f5aef870
e2eeffae
f7f9ee25
018ee145
eba8f858
01eefa2e
0f54feaf
039e0bb2
1251ecd1
0f36ebdf
04b012f4
05b3ff86
f73ef1a8
f59709ae
f4880d0a
e076024c
f0cbe2b0
1043e2ff
08300268
052d0bc2
07e915bd
f67eeaa0
f893e5e0
ee992e34
cf020b04
e81fff91
0def2fe8
f04700b3
cc93fc27
dea60180
ef75dd43
eca60d75
fe5b16f0
f86edbcc
da7ee1aa
e3fc0e35
ec25e7ed
edabeb64
f429dfa2
ff29e500
0e26e59a
1a32f1e6
18271310
ff0213e7
e5c20cd5
eeabe902
143ee353
11772009
e690ff4f
fcfee5eb
17821225
ee04f615
facafc6c
169609f2
ee7fe74b
f6091012
1b090a59
fd43d9f4
e3d8054c
00aa1b8f
1b810169
1211ebfd
f7b7e065
e67ff28f
e4a50590
ebbc104a
f42b1899
f9fc195f
fbb21a00
f9281929
f29617c6
ea3c0e3a
e42701f2
e906ee95
fe0bdf62
1623f09d
1a34087c
f8a31a90
e3a3fbf7
0ad6db6d
150513e8
f04b0a87
fb3ae219
0f3b136b
fd47fa4c
f5f7ee15
09771c25
0cbfe90d
ec3eeff7
f92d23d7
2220f7ca
0311e35f
e45ff684
f0cb0ce1
01971eba
1b850b4e
1d8ffb27
1575ef97
1456e42d
07d2e58c
0aece2c4
0d0ae3f6
0f46e817
1d38f022
1b37fec5
16fc11b9
02381bd5
e6210a72
ed7df0da
0b37e209
1c5706fd
f7e21dfc
ea23e5e4
1725f852
05a51638
ed71ea04
0ea8086c
089f04a1
f097e70c
03841d41
1712f9c4
f762dcae
e57c1ae4
13b511f9
1da7f6a7
0275e8a2
f270e4af
e0e20733
ef2d10b4
fbac1896
ff701fde
0ff315a0
07aa1cef
0a021a3f
05c719c7
f1251cba
f1690d86
e1f0fe76
f05ce8c4
1263e460
15efffee
10931b3f
e43208b0
f68be364
28030226
ed441315
f792f2a7
1d55fce8
e98c0675
079a0228
1608f996
e28ff745
0a2618de
1e1afac2
efc3dd4f
ea8b1342
0538199c
1c730537
190cf4d4
0246dc66
f1b6ee39
e807f455
e59dfae0
e5d90bbc
e6c20052
e58b078c
e5a1fe6a
ea25ed19
f2e8eeed
093bde99
1a4ff51c
198d11f3
00fe14ee
e24b0d5d
fecfde2e
1dbbfcf5
fb892471
f1a9e72e
0cf2fe75
084215fe
f5c1e7a9
012d1011
11c408c9
f7dee19a
f04b1ab1
19b50fb1
0fb0e031
e5b7f9b7
ef861194
0bb31baa
1c030a66
1acdec77
07efe9e1
fbafe3d1
f1c8e90e
eb6cf106
ed6eeb62
ebedf05b
f350e82c
fe78e387
0ac1eb1b
1da0f117
19720fa9
051c1d99
eb890cb6
e8acf25b
1914e6ec
128817be
e74612a6
0523e0f4
0c0c0fbd
f9770eb9
034ce5cc
fb661709
0b9f05e9
02cee379
e6461a31
18ea1082
1567e5c9
e12ff572
f1e70f80
045e1eec
19890c9a
1fadf1f2
0593eb38
02a2e339
f2aae931
eb9eed85
f31aea4d
e952ee77
f8ede611
00bce559
0af4ebff
221ff596
12a21421
03451cbd
e89d0bab
e860ef7a
1edce94e
0a131cd9
e8ab0d4f
05cde1d8
07d81591
fe1807ab
f98be98c
02221d6b
0ddff877
eed8eb7c
f8a52764
1dc4fb54
fce7e309
e1b309f4
fa651534
151a199d
1b07f8a9
0c08e468
f917ed58
ebf7e69d
e653f9c8
e423fc75
e31df82b
e5370220
e5d1edd4
ee89ee2a
fcfde87c
0e2de361
1d7b07d1
0f6011c4
f1a41b94
e555005b
0234da4d
1d1115d6
f17e12fd
ec1aea45
1aad0c2f
f63c009f
ef190009
1abb0aa4
f11dee92
ee17108b
1e300fc2
fd09e114
e2eb027e
fdf81fee
15cd09d7
16d3eff4
f865e523
e670f242
e52e04c5
e47a12a7
f25318dc
f3e31c74
f5141d3c
f7511a2f
e9e41a70
e90a0e3a
e21000f3
e6b1f05d
046fe18d
11bcf6e9
183c1050
f4c11a81
dd0cfccf
1303e0dc
0c1e1660
eaeb0fa5
03f6e292
00671488
ff82064d
fd52e778
f35b1b83
12e60098
fb71e369
e06c1565
12aa15bc
1789f1a6
f378e779
e5a3fa5c
e8c516fa
011c1ccf
127f14e9
183e0968
1b38fdf2
18fbf886
f9ba0de5
f92ffdc5
082c0064
ff870f02
04d8fba1
eb1b05ed
e17d155f
f67808f8
e69cf267
05e8e39b
1276feb0
f43dfd2e
1535eed5
0c7903ea
07cbef7b
2698f7eb
ff4b17b2
1ca901db
423410d6
fcac04f9
f743e390
04990eff
e7a8f867
f4bdcd26
e61cff2e
c89105a0
ec83e97c
1074024d
0c301046
039df2ef
02f5fab7
fe5f26f7
ef36137e
f0150ad7
11b827cb
1604019a
ff510132
08572050
f996f3fd
ef29ef7c
0f8412e0
f833145c
f288fb8f
1cb8df97
05170502
fef60d0b
148ae09d
fbe4fdef
f7e80614
f909f4b4
ea7402d9
fe42e2c5
206cdaa3
230cfa27
ff381bbd
f3313e95
02ca14cf
fd0efe38
06d11873
0ef2024b
f7c60bb5
ebef132d
e96df6d9
f2d2fdc7
09cdf584
14c1f013
06a6f873
eb12f414
f0af0385
fe780413
0878fc25
1b57eff3
f1d9ef46
e7fb19b7
17fe054a
f051e59b
ed24fb94
13ebe1d7
ec26e2c3
038e0fb0
071a1875
d2661500
0ce3feac
055bfdd3
d0be0aae
137103e5
11fb196b
ed801009
0bf6f1c9
fb05f3a1
d8d9ec44
d746fd8f
e9d10ec2
f8d405af
fc900e8c
090a05ff
e520fba3
da25faa7
13bae226
0c03ddce
fa3cfab6
07420de5
07aafaa0
0778ef4b
d6271138
e2e01b64
34a709c2
10050f0e
ef5312d9
1d80f945
1be0f392
046a1440
fdda048e
0690ef68
04960e86
ea10050e
ef48f720
04a7ffe4
fdaf00e8
e14c1931
eccd0620
27e3eee4
2055016d
ef2bf7be
e99e06b2
eda603a8
fe69f6d7
19852bab
22260ade
1db0d733
0eb3ffad
f1e5fffa
e201f798
09770078
09ee00f6
da2416f1
04390c4b
102706f9
df171810
fc810668
01ad03d2
f24a069e
fc1c08c5
e21a2766
05481cdf
2d36fc3e
01d5ff6f
fa47f821
072df94b
14780e0a
30eff14e
1030ea67
f53e15bb
16f9016c
18a9fbaa
0b662510
0b500647
eb3fe991
fb20fb6c
32fc0acb
0e241df1
f88d081a
2b51e18a
1cc1e5ee
fc880b40
035519b7
0c6ae791
1dfce2bc
1c1bfd5d
12cce0b3
0f9ff44d
04abfff5
02d5d712
fcbcf5ab
09ee30d9
10cf4ad0
ea522455
e549e85f
eb20f84c
edddf240
1c4ee99f
1c4820cd
fa231824
0b6bfc25
149c1340
f4f11796
dada0810
e501f961
015d0474
0a9c142c
00b001d9
f3f0030e
eefd1f1f
fe2d1f0f
0cef06c4
ef3d0513
e58208d1
135df4d4
0645f654
e900f415
f370dfa2
e64aedd0
0783f9a0
14d80061
d6d3046e
ea80f91e
048e16cf
fad81747
0e63eac4
eeacf983
f837fc11
2c06d962
0072e23f
ed95fc99
072d005c
f15cf467
f06101fd
11a510fc
1452fa50
03cb0b4e
15b02ac5
182e17bc
e6e40903
e506f95d
0897f298
0a910dcf
0abf11bf
168c0069
192bed03
fd39f36e
e97c17a3
09f206e2
1268f808
faaf03ef
0836dc2c
103ee9ea
ffe10e94
047fe142
fe7df52b
f2bd2343
095efad3
feeaf049
eaf706d3
1681fefc
1fbae34f
ffb1d29d
087ff26d
145c010d
fcf6ea72
d187efcc
e5b703a3
2e32153a
2c2415ad
075a04d6
f3ddf986
f3c0f0bf
0f2cfe7c
017a0704
fc41f8ba
0d3bf8e8
f9cbfdfe
0f950f22
21c40fbd
0c8803c5
00eb1cca
e4750915
f5a2f0ac
03700b99
e687f638
fd27f33e
edcc0183
e5b4e29e
14e0f4c3
f347e641
ed7bbe40
05f80066
ebbe15c9
0ab0f486
059718e2
d998232d
0c3c16d5
20962d32
f63f1c23
f9c4f09a
0800ed4f
f2e10368
f9f20015
228feded
f04ffa35
f2952980
00010268
fb9cee49
05000a04
1b47067a
f32afd10
ddeff396
1063eeb6
1bb3fd4e
00790d1c
fc62ffd3
0aecef4d
01a41229
e0e9260c
efc3063f
0da3ec03
f576e89f
d99c00c9
f47304c3
181ff9ed
0182088b
f430f49a
0514e582
f50eebb2
09b0e50d
25e71adc
fc9c3157
f7bef038
167ad76a
0b65dbab
010df434
0d50170f
0f00fe4f
0525e238
0904e6cb
0142fd04
f38f07df
0a18e72c
0eb7e0cb
f7bfea7d
edcee077
e9def58f
fb8cfe9c
0df6fa13
1396028f
1647fa47
02d41536
009a12a1
1491c7ca
1d42de89
151c1f3d
f4c406e0
ed24fe56
f5800efb
f9defb27
1a35ebd0
0f4ff9ba
fc2c131a
1b8410ba
0a9c02eb
fe8d0d93
0f5e1412
f32015d2
052c0ad4
1a5eff68
eb2b1a82
fc711462
1ff5fc6f
023115e2
fe0a086a
f880e955
dd1fff69
e92a01de
ece60203
ee0f297c
05d52763
f9a3f25a
f3d8e548
0a4e078e
058f037a
02eae3ef
1080f8dc
100c03df
fe70da0a
ff64ea19
162f11a0
fd600053
f965179b
307e25cf
19beeada
f998f26a
0b770d28
f10df832
fc4fff74
0c57f072
cd93e2e3
dbbdf98c
0debf42d
eedb04ad
f8201a76
1f320fff
009d0c50
efdefe49
13b100c0
0fa10835
ecc90cc9
006f264f
26b50565
1c13ea2e
fe0e0581
f4d8fa05
00aff2be
02f8edd8
ef64f49f
eb792b84
f4e316cb
fff0e8ef
1741fec9
100a06a3
fdf20fa3
0cac1fcb
f5130ae3
de72f3b5
1038f6cd
11bbf886
e7b1e21d
faacea15
06bcff61
03ceede9
12c7f226
fb76fd57
ef32034d
02661019
f87ee75f
ff5ae075
084013f2
fc8e10cb
1bf60765
148a0245
e469e816
0813eecc
1de4f39f
f4de050e
f3502ca1
09221027
175df94a
082d100c
e8ecf5b6
ec6befee
d6b6fb78
c9d1da25
030901b5
02ce107b
d9e3c95d
01e008d1
1cda427a
eee0f735
f2d2ee6f
205cf002
0f50f4b0
079c3206
22fd0a71
0f53e94a
f4131c9f
f0b81697
03810e33
135502cf
f06de6a2
e86e05a6
ff990e26
0ab2057c
23ac0c03
0cd8ef69
f3e7015f
0e9d1ee9
0be2fadb
01cdeb25
f851e665
ee1ee8b4
f44e0158
f485f917
0f170c95
120527dc
034704a2
0872fb04
e001092f
ec3d0a09
11a4f980
fc55cf36
1811e9e2
1fbe119b
119ff723
0937fdb9
e4f30364
1fdb0610
21482285
da52f793
0f8dd194
0e6bdd40
fff9d612
1474ef6f
d89e11cb
11d1145c
4dc917cb
064918fd
09a915ab
15700877
f86b059c
fa9306a7
16e9ff27
2a1d0818
fa12f72c
f904ecd8
120af428
e883cb81
f614d563
07f10426
0606f6fe
0f5bf563
e361fd4e
ede4f2e9
0b81e33b
f8ccd065
0afdd277
fcdfd666
eb87f539
fb3516fb
ed5e0ac2
f5281652
f09a041f
f096da40
153608e3
fecf1fb6
ec66f8a0
f5f5f8e5
ec6f09bb
04c5ffec
1623f34f
17aaff9f
21b5f50b
07b1e606
02280d96
176b1873
ff250753
f0170b03
04cc0183
011bfca8
f211f0d1
f98dec32
0dd00613
08cf09b8
e0a608bc
ee80f982
1940e2b1
fc440309
02d4107c
2aa6f6df
0214fecb
f2da0ca9
062df6aa
f7f8e523
03e00c96
064923b5
e8d5fa74
efd1e95c
0b1ef909
01a80338
ec14fee4
0ee8f580
307f07e6
0d870af0
e7e0fe2f
f10614d1
13e020db
09e6079f
eeaeee25
06a5fa6c
fc090fee
e68508d9
f3e313a1
e3d10516
0450d1bf
2c6dea44
f6760f0b
d19d00d4
dad6084c
f54204fe
1307f355
100218f3
194702c3
e67707fb
e154fe51
0f82d319
fd4cef60
0ad70507
2373fb89
fb6aed0d
f577f02b
f5bf1ddc
fb1c0b3e
26d2eb03
270209de
10dc000c
06c3f260
1348fb1d
2038f740
fac80f69
fafe0242
0d15ead6
f3a31cf1
f63811ac
ebe8d8c4
dcb3f320
f752f537
fa59d85b
fed80149
15d4201b
186915e4
0f6d031e
073fe4f4
0198e7e1
e6eef2af
dfbeeede
0dd2f533
1d8dda29
00dec009
f603e239
f68813d8
ddad1859
e6a8f2df
1629fc0d
f2b914fa
d611fd39
fbb91024
f81d19e1
166ee7d6
1979ef4b
e3d6fc2e
19b2e33e
15d5ef01
e1f5eff6
19bae0e7
f23bf985
bf8a0191
043eebfd
07a8f9c5
e3f501d8
df28e44a
fdc5e5e8
2b0eefe5
0bddeda8
f784107c
09bb1c81
02a6f878
190ef191
1589081e
e9240768
e88bf17a
fdb3fd60
189c1e40
21251c87
07790419
f518f6b8
f07c0962
f7ed0315
0156dcb9
ffb8017d
eb101e7d
ea35f0dd
19aaf8f9
01e6195e
d4a70d4e
0881f6c9
0d8decdc
02590bbf
1d5a1188
e6e3ee84
dabd06c3
05731902
f661f058
061bec24
0f54fae4
021ef29a
0b97fce5
e937f8cd
e50fe713
0e820710
0aee09a3
fb09e7d8
ecf60f70
edfe264f
ff70f844
0160f0ee
06f204fb
0ff20741
1a8ef791
114ff232
f12d105c
e23c09b6
e6a4e951
182ff27b
2b5cfd3e
f99409f2
fe47115f
048df60d
09a9ee87
3318f986
0452fb4e
e9650374
072b0435
e27904d4
e16109fa
f8830b35
f2a71e64
f92b2a1c
ea64157b
f788ff1d
0719f41b
e92df65e
f581fb14
0e33f34e
0d65e969
0febead2
15e90573
17850f5e
0064f298
f961fb63
03900de1
075cfcd4
13d50296
fcabf625
f3d0d07e
0d0dd6c3
ffeae00c
ff5edf3d
f6a9e443
dc9ef0ab
04ec16d9
26b11c21
0615009b
e2dd037e
f68411d8
0f6a17b1
f6390488
fb5bf182
03430961
ee3f1f6d
f78424c5
e1681c88
e7c701a9
18a7fbdb
01f607a1
109910ef
23a6093e
edf5f76c
ff3e0b42
170f1aab
f77e0602
fdf60949
15a91445
163f02fe
ece3f712
ea85f78d
229af1ed
f5ad0572
c9812622
056d0892
02abe4cc
f631face
224d002c
0cfcf724
f329feda
08ddf7d3
f714f6fc
d716f64f
f3faec80
275dfd48
0384fe2a
d20aef4c
07f707dd
11680e12
ea1001f0
0a620953
0358e47b
ebc0ce86
faaaf7b7
da0211f3
d1112de9
f0081d31
f44de98b
e29b04a1
d8a5fa32
115dd0dd
13efea4f
d026e605
f3a7f610
0d100b00
02eee177
2a3cf7be
161012cb
034cf9f9
0ebefa8b
f849ffbb
04d4035a
0712eef6
f2d7ec4a
fae30e1c
01b30402
14a608e6
120affb5
fdf9e292
fef703dd
eea2faa4
ef99040a
feb23086
0044fb50
1302e663
1243f034
00b0f122
fe032017
03f20014
07f5e705
fb3a1d7c
11010c33
28dcf2ec
f9360410
e656f85f
0a30e5ac
12f1f896
09880fe0
fb01fce0
f6e6087e
06d30b20
f927cde0
f1dee41a
1b490da7
15c9ec88
fcf5e99c
13c5f5eb
f76111a1
ee3b2e7b
1be903f1
f48ce9b3
eb84f5dc
0d9be5a9
f5c1e8ba
13ae1220
0de11b68
d15c0905
f2f50aa7
fef0f419
ea69e389
f1e20d72
f78e110a
1efdf9f4
0c2ffe9d
da6ae8e0
f50bd949
f79cf160
f0d200f4
f221f1bf
e850e879
0ff4fcd1
04760335
e721ff41
1f3ffc3c
1432ffa2
e8122504
06802502
fb000ce9
e07e18b8
01b1005c
10e4dd0c
06c1dfea
fafcf115
008b1f0f
fa3a1062
ebe3d67d
f943040c
f7031f7d
0873fb5e
2a041778
f278153d
cdbdf0dd
018ae92a
f36ada68
e85bf8e5
2c710eec
0417f0ae
d9edf3ab
266af6d3
0d97f802
e6d11138
198404ee
0794e730
f1c4e889
e439f2b5
d11cfb17
068f08b2
107bf8b1
f796ef88
f9962635
e939269e
e519f7a2
d14b0e27
ddb10c4b
0bf0f119
f7950263
f58d04b7
f349fe71
e679f633
08a3fb35
f23213e4
e39ef8fa
fa50eb13
f8880721
1257f7c7
fe43ed10
ee53025c
fb21fc37
c9c1e51c
f4c2f4d4
28761bfc
f2c40d5c
0937eec0
14820486
ee0012cd
0f19043f
0e9b0573
e401fe8f
f556e80f
1466f1db
fc63fd32
e63af8fa
05e91408
14f61539
085df940
068002e1
1245ffb5
14f8fda8
ef65133b
f3e7124b
0c4e1fde
e5d124ed
f6210412
1f20f079
054ce8a6
fda4fdbd
01302212
f71d1e4f
fb0f124c
fa931223
e79803a6
de44f24a
f6670198
eefd0cfd
ddabf186
f381f96a
e7fe2137
f8302d97
22681dae
06adf2af
f6f9e8a8
ed2af478
eda8e4d0
2682f3cc
17010b6e
e96e17fc
063711e3
1a3fdf2d
11b9f35e
08af1be0
046ff53b
01aefefc
f0d40b18
e211df18
edaae67f
1dd0f1df
21f6e3da
d924ee4e
d398f791
188b0138
1e4c0840
f58b06cb
f3fc1402
f38b08c1
d8d5ee83
ebaf0d10
f87518d4
dd10e93d
fe9107be
159b3dcf
fd190956
0b14e180
10f5eb53
1c4be2ae
24c6f237
f1f1fed7
f055ecdd
047ff5fa
e92e1442
fe791b64
1433f800
fcd1e5cc
ff0c0b98
f8960a3a
ebaeddf3
00d1e15b
0ee2faf9
161efc46
1678f83b
080e02b2
10711051
0aa61109
f3e403ea
03f1e335
02c1d98d
fb4dfe21
17e30e0e
0a7a17d0
f07e21c4
fb97fcea
0d0604c2
1c0827fa
ee84060d
cd0bfb4e
0e67fea9
18a5edde
ee780dd2
fadf0b13
f71eebe9
ea5808eb
061d15b5
222608ff
1a170389
038402d4
09a81250
fb07045d
e922f90e
05aa1795
fc57159b
02f5f563
2003ec54
e93ef5e7
ec5cf47a
1d6cecac
f605063c
f174259e
0c65100f
0733e199
04bcec7f
f34a1b8c
013a1d70
125f1259
06f00559
1b5ef481
0d6e0a8e
eddc0f4a
e6370d0f
dd3618b4
133d00b1
2154ff1c
e182fe9f
ee6ef647
0d87082d
00ace914
e8c9ebe9
e5f6067a
09e3e1ed
f8abecaa
f4b9db08
1e2dca5c
ee021d14
d8c00fb9
ff20fc0e
ee533468
e9c31883
e95e0e15
e18c2225
01930aec
142cfa39
0b65ecbd
050409cb
07b61041
fe18e486
fc58f9e1
0aa50a1c
e4f00009
e3510260
11b4fec8
f6db2139
f42c1312
06bde7af
f50e18bb
090825f4
00dbfa94
fbddf2fd
2277f1b3
0a3ef7cc
ffa4f669
1a5aec61
022bf243
ebf4fb97
fda510bd
16410d1a
0e95f5e3
f9cff484
fb0df152
0013fcda
1549ee2b
11cdd2ea
e3a70c66
e6a71b23
020af02f
fbf50338
fb7df9ef
0e50ff1f
16d630a4
068a0f41
f1e3f61d
d9cafa20
cc72e697
e5e702c8
f2fe06ba
ed2df0a9
f815fabd
eaede972
d703f3e5
f4c20d5a
0dbeff42
0805ff6a
1aa1f000
1113fccf
e61b262c
06e003d0
1fc4f80a
f7c4fb00
ff51cfe1
1928011a
0c053319
eb740a16
e5bd1db2
05ab1808
f6b3d20d
f0b0041e
085b2723
e4d9e352
f249f83a
1b810d33
f783e770
e6b905d8
f2cc180f
02611eb4
13322b10
0440f5f9
f16ef562
f5f20f85
244cf274
2cd5006b
06341b7b
239c215f
1bcd1791
ed20fd1d
e7ed13db
eb641255
dfa20bd7
e50000d7
e59af1da
f1e6e5ce
1310e7d9
13e700fe
0cd51a3e
e9021155
e353ebc2
2009ee89
ff4f1970
e5eb0302
1225e87e
f61511fc
fc6c0536
09f2e96a
e74b1181
101209f7
0a59e4f7
d9f402bd
054c1c28
1b8fff56
0169e47f
ebfdedef
e0650849
f28f1981
05901b5b
104a1444
18990bd5
195f0604
1a00044e
192906d8
17c60d6a
0e3a15c4
01f21bd9
ee9516fa
df6201f5
f09de9dd
087ce5cc
1a90075d
fbf71c5d
db6df52a
13e8eafb
0a870fb5
e21904c6
136bf0c5
fa4c02b9
ee150a09
1c25f689
e90df341
eff713c2
23d706d3
f7cadde0
e35ffcef
f6841ba1
0ce10f35
1ebafe69
0b4ee47b
fb27e271
ef97ea8b
e42debaa
e58cf82e
e2c4f514
e3f6f2f6
e817f0ba
f022e2c8
fec5e4c9
11b9e904
1bd5fdc8
0a7219df
f0da1283
e209f4c9
06fde3a9
1dfc081e
e5e415dd
f852e8db
1638fa5b
ea04128f
086cf158
04a1f761
e70c0f69
1d41fc7c
f9c4e8ee
dcae089e
1ae41a84
11f9ec4b
f6a7e259
e8a2fd8b
e4af0d90
07331f1e
10b410d3
18960454
1fde0090
15a0f00d
1ceff856
1a3ff5fe
19c7fa39
1cba0edb
0d860e97
fe761e10
e8c40fa4
e460ed9d
ffeeea11
1b3fef6d
08b01bce
e3640975
0226d7fd
131512bc
f2a7086e
fce8e2ab
06751674
0228f866
f996e9f8
f7451d71
18def5da
fac2e1e6
dd4f103d
13421575
199cfac8
0537e38d
f4d4e6f4
dc66fdba
ee390e4a
f45517f9
fae01a63
0bbc1a27
0052193e
078c1a75
fe6a1a5f
ed1915db
eeed0d18
de99f6c5
f51ce5b1
11f3e673
14eeff02
0d5d1db5
de2e0131
fcf5e245
24710477
e72e0e57
fe75f30e
15fef7be
e7a90a3f
1011fed3
08c9ee3c
e19a0822
1ab10fb5
0fb1e64b
e031f050
f9b71a49
1194107a
1baaf44d
0a66e3fd
ec77e533
e9e1f811
e3d10451
e90e0e38
f1061494
eb621292
f05b1413
e82c0cb0
e3870188
eb1bf53f
f117e260
0fa9e68e
1d99fae4
0cb61477
f25b1754
e6ece6ec
17beed78
12a618ba
e0f4fadd
0fbdf3f4
0eb90689
e5ccfcb4
1709049a
05e9f461
e379fd32
1a3119ba
1082e716
e5c9ea99
f5721ed1
0f800e19
1eecfba2
0c9ae677
f1f2e053
eb38fa6d
e339fd5e
e9310d56
ed851462
ea4d0ce6
ee7716ae
e6110713
e559ff44
ebfff50c
f596dde1
1421ed5e
1cbdfcbb
0bab1763
ef7a17a0
e94ee124
1cd9f5ed
0d4f1755
e1d8fa33
1591f828
07ab01e8
e98c0675
1d6bfdde
f877f221
eb7c1128
2764075b
fb54e23c
e3090319
09f41e4d
1534059b
199deae6
f8a9e4f9
e468f3f8
ed5806e9
e69d1409
f9c819ad
fc751bdd
f82b1ce3
02201ac9
edd41a2f
ee2a1177
e87c0303
e361f1d3
07d1e285
11c4f0a0
1b940e5c
005b1aab
da4dfdcc
15d6e2ef
12fd0e82
ea4513e6
0c2fe553
009f09c4
000910e7
0aa4e545
ee920ee3
108b11e9
0fc2e1d0
e11402f7
027e1d15
1fee0208
09d7ea33
eff4e92d
e523079b
f2421990
04c51ad2
12a71b86
18dc0dad
1c740c1d
1d3c0aec
1a2f08af
1a70161c
0e3a16f6
00f31df0
f05d194f
e18dfb91
f6e9ee44
1050e7c4
1a810b3f
fccf22f4
e0dcecfd
1660f3e2
0fa51515
e292fc0a
1488ff99
064d007e
e77802ae
1b830ca5
0098ed1a
e369048f
15651f94
15bced56
f1a6e877
e7790c88
fa5c1a5d
16fa173b
1ccffee4
14e9ed81
0968e7c2
fdf2e4c8
f886e705
e738e84b
ff7ce04e
f7740432
fe6b0417
ed88f8da
f51dfc57
2b5ef5ac
03ebe45f
d5e2d3e7
fdfeee81
058311fc
df0100f1
dae8df3a
080cde2e
23c007fd
0dfa2667
091e0e66
1b9df09e
0ef5efef
f9c5f75f
0bbbee42
1b22e70e
0decf500
1b13039c
24d310be
ffc007a7
edf7f882
06a7112b
108d055d
050fe6d7
149808fc
159e097f
f08cfbdc
fc902c8a
037123fd
dba9fa36
d97f07c8
dd35f58c
f93ad842
2740f067
02f3fc20
f74dfb16
21e40015
1484ed8a
ff91f5fd
f2c21b0c
d70111ff
d51301ad
f7720d9c
193d1110
02250fd9
ecbbfc30
139cee76
1da6107f
04d915c9
1153fc43
2ebef458
1d74e468
f25bf941
044d151a
1be7f023
f4c0e111
e3f0f86b
f5bb046c
04d40ba8
0a250b3e
f02119a1
f50c1b6e
0f06fc24
e88b0018
dd7c1557
162c022f
27aae331
144ce9c2
f8c0f749
de9deb30
f5e1fc39
10b3069d
03adf40e
049c0340
084200fb
f51704c2
eeb31e08
f5f50052
0643fc61
12780806
f906f6ce
e6f40a58
f60405e5
fa4cf97d
fcd3163f
f62c229f
e87d13e0
ffd2e44a
08f0e625
09781932
20751601
03732042
efd817d1
0265e9c0
f97cf963
1604f263
139cd617
df62f3b7
016e12df
0aa309e3
e9e1f6c6
0a2712cf
186f157e
1374f609
062a0b0d
f739050b
1ac70a82
18631f62
0e5cf53f
25930ba9
04071ccc
005affcb
1e852944
0ace25e0
1960fd5f
267eea2c
f59ae6c9
e9ab0f12
fb17efaf
edc2d54f
023cffd9
2c32fcef
0a9d1121
e5600954
0914e587
2115fc65
05dee47e
eb6feb59
f5340b86
f989f726
ec9f0870
ffddeadc
06fdf249
0014418c
0966021b
020ee8eb
0e31265b
0b24f2c6
f005e498
faa71fc4
ef8010aa
0293f112
260b0594
f3faf8db
f01ad0ae
081eff8d
f1f71280
ffd9e49e
113f032a
21bf0885
1277f939
e9e0194a
0e60f4f1
07added0
de0fef08
007cdd94
010dfbbc
ed5b036e
ef72eaa3
f91103cc
191aff97
01430354
e5810fc1
fb9fdd15
f236d91e
f635fd1f
0a1e0c83
f83e1c55
f8b5fce1
0c81ecac
06cbfb08
fd98e60a
0643019d
0961090a
07a8e0cb
0cce0b4b
0aae0380
08ded17f
054df8e9
0d0ffc57
1dc9fee4
07c51fcc
f4810aa7
e81a0e80
d1db0682
f736eed6
09ae068c
de01f01d
e6b9e3e9
02ae0099
fba9f522
f8c0f273
f260f31c
f36404c9
16de25ac
117c001f
dbe6e379
fd1cf9d7
2af5081e
08810538
1864e955
13d1f3f2
de5a1347
06fff4bc
1765eb6e
013c0f94
126d1151
f7dc0793
f906172b
0af10bce
e926e35a
fb70f081
098c0b52
f38b080f
0ce80d16
171dd713
012eb0be
f4ea0ab4
fe5e2b66
24d9fe6b
22e90f13
0ae6090a
250af16a
1a4c0584
f065ef44
09edd4eb
023ef409
cfdb04cf
f9000164
1d65fb0a
f992e6f6
0156e722
1fccf3d7
0d68efd5
f860f046
0524fe6c
f70d0400
dd29f86c
0e81f72f
1ec808b0
ed7e17ae
f74a16f5
f78f01ce
e424072a
f7f52303
05100c7f
1fe3f2b7
13e2f7f9
eaeefbc0
02bc14cb
f7dc2150
e4cf104c
07e8054e
0455ff53
030b1392
02460b42
e15fdf9b
e61d0a6c
eedf3a86
f1da0a7d
0cd2f23c
11501c1b
f62a3083
deb009f1
f50bdd0b
1a45e0b2
07e9f0e7
e4dfefc8
ea9bfb14
fba409b6
eac5feb6
dcd5f4f9
ef83f972
f597e6c0
fc16d7bd
06c1fc64
0287135d
0b8af1a8
fc5feefc
e7ae0833
fd7ce9ac
fd6ae888
fe4713f4
19dcf032
0496f9e2
056713e2
0e5c0f39
e9911718
e5f605b3
f83bf4aa
ee4f042a
ec5f0735
f53d2142
01db190e
01a0df96
eaacf527
f0130a99
f845f563
f8241308
0e271488
fec7ebe1
f2a9f575
fbb106e6
eb8af595
1ce6f6d0
36ee15bd
f54d0b06
0314e777
1e2ced0e
fda4e9d1
02e1e1d1
1304036a
22c114d3
2b6e142d
0aea1090
e3c1fc24
dbd115c8
07392b1d
16eaf314
f740ea1e
08240e35
1956f03c
0f36dfd2
08870a3b
ea571ed5
f01606d7
12f8fa7b
02b00d45
f49eee46
099dd80b
0ce61b48
ff5e21c0
01cefe04
039911bc
0163fda6
078eef77
f6920544
ed37f233
fd98ecdf
f2a4ee4f
fdf9e7a4
1eb3053a
01f604c1
edfbe24a
0b8ced9d
12b70092
12d4e033
13d6d0aa
f0a0eda8
db0af3f1
efd9fe1d
0ce60afc
1a65f8c9
fecbf633
f4dde9b1
13cde90b
09e30c68
fe9802f2
f2100060
cafa16c0
f2841736
1cc2174e
0763ee17
17a3de55
1b661f8e
fab83009
f51a09df
f821fb8b
e745ff84
de77ef9a
050ae35c
f2b00010
c5f1f9f7
1371dfc9
2966f084
f0920573
007b1ad3
003a00d5
11efdb47
20450129
e9fc19ab
f8212f12
fd543275
e713e3ec
12cbddc9
0939fb4e
f604d668
0a32fa7d
fbac29c1
0080fbfd
1672f84c
22351078
0aabf2c3
e1530108
025e1077
0010e3a5
d621fd60
01db0eec
f975de0a
d4abf4f0
10ef092c
1bed063e
f11008ad
f49bd79c
fe3ef297
0ef72a85
0f160b47
f95c02fe
1682ff21
1e43eb8f
f5a7f3bb
05e6185d
17b13a35
fe5b0842
fd28fa81
fe391fa7
016ef295
1653fc0b
0c432bae
0798222e
25ac1b25
1fc6f2c0
0741f081
11d813b6
08c20117
fa0f046a
0f250d34
fcce135d
f7840c67
2d0de234
261d02e9
10bc1311
0d1ddfd0
e2c8e730
efabf929
017af5f5
d288f374
e8600dfa
22162a48
1024f9d0
e800fc3d
f92c1ffb
2a6dfed4
1d9c0f3d
ec361352
ea25e9ed
fbfbf31a
ff5ff4dc
0a07f683
11d303b2
f9860c5c
f8c50c4f
0ce0ef0f
ed4f1153
e3072c5d
f238e9d7
eb15d457
ff91daa4
ef07e44b
d86005d3
f7fdf249
e6fbe6b3
e9ea015e
07ab0a10
f7b808b1
15610396
183407c1
f4f0fd52
0a3a03d0
fd7d213d
fa9bf901
1e82eaf1
0e9b0a7c
09f6f0cf
0b45f0c4
fc22f3f2
01e5db22
eb07f3f4
ded50489
fafcfe34
0737fb80
14c2052c
115f1a4d
fdbbf5dd
0ef1e36e
1236f975
fafae784
0a97fc69
25900400
16c7e440
f82e07f6
f1190a79
f3c3f0da
f13bfe44
f927f41a
ff2403c9
fb74065d
fe88e8b3
01da0782
096d0606
134beb10
1d37fef8
265af4d8
0298f9be
e8631961
0d41fae9
11e0e0bb
fe3502ac
fabd15c0
f4080811
08a30bb8
f5ba05af
cdcaf8ae
f70c0edc
0e1e0592
0635f146
0f260001
0269ec08
09e4df65
01c8f6a3
f27ffd42
1d1feea3
1631ddce
fcdc0a9f
0f411c22
ff6ddaae
00f1eaf8
0458fff7
dd54dbb4
e7f00218
fa20176f
e63afb9d
e82df1bc
0028e82d
1b150f12
04d727d9
daa502c2
0103fb04
1224f784
e562f182
f869ff16
0e84f161
0600ebf4
1f3807e1
11f413b3
fa110c66
0c740d3d
100f0d65
222ff8b1
14c5f1de
e31e0ecd
014517e5
1124087e
faad0c00
1469fd4b
0ab5e97a
ef2f0b1e
fd8a10d3
08210048
013516ed
e999eb91
f75cc590
0ee503c1
e937099a
e082ef58
edf80d23
e46b0c9a
f973edd4
00a9d77e
fbc2d04d
e8000991
12f724cd
e8bdfa83
ffe7de35
0437e116
d683ed00
ef2b1573
fa0a0b06
f59cfef0
f90614ba
f7f7f257
017be0a6
ef760a28
e1380ec9
dd80f5b2
f4af04d2
389b1949
2c6a0837
fbe1fd44
0530f26e
fb9ef0d0
f8daf5ea
0380ce55
e9edddff
f34b0ddd
07b003d0
ee451192
fc48fc1e
11dae74a
f00d0d61
fd10e59e
2073de1c
0ed5fd68
0187e5eb
fc55072e
025df405
0334d207
f3300baf
0748eb35
f732dcae
ea4b149f
15f10445
f8390461
f2fe0567
204b0b34
07e325ce
fc10e773
ed30d31d
e66e0169
f715f060
da92e704
0d71edd2
364af9bd
fa0410e3
f685f778
e064f3ed
e1b6137d
2f510729
19c503df
fc6c07ea
fce6e7e3
d950f828
efb62665
0d0f0828
04f8ee58
01980bb8
fbaa00b7
f4d4f29d
e2e30217
f09bed43
0849f25d
f48b1e2f
f64e1165
fca6f7d3
0672f437
27f6ecbd
07cd0c39
e252151d
fefde582
fb58f8f9
e8531be1
04fd0175
fa6d00bb
d4b00dba
02680b55
29580564
14b6fa04
147d137b
fc122155
eae80584
0081f89d
f11bf034
fd96f9ef
02ad0773
daa50339
fd681328
0ad50985
e833f653
07bc038f
0d63f7c8
fe2ee70d
1a7fec87
14a2fc67
07f40618
1fa2f47a
1ccef573
001bffdd
04bc0324
20711322
1ffc04a9
0630fae1
f673086b
fb99ffe2
ead1ffe6
ccfefc94
f68cf55a
28ae04ac
18680c80
08eb0a98
f8d8f773
e654f0e7
e7580bc0
ed440151
1bd1e31c
25f6e920
ebb20b54
fd0c22f1
13900bf4
e5a9f260
f6e8e97d
1bcef136
fd360f8c
ebdef373
04fdcacd
0e79f565
096509e0
163ade9b
08efde12
f6d60c8d
195409c5
154ee672
fada015c
0c832063
f6ea0405
e975ffad
070521b0
fc001e74
fc0ffe30
143eff3f
11520941
fef0f4fb
f3d0f99e
1024148e
166705fd
efd8f1df
ef6d02ae
f7a409f2
f8e3f512
06c2eaa8
02a9ed4e
f9dc087c
f08a2ee8
edf81390
ec3bf41b
e6010455
f311f37b
e186f9f9
e6eb2377
1b8b10d8
fd16fcfb
f07effbf
23f0f38b
053eefe5
e95cf2ab
14280483
260c083d
0940df06
fb03d687
10b1f89a
0540f91b
f831e265
fea6ef50
e04205df
f6c4fdb3
1a38f9c6
f266edcf
fff2e54d
2418174c
f4f61f36
c805e53d
e721ef68
0f891b5b
f1ae0c1f
e077f146
fe68fcec
04b0ff6e
11c9e439
0a7bebe9
f36503ce
07a109c7
f99b192b
ea170888
f6c2eef4
e07afb36
fe9dfa24
1dd7fbad
e1040071
e5900271
17e8176a
ec19f922
cc5fe70a
e9c70b07
f220f2af
03e8f873
142127e2
f8ad0aec
f81cf74f
039df76c
f48b0165
f43e2929
e2f20c88
d3fbf281
ef33080d
f030f27a
eec1f319
0c1e08a8
0c4af21d
082cdd80
1a58ea50
1cfc1170
14912324
08f50d06
0863ee37
15fce7ed
fcbbfa58
f6fee53c
32dcddaf
2cc1f18e
046fcf4e
05fae2a4
dbba12b7
e0ccff42
2191066a
fdd40e84
d92a133d
f716207e
0475ff0c
0b8cee91
021be23c
ef3aedec
e955020c
eeebcacf
09d0ed38
05df1d36
f627ef35
09cd1861
14491000
1663dd2d
06e116e4
e2c910fb
e31e0bce
044a2d6e
1afe03da
0c87ffa6
04470988
1570fbae
f8300dca
e41c0e65
1110093f
1c321344
08542308
09d50764
f998c256
f0e9d56e
ffb104ef
f1a7024a
f50a0b63
fad70b3c
d33d15ce
ed97241f
125c0413
ff76f770
18150692
fe7f0529
e1adfce5
1390071f
ea9f0fbc
d26df4d8
0bdc1f75
119622b1
fb35e402
fa2c1550
05761065
1db704e3
17700f65
0533f8ee
fd241185
04390bee
24ec059b
12d51883
f00bfd3e
0b5f03a2
11b60b98
f31905d4
ebb903a7
f48ce671
f8f1ff4e
f2c210ce
04150683
21260ef8
0bd4e2ec
faf9ec51
0c411f7e
ff691373
03aa18d5
177103f9
f467e536
ea8c03c8
f1c11519
e18d11c4
00610650
fdb108a9
ea120c62
12d2f8a6
febd063b
f21a0239
132bf9ca
f3e51b23
fbd40da7
13cbf890
f8f8f5b1
0105f2d7
fc0109de
f056fcbf
03d8f613
0f4d1206
148ffead
ffedf41a
13ab1be5
32352254
e91fedb6
c948f641
edcc2c20
e2df024f
e73ef940
02832019
0cdefc40
09901014
ef32235c
ea9bf17b
13c3ffcc
23f50567
f6b0f6b0
e739078e
fa770640
ebb411b9
0a3e0695
30faf13c
0e9a0922
06e4084e
07110f19
f2ec209f
fc5f0917
f84c0541
f3820448
f425fd82
e7d3130b
f1b00c59
f8f8ebe3
0a2cd977
2296dfe7
02b70454
ef74026b
0b80e239
085705f4
033f25f7
2017025e
15490698
ef571517
fb7be3d5
0dd3e038
fd9b1787
f4221d6e
043df6fe
1d5be3c9
20c3f43c
189a0a41
13b01158
07250a20
031a0414
01030ff9
0cae0cc1
19b50687
fae219be
f25e1d3c
f8b619dc
e54a0b98
f5fbeea0
0991f38c
136cf230
1760f6cc
f7261b07
f48819e7
f71714e4
f570049a
148ce381
10a0fa28
0f9cea8a
00dbdb9a
d28d16bd
fb7ff854
17bfe086
f4571892
e14bf6bc
d118e7fa
06970850
1fa8ec35
e685f0ee
130eee89
2495e6fc
e4f41cef
02f40e6e
124bf10d
fd7ffe75
1810e2b9
094cfb61
ed111dc1
fc6cebb0
0b35dfab
0746fac6
e70a04c8
cf750b86
e4e3ffa4
f8caf62c
ea1bfcbd
e8ba0eb9
0db61a6e
04f50aa5
e18601a3
09c8f698
238ee459
0d7deeca
23e5fb03
2e1df8c8
14fbf114
f905f226
dda91033
f6191e27
0000fd2c
f238e3a4
26b9f2a2
2e1efc9f
fb29067a
ec792273
ea3ffbf2
0f68d909
137d0f37
db6707db
f1dfeb6e
fe15175b
d762103a
ef8dfe35
016215ce
f5e312a7
f81d0f3f
e9f70561
e5fefd00
ffbc147c
0c760ffb
0406fd40
176df6da
22d4e378
fe0cf1d3
09281672
137402ee
e430f097
ef151a3b
01822495
fbadfd33
126aef71
0864f578
0f1909a6
25a5200f
0935103c
09f00650
0c221772
ff24117e
1ac9f433
1f5ae800
1490f9fd
0979f9a1
faf3db8d
0f3deae5
fbe20eae
f5b9f2e1
35b4d91c
1409f759
ddd20d32
1287151e
16710ea4
f2eff4e7
0b3b0362
118b08ec
f567ec78
efbe0a1a
f555288f
ed160448
ef2de655
021bf9e3
fbb11d5e
e660229d
f0711860
1e65fc13
2f25de27
f0ca020d
d323079a
0419d77a
0538f220
e89322a5
01be2fb1
1c3828cd
0fa40b5e
fee1ffd6
fdb0fcca
014dfcbe
06b2eff9
f4ccd3c4
ea49fe97
17482477
1250056b
ee10072f
fd790ee2
dd6f0516
d46c1b1f
06d61c32
fc15f4cf
fef00547
087532d7
fff40519
10faf3ae
f3451ca9
f19af2d0
ff830915
e5203a0f
1550e600
1540df6d
ea271225
155efa64
0b78f312
f560e3d2
019de401
f747ff08
109af9b8
0839f661
f265dd38
0bd0e36f
05970f33
fd76f456
012feadd
0b800842
0d4d0fbc
ef9716b3
02ed0676
152d0311
0399f936
fc64dbcf
e0e7044c
f1780e32
1526e5a5
1124f6c9
13acf069
f7b8e9b7
ee991771
0e0010b0
196501ca
1e9c117d
13db1813
1255149c
0bd7205e
00d71b00
f1da1a66
e5ce0e1a
e7d9ecf0
00feec19
1a3ef32b
115516fe
ebc21cad
ee89dff7
197000b1
03021a15
e87eeddb
11fc09eb
05360394
e96af60e
118118b5
09f7efee
e4f7f5a7
02bd260c
1c28fab4
ff56e471
e47ffe97
edef1403
08491f9b
19810d71
1b5bfa70
1444efb6
0bd5e767
0604e6a1
044ee600
06d8e6d7
0d6ae83a
15c4f1c6
1bd9fe0e
16fa116b
01f5209e
e9dd0f63
e5ccf784
075de570
1c5d0409
f52a2493
eafbec18
0fb5f579
04c61de7
f0c5ec95
02b905b4
0a0911eb
f689e3db
f34116f3
13c21009
06d3dc29
dde00836
fcef1ca1
1ba1097c
0f35f31f
fe69e146
e47bf4b2
e27104d9
ea8b1069
ebaa1bd3
f82e1a74
f5141d3c
f2f61c0a
f0ba17e9
e2c80fde
e4c9013b
e904ee47
fdc8e42b
19dff58e
12830f26
f4c91df7
e3a9f903
081ee204
15dd1a1c
e8db07ae
fa5be9c8
128f15fc
f158f794
f761fb5f
0f6918f4
fc7ce2bf
e8ee063c
089e2352
1a84e51c
ec4bee07
e2590959
fd8b175e
0d901b51
1f1ef8cd
10d3ef4c
0454e76a
0090e022
f00dea60
f856e311
f5fee5c1
fa39e639
0edbe346
0e97f27a
1e10018a
0fa4173c
ed9d1ba0
ea110012
ef6de4c1
1bcef750
09751c9c
d7fdfdda
12bceceb
086e0d59
e2ab0318
1674f98b
f866fdd8
e9f8066a
1d7108bb
f5dae722
e1e6053e
103d22b1
1575ecbe
fac8e664
e38dfac9
e6f40b2c
fdba239a
0e4a11c7
17f90bab
1a630520
1a27f444
193effae
1a75f874
1a5f0196
15db12e7
0d181113
f6c52167
e5b10ae4
e673ee0d
ff02eb12
1db5f2a3
013121d2
e245030b
0477db8f
0e5718d2
f30e018b
f7beea02
0a3f1857
fed3efef
ee3cf737
08221e66
0fb5e54f
e64bf04f
f0501fcf
1a490649
107aee6c
f44de456
e3fdf59a
e5331389
f811161f
04511c2f
0e3816f2
14940efa
1292149e
14130fa5
0cb017d4
01881c79
f53f14e5
e2600ee9
e68ef057
fae4e267
1477f34a
17540da5
e6ec1914
ed78e842
18baed5a
fadd1f0c
f3f4f043
0689f147
fcb41a34
049ae8f7
f461fa17
fd321c87
19bae5cf
e716ef7e
ea991a37
1ed10a8e
0e19f080
fba2e114
e677f366
e0530e0e
fa6d14c8
fd5e1cc7
0d5616cf
1462127b
0ce615b3
16ae1189
071319ef
ff441aa7
f50c1401
dde10a6a
ed5eebdf
fcbbe343
1763f455
17a01086
e12416b2
f5ede327
1755f2b1
fa331e28
f828ea6f
01e8f855
06751674
fddee295
f2210789
11281484
075bd89c
e23c04ac
03191cf7
1e4df60c
059beacc
eae6e663
e4f90757
f3f81b98
06e912a8
14091963
19ad0638
1bdd038b
1ce307d5
1ac9fde0
1a2f122c
117711d6
03031784
f1d31c9f
e285f82f
f0a0ee3c
0e5ce46c
1aabffa5
fdcc25b3
e2efea2a
0e82ed03
13e615bb
e553f3d1
09c4ff61
10e7fff7
e545f55c
0ee3116e
11e9ef75
e1d0f03e
02f71eec
1d15fd82
0208e012
ea33f629
e92d100c
079b1add
19900dbe
1ad2fb3b
1b86ed59
0dade724
0c1de38c
0aece2c4
08afe5d1
161ce590
16f6f1c6
1df0ff0d
194f0fa3
fb911e73
ee440917
e7c4efb0
0b3fe57f
22f40331
ecfd1f24
f3e2e9a0
1515f05b
fc0a1d6e
ff99eb78
007ef9b3
02ae1888
0ca5e47d
ed1aff68
048f1c97
1f94ea9b
ed56ea44
e8770e5a
0c881887
1a5d05a4
173be906
fee4e331
ed81eb17
e7c2f698
e4c8020e
e705077a
efd42753
00520bda
0626fc26
e6eb222c
01231edb
085e189c
ecd50b38
0bfcf660
fd3ff333
e591fc61
14442e42
04b1181d
f844ee6d
19a91de9
00adf914
fbb3e506
02331948
f73fee49
1998f6f5
1c8c1747
12bdff5d
10e60e99
e78ce46c
0553e5ed
25332721
ea97f869
e8c1e6dd
f1ddf769
dd61ecc7
20310549
44f2f240
0b80ee49
fe4f0e0a
fda70297
e85506ee
07320b42
11420dd3
f5b51290
135e0206
1ed80740
f943fe4c
0211fe2a
0b7f118a
f94eff7f
0a5cfeae
1099fa19
f4eaf6ff
fb4c0caa
04faf661
f9e2f968
0eb111a0
03b508d1
d63d0b2f
f1cffcf5
0e8a0757
0026178f
044df71a
fde00540
005209c9
1737e7a4
0d2ce811
f01dd354
eb4dd2e6
0a43fbfc
052cfb08
f0e8fa14
1adb1126
18a80df0
f2fdf3cb
f62ee6e5
f55dec1d
0e7efbb5
087008f1
d025f963
ceaaff5b
dbbc14a4
f31afd14
fde0129a
ea29357f
151503e5
1a65f44f
f13d18e8
05351953
08900828
0a18f193
11daef6c
05f30f50
0c660de0
e950f709
e0a102d8
0f51fefc
00e4f661
fe901869
0ac20f8c
fb9de8cf
1ab7e92e
1a64ee93
f0aefc79
008ffc22
0b300fb6
001e3594
22eee799
2f0bbfc1
fd460b20
fed410df
23c61599
05d91f83
f47efd71
1d5005c4
21ecfd4e
0193fbb4
ffcc0fe4
0a5dff09
fd631117
009e049f
0accef3b
fa452e6c
f3522837
e921ece8
eb37fa20
0b7d2c11
02a63c3c
f43dfdb7
016adceb
07d8fdd1
11faf73e
01baf630
f9b40fe2
02080ed4
d55bfb81
ddfdecfb
1d72f331
fe96f2f4
cc41f2d5
e2f20661
02570f12
f82e0ff0
e0930336
ee9ffbd5
08470804
062bf6b4
f9b2e494
f084eead
fcd70685
0a3b1b96
f6c803ff
fe07eeaa
155ff381
fe7af379
0d6b0d0a
23241330
e2d2075b
da0e1bc2
06d5f8db
f3ddd420
f6c40dab
129917d1
1921ebba
14f100ef
f65404c4
fa58e68b
0fc8f6f3
0727ea4f
fec7d4e8
e5af097a
ea941885
f6c8f8b1
e2e1fd80
053efced
046604ac
da301b8c
05b717ac
1d11194a
f5d30c2d
e7e2f13f
044b02ff
13d6100a
f524ff3a
0219f799
0f0ef1e3
f8c5efa7
1ab5fbf4
06720af1
d5cc0127
fa36f7b1
0598165c
02550599
f15ed83e
da3d0085
20a110c2
32bbfcbe
026b1d25
1e81051c
16dce4ba
e00306a9
e60e09ad
f890197c
fce11905
10b0e637
1d5e0025
1019178e
fdb50381
f50a1e99
f9201b22
f8fcf6b8
0333ec66
2bf5ef11
1fc00669
100b0dec
3f250780
0e4a0aea
d3b90288
07f400b1
0450f59f
f8b4ecf4
0f4c0e1b
f2620d11
0b75d9fe
3eebd7d3
252e065b
f6e90ad8
ede4f944
11dc19ae
154a2a75
fe4f0e0a
090c0a0c
fd600dda
f71304ce
fc8909b7
e5ff0f75
edd6f34f
f79dd7f7
f5c3f880
032d068f
00c3eea3
130908ae
1f4205fc
0329e204
fb5afe7e
fc6905a2
083aec82
1326f4b3
f166f416
e64a00ba
0cd616c7
2713094b
14ed11c2
01702235
15d41207
153517be
018c1fd1
002c0258
f203ef5c
e5a2fb4d
d9470610
f228ff98
2a24fa58
0a1af9cc
f997fc9a
2a2204a2
1a27ef97
1121ec73
134d0afd
f1acfa6f
f64a08c9
0a1418b4
1deed752
128aefe2
f4a50f7c
0d12dad2
f9ab02e0
eac91136
14cbf175
f5091071
eb5fee5b
05e3dba4
f615f017
0431ea11
f45822f8
e6c2086e
0f49cc39
04221656
f5da20b3
ffa11089
00a92798
f47be17b
d19fcb2a
eae8fee6
0c9dfed6
1f2a10f7
faa40859
daf102ea
f1acf2e5
231e1af0
1b8d09b6
f20cbf8e
f826fece
f98826e8
021aed55
25bef93d
10fd03b1
f4e6ea2c
fb71f1d9
f3b30302
fd1316cc
189b2269
003615a9
bf5bf8bc
c50cee81
010f0246
f66f033c
ed5af9b7
167ce690
026bd4d1
ebe6fc27
108007d7
0a3fe24b
d9a6f862
d3d11ab7
f18903ce
efffe9ef
e01befd1
f966f383
fcfbee6e
e208f953
ff60fc0a
10bcf213
dffdf1dd
d32cfc2d
f313fc8a
fa46e4ed
e3bffb17
d81c16f0
f0e3eb86
0646ef58
11db0590
1888ef3e
fbf1080d
f2400ba2
fdf6fab3
fd9f1bde
1bfe1754
23cafd44
0c2ffb18
004bfb4e
e48604ec
f5d00ac8
08c10e22
ee370937
10590c4d
17dc220f
f5c11693
09a8fb50
fc31f550
fe140987
1b5713c7
edf9ecee
dfebd9d0
f859eaf8
f98f048c
0fa21279
10bd06aa
019e2224
fee413ab
f718e2dd
027c1809
fd241d32
f4740198
0fe81a37
0e37efbf
0d85f554
127c090b
e52cd1d0
f17302c0
198822b8
f096e2ad
f2d3fa79
1423283e
01d80b91
0954f992
fecd17a1
edd91139
15db03c4
08471d1b
dc14e7ff
e516d697
fc541d2c
f9cdfcea
e308ed55
01221798
0f9a060a
eb410246
0fbbf313
17cbeb17
fca20449
16d0deca
0041d117
fbb9f88c
054efa58
f05aee23
1f13f324
0eda0136
e0ca0690
ffaf0ec6
eecaff30
f5bfdfc3
0ce40a12
00492775
16e90df0
f5fd1154
e1c60aca
ffd705fc
f07908b4
0e22040f
12081998
eddc101a
12af005d
0c60fda7
ea40ec08
ed090db8
eb4b1699
028cef9f
01c4f93c
e24bf95e
edf2df73
1146deab
1aa913a6
12a438b6
2b3afc26
2a38f519
052a102e
0fb3e31a
0be0ff16
f7841f6d
f995ff08
f3a106d7
fed1ff4b
f3790ebb
f1df23de
1b7bed40
06a1fe75
f7dc1924
06eedf36
f298e7e0
063e0ac9
0f1805da
fb850368
1527f49a
0c7c087c
f25f294d
01fe09d2
f900e8ca
e1faef61
ef90f23c
0991eb79
fec60274
d0de2026
cb6d1792
0b8a1de4
333f252a
0b8e0456
e81d052c
eafa0a66
f3bce66f
099ee58e
03bb080d
eaed11e0
fe7ff3d9
084ee62e
03b1fe46
09ecf916
df9dfb99
d163167b
0efd0917
0c6afc2a
e629fd65
052c024d
1b7e066c
09c4f122
f147f594
dfcaf5d9
ff1af838
140a2d9e
fdb70ebe
fde9de60
f5caff96
f4f2ef8b
0f03fed2
f7642e9c
e0111212
e52020a2
df3522f3
f62aec73
0443f2ab
011de255
1f7bd27a
1d00144e
fdba2249
ffd5f87d
024af3ca
0dfa0134
292101f2
1f0ff1a5
16b0eec1
19e0f997
e424f32e
ca41f157
f71fe577
f9ead314
f105f7b3
f8690550
e9d9e0ef
fe5f0435
0a521e03
ec2fef11
ed02f852
f87c0289
094de596
14530b7d
fd4823d5
fd1ffab6
068bfac8
028517cf
013612a9
f8a500cc
08cafdad
14b3fb5d
07dff777
0fdd0970
05221400
f1bd0298
fbe50666
01620e19
0060f899
eaf9ffb3
dabf1175
f626fd6a
0b3df530
136df39a
0567fe1d
ee8521e3
0b790602
0e85ec1b
ee0d0d8c
f8b0f5a8
ff1cdc87
09e90077
150d1ea3
fbd112f6
05c5d41e
faa3e349
cf2a2c4e
02e40765
24edf226
eec80784
e746e2b2
fab3ef71
f2a61488
f6060b06
08c10926
1535f723
117fd97c
12a7f4fd
1a073b9e
0e543bce
0171fdf2
079506ab
03e1134b
debaf93f
d965137f
06b81356
fe8aedcb
e12605fb
0c942506
2d3a18e8
0a870aa0
01b00a0c
efe5fcd5
d7dc0e77
0d1df52d
188dce3e
03d10a01
fb1201ab
ef9bdb06
011e29f3
f84b1bd3
f4e9d9d9
12151498
f35312b9
e6a5e44c
1a9711e3
19792bc8
e6cc1e9f
e4b518a8
01d703f4
f438ebf5
f093ec6b
0978fa04
00b1ed8d
fd54f20a
fa801060
ee000868
0c37fd9a
0cdefd93
e3af00a5
f3190f8f
07fd05cc
ef810623
fc470f36
1afafa2b
08c0ee27
f8a6f22c
e8bb0545
e73e1085
1d6c10ea
1a941a9e
f97efe24
1a1bf3f7
2933fbc4
1b11d964
00a4f7da
05a11660
3865f0a7
07d4046d
ca8e1a67
ef95fd57
0101ecae
046a0143
ff52191e
f481e432
06c2d15b
f35d1908
ef391b50
0aff0c77
fe4c25ac
03800071
1fa4cbea
2464dd05
085209ae
ef7c10a6
ff2c0184
f458f664
eb96f644
03b70cc1
ef01fac6
f1abe122
1bd400b6
0a0bf9ef
ebf4e551
fadaeb25
094eda98
0396fd0a
02f72627
050dfb36
0eeddbe8
1ad7f80d
0fa81bf7
12b90622
066ed521
eef0ee31
11041510
0d3905d6
fd29f981
1629044d
02e719aa
0ed918ff
0ac5f39b
db9eec31
08990fc9
136b1e23
081c0e1c
27e301dc
f7c20e47
e8802175
f9dd0ecf
eb94f13a
0f43f4b5
fb4f03ae
dc360deb
0009f1df
fc73cd3e
fdedf058
fecb079d
f98efa29
19b81419
09fd0cb5
f2f8e63f
fc81ec66
f80b010f
096809b0
1bb9f554
090af0ee
f2bb054a
081cf1bc
1d9f0114
fdb01397
f3dfdb14
efb4e309
eaf70cba
0edc065c
fdc41762
f5a1f86b
0491cf4b
df46086b
08fe248b
1bea143b
e0601564
0c2904e5
1478fc16
eabbe687
0c85d38e
fc5aecc1
e420db83
f924d310
f646fde8
0638f68f
0b8ffcad
f18c212c
e8c514b2
f2080d92
048c155f
021b0ced
0766feca
0edff931
e7aafec3
e065e94e
f7dee9d6
00890f7f
167f0a01
0ae30f20
ea0a22ea
e1d71480
e42f16ae
fa170504
fa40e37b
e884f563
f4b0ff84
009aee8f
0443eea4
f844f66f
ed2c0003
ff4414a1
0b090ebe
0e2be601
f46ef135
ddf9119b
fa38efeb
e880dcac
dfcffc7c
0b8b1183
ed960b30
e5a3fdc6
161cffe5
13a4f50f
1e22e90a
21caf217
f8ffedd4
f18cfa95
09020e5e
1c3e0b74
0a75069f
eeaeec0c
f2f0ddfc
ebf4dfd1
ff19e94d
2f371393
1aa201d5
f9e5e88b
126c0510
0face10b
e8a7d37d
f6200082
0bb3f799
fc10f1de
06f00bed
f86e2404
d30c107e
fd05e6b8
1c60fa15
0cb4eecd
0ca3d5ed
f18309e1
ec091588
0ff0fd6f
0713f06c
0479f994
0a6a2ff8
e5fe0d7d
f8d1da9d
0f9f0c89
d3180857
eaa5fa18
21251b58
e6631330
e4fb1558
010f0915
da63eedc
e8f61069
f8551560
0494fd01
25a3fd4e
0c1cfdab
232c0ee7
2fb80f2b
e74a0510
f86e0f9a
1fe6f772
182cec44
1a25012b
fee70020
f0d40a3f
eb410385
e5b3ef17
f1f30281
dcac0759
e77902ed
f5ea0b05
e13604b9
019d00d9
fbb6f260
da14ea38
f3d2fa6b
ef7a016b
e7161093
f9d20f67
fe59ed78
fd99f693
fe1c2632
1e61242e
1c66fad3
eac30a06
f9c21a83
07dcf984
054f0f88
20991b88
f012fa0f
c8a2039e
06c2f7b1
03e8036f
e82c20af
23c5ea0f
1bf3f8c3
e4811cae
08cbe60b
168e019d
f4b023d0
0231e007
192ed40d
271f0684
23000b4f
0281fc6e
f4891439
f6c11726
f616facb
efad08a1
f53f094c
10eefc94
10470b62
f7d1f69f
f777f612
0eb81833
13ed0365
0107f62f
0d900b38
10aaffd3
2250e045
f55ceaae
f1aa08aa
1d821f05
fcfbfa40
d3aff46a
ffa80df8
f76a0045
ebba1756
107a0b84
eeb5ddd1
e8630a69
01521385
f3d6e172
135bf730
090f16c5
e31f03e9
f73ef960
dbdc034f
dc18fcf3
1927f09d
1dd7f7fc
1ed1f8e6
1fa5e2ab
04dce923
fca61663
f8ea1667
f64b0a07
008e1ce8
09e7eedb
ff7fdc37
fc081b11
04160f63
ef57ff67
03920688
10b5ee7f
d9302233
f99c2a62
19c7d4e5
f00cd0ba
0a3deb0f
ff87f988
e639f8a7
2169e407
217e113d
0b28114e
0a3aefd1
f8eb28f4
22231904
2f6ce5f9
ed530441
e66ff7cd
199ef984
1d0a21cf
f6a20af4
f5d0fb90
009202df
eb6af67e
ede3f770
01d30aff
fcf51bed
e9081229
e7b005c4
047c0800
0ae107da
ffc317e9
fc78163f
f6a4fce9
15ac0049
26ea07ae
01090a8d
fc5b0df1
fd340c46
eaa40f0d
0ba2fd91
186ff2eb
e4dff602
e27aea7c
0664fe11
fa211673
eff41430
fec511dc
f4cffea7
f312f36b
0c39f2de
0fb4f3cb
03d40ea9
02010b92
f8c2e28d
fc12ccd5
17cde350
0801109b
ef230721
04dfe9d5
f385f3c8
e4bd0097
082c1981
f2e02425
ddc80e58
f3a7085a
ec5e0a03
038c0b09
1cc8ffe8
f0d8f24e
e2a1feea
0b1406c3
187806d9
fde20162
f48d015d
0b0b05b8
fc7aefe6
dba6ff80
f1190cf3
fe3ce4ff
e8dfee3a
fc15f742
049febcf
e2d60219
f56ef33e
0df8ef9a
ebc9127b
d3171126
de76f902
0e8ce916
28800467
018e087d
ff95e13f
1864023f
0b7c1f42
05140a5e
057e0958
03d0012f
fe270cfa
f52c0b62
fa48dd35
f8b4e785
041e0201
13880660
066418aa
0150f9f0
fa6dd0d3
0a0ae5af
3595f08a
16bef785
de4d2034
ea53253e
fc2212f3
ecb7031f
f34cf548
0fa4188b
0745103a
fe27ede3
06741da5
fd160c44
0a6aeb9f
12d010f8
035df0d9
05ffeca4
fb92f553
fed4d2bf
fe5909c7
dc120b73
fbccedc0
22fc2750
0af10bd3
088adf86
073ff277
ef7b0314
fe09199e
21dafe3c
101fe6a4
e6dfe3a7
f3ebd656
0392fc84
fae8f974
02d5eb89
0a1a137a
04250526
f5c4fa42
ff2b0c1b
fb750f7a
dabc01bf
0b1dda22
18ebf772
d4ef1406
ef7ae6ed
f5a5e699
cf570174
f6561638
fb68f58d
f0a7c210
fe9d0716
f45622b9
ff1bfb70
fdb622ce
fab919cf
1523fd9c
0b5e17f7
ed2b0ae6
df170bb7
f78920b2
0e3809fb
0151063a
19822960
1a4c23c1
0400089a
2662259a
0eda1fa0
e589ef2a
fc8a0987
f4031d96
f4781243
06361040
ee46ee13
e55df959
f25b0f86
0595e1b4
08d3e525
ed82fd81
ede6e9d1
f034f749
e2bd0734
efce09bb
f94c2e54
02d23516
07870605
f3aae110
f63adaf8
00a5f0f8
1551fd62
2cd2eb54
028ff28f
ebc00d74
fd231295
eb3e06a9
02350220
229f20ac
112d1bd6
1083f394
061907c1
fb6801cc
0054eba8
e3d7123b
de6cff41
0659f0b7
24b720f4
144715a8
fd420072
1905f6ed
06a2f1fe
e3c20f37
0b70f5a1
0653f1bf
feb43674
21302a2c
f784f1a8
d35ef226
f2dc13e0
0eac0815
0c1cd6ef
fc87057e
0c202c2c
0c45f951
0487074d
1e5905e4
01bdebf9
eb0b2011
14d30f3f
103ef519
eb9f19d0
eeb1f3a5
0f31ecc6
11d4170e
fea40ae6
14ef1da5
0f4f209f
e619f1e9
ea23ea2a
ea71e8dd
d6c7f343
e9c50739
1510f7b6
16f2faef
0d890365
18c2f111
ec34ffff
e1421254
1813ec25
149cedab
205ef429
1b00ff29
1a660e26
0e1a1a32
ecf01827
ec19ff02
f32be5c2
16feeeab
1cad143e
dff71177
00b1e690
1a15fcfe
eddb1782
09ebee04
0394faca
f60e1696
18b5ee7f
efeef609
f5a71b09
260cfd43
fab4e3d8
e47100aa
fe971b81
14031211
1f9bf7b7
0d71e67f
fa70e4a5
efb6ebbc
e767f42b
e6a1f9fc
e600fbb2
e6d7f928
e83af296
f1c6ea3c
fe0ee427
116be906
209efe0b
0f631623
f7841a34
e570f8a3
0409e3a3
24930ad6
ec181505
f579f04b
1de7fb3a
ec950f3b
05b4fd47
11ebf5f7
e3db0977
16f30cbf
1009ec3e
dc29f92d
08362220
1ca10311
097ce45f
f31ff0cb
e1460197
f4b21b85
04d91d8f
10691575
1bd31456
1a7407d2
1d3c0aec
1c0a0d0a
17e90f46
0fde1d38
013b1b37
ee4716fc
e42b0238
f58ee621
0f26ed7d
1df70b37
f9031c57
e204f7e2
1a1cea23
07ae1725
e9c805a5
15fced71
f7940ea8
fb5f089f
18f4f097
e2bf0384
063c1712
2352f762
e51ce57c
ee0713b5
09591da7
175e0275
1b51f270
f8cde0e2
ef4cef2d
e76afbac
e022ff70
ea600ff3
e31107aa
e5c10a02
e63905c7
e346f125
f27af169
018ae1f0
173cf05c
1ba01263
001215ef
e4c11093
f750e432
1c9cf68b
fdda2803
ecebed44
0d59f792
03181d55
f98be98c
fdd8079a
066a1608
08bbe28f
e7220a26
053e1e1a
22b1efc3
ecbeea8b
e6640538
fac91c73
0b2c190c
239a0246
11c7f1b6
0babe807
0520e59d
f444e5d9
ffaee6c2
f874e58b
0196e5a1
12e7ea25
1113f2e8
2167093b
0ae41a4f
ee0d198d
eb1200fe
f2a3e24b
21d2fecf
030b1dbb
db8ffb89
18d2f1a9
018b0cf2
ea020842
1857f5c1
efef012d
f73711c4
1e66f7de
e54ff04b
f04f19b5
1fcf0fb0
0649e5b7
ee6cef86
e4560bb3
f59a1c03
13891acd
161f07ef
1c2ffbaf
16f2f1c8
0efaeb6c
149eed6e
0fa5ebed
17d4f350
1c79fe78
14e50ac1
0ee91da0
f0571972
e267051c
f34aeb89
0da5e8ac
19141914
e8421288
ed5ae746
1f0c0523
f0430c0c
f147f977
1a34034c
e8f7fb66
fa170b9f
1c8702ce
e5cfe646
ef7e18ea
1a371567
0a8ee12f
f080f1e7
e114045e
f3661989
0e0e1fad
14c80593
1cc702a2
16cff2aa
127beb9e
15b3f31a
1189e952
19eff8ed
1aa700bc
14010af4
0a6a221f
ebdf12a2
e3430345
f455e89d
1086e860
16b21edc
e3270a13
f2b1e8ab
1e2805cd
ea6f07d8
f855fe18
1674f98b
e2950222
07890ddf
1484eed8
d89cf8a5
04ac1dc4
1cf7fce7
f60ce1b3
eaccfa65
e663151a
07571b07
1b980c08
12a8f917
1963ebf7
0638e653
038be423
07d5e31d
fde0e537
122ce5d1
11d6ee89
1784fcfd
1c9f0e2d
f82f1d7b
ee3c0f60
e46cf1a4
ffa5e555
25b30234
ea2a1d11
ed03f17e
15bbec1a
f3d11aad
ff61f63c
fff7ef19
f55c1abb
116ef11d
ef75ee17
f03e1e30
1eecfd09
fd82e2eb
e012fdf8
f62915cd
100c16d3
1addf865
0dbee670
fb3be52e
ed59e47a
e724f253
e38cf3e3
e2c4f514
e5d1f751
e590e9e4
f1c6e90a
ff0de210
0fa3e6b1
1e73046f
091711bc
efb0183c
e57ff4c1
0331dd0c
1f241303
e9a00c1e
f05beaeb
1d6e03f6
eb780067
f9b3ff82
1888fd52
e47df35b
ff6812e6
1c97fb71
ea9be06c
ea4412aa
0e5a1789
1887f378
05a4e5a3
e906e8c5
e331011c
eb17127f
f698183e
020e1b38
077a18fb
f179ee8a
13190184
068bf794
f39d0a98
eadf19ef
e658f483
eff9ffd1
0751023c
22800233
12dc23e2
0367feb8
0e2defb8
f93cf9b4
0172d93c
05290050
d9650b89
f2b2e65b
0ed50423
1511f844
30bae94c
02dc0c9d
f3e20e12
0e440b4f
e80cfd92
fc64fa69
1571036c
04f3e5e1
0fc6ee53
e503fed8
f51001be
3f5a2033
0bd5017c
db5edcd6
e866f692
f0880431
00de03b7
f41200a7
f67e0450
03500841
f66101f4
0b05000f
0763ff85
f69f1127
16b5f9b7
0799e46f
e2ef1f42
fd5302d1
0f06d6a3
fcc81143
01890862
0df3ed5c
0a7ef1cd
12d0e459
0a36fc52
fc110574
08da141e
f0fb2d2b
e7c00609
0fc3f998
017f1eb7
f6622e72
10d90592
fc96ee34
ee991d63
08d402f8
2454e95d
30330f2b
0839f2bb
e75e08a5
07701b83
0c84e36d
efce01a7
ed5000e5
db41dea6
de58fe82
1eedf004
2cf3eb60
fbf60f87
e80a1858
fc1e01d5
0fe5e8a6
f7511298
d56c1f3f
ede9fe74
1dbf0e11
14e1faca
dca5eda0
daa9fe96
f89aee7d
e23df5a3
d6a7ec41
e15fe7df
e8b70d80
09e6082e
1a77f791
1e8fece3
2812f67a
141e092c
f975e609
f52ffa9c
0e322a47
029e0e4b
cdd1033f
e61c02b4
ff4b0a9e
d8042a02
e90011db
19a8fb21
11350e8b
f2a5065f
040ee0a6
1983d1dd
0269e80d
1898f3fc
22f4023c
f57c1354
0a2cf856
fb50ec3a
bd09ef6d
ec45e965
174c124d
0a5a2483
1d0c00cc
16a4f2fd
f71cee80
01fa047a
0d861f41
f366f554
ecffe7c5
0b380350
206ce920
1e1ff10f
fee70c3c
eb84e4d6
f8f4ec2f
f1120da1
f259f837
13a9efd6
0e31eaac
ea4ff493
f2dc130d
090bfee2
eabfef9b
e986fc58
0d5efa3f
0062f330
0a95fd43
113b2c86
e52d1624
f8c7d339
1bab02d8
0da916a4
f880f92f
ece320c8
00510211
0036de26
00281397
0e340acb
ede9ef4a
fb8cf866
0d7502d4
f3a61744
1b4bf923
1ae4ee87
f84d0ef2
0a49eb2e
f31cf671
f5c61fa8
12b2efa0
f9940022
f7c3236a
fad4f47b
fa780603
085e1c1d
fd98f105
01ccec4c
fde20747
eb292bbe
041324fb
0dbaf69f
f87b0498
fca0fb76
01acd763
f1d6f70c
fa81ffb1
1215f50b
0129f7d1
f2ccd918
f6a5e32a
f75e047c
18d7f88d
1368f3bc
e4b2e60a
02c8d48f
187ff245
ee68fb86
f2cfe548
0e92edc2
064beebc
05b0ecef
0aea110d
01520e54
1d27e580
450de3f4
253feeac
f60bf9b7
f11e0341
eec2ff11
eac11437
f02c1c60
fb29f9ab
0407f36b
05cc0883
069502ba
ec9bf605
d14b06b2
f4d50bcf
136bff1d
f7870fd9
f7501418
03d30d3f
d87414cc
d266fe5b
fe81f956
fc890200
feabee1d
1acef986
200cfee7
0eaa00eb
e50f276c
f1e50d96
1525dd8e
da70f386
d7600a7c
1938054d
fd07fdc0
ec79fe1d
0875f9cd
fc67f341
f9d1fed4
f09b0165
e64d0ef4
ff36174f
ec68e920
cac9f1e2
e96025c8
033c0e78
f63ffea9
f1ca1ac2
e5df22e7
d83c1279
f8e6fcf7
0dde0a15
041f08d9
1741edf0
13730ea1
f8241550
f7c4eeb4
f570fe8b
0f5f056e
21070555
02e11bf7
07db0df9
fe47f88b
f0a7e106
15a5ddba
fd30fdb1
ead0fbde
fdee0902
ddb41221
fdb1fb60
1d4b1baa
f0711858
fc2af116
eec5f1a0
d3fae127
097ef738
123f0375
02aaedfe
09df15f5
fcf705ec
f83eebb8
e6e808c6
e8cefb2e
0c7e17f4
06fa089a
fc36b90a
fb5ff503
e892f2a3
eab31764
f46d2517
e16af81c
de92f06c
f04a0f03
13a61aeb
1a5c15f0
f72a065a
edcefc85
fb8bfdbd
ff7ee0aa
0161f508
0c5928e1
07dbfcb7
f713f8dc
06211b55
f8f2f3b0
e1420bc6
08bd1aea
11c3eac7
186a181c
23eb1d31
e59ddc36
f918fe31
2d9913af
f6ebe4b0
e73be53a
f411fd8c
ee900288
fedd0b56
edb70f1a
e4ad093e
eeb90bb0
ede9069a
fc32f01b
eacce35c
defce902
0ad8fd91
2f810b49
2a29fc50
fd8efb1c
e40f08cb
f148f834
f558f719
f6d51873
02bc1c8c
13d60396
10d1f842
0ba104a3
13e7042d
eef5ed69
e6a302cd
0f0b2015
faa103ca
ea70f5a4
ed9ef9c2
e0a7f4e0
02fe0843
1e690813
120bee23
00d1e5b5
f478f118
0db40c8b
102404a1
f1a0e7ff
fb49edd8
0767eea8
0ac6f917
fd6118cc
d9220e21
fcc2ef1f
1e58fd99
e1611f91
ea090df2
2656fb0f
f6660f7f
dc66f6b0
ff75e438
e09d094f
db620be1
023afabd
f812ee9f
ffc3e54b
2003f1f8
17c3ff5e
f7981ee9
f0df2971
0b0e095b
05d0085e
ede1f680
f098d4e7
fecaec3e
13dc070a
fe55fb90
edddd3e0
1601df8b
01362282
edce1118
1a15e635
1226ee1d
0a78ed81
1f86fcf0
14f2ff90
0487ffa9
fbb61485
19e2e25a
2a66dd1a
f65e2a37
eb7a1c1d
057ffe45
07270da6
07edff33
fda9fb08
f9cd19f5
f79130e6
ed4d0df2
fe2dff98
077f33b7
0f731875
1ed7f639
fe34094f
f214e2de
206af7b4
204c1330
f113da73
ed8ef70b
021b0471
f24fda58
edb7f3f5
f762f66a
e95d0001
0c2e0ec4
2563f17d
ebfd0c82
e8b01328
0281f7bf
e98dfe8e
e7f6f5a0
ea961038
f3582126
0a120e51
fb931fd6
ffa0f91e
04b7e48e
ece8294b
ef582858
f553044c
13f9024e
2ae6008d
f32e080b
d5e0ec2c
f4d9c5dc
11dfe778
0b7d162c
f560170d
17140b4d
0fbffd2c
d603032c
f4181d35
000005a8
e032fba2
efc0177b
edaefde1
f09a02ea
092e1518
0c0cf9f8
18fc0c48
13abf19f
fba1d529
09000031
227fd548
1026d2a1
e13a18cd
e6540b8f
07e80f27
0415130f
ff1a0248
04fb0aad
0806f279
0027fa8f
f34dfd4f
fca5e1d8
eee0f70b
da00ea31
fa2af53d
0a862108
0333f713
0d31e639
fc7ff47f
efdbe40b
f9b1e7b3
dc67ec67
df67fb6a
14260a00
fd57063f
de3212ad
f4c31187
f25afc8b
fce2e881
f37dea97
d0f804dd
0e410944
32cb0596
03660125
fcf6fb05
004c050c
024f0bbd
0bfb229f
fdbb2f38
f58113ae
f26306fc
f8e505d0
02740464
050cff3b
0aef0999
ef39364e
deeb23eb
f676ed87
0562f5d1
1062fffb
0a3afc53
0b3b0fdc
0d8e2493
f4c1141e
f99ff2fe
ea63f961
d975001d
05e0feff
0400061e
eee6f3f1
016bf4b0
0710fd29
f8b50613
f0e72b42
162f1317
0b76ecc0
e6be03e1
1d93159d
08321641
d60df86e
ffbee99a
ea50f9d2
f4dde2a2
2a6bec9e
ffbef8eb
f422e828
0b0f1851
09be11f5
0983f346
ff292129
176efaf5
19b9e3c1
f5ad2abf
02fa0e5a
074bf025
00241af8
1ee806c0
25e8f77b
08761e6f
033924bd
14db061a
0d7de187
05d2de34
09eb047a
0616117f
004504fe
e51e101b
f5d0044a
1d3be0de
f93afad7
fe480b4d
149bed07
f8de0c44
199214bd
12f0eafa
e4befb3b
08acdece
0753d24d
ee3228bf
01e306e2
fa3fceab
ece31585
f53222d6
03d70b90
0ae90dd6
0a62fb51
16380848
0b772b56
297413e4
f77405a0
eb270eda
0bad061f
f0440b4e
1fad2e92
303518ad
deb2f3d0
e7d50995
ffd0fc2b
f772ed4c
086501ce
eff107b9
d8d31db7
edf50196
f4f0d880
f770fcd4
06d60a4c
047514b4
049b2356
0d100131
eab7f4e9
e4b3f62f
11d6fe31
0d5401dc
0f3ce5cf
26ebf425
0f050461
fb15f7d1
05640652
14d20585
f608fa0c
d0dc0110
fdbd0001
0bd0f94f
ee2c09cd
f5681ef6
ea5b0698
eecefcfd
ff5c0092
fcdbe42c
10e10540
0c4d104f
0b8ad128
0ff4e48b
eafa0991
fff1fd6d
214701a2
0aa908a2
0b0c11be
03b10750
f205f8b9
0a660ae1
1d580532
1171f12f
0af1f950
123c0aa8
02930b20
ec7f07ab
f4b30dac
fce4fe49
038704ae
0a3b09c8
f92cd60f
f377ed7f
0bee216e
0574fe70
e1c3f81d
f877fbd8
1497de04
fc70ee4a
0dfc06e5
1ec5fc7b
0babf3ba
116cfb57
efeaf7b8
e33df68e
118a0fc4
00430eb5
fd620458
1ae00193
0477e889
040bf6ee
ff601235
e19e04d5
f3c1fd37
02a7f648
fde9fc5a
01571198
fcca03d4
06d4e9d0
15c8f50f
18a018c2
1a23141e
00e6031d
e815161e
fa8e0ea6
05430275
f8650605
fd94fa3e
fefb0cab
ee9c0eb9
f382f62e
0b0f088f
0b4103f2
ed29edca
e4fd0245
042e063a
0980f206
eee7f1c8
ed35f531
fc76efea
0049fbe9
f9700ee4
e9430f05
e18efe46
f5a0e7d1
0cb3fb24
0c940c24
07fce302
ff8dee2f
ef640feb
034cf7a2
197bfa29
f99ef97f
ed8debbe
f0240606
d4f30951
fb8e01ab
2483f42f
fa25d9f6
03600294
25f52712
19881003
17d11d65
0c1929bb
0e2a0091
fb0a0747
d2b62457
2778f585
440efb40
e0e93485
ee13057d
05c6fda1
f64b2762
1849f504
03190828
f17238be
08240614
fb6d0cfc
fdfa20e4
14f5f302
2e81e34b
2a96e3a6
1063e9a1
127dffa7
ee2d1833
d7291390
f992f09d
f0331c49
e86a3543
fdd6ecfb
0b4bef58
0bd6f204
018fda66
18350ed5
0f6cf83a
fd89dd14
209a16cd
f365fdf4
cb12e0de
fb280177
04a51850
103a16ed
054fe5c5
d776fdb5
f0d4356a
faeef293
ebf5de6a
feb30f99
f85503ba
f08ff2bf
f5fff75f
f1081d55
ec102d41
e9c4f67c
f68ff13e
f9ab0da8
f33cf8df
05efe4d2
1b7bf622
17f315b6
fb3b123e
f3b1fbea
0620eed2
f9c0f63f
f1d827a5
0bb71b06
1ca8e13a
18a1ff91
04a412e8
f248f50b
f52bf488
05a6ee08
fea2e85f
ea23fb7e
0259191c
12741920
0435ef2f
0e9d0a03
002933a8
f502f44c
0d32e38e
fc971fc0
f67819e7
f988ff89
dc5f0b00
e83e1b64
fac50c18
17c7e284
3b6bf865
fade0ef3
dc7fd5fc
1a96e6da
25871f1e
1fb80a79
0c930e53
ee3f0e9d
0938f531
1c37fc19
1b84eabb
04f0ef82
e3cafdc3
fcccd9e6
f942e525
f730ff28
29540724
1d120f9f
15e6e82e
124bdf57
e8b7f9bb
fbce01ea
f3a51168
e57b08a0
12e01452
077923ec
fe83f8ab
f1e5f276
d2a10e3c
08ef1ed3
1b4d202f
11c80194
31f8f7c1
1506f8dc
0ed8f286
1fcde067
fc80d227
09250497
17490aa1
ff76f2d4
11a807fa
187ecd48
fd44c9ea
061922ef
14621024
fcc60214
f41410c3
fd5df7d4
0eb80a0c
2d521312
0a650ed5
e3531d54
01890900
0580f4ef
0fb4f1ca
1c4dea58
fa80f417
010917fb
05261c8d
f584f175
faf2f387
e1b3ffe7
e246e439
fc48f0cd
fb60085a
02c7f82c
fa5feb35
0a38fd9e
e67213bf
ee1bf3e2
0791e735
0e2903c3
004beed7
09eaffae
08421429
efebf447
0b080478
0a9c122d
f9a5fd62
1837ff78
035b0819
fa311e79
0d6811a3
ea23da6a
fce9ebb7
1ef71469
03db03a4
09670312
24081e4d
2b751b7b
0bf0041f
e35ffef6
f69cfda1
027aeab2
fac5f064
001dfc3c
f9d0ec55
0335092a
fd921e5d
f4cfffee
0c4b27c6
011a30b3
fefce7ac
0ee40019
fab117de
ff12f83a
0dab03d8
0828dd0f
0382c971
fbbf0358
023508fe
047006f1
01cbfdd0
f502e8c9
d42ff6ef
e834d716
0fd5e4e7
19d32ddf
19b111de
fb13f72c
0171fbe1
2b55e920
2b7a0840
20260b3e
01baec70
f0a4ffe4
10b8fe02
28cef81d
2cea097f
03d002b8
e5a2068a
067cf458
f808cecd
d3ac028d
e1f039a3
fe530f0e
128bf113
fb4e0b72
db3a1194
dec2fb3c
ede7fca9
f99e1894
e8fe18c6
ec84ff5e
0207f66a
e64d0067
e357072a
f71ff18f
f04cf256
f4221ec3
f07e145b
09b8ebfd
2ba5f274
0205014b
fa510c97
1dd10309
0056e502
f35fedf4
0b5502d1
f5f005be
e7d10955
faeafa8b
f592eb64
e9060b83
ecfe22d3
f531f15e
0104dc53
042408a3
f93909ae
e400001b
e3b90227
0454d973
06ccd7ed
fe500860
08dd1122
ff89f5c6
04b4e7a0
0538fa64
f679f151
0c73db87
f94c0be2
e015256c
0a740372
f9340a5e
d6e8153c
062605a6
0ae710c1
e0640c72
eab9ebf1
fc97fb2c
f76613f5
f1dbfdd8
e8e1f819
ff9004cb
0fa9fe1b
fe25f8ca
1e20f877
1a99098d
f3430c3b
203fe535
1349f015
f7b41466
2bd2fe90
00b4f957
e0af0812
0843fde2
f7c40b78
05610a19
04c1f392
e58e0921
0502f9b5
0722dd29
fc2508c2
02db00da
edc2e962
f3d91ed3
0d6e2850
0a37115f
f2410464
ff83f602
115c0946
e821f4b8
f1b3def7
0893ff1f
fc80f6c5
1e5bfcd7
014f1666
e95f09a8
096d0d41
c9ca0a5a
d123079f
1c5a071c
02f1f126
fefdf93c
ff23eed3
e98cdbee
f7f2f70a
02be0629
1356102a
edf2100c
c70710d1
fb722405
09ff0ae2
0d2bf8f0
1a63011f
ebacfc5e
f28b02bf
063007e7
e28d20f3
f78d13fd
0c9adaf6
ed9a02bb
fe882307
2e71fb81
2b01fd1c
0933fa74
08fcf53f
11bd0f94
f5ca1685
f2bc0afb
10e1fc08
042afac5
fb74fa25
0fb4e4cc
fa00d5c4
e7d6eaea
f4dc1cce
f40320cf
03d802c4
1e80f6ea
1c49e69b
0637fcbf
0428131e
1267fb66
e9ce1312
d7752620
ff25ef2f
ddadd114
cf5e01c4
08171daf
154eff52
267418b2
22370e6a
f6eec51a
0085fd41
095721a7
0d61f23a
1e030c36
02a4143c
ee2e0d88
0508061a
1788ea88
f24313cc
d47f1aa2
076f0c8c
0870221e
e7b8f9ee
13e8f671
192d09c1
0599fc18
10de1896
eb740b5d
dc80facb
051d0f02
073df7c6
e9c80028
e99616d1
0b2213c4
11dd2375
fcb72db6
e9182d26
da540763
09ddf329
259117ad
ed18ff58
fb66e7c6
15e81018
e7530d6d
f5d7ee92
0edaf1a8
0f0b070c
2b6afdd9
0c3ee7c8
f8d4f858
1de10c42
fe74158e
e6bf05d8
fc2df1dc
f0fe0854
fac4f793
0d55eec5
fde413ca
fe5bf436
0a6fedba
00ea06d0
f36eeb4b
0556f90c
1d4bf5cc
0892eb92
ea6125ba
effa0cd2
0231dafb
013afad7
fdf5f653
083ad1a5
0212cca0
fd9af39a
0d6a1950
02a40951
ec500882
f5180c56
fcae01c9
f2100f31
0656f8a4
1b83f2ec
ec25e7ed
edabeb64
f429dfa2
ff29e500
0e26e59a
1a32f1e6
18271310
ff0213e7
e5c20cd5
eeabe902
143ee353
11772009
e690ff4f
fcfee5eb
17821225
ee04f615
facafc6c
169609f2
ee7fe74b
f6091012
1b090a59
fd43d9f4
e3d8054c
00aa1b8f
1b810169
1211ebfd
f7b7e065
e67ff28f
e4a50590
ebbc104a
f42b1899
f9fc195f
fbb21a00
f9281929
f29617c6
ea3c0e3a
e42701f2
e906ee95
fe0bdf62
1623f09d
1a34087c
f8a31a90
e3a3fbf7
0ad6db6d
150513e8
f04b0a87
fb3ae219
0f3b136b
fd47fa4c
f5f7ee15
09771c25
0cbfe90d
ec3eeff7
f92d23d7
2220f7ca
0311e35f
e45ff684
f0cb0ce1
01971eba
1b850b4e
1d8ffb27
1575ef97
1456e42d
07d2e58c
0aece2c4
0d0ae3f6
0f46e817
1d38f022
1b37fec5
16fc11b9
02381bd5
e6210a72
ed7df0da
0b37e209
1c5706fd
f7e21dfc
ea23e5e4
1725f852
05a51638
ed71ea04
0ea8086c
089f04a1
f097e70c
03841d41
1712f9c4
f762dcae
e57c1ae4
13b511f9
1da7f6a7
0275e8a2
f270e4af
e0e20733
ef2d10b4
fbac1896
ff701fde
0ff315a0
07aa1cef
0a021a3f
05c719c7
f1251cba
f1690d86
e1f0fe76
f05ce8c4
1263e460
15efffee
10931b3f
e43208b0
f68be364
28030226
ed441315
f792f2a7
1d55fce8
e98c0675
079a0228
1608f996
e28ff745
0a2618de
1e1afac2
efc3dd4f
ea8b1342
0538199c
1c730537
190cf4d4
0246dc66
f1b6ee39
e807f455
e59dfae0
e5d90bbc
e6c20052
e58b078c
e5a1fe6a
ea25ed19
f2e8eeed
093bde99
1a4ff51c
198d11f3
00fe14ee
e24b0d5d
fecfde2e
1dbbfcf5
fb892471
f1a9e72e
0cf2fe75
084215fe
f5c1e7a9
012d1011
11c408c9
f7dee19a
f04b1ab1
19b50fb1
0fb0e031
e5b7f9b7
ef861194
0bb31baa
1c030a66
1acdec77
07efe9e1
fbafe3d1
f1c8e90e
eb6cf106
ed6eeb62
ebedf05b
f350e82c
fe78e387
0ac1eb1b
1da0f117
19720fa9
051c1d99
eb890cb6
e8acf25b
1914e6ec
128817be
e74612a6
0523e0f4
0c0c0fbd
f9770eb9
034ce5cc
fb661709
0b9f05e9
02cee379
e6461a31
18ea1082
1567e5c9
e12ff572
f1e70f80
045e1eec
19890c9a
1fadf1f2
0593eb38
02a2e339
f2aae931
eb9eed85
f31aea4d
e952ee77
f8ede611
00bce559
0af4ebff
221ff596
12a21421
03451cbd
e89d0bab
e860ef7a
1edce94e
0a131cd9
e8ab0d4f
05cde1d8
07d81591
fe1807ab
f98be98c
02221d6b
0ddff877
eed8eb7c
f8a52764
1dc4fb54
fce7e309
e1b309f4
fa651534
151a199d
1b07f8a9
0c08e468
f917ed58
ebf7e69d
e653f9c8
e423fc75
e31df82b
e5370220
e5d1edd4
ee89ee2a
fcfde87c
0e2de361
1d7b07d1
0f6011c4
f1a41b94
e555005b
0234da4d
1d1115d6
f17e12fd
ec1aea45
1aad0c2f
f63c009f
ef190009
1abb0aa4
f11dee92
ee17108b
1e300fc2
fd09e114
e2eb027e
fdf81fee
15cd09d7
16d3eff4
f865e523
e670f242
e52e04c5
e47a12a7
f25318dc
f3e31c74
f5141d3c
f7511a2f
e9e41a70
e90a0e3a
e21000f3
e6b1f05d
046fe18d
11bcf6e9
183c1050
f4c11a81
dd0cfccf
1303e0dc
0c1e1660
eaeb0fa5
03f6e292
00671488
ff82064d
fd52e778
f35b1b83
12e60098
fb71e369
e06c1565
12aa15bc
1789f1a6
f378e779
e5a3fa5c
e8c516fa
011c1ccf
127f14e9
183e0968
1b38fdf2
18fbf886
e5372d4e
f94308dc
29180895
04990377
db3de0af
f8f8eb25
2fe900ff
1c4d0462
fa660521
0432fa88
e4dee97e
f19ef828
15570692
dbcde4a1
e18b0314
24823a0d
22a10b44
0dc00db2
fba22446
f429ed42
0120fbb5
0e0e0c17
02a3ed40
dd66fedf
e5ecf892
0b79ec27
12dafb0f
063ffb28
fd3f08e4
0d8102eb
fe16f635
f2a5fe78
0a6ff372
e8c1fd0a
07bc002c
41a4e11b
f417f09e
e21c0880
0237fb6f
f2670ce2
1caf23f3
11750345
e17cf1e8
01e900b3
f995e505
e998dd9c
12420caf
09971592
e22ef761
e5b1e182
f581e6c7
09dbed47
1c79da24
fa1df055
ea2c217d
0f2618ef
1105fca8
0e1e0774
fca82310
d6be126d
e9bdefa9
f1cd024f
ef901141
fb07000e
ec5803dc
fcc6016e
fac1f7d7
fbb3019f
264df5d1
f541ec2a
d1020133
ea2afe3d
e094feb1
07951182
17000559
eed0025c
fc51f539
0a2fe570
118b11db
0eceffb0
fe1ee2fa
102e2399
080a085a
ec77d391
e35bff41
ee91f931
2059d94e
1f23e621
f2a808cd
f9fc18a6
05b1f80a
eff00313
e40816f0
ffeffeb5
08b30119
ed80ef95
01b9ec0c
1a0e0918
14eafbf3
26730a81
17551705
e9f7fe94
fa1ff922
2082e74e
0b1aed51
f6ddfb80
0bb6f99d
fda50a35
eebde8f5
fa65f084
f71c2850
0dc0f44f
0e7de754
f6b21e6c
05da08a2
e968fb1f
dab01072
0a0f159c
037f08df
f970f567
0960fca0
0553fc45
071708cc
ff6d270a
f95a1046
ef8209ff
d9f81188
e408ffb7
e8a61c87
f3b11de9
0c28f28f
f702e675
f9b5d6bc
0bb7f0f8
eefc14e3
083fec06
3cbae66e
134b0170
e2c3eb0d
03c4db7e
1596de95
ec36eaa0
e5dc06f6
112e1aa1
24a0145a
0653f789
f1aee6c8
20b7e443
367bf134
0643104f
fb1b0a88
feb8fc0f
f0fe03d1
037204c6
0be10cb8
11dbff1b
1f3bfd9a
fbbc22b5
e2ff1451
fddff8e4
1c49eb08
15d5e0fd
ee12079d
fe1105b9
2664ea03
0d58025a
fd490124
ffabe92f
f71ed6db
02edde7d
fe9801f5
f868fb94
fce8f5b9
f28ef86f
ff40f97d
fd4c1220
ea27f860
f94ef2a7
faaa131c
05bb067b
154020cf
fa1118b8
0e69e7da
1b9405f7
e420fd7c
fd1dfc1b
2baa279a
036b0304
f60df851
fb94001a
e731dffa
f429ffac
062413b6
08a2fcaf
000b0dc1
f3e80932
0aa9e5a7
057feedd
f0430590
fb1a0053
e44103c2
fb690277
1f71fe75
e8940c4b
fdfee887
1674e3dd
d4fa1e70
ee3ffa46
07dde47e
ef611679
fb23ff5d
f05df5cc
f66b0356
e386e856
b33ffafe
e3a20d8f
fcaef2d5
dc74df45
e94ee0d5
0660f9ec
110e008e
ef260239
eb6c1037
02c2f527
e506ed90
ffc019b2
181b35ed
e40038e5
f0ff1f23
16bd0820
110c0973
f280f4f3
dc2aedcd
025305fc
09a4fbd1
f446e06f
056ced11
f981124d
f67b1b02
0f050b8d
17ce075f
1f0afd48
fc8bf02b
df81ebfe
f15ee70a
e622f08d
ecb0f1d7
0a8cf629
eb3d0fa9
eaa303d0
233e0534
177c19db
0114f696
0ed7f478
f673050f
0902ecb9
34a1008b
0b0a0168
f2e2d81f
00b4fa49
f7432f7e
f1741084
e8e9d603
f5a5e54d
073e024a
f92aff1a
fa1322c0
00661061
fb05ea3c
fa652d09
11e518d7
2005c35c
f871dc61
04fced3e
2199f1a6
f5b013a0
fbb8012c
0371edc9
ee720718
10531e88
069b1a4d
e913fffd
f24bf225
f8affd03
0914fdf1
fbc6f2d9
f87a068d
055a0c55
f937f409
0356fca4
f7ffee3a
ed4ffd31
064f070c
fabae8eb
dad1fa84
fd490985
1dac029c
ed19f8c1
e3abda06
1dc2ea3f
175f0a6c
f219172e
f52d206c
05df0a12
19a1fd91
01920284
db9d05dd
0141fd77
14f0f08c
f12107c6
00570445
02b7030a
dbe212b6
faf0e1de
0dbae50d
de07033e
ed4e004c
187c2408
051d017e
0025e81c
1afa1270
faeafd49
e4e00a8c
240b0a9a
18aadf4b
d2a6ff73
e80a018b
04590285
206b212a
26911b55
e1371dda
f94af107
191fe503
ec9c0d8e
1fd4e7e9
3055ff90
f7de2585
f3effc08
e0050cf6
ef9afb9b
fda9d1a3
d3adfd53
f5180eac
04930986
ec4506da
0ed3ec21
06fff2b9
f5fefa1a
11dadcfc
0764e2d8
f510159e
f11e1c7f
ddb700d4
db6b0037
f7a1f0a8
fa30f96a
e1021f2a
017cf280
2eecdf9f
0a601a98
e6160e87
08d0f6cf
2d891173
0e55022f
dad8f318
f03815f6
13b51664
fe8cedf3
f32eee09
eac90523
dd1df9c4
09a6eeba
1807f6fe
ef08f129
ffb9f84b
16250c18
1318fd92
158a0458
fd5e283f
fe57163a
07ac022c
04840922
21bff11e
09eaf324
f8fe1615
24ac115e
12a20253
0cbe0079
24e7f930
249ff131
2e20f260
00890284
fad70004
3a7be775
1554f4be
ef180aa5
0995f6c8
1224f12c
13c3f737
0a2ae3a7
0cdbf317
07e2158f
f0040dc5
fadf06b9
0552113a
0bce106e
f92dfd4a
de6700ff
055b22cd
103100ad
0adcde4c
156c12d1
efbb11df
fb81f490
04f80444
d61f0553
e2fe295c
e4b72e62
e290f418
0f230adc
1f25162e
33d7eccb
2c48fbd3
f6d5f941
eafcecff
f7430057
0f20f177
12d2f383
f70205a1
faa1f3f9
0012f533
026def57
0756e50e
f8a71760
02a7210f
fd28f304
d293ffea
d4a90bbe
efc7efa7
f470e909
f9a2f1df
0ae60434
14a1f0ea
1ed0c5ca
307beede
15bb177c
e998020f
f0da0a08
06d40e24
181efd87
1dbdf9f8
00ade8c2
ed4fef52
f47f12dd
f7591f4d
eada1aa8
e8d5122e
04ba1088
03010955
f5e7ff54
1cc00bfb
1ada0060
e986ec10
f374f887
0eb7f3ff
fcd4ff7a
e2e11754
003df91c
2b8ff0c1
01d90340
e5e30173
06040e81
ed20040a
ed1af5e6
18bf04b1
f850f52b
e2c3ea95
ffdae6be
1178e093
16eff950
ff3cec5c
f81ee46b
0151010c
fb27ef41
19f4f71c
12c0151a
ef3c09bb
14600552
100ef5be
0576fcca
3b461c8d
0f4b0966
de680629
13211155
09e7f908
f5f2eab3
18a9e6cf
07aff79a
f0800e74
e617f9aa
d64de947
02d7fdc2
13baff80
e251e9dd
ef03f973
14030ac7
011efc21
f97dff37
0a40edc0
f7a4d811
e912eb60
0615ebca
0934fab0
fde40e4a
15c80182
215f0932
1331f50f
eda3dd3c
d362ee55
f0e5ec06
05f8fff0
11fa1c12
0ea904c3
d9cfe2f8
d81bf156
f13f1eed
ee0401e5
0859f70d
0aee2531
f7deeb01
f9e6de08
f60f1450
0614ee9c
1312fd64
089415fb
f378f6c6
e49f157e
0b011202
140cf0ae
efc6fb37
03e2f581
1678ea0e
0109e3ae
f441f6cf
f9080bdc
fb6cfeca
f49c0fd2
06ea1198
02f2f703
eea6101c
0dd822f2
099afd98
f36de500
032d13ff
ed472b87
de48f11c
fd57e68d
1b070073
217ef92a
05c9f5e1
f113eb05
0165fd62
17451c94
fd2d002e
e826f599
0e2b08fe
0387fd92
0146fc21
224415ec
e86f1373
e1cc0196
13cc1bcc
099b100b
12f6d8c8
febcfad3
eb3d0bd2
e3320a4a
0f621789
0dda00ea
d9f8f2ab
e0920464
236c21e5
1c1e071a
f1b0f7cc
f3ba13f2
034cfc1e
070d037d
fb8e1a33
1c3df024
380ff566
fcf81304
eb480c4b
02d6fdc6
e480eb19
e804f19b
028fef16
e717e63d
dc9af4de
f73df0b3
f9b0ffd2
fa180446
0269e590
f25f03f5
fced121e
0f03eb49
f42ffeff
fed81141
137af415
fccbf4ca
051d02a0
0de7fab9
03e0ea1c
08c7d840
05a2ec9f
11d705e8
183beede
112efcd3
21aa0cdc
06f3de44
e8c8f5cc
0acd2701
13f70750
0a78f434
1133f87a
fc89ff4b
e7c01828
f6cd17eb
18dcf613
1966dbe4
f08ff79e
e42c0bb0
ec6aed7c
ec8ff9df
f1ab08bf
f2adf74b
04d907df
0d1706a9
fde0f2de
0bc6f3cd
02fef030
f258fed4
07f20f04
0792ff04
163df8bd
2336149c
1a2b235c
309403ee
0956e638
e0d5e1d7
f103efbb
d60b0594
fb0a043f
1aa006f2
e82508b3
0c8bf6fe
18d60189
fc230710
0781f04a
e957ee8b
0049018b
03770bbf
eb0408ec
3ff7143f
1c600ce9
d83efe8e
0a731f6b
d8200f09
dbf0f56a
332a1ce5
153b09d6
016ef893
fa5b11a6
f0edfdd4
1b200822
147919c6
01ef0d5a
fe051ae1
e7340758
f271f2c7
f44c0d42
e5e9f8e9
fe60e29c
06371907
e86618fd
e748d6fc
fbc2e79d
fa34f20b
0aa7d8a1
1dbd04e0
0647f6dd
008adcb1
09671a55
fcdb0f48
f692fd8b
fb470ce8
0ac3ecf9
09cb0c10
ed1c1aac
eca2e7d3
11e60477
16a419e5
eb9deb01
fd33dbcf
279aef9c
0209f28e
06f3ebc6
229ff9a1
e446ff62
d9c2fcc7
1689fabf
1ea5ec1d
040bf578
0162fa98
1c70f346
24f7f90b
13fbf0c1
031900e2
f1e602f4
f047e313
eb38e6bb
e95ad586
01a1e1aa
0e8816c5
132dfb1d
121af555
00b313fe
f5cefbc1
fac4efef
f93ff69f
d0e0f9dc
cd57ede4
00a5eb05
f2f21cf6
d43b2292
e19d0308
f5c307fc
10f813cd
06892db4
effc1c33
ea78e70e
dacff027
f383f2aa
050dd6f3
fb00e3b0
04911330
ef23270a
f829fbbd
1649f002
eac6168d
e7851748
0fb8051a
0bfbf00a
13fcf4a2
0e871a18
e82403f6
f5e4d55d
174edcc4
085a002c
f9ec18d8
017913db
0b2807a3
07a8e9a0
d7aad326
ce77faf2
f5e001ea
e254eb13
f5a608be
279f12e1
085ffa79
071ed5fb
0f84d4d5
fc5d1fcf
195f1cf5
1457e86d
f4b70a9a
f5900aa5
f529ef4b
e766fe24
c807f7e1
f339fd86
2ada042f
f2f7f62f
ea00fbb8
ff47fa7c
ed8f0d81
166e210e
0e52083b
eaa20de8
186e0c9b
1d80df1e
03b2e866
04361515
fb1611d3
f2b6f85c
ec0af713
f699fc40
fb990bfe
f6152678
08b4086f
fe54e2ae
f7e5f79e
0aa100e6
f53505d0
f3f817fd
ff9d01b1
eb1bea08
ef12f0ed
035feaba
1ce6f2cd
1d832656
f981231f
01d9f657
170b0a30
0e2dffa2
fe51e273
fe491687
23381811
05cdf254
d6abffcb
12800255
1642050c
f429fff2
109dfaa9
ea5d081f
d654f718
06fb063c
fb361abd
ec20042e
f4540de3
f81bfccb
0aa2eb04
12941931
175013cd
0cb1e6ea
f9def38c
0778279a
13851906
0ba4d061
f817e41a
000d107f
176900a8
fafdff16
ff7ff826
18eaf6c0
e426ef79
dacad4c1
11fbf91e
15010bcc
fca8fea8
fba62244
ff871bf8
f013063d
f6252274
080f2439
f7210f3d
0300058f
06a702fa
e7e60b21
0a3e09d3
113bf99b
e68efd5c
050a0abd
0f85f85f
ebf1f517
fc2af1ad
0b6dfc7a
f7f9f257
ee4ae135
f6140e74
e6fb102c
05beecb0
087c09a4
f697137c
015fe7fe
f686cfa0
0c49e22e
0cb0f4c1
e8edfbcc
eef306d9
d7f1fe79
e2000212
123d08bb
f342ffe4
e5ea1275
fa5b0a27
00e2f73c
1a44fc57
0a88f3d0
f30008fe
13d70df8
05ccfbca
c694f5f7
d30fd38a
fff2ec48
fc540656
0159f805
00ca2e9f
ee7c1475
ed4ad817
d0cc081d
d5f105b7
fb6ae7b0
f236f8ee
110518d3
1ee91757
f969e05a
16d10603
1c2120f4
02f0dc23
1824f839
0ccb08d8
f206fb80
f01729c1
fdec0ded
09720902
f2f02257
f239ebd5
fee3ed7b
f3830975
f2b5fda9
f9dd0608
22c00942
2da00e23
e45f0e3c
e4c60095
171ff9c6
f8ade2d7
e473ef49
f72c1dcd
f588100a
fdbc05a6
1a222e24
21f21351
00e1e165
e64f0234
fa83067a
0fccf648
0fbe1305
02caf122
f3aad725
04e50480
053e0abe
eb0a0998
fed50c0c
fec3f7f8
ebf1f104
0201e9f3
ee640331
e8b916c8
0de3e7fe
06ade7c9
1c8e1883
15030632
d6c0dde7
ff5dfa3b
1a361e8a
fc7a0816
2007f770
1970fdc7
e9c905f4
025414f1
24bc00c8
0581f126
dbef035a
fe01f951
1fbcf2d0
11360ad7
0cdc1c46
f0871463
f961fc64
2b9bf389
02b7eaff
eb48ef4e
13210931
13b4ff82
1b42efad
0a81ed35
de15e5b3
fb7bf009
152bf36e
f7bbfffb
ee2d1834
fb8c0a1e
00c4fd66
f83bf823
f8a8fb34
fee40fcb
f060edb9
f04ed85d
fb490f4b
f085177c
fefcf037
14baf4fd
ee8a154a
cca825cb
ecc11e6e
061b11d5
fab9fe39
050af508
0aa6159f
f872121b
05e8e16c
fbadec6a
d32f0066
ee6cf700
10a01852
0f8b2156
1550ea62
fe78d2e8
ecc1ecc0
04d70270
1640ef5f
1249e09d
ff6ff1a0
ff78e7d2
0feaf64a
064a2116
ebe60de5
e4630809
0d0114c4
117df8e8
e8b003fc
0a5a16cf
09e203b5
df3b05a8
0c420c05
0eca093c
f5d5fc9c
0b0af3bc
ec7c0fac
e2b1003a
fc58d17c
fe27f906
12ad228b
0887015e
f42cf921
13d515e9
20a125fa
feea36db
ea45231f
f520f0e8
df05ffe8
cf7c196b
fb3a0125
f9cc012c
e746f9f7
fb4ae25f
01d6f716
0f65fdd2
047e01ca
e7b4103b
f167f95e
ff820792
0ffe0eb0
01a3ec54
ef310eec
01cc0b3b
e87cda57
ed11035d
0baa131b
e1c9f6da
e87df180
060feb3a
f4080167
007e0196
025905be
f1392c73
efac05e6
fb54f50b
0b870c8c
efc2e98a
ea3b069e
04242700
f91ff3db
032cf87a
fdfb172b
f0cf089d
1ba4f135
1ddbe85b
149d00f5
0f4a148e
db300009
ef67f0ca
1842080d
ffc9f9e9
0350cb88
04e9faf7
fb0025a7
f7f911b3
daa8297b
eaab14b2
0373f6e0
ec651a0c
feb40771
1cc309a2
12551ea2
0a79e231
0cccd539
0dfeed1a
0b5fe177
03a3f8c7
ed410e62
ff4cfa5b
373dec0c
1349eaf3
fb0eefe6
3069f1f2
03c7dd4a
d9b1e1f3
02070e52
097f06a0
186ef433
0f2805de
f5cef4b3
1516faf6
12be1cd2
0c612436
0a8e2b62
db6707ad
ddfaf578
f5840a7c
f73df7de
f82f0dc8
ee301ebc
117a015d
1a830d95
ec6804af
041cf3d5
1594fe68
ea860ad1
dad82065
e0080445
efebfaa3
07e61616
0e750b57
12b52374
10cb18f2
fe71ebd7
06470b18
1d070d5d
0b9dffd0
f7f8039e
efb2eb15
f02efcf9
0e4906c3
022ee7d5
f974fd16
140636bf
eff83d27
eef309e8
07520003
f86a02d3
e7ed13db
eb641255
dfa20bd7
e50000d7
e59af1da
f1e6e5ce
1310e7d9
13e700fe
0cd51a3e
e9021155
e353ebc2
2009ee89
ff4f1970
e5eb0302
1225e87e
f61511fc
fc6c0536
09f2e96a
e74b1181
101209f7
0a59e4f7
d9f402bd
054c1c28
1b8fff56
0169e47f
ebfdedef
e0650849
f28f1981
05901b5b
104a1444
18990bd5
195f0604
1a00044e
192906d8
17c60d6a
0e3a15c4
01f21bd9
ee9516fa
df6201f5
f09de9dd
087ce5cc
1a90075d
fbf71c5d
db6df52a
13e8eafb
0a870fb5
e21904c6
136bf0c5
fa4c02b9
ee150a09
1c25f689
e90df341
eff713c2
23d706d3
f7cadde0
e35ffcef
f6841ba1
0ce10f35
1ebafe69
0b4ee47b
fb27e271
ef97ea8b
e42debaa
e58cf82e
e2c4f514
e3f6f2f6
e817f0ba
f022e2c8
fec5e4c9
11b9e904
1bd5fdc8
0a7219df
f0da1283
e209f4c9
06fde3a9
1dfc081e
e5e415dd
f852e8db
1638fa5b
ea04128f
086cf158
04a1f761
e70c0f69
1d41fc7c
f9c4e8ee
dcae089e
1ae41a84
11f9ec4b
f6a7e259
e8a2fd8b
e4af0d90
07331f1e
10b410d3
18960454
1fde0090
15a0f00d
1ceff856
1a3ff5fe
19c7fa39
1cba0edb
0d860e97
fe761e10
e8c40fa4
e460ed9d
ffeeea11
1b3fef6d
08b01bce
e3640975
0226d7fd
131512bc
f2a7086e
fce8e2ab
06751674
0228f866
f996e9f8
f7451d71
18def5da
fac2e1e6
dd4f103d
13421575
199cfac8
0537e38d
f4d4e6f4
dc66fdba
ee390e4a
f45517f9
fae01a63
0bbc1a27
0052193e
078c1a75
fe6a1a5f
ed1915db
eeed0d18
de99f6c5
f51ce5b1
11f3e673
14eeff02
0d5d1db5
de2e0131
fcf5e245
24710477
e72e0e57
fe75f30e
15fef7be
e7a90a3f
1011fed3
08c9ee3c
e19a0822
1ab10fb5
0fb1e64b
e031f050
f9b71a49
1194107a
1baaf44d
0a66e3fd
ec77e533
e9e1f811
e3d10451
e90e0e38
f1061494
eb621292
f05b1413
e82c0cb0
e3870188
eb1bf53f
f117e260
0fa9e68e
1d99fae4
0cb61477
f25b1754
e6ece6ec
17beed78
12a618ba
e0f4fadd
0fbdf3f4
0eb90689
e5ccfcb4
1709049a
05e9f461
e379fd32
1a3119ba
1082e716
e5c9ea99
f5721ed1
0f800e19
1eecfba2
0c9ae677
f1f2e053
eb38fa6d
e339fd5e
e9310d56
ed851462
ea4d0ce6
ee7716ae
e6110713
e559ff44
ebfff50c
f596dde1
1421ed5e
1cbdfcbb
0bab1763
ef7a17a0
e94ee124
1cd9f5ed
0d4f1755
e1d8fa33
1591f828
07ab01e8
e98c0675
1d6bfdde
f877f221
eb7c1128
2764075b
fb54e23c
e3090319
09f41e4d
1534059b
199deae6
f8a9e4f9
e468f3f8
ed5806e9
e69d1409
f9c819ad
fc751bdd
f82b1ce3
02201ac9
edd41a2f
ee2a1177
e87c0303
e361f1d3
07d1e285
11c4f0a0
1b940e5c
005b1aab
da4dfdcc
15d6e2ef
12fd0e82
ea4513e6
0c2fe553
009f09c4
000910e7
0aa4e545
ee920ee3
108b11e9
0fc2e1d0
e11402f7
027e1d15
1fee0208
09d7ea33
eff4e92d
e523079b
f2421990
04c51ad2
12a71b86
18dc0dad
1c740c1d
1d3c0aec
1a2f08af
1a70161c
0e3a16f6
00f31df0
f05d194f
e18dfb91
f6e9ee44
1050e7c4
1a810b3f
fccf22f4
e0dcecfd
1660f3e2
0fa51515
e292fc0a
1488ff99
064d007e
e77802ae
1b830ca5
0098ed1a
e369048f
15651f94
15bced56
f1a6e877
e7790c88
fa5c1a5d
16fa173b
1ccffee4
14e9ed81
0968e7c2
fdf2e4c8
f886e705
efbefe80
0a9def81
1df8dcad
fb1aed80
e556171c
022915ab
f7640cf0
d70c050b
ebf1f14b
f4e8060f
e2311809
e8eff659
0daeeb4f
15c0036a
f99b084e
0a7c1536
0507208c
e7c6ff2c
170f0a46
11413e9c
ef9119d4
1d2ce723
1414fee0
f0aa06d1
f591fa79
fb2dffe0
0ad3f6c8
f5c0faeb
fbb512d7
29fdfa73
0c48db19
0754fd70
2330feb8
0522c747
0076f068
13c42e98
1e62f69d
13a3e191
e93c0ff5
eaad00f4
f83ef6e1
fb7014ad
0a5d15cf
fb76098a
076f07d7
00520705
c9c2fb00
ecf7f8ac
016d0571
dda0ff46
fd700279
109d12ea
12d518b5
17ff1840
fe95f697
12daed07
13e81445
f0f41349
0bcb017d
0f36024d
f20e09e4
ff7e13e5
12ef0aa4
113a0b2e
ff84ff84
fe77def5
07e4e9fa
fc1f087f
f91b2319
fe7d118f
fd59ebeb
f768105a
fc500e15
0b1feb42
f4d9137b
f14112f5
109df1f4
0ae3f86b
196b1567
2aa93232
117b033d
12c3e5c7
08030f35
eee1076c
fac6f794
fd29fb83
f80cfb2e
f936faa8
fe9fe59f
084fee5e
ffaaf1c1
0cade797
1fc80fd9
0d471560
03dd0140
e813f390
c9d5d066
0538e9a6
375b10ca
1d5905a2
125302dc
05f8fc34
f357ee62
f6e4eff7
e0db0061
f2310a23
14ad0bf7
e38f1207
ecc3d8c3
1bf1af43
faf5ea5a
03bef875
0ac8f4b5
e9231482
febff1b1
ff9bd753
fbf4ed2b
0a43efe5
ed040130
f7e715af
0ca413da
020613ff
1c7501b8
128cf137
f4400dc2
1b180996
2e9bda61
0a92ebe0
f2fcfbcd
e960eb2b
e50217ac
f11d1ea1
0603f91e
1d4511c5
080c1344
db63fad3
fe8a03c6
173f0444
f9e5fa98
1cfae869
2b33e3d7
f6dcfb36
dd8d018f
ee95fd64
1a85f5e9
0be6ecf7
f446fb42
1735081c
0718fd20
fe64f41a
01ca027b
ed9c08bd
1832fc46
0cb2fa06
ee4bf31e
1930feab
1bcc16c8
1fd4020a
fc35052c
d5d21971
1bcdf784
199df02a
089400a8
16c4ffec
e4ba132e
02560d17
02f00432
d3e91c63
0398068d
e3d1ef7e
d3e600fc
17c4fdb6
f5570e82
f0653299
1ff71de4
16fcf222
142eefbb
10eefb0b
0293deef
f0c1e402
f8141206
1ec4ebb7
042fdbed
def4193d
fb040c34
0fdc017b
094706a0
eec0d4de
da2be3a6
fb0ffeda
2240eb33
1bc5f899
10dd03c4
17870f9b
142a15bf
0ec30573
ff1609a4
f39dfaa7
12eef143
0edb00f2
e33ff936
e664f910
faa9f950
01b8fd46
f29f07ef
e98dff0b
0ab0fdf9
0c07f5e6
fa94111b
fb7f2d99
de33f21f
d4b7f7b8
ebc41d4d
edf7e9b5
ee03ed5b
f2ef1024
f803fc5f
fa48eb99
f80b036f
f4b426a1
e75cf442
ef67d25f
143209ca
20fb1185
07731290
f2d9fd4d
fd93cabe
01300182
f4eb14b1
f0e6e9d4
ee45fe27
fd62f1b7
0c3bfb13
f6112e70
e91001d9
ff5ee73d
00d608ad
e322f3df
f427f7f4
18161453
0891ef42
0aa5efc0
103e001c
fe25d04c
1243ebbd
07a5178b
f46feaab
1a56ea46
11baf9a2
ff3b072a
1b4d3524
1ed80660
10addbae
fa1e0e9e
ed4f1021
013300a2
06d40ed4
ec68ff0f
d26cf7b5
f26d0d7e
21590b8a
11b0f34c
0f8200fd
18d820f2
fd4b18b9
0acb0694
23b80dcc
032d18ce
e73efe80
f815eb75
0a640162
0d20ec50
19aceb5f
0b651565
fd5ee6e5
2d98d1c1
1e950152
dbe1f32b
f4fdef2c
0d9309e0
006e0bcc
024e043d
f29afb3d
00ba0b6b
1276fa4c
e633de6a
d9e707d0
fa1efaef
15430185
f830f1d9
e65af800
f872e737
0522fcde
f95712e2
eeae0629
0fa20ce3
1c2d0380
1583001c
1acb0b37
fc89f425
eb270218
f354176f
0b81fda7
26d3fe02
f5dbfc15
e433ea6f
05a7ef6b
eb0af8fe
00f80fc8
21e016a2
f1f6012d
ea43f977
ff1e05f4
f9d11a58
f6fb17bd
fecb1ac4
0d33259a
fdc20c6a
f27503ba
0c39fed2
12f6fb96
fc191285
ef580073
0b24fe4d
0c901110
f02314ef
1fa02cb4
2913f4fc
ebe0db30
0584247c
135408d6
efeaf41d
0d3b0987
1320f15e
ec340da6
e5ecf808
f107dc4d
0f3f238a
18251ab4
f9e4f259
0654f89f
186f0fb4
f96937f2
edcdff1a
fb09d323
fc130254
efa3e52a
dbe9cdb9
f3fff579
1d800766
0ded1115
02befb9b
0af8f32c
fbf20059
1685e357
379f046f
0e2c39db
f1a708ad
0418fe83
0f142523
1d0e0c8e
21d401e8
129b02e0
0d8ffb80
12f7137f
0f9df282
f1feceb6
f055fd1d
19621318
11220c34
0bd3fad9
1f12f2f7
f725120f
ef87f91a
04d1eb90
fa1a121f
1a84fdd6
1c94f807
f73f03de
071dff8e
16421852
199cfddf
0566de44
e8d2f8b5
fc11f5d8
fe94eb5a
f60b0561
ef641fd8
e86f08c4
0f35ea68
142dfcfa
fab403c6
e96b1226
d2b71c7d
f19ff8ce
f285fc0b
e4a700a9
0b34f7e2
e771fad6
e07fe3e7
1a29044c
05eb1623
f9ebfa19
00e1252a
fc8f16fe
f5f7e7ff
da25f980
f74de0cf
00a7da03
ee9df33d
2731fb7a
17b0173a
eaa61304
154d0776
09ee0488
e758f5ff
146efd0c
3491e45f
194fe25f
10071738
107211b8
fdb7022e
14f50483
1013ee2c
ed92f030
0931fb1b
eddef653
c8cf055a
f2b706cb
fda6deeb
08d7f55b
0363334e
f15702ed
249ce9fc
1616184c
e51cdbbf
01d3c2ed
fc76065b
dc0efad4
ed83ef5e
027af54e
e80cd5fc
ee5ce47d
2e30fbf4
1edaef2c
083df080
233d079a
0103126f
0000f8b0
2494ef51
115a0256
f44a0964
d9441988
fc70ffc4
2583c1ac
efa4e4c5
e8f62463
0c980ba3
0585f053
0e50f825
125ff94c
0bbe0af0
06d41766
efa5f34a
e393e916
ee451600
10bd16ba
21adfc36
06450cf7
ff8b147d
07a31838
fe532410
014afd06
10abe5da
15c6fb74
0ab1f9fb
0153fca7
faf2fd48
e720f88b
dffa11cb
f6080e3d
0ad2f74a
1a60f22c
2e79e616
123bf562
d7caffad
e5e0ea9b
04520599
fd061f79
0534fac6
f471e9bd
e837fd92
0a16fbac
0a51f55c
0686076b
00e609c0
e4f102e1
065317c4
25771728
144bfe6c
0bd90977
f4db1a0c
fb0a0ba6
1605ff49
0b3d0774
137f07ae
0410e90f
de41d606
e9f5eb63
eab1eeba
fd69d9bc
076ee96f
d5040a67
f93f0e6e
18b0f801
e139eaf4
ff5f0671
10210e8f
efa2f753
179a05bc
0c8d04c6
ed8df86c
0b54256f
ef0b2868
d447f3c6
f2b7f0f9
f0df0a77
e981142f
04fb0ca7
1456fc86
0a9cf7a6
0d38f816
0385f097
ec24e773
0799f94c
15531a23
fde21432
019bfe79
f06f089c
f10209cb
10b9ec5e
f160fe89
ecbe278c
0da2057e
f6b0ecd4
f7a60dd7
05e51a36
ee5012ef
fab9fd1f
13affc54
0dff0bec
0358ec05
f4f1e5d9
f556ed51
fc51e330
f77708ee
0c3d1102
1aa1ff42
f837f736
eadddf60
01ae0abf
fb3a22dc
eed10365
046915a8
0d2ff746
02aad759
080a0b92
05351618
0598fdca
19e8f82f
1912fbf1
17c8f3aa
19f7e1c5
0bdffbbc
0a0009de
f8def601
0ade1a6e
fb6ce9d2
14c0ee26
f299148a
f10ff6c9
2ccdc62d
10a1eb46
02c00c82
1a0dfb34
05b7f8d6
0351f379
0986f2ae
fd20f1bd
e766f2b9
e9b20dea
0a3cfd16
f4fae86a
e6fe052f
06ae1ad2
04b028da
14c30ad1
1a15e3b0
f539ff35
f4811a2d
f53d1463
f8f0f55a
fa33f9a8
ea782182
039a033a
0100ffdd
f84e1b7d
039d000a
d27f1702
e9fe1a7b
1c90f04e
eabffd41
002df0c5
2025f560
e904177a
ee15f8a0
07b9ea3a
f48cf177
f89bf9f7
11081a93
127b114f
09d601fe
fd2b1455
e27f137e
092f06a7
28870f97
e2721acb
f47bfafc
1fb2e94f
e2cb0480
f149f5ed
102ef139
02611d94
160819b2
f4500d17
e7bb2494
0d8b15db
f09ffa52
ee910569
08010005
e9dcf4b0
e4b015b9
fc0217f4
fbc9f4be
0a650ad8
1aee21ae
107dfe50
188dfbd7
0870251e
e1f22a45
fc791494
fdfe0b35
f85a09d6
2e83fe24
1c92e71a
fecdf295
08e404c6
fa1deca9
0bb7f0cb
fdbaec3d
e671c54f
ffe8ee4d
e2b20eeb
e16febcd
06bce898
0aa4e9cd
15d7f924
f2f31218
ee7505f3
1b880b0b
ff70fc9c
f9e5e869
0c710a73
f6260575
f3bff0b7
f5cd0fa4
f5821d97
036400eb
2198ea79
280f0188
fbb31ada
e8891036
e5000040
f8fef6eb
1daafe18
01c40038
0706fdd9
11261f3b
e30a2866
fa9d08e6
1114165c
0974300d
0abdf8a1
dddcd6dd
e12e13f7
0696026d
0a0ce61b
0bfd2fae
eac3108c
ede2e640
1c231640
17b3f5cc
f9b9ec22
cfb8fd72
dbadee57
1cf717b2
2a420860
1dff012b
00ba29bc
ea75ec18
039cef6d
068f2d21
fccf2056
02b11bfc
fcebea02
fb43d71a
10501419
14670972
dcf40aaf
d51a16a4
0edefa64
ffbc09f2
f3c2ec1c
1e91c850
1b76f76e
fcb30766
e5b6099f
e8bd099e
f24ae8e8
e510f1d3
f607020c
07f9f912
0cbdf394
1fc9e9c2
10aafe1b
0a0a1e49
19751c49
0814fb69
06bae026
1a1c0bb4
205712b3
1adfce9b
0587f686
fc6f1eb1
f93adb5c
ecf9dfbb
efcf0574
f7210898
0d5d1768
2ac4fa5d
14b4ed1c
f6901304
05420d4b
10b1f593
14a706ce
1a022ae8
03dc134a
fa64e56d
0d180695
07590c2c
f907e732
05dcf156
11d1db32
f804d614
e01410d6
035210c6
24ebfff4
19780980
0cde0056
f9971110
f61d12c7
11a7eb26
0382005b
f23f0fbc
1773d7a0
13cbddcb
eb5dffcf
0161eaaa
11e6f738
f058fc9b
f5b8e791
03b20b4b
ec881c27
f18d0e41
09441108
0b1c05f8
056710ae
fff61626
f8dafe4b
ebf3073c
ece300e8
ee74edbb
d4f411e9
ddfa27b0
05e60989
086bf84f
ff90f87f
016ef246
10cdf975
28bfff31
163defe5
f132e87d
f1e2eedc
0083070d
0c22179a
1fcc04b0
2c0a0b55
20391f3a
04120c64
eb72f801
f034f904
06410a32
fad409a4
e6c1ff95
f7d60750
ffacf6d5
ec38fdcf
e70f1697
fc3cf838
132bf702
09cd0b2d
047d014f
14e30992
00d4157b
f32e1fc9
f6e1088e
d97be9ef
f3160473
221ef2b2
fac2eb8a
e6821ba2
0aa3f6d2
1175e95f
ef140f0e
e62af6f5
187d0156
ff7d118c
b785f61e
e5bcfbf6
0975f75e
eed2ebd7
f6f0fea2
f37e0364
efb3fe6a
f516099f
00cd1bf1
17330c5c
f85cf898
f1161557
10fe1311
13e3ecce
2109e784
fefce89c
da70f792
04b409bb
1c6bfcde
1709ff20
fa4f0b71
fd690832
27c901e4
00fefb45
ff62ff33
1ba7f8eb
fe3afcda
ee050a2c
f712d240
e7eaf84e
fc410e02
08c10dd8
0b371490
10ad0a37
f69e153f
f6da06aa
0c3bfb35
fbcd0d4a
fee3e9e5
1701dfef
0b410908
f3cc05a6
f645edd7
0bcfe884
0e9601a2
07201d05
0abf0fac
f731047c
eae404b1
0544fc10
09130f5f
f89d2d90
025d1f76
16b801e2
0c96fb3a
ed13f3f4
037bf012
2c90069f
0af9191f
ef88fc72
044dd1ea
06cce0b0
0cdff590
0665de00
ebabddf0
f2f7ec34
e8f5f0dd
de64027d
044b039d
169c04b2
1ce5072f
10cbea19
fb3fdfb2
1fddffc2
0ac71089
d74be5d5
144dd3b0
1da606c9
d260fabf
ce17df45
e8c900d3
0b07e0ba
2c8cd1c9
0df2146c
f5e612a4
0df9f6b8
07f3f29c
fc3bec4b
11f015ca
fab3229c
e18400d2
0e7c1775
0a501e91
e306fc2a
0bfaff0e
28c1f4b0
fe40e0ac
e623f229
f67af11b
fc18f823
09b21a97
1b0d0650
f3ede3e0
f7c0ec04
21ddf62a
fbae07a7
0276151f
0bc30526
ccfe08fc
f7c317ba
1ab6019f
ff9df6c1
210e0e1d
f52d1878
c96c1d17
fded1fc5
f2df060f
e555f714
f27e0d29
e3ed1cb7
fbfb0bcd
137df100
1468ee2c
100afad8
fecff726
0113ed37
f939f9fa
038b0a56
1e14fe9d
ee9ffe03
e3ac109b
0daffa27
f0a9e925
f28c0eb7
17740f9a
0551e30e
0fc1eaa4
22bd0b1a
129b0faf
02f11dbf
ea271693
0064fb82
1db50bf1
0a26ff90
1c05e03a
14b1f049
fe54ef25
187f031f
ea3a13b0
d433e3d9
0c6cf838
0a1a1027
17ade158
1feeed15
f506fbd7
0272ebf3
0f74f604
fa7ef688
fa25fede
006e0805
f93a072c
f4ed0ef1
0e4705f4
f8a011a7
dd9e2858
12350dc5
0df1f2cc
fec7034f
276b0f1f
1c95f402
0e5eea52
03fef760
fee70638
096c2de7
ef431b7b
f711f3d9
e2eb136f
cb680015
1631d993
0a41ee71
f119f344
2c770327
2f2908c4
1d9cf160
e064fb47
d39bf878
24cdf2d8
fa5806d4
eae80695
215306a5
fc8d1360
02811186
055e01a3
e4280295
faaf153f
033d115c
0ce3f76e
fd1fdbea
e58ddf1e
0b22fdbc
02aa10ab
f9591985
195cfc85
0efdeb71
f6db1619
e8a91306
004bfeda
095111a2
efd310a3
16ac007f
13cfef77
e5e80140
fa4611a6
f33cfc06
f9011314
1a7305ed
fbe3d9a6
f75fff84
ff5f0712
df41f67f
f6b203d1
1caf039d
fc6b1535
e13405d7
00d6efb6
152b0282
f5cde73a
dc9dd972
f203ef1f
0ce7edc0
0951fdf3
01f00535
f363fbe1
f06eff14
1739ee2b
fcaee1c3
d698fec5
27a808cb
3752e502
ee49f9c5
00182621
1d4f02a1
111df033
1244f722
1c25f729
25e21e5d
0c8e12ce
01b0ef37
1467ee06
f697dd29
f1f0058e
0e50241b
0793ee29
1254e62a
0573ed6e
dd61dd9e
f43ff4f4
101c0992
06580327
fba0ec8f
0037d984
0331f280
ecff0cff
f024f63f
eb49ec3e
cbd505d8
fdc4fd06
18a70199
eacf22c3
039108c0
1682fe07
fa15fc88
f31cca24
ec00e693
fae10f53
00c0eea9
f8affd1f
11b90c0e
12dbef98
0c31eee6
0945f7e8
0f3700f9
38b406a0
11cd0a7c
dcd81e9c
056118b5
0e01fc3d
079cf17f
0c33ec01
0082ec73
1718fd81
0a590497
f5bcf7cd
0d9cfcff
ed6a0c04
d8bafc1c
0232f1bd
0afe07bf
f5231182
e5c20184
fa1ff28d
1592eb52
0833eedc
084a0563
0e9e0ff0
f9f5fd69
08c6f075
2b27ef9d
1a11ee39
f646eb63
f593f77d
ff08166a
f07704f3
ef73d619
1045e9f0
13db1813
1255149c
0bd7205e
00d71b00
f1da1a66
e5ce0e1a
e7d9ecf0
00feec19
1a3ef32b
115516fe
ebc21cad
ee89dff7
197000b1
03021a15
e87eeddb
11fc09eb
05360394
e96af60e
118118b5
09f7efee
e4f7f5a7
02bd260c
1c28fab4
ff56e471
e47ffe97
edef1403
08491f9b
19810d71
1b5bfa70
1444efb6
0bd5e767
0604e6a1
044ee600
06d8e6d7
0d6ae83a
15c4f1c6
1bd9fe0e
16fa116b
01f5209e
e9dd0f63
e5ccf784
075de570
1c5d0409
f52a2493
eafbec18
0fb5f579
04c61de7
f0c5ec95
02b905b4
0a0911eb
f689e3db
f34116f3
13c21009
06d3dc29
dde00836
fcef1ca1
1ba1097c
0f35f31f
fe69e146
e47bf4b2
e27104d9
ea8b1069
ebaa1bd3
f82e1a74
f5141d3c
f2f61c0a
f0ba17e9
e2c80fde
e4c9013b
e904ee47
fdc8e42b
19dff58e
12830f26
f4c91df7
e3a9f903
081ee204
15dd1a1c
e8db07ae
fa5be9c8
128f15fc
f158f794
f761fb5f
0f6918f4
fc7ce2bf
e8ee063c
089e2352
1a84e51c
ec4bee07
e2590959
fd8b175e
0d901b51
1f1ef8cd
10d3ef4c
0454e76a
0090e022
f00dea60
f856e311
f5fee5c1
fa39e639
0edbe346
0e97f27a
1e10018a
0fa4173c
ed9d1ba0
ea110012
ef6de4c1
1bcef750
09751c9c
d7fdfdda
12bceceb
086e0d59
e2ab0318
1674f98b
f866fdd8
e9f8066a
1d7108bb
f5dae722
e1e6053e
103d22b1
1575ecbe
fac8e664
e38dfac9
e6f40b2c
fdba239a
0e4a11c7
17f90bab
1a630520
1a27f444
193effae
1a75f874
1a5f0196
15db12e7
0d181113
f6c52167
e5b10ae4
e673ee0d
ff02eb12
1db5f2a3
013121d2
e245030b
0477db8f
0e5718d2
f30e018b
f7beea02
0a3f1857
fed3efef
ee3cf737
08221e66
0fb5e54f
e64bf04f
f0501fcf
1a490649
107aee6c
f44de456
e3fdf59a
e5331389
f811161f
04511c2f
0e3816f2
14940efa
1292149e
14130fa5
0cb017d4
01881c79
f53f14e5
e2600ee9
e68ef057
fae4e267
1477f34a
17540da5
e6ec1914
ed78e842
18baed5a
fadd1f0c
f3f4f043
0689f147
fcb41a34
049ae8f7
f461fa17
fd321c87
19bae5cf
e716ef7e
ea991a37
1ed10a8e
0e19f080
fba2e114
e677f366
e0530e0e
fa6d14c8
fd5e1cc7
0d5616cf
1462127b
0ce615b3
16ae1189
071319ef
ff441aa7
f50c1401
dde10a6a
ed5eebdf
fcbbe343
1763f455
17a01086
e12416b2
f5ede327
1755f2b1
fa331e28
f828ea6f
01e8f855
06751674
fddee295
f2210789
11281484
075bd89c
e23c04ac
03191cf7
1e4df60c
059beacc
eae6e663
e4f90757
f3f81b98
06e912a8
14091963
19ad0638
1bdd038b
1ce307d5
1ac9fde0
1a2f122c
117711d6
03031784
f1d31c9f
e285f82f
f0a0ee3c
0e5ce46c
1aabffa5
fdcc25b3
e2efea2a
0e82ed03
13e615bb
e553f3d1
09c4ff61
10e7fff7
e545f55c
0ee3116e
11e9ef75
e1d0f03e
02f71eec
1d15fd82
0208e012
ea33f629
e92d100c
079b1add
19900dbe
1ad2fb3b
1b86ed59
0dade724
0c1de38c
0aece2c4
08afe5d1
161ce590
16f6f1c6
1df0ff0d
194f0fa3
fb911e73
ee440917
e7c4efb0
0b3fe57f
22f40331
ecfd1f24
f3e2e9a0
1515f05b
fc0a1d6e
ff99eb78
007ef9b3
02ae1888
0ca5e47d
ed1aff68
048f1c97
1f94ea9b
ed56ea44
e8770e5a
0c881887
1a5d05a4
173be906
fee4e331
ed81eb17
e7c2f698
e4c8020e
e705077a
e9c8fb74
0364fb84
f1bc2192
ef531c8d
fd871582
ef6b03f0
2091f731
22580507
e7b3f4ce
0ef6f88b
14d9197b
faa807c5
1a74f522
0ec21c25
07fd34fd
11e60efc
0503efd9
0005f6e5
da2d00c2
e879004e
2246f99f
f8e311a2
dea60d4d
03ecd92c
fc90fe5e
f107206a
f70aff68
db811863
cfa80a87
f48ae36d
efe2f8cb
d91ee5de
0485f6dc
10482992
e71e06ff
f40bef47
1890f986
0731f1dc
e85ff007
f9b90327
f5541224
df7b0538
137714e5
24cb0cbe
00ced81b
08fcf944
049a0adb
0a7cea13
23200e85
0930127d
ec13f069
e21cff30
ef5d1653
f76d151f
e333f980
02ca0386
136d206f
f09304c9
0019f16c
063cfe11
01d30689
2087fd3c
0abcfc51
00b51234
2d1df584
105edef3
ea4effa3
012a0af8
f0e8130c
ebf6fd14
08ace27a
f50a0781
053e0ed9
18730418
e632fe83
e914e858
f1fcfb1b
da0a058e
f5cd038f
fbd110ee
f4541253
061c29a0
fa59135c
fa47dbbf
08b0eae0
052bfced
f78dfb55
f38af25f
15d9e911
17dc033f
f8a80035
005ef068
fdc0fa40
fdabec79
1a3eee84
11c10480
f0ca03b9
ea2a0855
f92d1832
fd2c11cc
f40af691
f1dcf3a4
015fff2d
21490130
2b1f08fb
29cb07fc
21340f7e
f2601c15
e76f104f
031e05fd
126df350
1726f15f
e6b50a07
d58e0129
0634068d
04f525f5
05a9212a
17aa0707
07eaf68f
002dff75
0504fa59
2547f1ea
26632222
ef392933
00a4f1b6
2853f49a
0da80ec1
ee6d0b5f
eee218b2
02df1243
f532ea8b
f349fe27
1eea2605
10241e48
002e1661
146ffcae
f1d9f10d
da9b10f1
f7030945
12fa0653
178707b1
067cf37b
0d380d9d
040502a0
e97de6af
025d050b
fcc2148e
e9522517
0da004da
0cafdd6e
f9831e11
fb30216c
fab5f672
0d47f8ce
fa74ed34
f33410cd
158f1327
ebb4ee01
e7cf16cb
0fcd0b9a
e3b7ec33
ff21ffdd
2b6cf38d
ff240386
1498036f
18dfdfd0
fb9f03c0
22320b53
037cdc42
e027e17a
1d16f928
24affb51
0c5e01f5
1ff70752
104bf271
e673eed9
f02b01cc
fcece3db
e78dd8d4
f7fe0d8b
0b2e124d
f7e3eb8e
fe97e3ed
06e5f2a9
f7c20414
f0210a3e
f9fb05bd
07420913
f7671898
febb0ed0
1034c9da
ec9fb3f8
f3430c68
163b24a2
09bae80d
fe19f5cb
efe80507
ed63ee67
fada0e5e
f0f6174f
f8320272
0f810bd8
07c6036d
ebf30f56
f6d51934
155ee61b
0308e2cb
01120a86
04600346
e54001ea
f1dc1dc6
ed060fb4
e501f03a
0add1005
fe0a1ee6
06380093
12f711d4
e60f0500
f744e6da
07c40e32
0f9c146f
3c6014ab
187b1539
f413da7e
0db2ea78
1f810638
2151e3f7
f743035a
ec3c17da
f9de0aaa
d4b0144a
e0aefffc
fc6cfbd0
fe29ea9b
1747cc90
0335ea9e
f8afe5c5
130fe9b8
fc800c98
fc3bed3f
1710f4ae
0ce8044f
f2a5f586
de8e2bfd
08c61eec
3ed5defd
19680b46
ee41336e
fc6218a3
ff9afb47
eb21fcfc
ef6f0c80
f9aa047e
dc6bff91
e3a4f8c5
1725fffa
072c1584
fa6cff4e
2435fb92
2110002a
13ddf764
0bb30c65
e816e833
f32edfbe
02751aa5
f20ff6c6
0ba5e134
096600be
e95cee86
10ffe526
29e6de97
0407e902
ef8203bd
f81b0489
13912061
0c071439
e957e582
12d4fd58
1c32163c
dc691005
004e03cb
238ffcc3
03f7080f
275e1369
214a249b
ecfc1836
01d1118f
fcd02ebe
e7a10586
fbc71596
074401a3
ee17d10a
013bfd4b
0135ed37
f0d9cc17
fa1b2830
03ec2c56
0acfdf19
f6d6f834
f719288f
0c8510e1
fa4be369
f8540376
f4722746
dce907ae
ef271878
f1f32428
ec38fe2a
08ab0c23
fab613ee
e8e5f6c0
0811ebcf
07ed0351
f2842bf9
fd380b48
08ccd141
fe21eda1
f04d13e0
ff0a1c26
119b2515
07500cab
00d1f212
fa10f684
fdbde101
1645d551
0a0afd9f
02fd068e
16c201c3
124c1811
16ea16aa
16c1170e
100a0b81
1c52eaf6
0d8df865
01e4f229
099dd5a3
0ff8fbf3
183d1f7c
0526093c
f7f1e138
e9a1d079
d8c4e675
fac7fb39
0ca300fa
127103e0
0c2a03d8
e68e01de
05d6f6ab
0ebc0406
fc9e2498
305c160d
1222fd37
de58fe58
f807f1d7
f18c0c47
edf342b7
f7d91320
fda7dfc4
04e60b59
fe380002
113ce124
029f03ce
eca1f7cb
0ba3ef34
12bb1cf9
1bbb1638
0c9ced2d
f4bde6ab
13570482
05520eeb
0c29f8a8
264d1286
021a2b0e
027706af
e744f4f9
d82a02c6
08ff14a4
e1211474
dd3804ab
0d121a5b
f5e91fe1
fe2b0227
0896128d
093f17d8
19410184
02911659
08a607af
0db1e742
efbd10a1
f3390fb6
08e3edfa
156c0eff
fd9b0f39
ff01fee3
1f990721
fdb3e455
f312e710
ff87ff31
f0cef058
15911630
165a1e0b
e8ffeaff
e192010c
e51e024a
07a5d5c2
050bf841
d7690df4
f8d0f769
1388167d
f42a102f
f529e5f4
109c04f4
226c03c5
1b38e5c9
f780ffa1
d7b4014e
e37d09ee
0193082b
0d3ed8d8
20a30577
12e32939
e5fcfc95
f7e805cd
135e0249
0afaf25b
03f10bed
f6c20b0f
04e7fc7c
17c9d9f0
fa37d725
ec640ad8
080b071e
151b0ace
024415b8
00c7f04c
105403f5
02301564
1121ffdc
2ebd0556
0c2beb17
ff86e8c7
11e8133e
faf00985
f4b50283
0e4308f0
0e0ef8e3
f066084e
e97e1920
fda805a8
eeb7fbc8
dbfe0371
e80b0790
fe44ffbc
1b68f079
0a02f9c6
ff9d1b47
23d91b6f
0527fe59
ee4bfad8
0096fb80
dd9aedfd
ddd0e764
e6c6dd4b
d8bbec6e
0c0b0b51
0b15fbd4
d6040257
e9971c60
089ff137
150ae382
098aff5a
f517ec11
02e6f2d1
fb31037c
f16df209
037aff83
0a2c062f
1dbe00a9
22ba148a
0ac11593
02d90e61
faca06e0
05acf9d9
1c260271
0a49fad7
fe1ee728
0506ffff
facd14f9
f578fd20
faf5ff40
038f10c8
ff5be987
f0b7dc01
0fb006fe
162b1256
e1291232
f94a0181
175ce355
f2f8056a
e965235f
d0a2065a
f5efec14
43d1ef22
fe7a0ce7
f9f3146e
370ffb9e
ec90eecc
ee97ea12
1af8fbc0
f5741680
f0300dce
e2d4fa91
fc6aee7a
1c4feb9c
ea470237
f8e414bb
0bd40dbc
f09c1c51
f30c2e03
ebee0575
0ae2f6c8
118120a4
f57118bf
203ff513
0ee6f1ce
edd4fc80
1802fe9e
0cb6f1ed
ff5eeb3d
1b24de12
1d17e4a6
07fd17a7
fcf72353
18fd1568
1bda1908
0aba123e
057f0e37
dcbf06da
f293086d
28e60256
f376f066
d93311c5
17280e23
26c9f436
10f81258
14cff8dd
fdc9f8e4
e04926fd
fd0a0049
ef210859
da9f2714
25c0f103
2470e66f
de1a0717
fdd40bd6
2794f36e
085becb8
ea18133c
06d604ea
27caf65e
18321a8c
1d9d025c
2656fa17
084d120c
062df26d
13e7fa9d
038a18a3
ea7b031c
fee9f77b
2cd2f5b1
0b29fcc5
d31e0fc1
f1060acf
191003a9
18dbf2c2
1750de36
db88ef91
e3e61533
033c0ab6
d775061e
e6010978
33ff0925
0594294e
ed941a14
076c042d
e43f1eda
fadf16dd
05140002
df260eec
04e32164
12591357
f3caf643
f537ef9e
eed003ea
e0cf131d
df3afeda
e394fb84
d80f0b21
e4b6efea
2061e3d4
24a0f212
0acbfc5f
0d49fe0c
098bd673
1984e333
110d10be
d941fec4
cad10624
f365fd7b
0dc5e4eb
eb110f09
f0e61308
27f30f8b
1a361ecd
1271035e
11cb08e3
05cb0cc7
2ef1f442
10fcf8c3
ec7407d9
157d119e
f42af837
f3b0f5b2
321a0625
20e0de93
145ffc44
129623db
f92ff081
f5e3f0da
f442f158
fe3de53e
026a12a3
ffb50393
15f6f197
1294107d
021df628
0b3df696
1a582e3b
1b31267c
0a0b03e8
0da80d2c
09122014
eee918b9
f7b4006c
e4a50306
d2c009b2
0fede1a8
1358e20f
e8a30a4b
0aa2f9cf
15750276
ee0924b5
f26a184b
05d80c40
fb1cec51
f7fbe3ac
17f51074
13020e5f
ddb90c02
e50c1c74
00311058
f8690d65
0d4bfdf6
16cbe49f
157edb7b
2155ea76
fdd113b2
e9960b3a
fe84e80a
0f04e6ce
16a5ef97
ea4906b0
dfbf15ec
09d7156a
eef70107
ea3ae7e3
0d4d06f9
fee914d1
fe4e0988
026d18b2
f9040437
01d3f919
00edfabb
f77df058
ed8a15de
fc601b95
1879ffda
02e80434
e97b0baf
fb631fc4
15540947
0e3eeb72
f781113e
098a1378
11dd0d38
f97c1119
068ce346
18a2f1c6
08911c17
fa280772
f9170b7e
fbeb0a7e
0dbde4e2
1588f41b
f04d0727
eeaff450
fd2d021d
d3e90c67
f5a9fbcf
319af586
0ea7e539
fea1f4fe
f9010ec8
f875f769
250108ef
086b2171
d6f208b7
f9260176
125ef581
005af30e
ff13fc27
0bf1fbc7
032f0e74
0571f096
0ac9eb63
ea2e158c
e54edbae
0384dde0
1345336c
090d185c
f67af481
14e3f594
232bfbd6
04681549
01eff76f
f98de956
02d40400
0af9f840
f3950573
21831e74
2d3d1243
f068009a
f24ff70c
f99a0128
f202f6b5
f52ade8d
ee30f0f7
ecba0671
e4ae0541
f705f4b9
0905e99e
0298eb35
14bedf28
0a0ffba7
0269170b
0149ef30
e29afd94
08a71b7a
027a0145
bb3a0f29
e9fa0714
1c0de322
0153f272
f762f338
ffabfea5
ef3904c6
d6e7e924
0d090d81
23010af9
e6c5e513
00bf19b6
111d02ab
f754cb8e
08d916e6
ec9f3990
f89516c4
234718f3
097b1274
137306ca
038e0bdc
eaa90212
1b6cfd4b
13a415d0
0f6411d7
1c92f5d3
e1ab1357
eafb1b0e
17d3e623
00dddf63
f819e2e4
e944e560
dfa4129e
0eb61fbf
19140ddb
02cbfda4
0e38eaa7
fc70f84e
e14a0d13
04ef0a15
12a7f924
f546ed6b
fc7703d6
09980a41
0560efa0
0414f67c
0a8b0c51
229a0a13
1dc6fe1b
fa72eee5
e3d8e614
e2f8f5b9
130415ec
22471137
f2a2e3ab
fff9e7e0
0cd416cd
e8ec1217
f99dfc62
13f30f48
05841b38
01720978
221ff546
249ff47b
eb2a06be
f47b0d55
0bee098c
e07510a1
f99c17f8
07e813ad
df5702b0
f825f9ac
fd651075
040027cd
20690dbc
07a9f7d8
1991200d
153311c7
edecce66
20fce684
1fcb02ea
ffe7f77c
2898089c
165ef902
fd78fb99
1d5914fd
1a79eb13
0793e671
fdac0f72
f7341189
0bfb0ced
20261175
0f641cf5
0a541adb
1d9c1d07
ffb71fad
d76af20b
e1a0e73f
f776f877
f7abf579
d73f0c83
da4df84d
05f9e8dc
124e222c
1fe82afd
09e0fe36
f8f4fb5b
15c6073a
253104ff
f3e10376
f594f49c
0d65f34e
0ea320b3
1803143d
0cc2f94e
f3690cc8
ef1df4f1
173af38b
1814f409
e31fd20e
003a0140
15ed0359
feaedf4a
17720f7d
0472fc09
fc7ede21
1dc7f629
f9adf0c8
f6321365
0d1b0468
ebaac45a
e5fbe923
f91d0877
f79a0283
e5300abc
e09b0280
fd00fbb2
0bccfdcf
13f00698
1542f5ae
008fefad
09f51cff
1d2f19f5
155104f0
0c23014d
0519f838
f5080c73
ee89ecaa
141dd9c7
2ef11082
11930413
04620064
03c612b5
f7caf26e
090bf8c8
09c8f526
ee9ee78b
fb59f74d
0986e868
eb47f853
d80d0780
e80decdf
0733f3ea
1346f89d
e312feca
ca020c9e
feca032a
0afa0e6f
ebb50380
ecd4e35f
f3d2f248
f91cf31e
fc55e691
fee40354
f8260e74
e345022e
06c5113f
1e2c0e34
e6ebf8b3
e9310440
181406e5
206e025b
161f0a14
e4f70428
cebf0b29
ff1608fc
0ad60c89
e0ad2a44
d7790ab9
050ef989
0a880d8b
e238e436
e916ea99
e4600fcf
db31f740
ffafed51
f59cdd49
fb63ddfc
18230f78
f2751222
06b80700
1fd30f1b
ee0dfd1c
0065e285
0610eabe
e0d814b0
08a803a3
10b2d899
e87fe8c6
0062dd86
2704db2b
1c2b0834
fc390d06
f8540c45
0638eef4
042cd317
f34d0e74
f4bd0e29
1ac6e621
16d80423
fbdc050d
21dcf7c2
2f55f5d4
14adf7dc
1901152c
14edf8fa
f47be375
d3e407c4
e0a9f5ad
eebaf016
e1ba12ad
0b541704
15181378
fa5908d7
11860a6a
f6cffc3f
ef29ddf7
0e1ffbcc
f3d40e33
071f138e
0d0921f1
fd6df9a5
245bf544
0012fac0
f3c9d8b9
232df78a
028d056e
f4ddf282
f1470aa9
e9d3067b
0797ff5b
eb520b45
f0520af8
1bf012f8
f33b1175
df6e19fb
ed9718cd
eb5202ba
ff221441
010afbd4
fa7ac70d
1296eb73
1b710a08
0aef0045
08dd1334
09a80b50
f253eedb
eb0cfc22
037d09ba
103a071d
01f40640
f38df855
fd60f0b9
064dea8c
0655e968
06a80c6a
0526fedf
14bbd1f8
07f4fc36
f13c2789
0f2716ef
05aa03ab
eeb2fc5a
10450d1a
0ce10f35
f4f3000c
ec9509e3
e2c20f11
f9c714b7
0aa0111a
094ff977
12e7fc76
0277f8d0
e9ffdce3
f8cdcc35
08fbd4ed
f78203ef
fa421fe3
056d0eae
ed5f0eb6
ff021192
0f9bf0e2
e146e2ff
eaadffe7
03fc02f1
e524003a
09a314e8
4822f511
08ede5f9
bac61235
d85300d9
f889ed4c
09070c41
0df40899
d97d070b
fa1910d6
3247fe9a
f2e3fd21
effefc5b
0dfef09e
f20b07ed
fdf0037b
0199d704
056be0c8
021af5d5
e8f2085b
17052fbb
10ce0913
ed15ede7
1d33199a
122ef4e6
0322e94a
14ef2d03
fb151a91
0699fb02
f559178b
d0de13fd
fd4feca9
05bedf8e
f14ef041
fb56fb7b
eed2143f
f07f1860
1101e4a4
1712df30
f6c40a60
e9b613c3
016ef892
0537f066
03910e89
15e8eea1
1d2bd3cf
0a281191
f54efe0c
0de7d7dd
1bcc0dbe
eed8ffbf
db6bc9ca
e962e767
f53111d4
fe4802b9
f984f858
ff80086d
fb5fe987
f1bbdd4b
090e08c4
fb580eb9
ee4ffabf
14ffe2f9
0585e116
f3d3f84d
115d0483
fede1427
e999f21d
e99af121
e6a62ffb
00f8ff2e
f7f0eb56
e4541180
01b1e3f4
fa58fe22
e46c13f9
e897eb22
f5fc0d16
15b3fecb
fd43f273
d6832f70
f93621f7
0ac601bb
06600604
16b411da
11dc19f0
fdc604c0
1813ec25
149cedab
205ef429
1b00ff29
1a660e26
0e1a1a32
ecf01827
ec19ff02
f32be5c2
16feeeab
1cad143e
dff71177
00b1e690
1a15fcfe
eddb1782
09ebee04
0394faca
f60e1696
18b5ee7f
efeef609
f5a71b09
260cfd43
fab4e3d8
e47100aa
fe971b81
14031211
1f9bf7b7
0d71e67f
fa70e4a5
efb6ebbc
e767f42b
e6a1f9fc
e600fbb2
e6d7f928
e83af296
f1c6ea3c
fe0ee427
116be906
209efe0b
0f631623
f7841a34
e570f8a3
0409e3a3
24930ad6
ec181505
f579f04b
1de7fb3a
ec950f3b
05b4fd47
11ebf5f7
e3db0977
16f30cbf
1009ec3e
dc29f92d
08362220
1ca10311
097ce45f
f31ff0cb
e1460197
f4b21b85
04d91d8f
10691575
1bd31456
1a7407d2
1d3c0aec
1c0a0d0a
17e90f46
0fde1d38
013b1b37
ee4716fc
e42b0238
f58ee621
0f26ed7d
1df70b37
f9031c57
e204f7e2
1a1cea23
07ae1725
e9c805a5
15fced71
f7940ea8
fb5f089f
18f4f097
e2bf0384
063c1712
2352f762
e51ce57c
ee0713b5
09591da7
175e0275
1b51f270
f8cde0e2
ef4cef2d
e76afbac
e022ff70
ea600ff3
e31107aa
e5c10a02
e63905c7
e346f125
f27af169
018ae1f0
173cf05c
1ba01263
001215ef
e4c11093
f750e432
1c9cf68b
fdda2803
ecebed44
0d59f792
03181d55
f98be98c
fdd8079a
066a1608
08bbe28f
e7220a26
053e1e1a
22b1efc3
ecbeea8b
e6640538
fac91c73
0b2c190c
239a0246
11c7f1b6
0babe807
0520e59d
f444e5d9
ffaee6c2
f874e58b
0196e5a1
12e7ea25
1113f2e8
2167093b
0ae41a4f
ee0d198d
eb1200fe
f2a3e24b
21d2fecf
030b1dbb
db8ffb89
18d2f1a9
018b0cf2
ea020842
1857f5c1
efef012d
f73711c4
1e66f7de
e54ff04b
f04f19b5
1fcf0fb0
0649e5b7
ee6cef86
e4560bb3
f59a1c03
13891acd
161f07ef
1c2ffbaf
16f2f1c8
0efaeb6c
149eed6e
0fa5ebed
17d4f350
1c79fe78
14e50ac1
0ee91da0
f0571972
e267051c
f34aeb89
0da5e8ac
19141914
e8421288
ed5ae746
1f0c0523
f0430c0c
f147f977
1a34034c
e8f7fb66
fa170b9f
1c8702ce
e5cfe646
ef7e18ea
1a371567
0a8ee12f
f080f1e7
e114045e
f3661989
0e0e1fad
14c80593
1cc702a2
16cff2aa
127beb9e
15b3f31a
1189e952
19eff8ed
1aa700bc
14010af4
0a6a221f
ebdf12a2
e3430345
f455e89d
1086e860
16b21edc
e3270a13
f2b1e8ab
1e2805cd
ea6f07d8
f855fe18
1674f98b
e2950222
07890ddf
1484eed8
d89cf8a5
04ac1dc4
1cf7fce7
f60ce1b3
eaccfa65
e663151a
07571b07
1b980c08
12a8f917
1963ebf7
0638e653
038be423
07d5e31d
fde0e537
122ce5d1
11d6ee89
1784fcfd
1c9f0e2d
f82f1d7b
ee3c0f60
e46cf1a4
ffa5e555
25b30234
ea2a1d11
ed03f17e
15bbec1a
f3d11aad
ff61f63c
fff7ef19
f55c1abb
116ef11d
ef75ee17
f03e1e30
1eecfd09
fd82e2eb
e012fdf8
f62915cd
100c16d3
1addf865
0dbee670
fb3be52e
ed59e47a
e724f253
e38cf3e3
e2c4f514
e5d1f751
e590e9e4
f1c6e90a
ff0de210
0fa3e6b1
1e73046f
091711bc
efb0183c
e57ff4c1
0331dd0c
1f241303
e9a00c1e
f05beaeb
1d6e03f6
eb780067
f9b3ff82
1888fd52
e47df35b
ff6812e6
1c97fb71
ea9be06c
ea4412aa
0e5a1789
1887f378
05a4e5a3
e906e8c5
e331011c
eb17127f
f698183e
020e1b38
077a18fb
d57d11c0
ef6c2564
150efc88
f987f395
e757f1c9
11d2e5b7
24f40551
07b51a6c
f79e19c9
fd5b134e
f71505fb
ffaa1eb0
1c9723e2
059002c7
fc7a08a1
3015099b
1b94f543
0277fc71
205e07d0
04a80b7b
09b30a3a
18cdfbd3
eca4f55d
0786fc1f
f844f265
cef8fb34
1e2729d1
16930ac8
e999d63c
18b50a37
fdd80a4d
e723e61b
0b001e5e
0dc40b51
1bb3d598
08a20a2e
e34910fb
f84df324
00f80e10
f3a50b21
f0abec0b
fb50d86d
0deacbf7
08c7e7c5
1299078e
2c9ff959
1ff3fad0
0e2617f6
14edf9b4
2314cd4a
1991ee84
f75e15d7
fa441a4c
0e2e10dd
ff18ed6b
018feca6
11420a99
f7e801bb
e8a3fa96
fb52faf2
f2c0f524
dcd203d6
f8d20010
224de9b0
0e00f058
ec6cfe14
019cebac
12baec40
09601a56
1256037b
11b5e71a
fd0023c2
ee3b0a72
e3c2e76c
f18e290f
0aca1056
0e26ed7d
0c34098b
fb80fbf8
e8320b68
01690f50
13a2012f
f69c1c85
dfb70946
e5b204e9
fb821309
fce8f90a
eae70359
f8bcfb88
f48ee4b2
dd18ef8c
fae4f3c2
02470ad8
f2010765
08b9fbc9
02e6185c
fb6610f1
114000ff
0db0f383
10e2e90d
1a67e8e7
0855d84c
efdb19a0
e57e3e52
e8f4f158
ee18fe02
081217a3
13bcf996
fd940093
06e7ec84
0009eb0c
f4d50a08
1a90028f
1700f95f
0a38f88f
0c690d4f
f53b0d44
f870f7e1
e8d01604
de721679
03c1f837
fe150125
fd670dcb
09af03d6
0156eaa7
0c750fa1
f491353e
f75ff85c
2601e6a1
0fee04be
0e5300d6
19510485
e5bef868
e217f187
fd61ff82
f574f2fe
f8e9f600
08521fe7
0604225b
f542e222
fadbd976
0b5006e4
fe6b0a1e
fee11b26
071304e6
e883d104
e38bf599
014ef404
00b3de2f
05240a6e
06cb13e7
e972127d
f51a0bc6
05a802df
05a00712
28bcdc58
1627e7d2
f18410c9
0b5bf318
01f4f857
fddc05a8
1e51f01a
0507eb8b
ead6ef53
1091fe48
3b440322
24dd0af6
fbe40c02
0abcf1b0
0740f6e4
f6c8ecdd
17f7f0ac
11e6176d
f3e2eb15
1c9ddfec
2f2a0ac2
f2f0f6bf
f41c01e8
1eb909e4
f8ccfbd0
ef911861
01530144
ea6eeecc
11571797
15c01a21
dc5302da
f463ea9c
168bf157
18331503
f7440f31
dcbc0502
103d0039
0af7efa2
0385f091
38ece402
0b1ce1d3
ed9ef051
16b4e966
1a9610f1
1ae32c91
f143e713
cef5cffa
ed350b6a
fb6a1f8b
0c3c0ba2
007d10de
e4d22870
13fd192c
2a41031f
ff3815ec
f3390d73
07e6eea1
0bfef4c3
000900ce
fbab0614
019409a7
163a019a
1837f6e5
03aff7c1
089afb58
fadbe9a9
d6f0eba8
ca99fc96
e501f3d2
259f0af0
18c30e99
e371edda
f6ff0bc8
f2ad09fd
f3f4e8c5
08e5fced
ed8af852
fe8afe73
08a4fbc3
f393cc32
04a0ed80
f41700a2
ff60d3bf
1554eae2
e3e4063b
ef3a0d7c
07e81e04
f5e00c43
031d0cbd
e6611473
d959f2af
1104e615
1097f0e3
f591eb72
f1b7f1bb
f4191475
09ed2efc
10252287
09edfef2
01a8f3af
fbf51117
24a11bf1
28abfbaa
f278ef80
f87b0bd1
00061c77
e053fdb6
f221dd57
1307ec1d
1a86fa5e
120af8a4
09a304bc
1abef0f3
10c8d54d
ff9ff9cb
093cfebc
f048d18f
e8e9ed7c
fbafffa6
f695e010
079df63a
0401f27d
effcec9c
00781616
f8e1fb6d
f8160d81
145c2cdd
1523d0fb
fe0de70f
e7082848
fc7ee57f
0a00fcb7
f601227a
1824fcd1
fab1f07e
eef8ffa8
dc8e0cb6
e62d11ed
1670f187
ffa3ed40
e1da11bd
051608e9
0ad52060
f46b20f0
f436e394
00f4f85b
0ca60ed2
0029000d
ed5b04b4
fb7ef869
20f115ca
1cec24db
f6a3ed8f
0c5de9e6
1836009b
f669f244
0f5cd716
0e7dcefa
f4d5ee2a
1bb3f5aa
1355ef8b
f5af093c
0041041b
011ce660
1150e02c
0631ec18
ebfdf9a5
f865f345
f88fef3f
0af7fcbc
1c47044e
fdfa0bd5
ebf50d3c
0019fdac
2a600098
1f241433
01040356
12dbec7c
ec950714
d80c17aa
026b0259
f10fffb8
f4de117d
099b21bb
044716f0
27f9ed2b
1258e953
e00e072a
f9e20b34
005d071f
ec78f59d
f747d4ad
0cebd665
0d03e859
ecf7f622
ebd50784
194f0176
2175f9a8
fe2d01ee
f96cf854
131fe973
17bbeb70
f7c5f154
db0ef91a
fc5808f1
0e65f9e5
edcfd70f
0a1ff904
10ec1986
e86b0202
ff060f6f
fc0407bf
f5d5f285
142912d4
0714fe16
0820eb94
ffcdfdaf
fec4e33e
1ed7f022
f769fcdc
fdb1ea3b
1826fb43
e064e6bb
f886e9e2
095c0c88
df44e233
fa10e743
02da1b8f
00d1ff70
0b7ce0cb
fd73ff0c
12e31556
195301bf
00310aba
fdbb1954
06bcf2d8
12b7f95e
fe5a1c01
e3da1325
e9630c92
fab9f34e
0d2de383
f602fe18
e544f620
0112eb5e
f8c60c24
edb41980
00d4005f
f38bec19
da9ef80e
fa2c1683
1ce0180b
f27e0079
e35109bf
061e04a9
0272e532
1feaff55
334907ae
029af1e9
fa7cfe5e
fcd6e74c
f4f5e830
fd0b0ac2
f1cff76c
f8e3ee9d
018ae149
00d5e748
10e215fd
04cdf475
03a0d744
0e57f964
fd280d96
ff491c73
f3d7197e
eec91a63
0c3e0f0c
e6c6f58d
d4f10625
1106fe6a
ff02027e
e3100dbd
0809e199
fa3af617
f59f0510
00d5f1c5
db061fda
03a9142b
30d1f773
083b0bac
16c0fea2
1543fd6b
f8de0316
2252057f
087c01a8
d089fe8a
e2f924d2
f8b8fe7f
1299de03
fe7b171b
d8ddf42e
0960f447
0a264014
c6141882
d035f618
087b0729
171ffc3d
07b9f36e
0b16e60f
10bae765
123ef931
293507a7
19b50a6a
faa3f400
0016f2cb
eafe007b
ea661062
1b2419f5
1378f7d6
e46cf45d
e3f2069a
0a12f802
0f05f941
f2e8ef60
f8bbee20
f8fe01a4
eb91f4c3
fd43051b
f3c912c0
ef3afa76
044f07e6
e24c08e1
e12dee39
0ee4ebd7
faf00207
eb372244
f2fe0e69
d76cee89
d28df7a5
f817ee91
185bf20c
0a170420
f8ba0a95
18fe2376
04be1361
d618f576
040bf76c
0764ea72
b8e50d16
c7142187
0da9df76
0c9ce7ee
fc090ef5
15e9eca9
1ba7ed63
fac7f8eb
f444e762
124a009a
15b30ef4
f8f3f047
fe85f853
126a0966
0af6e7ca
06ccea9b
ecd413ce
d7c219c7
029222fd
1d311214
161dedf6
0841fb75
f2a7edbe
13c9ec7b
2aae11c8
0035f8f0
f3dffcb9
e79c1281
d60ffb95
10370c41
2e73075e
0680061c
19331dac
23b2ed30
dbcefafd
dee71da2
1404e0dd
0a4be8e4
22200270
3c86ec7a
1428fc87
f969f185
f12cecb0
f5390c5a
08380eec
1cbb1857
1c6f0d67
e840f3ce
eff209b0
1e6f113d
052df724
169fe66f
2251f990
ed48186c
f8e702ff
0682eda3
fff7ffd7
0d650dcc
fbae07b3
0266d894
1175d486
f4b61154
e6ae0058
f46beabb
f8e60f2c
d4e30728
ce4d0bf7
f6231297
e933ed2d
e815f77d
0d280451
036dfdba
e9410bda
dbc800ec
e4d2eecb
f6aae953
04bbe321
ea71ebbd
f453122b
11eb03a0
fcfdf138
fc3f040a
02b7ee0d
f0a7efa0
000912e6
006efebd
01d6f2ee
1b8fe9c7
0151d76d
fd97fbaf
11a4f47d
eed6dacb
f4870842
17130ceb
0930ffc6
fc591f09
f2ff1db5
f050f591
18fad89e
2c31eb07
fb170251
e6210bcd
14402189
2394f902
0be7d321
062efa36
05dd0480
00110d8b
09721b93
2d4803d1
32411107
11021c4f
1bc30608
14dd0262
ecd4023b
0aa6f451
1753e000
f95dfc89
023f1b9d
f038e957
e37ee2d0
0e0a0761
0f9bec6a
f2b9ebde
ed2a0b29
f819fcfa
05f6ed08
f880fbe1
edae076e
fb26febb
04bdfbe2
0b11f97f
f67cfef6
de571aa9
f1cef9fa
ff03c6d6
fde0f3a5
069514a9
0600f184
fb9cef35
e3a205ed
e7cb103b
1c7a0dea
264cf866
090902ae
0d4a1457
0edaeac4
008def5e
098925c4
fff5081d
dd6df5ce
f0442b66
0ca220cd
0031ef2a
09b2f86e
0b020e3d
ff63f1ed
0f25d1e2
f3a2edbb
dcf707f9
080afa01
15ebfeb2
071d0ad6
0ce007c0
0d3505ec
ed50f7db
d6ebf5d6
e8fb1391
e2a0132e
f4b2f4e8
273bf5fe
04d0fffa
fc6d06c7
1c1c19e3
f7ea0e0d
0196eb7b
15a5e5e5
fc8f0b87
09bf29e3
01bf0184
fe2aedd8
08511186
d7ef006a
e131e448
0be9ec21
eddefc15
ee5b0a78
026ffe53
f17012ee
1cee280b
495dfcad
04fd0118
e21c1073
17aff854
15c909a3
030bfd79
1a2fd801
1556f730
03d11c5f
07910a6c
0feee9e4
0df0fd16
053f1c1d
0043082f
f04d03b7
e5c82545
eb032aa9
f9b3ffaf
1302ea71
0d49131d
fca719ad
03c3f4b4
0867f65e
fa12ff0e
d5daebb3
eb32deac
2067f3c7
127d06aa
1874fd3f
0e6e086f
da011988
f9150986
030ef211
e9daf554
0e4a1429
08570bf9
efbae202
07e0dee4
0e08fbcd
01e91709
01a60c0b
0909f8bc
1b1ef49e
256be7bb
ea8b087c
bf4a057b
ff34d0a0
0d8b0757
f3b714d5
0b5fcea0
ff17e0b3
0575e9fa
0bdcefe4
e8f52003
fa230bea
fd15f9f1
f596fa8a
f56ce2da
d9310605
fc8b1faa
1b87f7ab
1027f55a
0ef90388
fea5f922
09ea15c0
ef2620c1
ce7bf2c8
f686fc66
fa51103f
1581f2b1
16b9fe7f
efd5082b
2fe7f49d
1be4f9d2
fbb9f498
35e6f1ff
0315f452
0274f5e0
1034117b
ce1a05a9
0163f091
097d0a04
df1c0bf3
00750bb3
058e13d1
1a9dfb70
f6baf574
ce6d08cc
15b113f7
fbc107e8
e3e0f16c
0ab803fe
d952fc81
efe3ca86
1ec4f058
030e136b
1a8fe672
1e84fb7e
092c149c
17bdf088
1730f6c2
217eec7f
2ddfdced
1fcf0d85
1786138c
1671f1c2
0361e693
de1fec65
e2710400
08cbfe6a
0e6eecdb
0336f2ee
06f8006c
1d1113b4
1544022d
f59af057
0d4afa26
0815e91a
da83f8f2
00b412f7
197afb3a
01a3fa96
14f1071c
03070ef9
dff10be5
0481f048
1d56ff4a
0d660857
f977e379
ebe9dabc
f5e8d857
fb41dd44
fd2e03de
075c1ba4
fe27176d
fded04a8
ff06fb2a
eebdfed7
ff41f5bf
0f2201f4
feb02024
f107136d
e4a20a57
f93b1ccd
15930107
fa2eeeab
f4b50a00
0560013b
ef19069f
f97d157a
1059f685
feb10042
f3c404f2
defaf33e
dc341326
fd78043e
ed35f67a
e85c2178
0ce305ce
ffa6e58f
fb36f828
1cb5f3a5
203bfc68
fecf12ce
d168fe10
d7bee437
04760318
17281081
12eaddb2
e827e4af
d3310c21
f7e6fd8b
f6512016
fc411523
03fdc7f1
f1a2e767
1105211b
0e010a4e
e4a912f9
eeb02c46
06bf1342
1bf7f089
1e06deaa
f8fdfffe
ec392717
fb8004e1
02aaf2ed
09690d62
0dc00567
05ac07b1
f86f220f
07a21630
1dc503c6
06730f28
f3fb0ba7
02f2f156
0b5dee24
0291f8e7
e3f50859
e04319f6
089700e2
13e3eb06
0a45ec10
0bffcf16
1276e1bf
148812a3
0b01ff81
1a93f83f
136301fb
e197ed3f
e47af24a
e84cfb68
e50cfe39
07e517b1
fe450fd5
f28ee35d
f0a6dbac
e9c004a0
23001710
273903d9
04cd0c8d
0e5312de
e40a026e
ecec0b6c
2004fdb7
ff95ecaf
fe5904aa
096bf553
ff94ee88
13251939
0747110b
f852f3ae
f63af1c6
e656f3f5
d6ecf1f2
d3c4e388
fef8fd08
085118ee
efdffde2
085d1296
08e629b3
04010184
0526ff0e
fc5c0327
0dc1f8b0
e90c0af8
ea500710
1bed05ce
e54515bf
ec86096e
19a601d1
e9f3fbbe
f84eed61
0a2a0033
f060144f
0e1ffc67
1f25e540
0da0f115
0757f115
0ecbdb40
fd72d7df
e840dfe8
048fe8f6
fbaaf13b
f2b1f115
1579fddd
0a6f0f58
19760e2a
17151097
f17812d6
24aa0dcd
1c2f1b25
fa230c80
29a7e788
fa11068a
ddce118d
1a81e0f2
fe5cf74c
efe7159d
12e7075a
fde21a47
ef6b15ff
f941f893
f40606de
eb3616c9
fad402bc
16a5ede6
f836f2a7
d850e631
1085e705
2f5911ee
02090b92
0246fd73
164d06e8
e80a02c9
d82317d4
0a4ffb5a
11abdc69
f65b04c0
ef07f876
f2610659
09252a7d
0db3f3e0
ef4ee66d
f429f780
089ff074
075bef70
0f2ae6a3
10100f1c
00641d09
f556febf
03cc0451
1e26e81a
01d6fd13
dc8a22fc
f23cda45
0d26da16
13c31416
006707f7
ed4dfccc
0287e1fa
1030cdfd
0e39f406
0321155a
f0440f9d
ee07f3c9
ecc4f4e3
10121078
24fb0f20
fee6f826
0da7e96b
07c1e7ac
e3b7f784
055d0941
00baef95
0449fafe
1bf23abd
f0440437
0097e038
098f2c2b
ef381192
2195ffae
07da2568
e25bf8fd
26aaf953
1cf211cf
e2fb1365
f4372f1a
18640d62
0ea6f584
f34808ac
10deff9e
27dc0a45
055108fb
f28200a5
f375f7bf
fb6cdd9a
04d419b1
fb6c3fa5
f8fff63a
1176ef13
248203bc
0839dbbe
ef89fad7
0d7a3d3a
29aa1d0c
170af550
eb09024c
fc1efaa0
3765e495
2113d103
fa04dd4e
059f0751
0ab2fe1d
0a34f873
fefb061b
f554fdee
f89c17dd
f4ae0d82
0165f048
fa5e1253
de9607b3
e9aff254
ecaa02e0
db53fb40
e94af895
082aedb9
12f6ee22
152a0438
1d30f6df
07b2f4a9
f29bfbf0
ff02fa13
fb81fd3e
fc75f243
0623f956
f6dcfb7b
f601fbcf
fe65075b
f58de9e9
f2e9f679
fdca0d2f
0050edd1
05280626
1b5c09d6
fbafe387
ce9fdf6e
f714c6e1
0e4deb5e
fd2b151b
fd20dd9c
f477f38f
10761910
2000e4a5
f34cdf87
ee3af092
f37bf344
e56304df
f5c3fff0
0d4b06d8
149e1415
04890f54
f7da18e2
f0650c8e
e246fc9b
f9c40361
f908ed77
e93ce748
20a1f858
142df8ad
cd751893
f1e218be
1429e0b5
01eceeb9
1e190e31
2efff8dc
0d4ef087
e4a0ef83
d41ef6ab
03800614
2bbefd95
06790175
f359043b
06e2f129
fdcef164
03d3f73e
2148f586
0f65ee4c
f462e455
09e7f2d6
101a0495
f1d404c8
eadaff16
f8920153
1540141d
265a0e82
fc78f81e
e3e4f944
e9990114
cfa40e11
ec25e7ed
edabeb64
f429dfa2
ff29e500
0e26e59a
1a32f1e6
18271310
ff0213e7
e5c20cd5
eeabe902
143ee353
11772009
e690ff4f
fcfee5eb
17821225
ee04f615
facafc6c
169609f2
ee7fe74b
f6091012
1b090a59
fd43d9f4
e3d8054c
00aa1b8f
1b810169
1211ebfd
f7b7e065
e67ff28f
e4a50590
ebbc104a
f42b1899
f9fc195f
fbb21a00
f9281929
f29617c6
ea3c0e3a
e42701f2
e906ee95
fe0bdf62
1623f09d
1a34087c
f8a31a90
e3a3fbf7
0ad6db6d
150513e8
f04b0a87
fb3ae219
0f3b136b
fd47fa4c
f5f7ee15
09771c25
0cbfe90d
ec3eeff7
f92d23d7
2220f7ca
0311e35f
e45ff684
f0cb0ce1
01971eba
1b850b4e
1d8ffb27
1575ef97
1456e42d
07d2e58c
0aece2c4
0d0ae3f6
0f46e817
1d38f022
1b37fec5
16fc11b9
02381bd5
e6210a72
ed7df0da
0b37e209
1c5706fd
f7e21dfc
ea23e5e4
1725f852
05a51638
ed71ea04
0ea8086c
089f04a1
f097e70c
03841d41
1712f9c4
f762dcae
e57c1ae4
13b511f9
1da7f6a7
0275e8a2
f270e4af
e0e20733
ef2d10b4
fbac1896
ff701fde
0ff315a0
07aa1cef
0a021a3f
05c719c7
f1251cba
f1690d86
e1f0fe76
f05ce8c4
1263e460
15efffee
10931b3f
e43208b0
f68be364
28030226
ed441315
f792f2a7
1d55fce8
e98c0675
079a0228
1608f996
e28ff745
0a2618de
1e1afac2
efc3dd4f
ea8b1342
0538199c
1c730537
190cf4d4
0246dc66
f1b6ee39
e807f455
e59dfae0
e5d90bbc
e6c20052
e58b078c
e5a1fe6a
ea25ed19
f2e8eeed
093bde99
1a4ff51c
198d11f3
00fe14ee
e24b0d5d
fecfde2e
1dbbfcf5
fb892471
f1a9e72e
0cf2fe75
084215fe
f5c1e7a9
012d1011
11c408c9
f7dee19a
f04b1ab1
19b50fb1
0fb0e031
e5b7f9b7
ef861194
0bb31baa
1c030a66
1acdec77
07efe9e1
fbafe3d1
f1c8e90e
eb6cf106
ed6eeb62
ebedf05b
f350e82c
fe78e387
0ac1eb1b
1da0f117
19720fa9
051c1d99
eb890cb6
e8acf25b
1914e6ec
128817be
e74612a6
0523e0f4
0c0c0fbd
f9770eb9
034ce5cc
fb661709
0b9f05e9
02cee379
e6461a31
18ea1082
1567e5c9
e12ff572
f1e70f80
045e1eec
19890c9a
1fadf1f2
0593eb38
02a2e339
f2aae931
eb9eed85
f31aea4d
e952ee77
f8ede611
00bce559
0af4ebff
221ff596
12a21421
03451cbd
e89d0bab
e860ef7a
1edce94e
0a131cd9
e8ab0d4f
05cde1d8
07d81591
fe1807ab
f98be98c
02221d6b
0ddff877
eed8eb7c
f8a52764
1dc4fb54
fce7e309
e1b309f4
fa651534
151a199d
1b07f8a9
0c08e468
f917ed58
ebf7e69d
e653f9c8
e423fc75
e31df82b
e5370220
e5d1edd4
ee89ee2a
fcfde87c
0e2de361
1d7b07d1
0f6011c4
f1a41b94
e555005b
0234da4d
1d1115d6
f17e12fd
ec1aea45
1aad0c2f
f63c009f
ef190009
1abb0aa4
f11dee92
ee17108b
1e300fc2
fd09e114
e2eb027e
fdf81fee
15cd09d7
16d3eff4
f865e523
e670f242
e52e04c5
e47a12a7
f25318dc
f3e31c74
f5141d3c
f7511a2f
e9e41a70
e90a0e3a
e21000f3
e6b1f05d
046fe18d
11bcf6e9
183c1050
f4c11a81
dd0cfccf
1303e0dc
0c1e1660
eaeb0fa5
03f6e292
00671488
ff82064d
fd52e778
f35b1b83
12e60098
fb71e369
e06c1565
12aa15bc
1789f1a6
f378e779
e5a3fa5c
e8c516fa
011c1ccf
127f14e9
183e0968
1b38fdf2
18fbf886
019ee693
0421f62d
1634fcf0
fba80810
f762f744
060fe228
f50d16fd
fb522ea4
ededfcc3
e032ff1c
091e1ebe
123b0360
f377d6c0
e39dea12
e6072344
f02e1864
e98ef32d
d98dfa5e
edb0edbb
1421e851
00e30107
e727e1ff
1205bf94
1d5ee1d9
e843fb28
dc3df0c1
0b0f0312
1f961317
00eef85c
05e0009e
197c144d
038f0061
0fd50a74
1f06013b
0944dfba
0eae03a4
0a3c130e
f66efeab
027a0807
1009ed62
0c45da78
f749fecd
e66cfcc5
f279eb6f
03ed0497
0cac04a9
0f99fc9f
0a2423da
fb801af1
ebdaef83
e6fb05cb
ee490f14
f7eff6cf
f693ef98
ff8cf29b
0adc1934
f07e2199
e2daf117
fa2ee970
022afc4d
f6aeffe4
f59004a1
07f320d5
f7c02d40
e12c0b50
1e5020c0
34fe329f
eb55eb42
da1dd884
fb06ef3f
fc01f846
faec15d0
0def0f66
130bffa1
f03703b2
cd97053b
d4b71329
f88a0ac1
0715fdff
eeb602ab
f54c056c
14210dd5
0008ff01
e882ecb7
fdf9f10c
0fcd04f7
0889150c
00feefa4
fd5df586
02053114
0fc116b7
081df4ad
fc3df4e0
f184dc57
dfdfea01
06a6118c
23d80b75
f79feae4
f393ec15
025ffec8
ed04fa99
ffc5fb18
2157ef79
01050694
ca9b467d
d09122d7
de55fb4f
de081aa4
0c8312c4
070c1599
dae61a44
fd79fe5c
109a0004
0aacfcce
1742f935
14d80681
19be1718
025428df
f0f503b7
00fce2c8
e41ffcf2
e9a6fc1f
0f89f061
08ac089f
15a41947
119a1287
f39803e1
fbc5ee72
f76af121
f0db0c7f
0387fa7b
f525e93c
eb3201ff
1877f22c
1266de3f
e72af358
169c1327
1cc220c8
ee5ff5f5
312de1b6
38eae92b
dce8d6d3
e483f405
0c4cffe6
0cc5e4eb
feb1fe06
f49a10df
09980eff
fd9eff93
ee78f1b0
fe470e70
f07a1015
ff9f0159
16b8f501
007ce15f
0ce7f4f5
2250f16e
1554e78f
0362faf7
f803f2b1
05a8fd2c
04130340
ed90fee6
f91c109c
0288fa36
fac9f88b
f4c1fe4f
efcfe12f
0c02fc33
11e205a8
e77eeaef
ec81fdcd
01ea0db7
00bb0c6c
00f00d5e
e6201a1b
f84c0f83
1b56f19a
ee2e09b1
02210e5a
2cb1020c
ec350f98
e590f879
fe610338
ddde161e
f5ff0fc8
054723f6
ef38fd13
1aaafada
2eb221d1
03e5f5eb
f5fc0a97
f36a15cd
f96de858
1e970e09
0e53078b
ed850a8a
103d27c0
0339e116
e29eec9a
04bd0dfb
eee7ebd8
dbcb0c7b
038e023f
f229ee74
fc3bfd88
1c38d7f2
f8bfff48
fb0f21a3
01fdf5f8
ea9a1161
fcd41991
f704fafb
e971fcba
f266f4c8
ea080343
1a7c0b11
35d9f7d7
f5a1f0b8
fb34f599
13391304
f31002b9
0176e0a6
0420fd7d
ff350449
1dff0ab5
05f82245
fc5610de
0f460624
fa1ff909
ff65f7e7
ff6b0ea7
f9b7fdfa
043ef2f3
f3c5f833
0ccaff74
01200a58
ca58f35e
fba0f54a
0a0cf194
fb88d7c7
1e4d1cb4
f26f3d4b
f382ee97
2453e520
f2980f3a
e13e0ed0
f24519b2
f3ce2fef
09ee0fc2
fd25f4a6
f5e709b6
0126eda1
fb9bd114
ff14f9d6
ee740d0c
e92c0b50
f56d0156
f23fee4d
0928ffbb
fcbf0bd5
e32009ac
1962fdfd
2abcecbb
063c1145
0f221bfd
1611e8bc
f9cfee86
e28b1f7b
fb34238d
2b8704dd
1d080182
001e19da
0e59241d
f95618ff
e16dfa69
0072feb8
f2702486
bf33109b
d735f5a5
07ad16fa
04ad2698
fd21f4e3
00bedb1a
f8eb0303
fd99fa9a
04d7dfc8
fe8cfcbb
f958f7ef
ef92daf4
ff6cf8d2
e8080b11
ef982c01
02a81516
f053e871
f8f80783
0c781ea1
0126fdee
eff1e22b
ed8b0326
09f328d8
1c771724
12ed0758
05dded8c
ed21de5f
f7cb07fd
0799feb9
fc31e1cd
1d420349
1705fb2f
f743e4bb
05a41028
e1a61191
f092e4a4
1cf9f213
ea760446
05940018
285e1bc1
f587135b
fc5ae215
072df025
0da2102b
0fe6fa13
f002fb2e
fd8c2270
e48510e8
d6bcf206
1e29f02d
01eed1a2
d3d6e705
06881093
1ca7df01
1177e1b4
0b5713e6
02120da4
f4a211fd
fb1a04c7
0a8c017d
f0f51b15
fb85f260
1f32f1d5
09a6215e
0bd30504
19e1f6a2
0f960da0
2065f465
2688d856
128bf817
029b140c
043304ab
0e530b6f
084dff05
0458e4d4
fe1a0895
fbe60192
044cf935
f7351f3a
f22ee90f
f93ade65
035819ba
004af07c
d7f4eff5
f0501851
15b7f621
dfcdfd40
d61c0ef4
f356faa6
facdfb45
1456e73d
0341d8ec
e8f9ef90
eea6f9c3
eed0fe66
1023011e
227a05ab
0385f9c3
fb64cb47
0af0dd1b
033c1936
e1b0ff04
fadcef29
24af271b
f50b1fba
f164fb51
19e3086a
f9cffb25
f9f1eff1
1466fa44
1259e8c0
140f08f5
fe98289d
0d950701
17c71315
e5520896
0cd2e08c
30a61006
efd21ce1
f58c0254
0db00944
e81ef037
e9fff628
0a060899
0f6bfa0d
012b1e44
078724d4
0f7000a1
f7b50b64
fcf20fe9
0a650559
fc34ee8a
fe9ad9a3
0da8fa27
2264fffe
0c31e267
e93af123
1389fbd4
15e8f5a9
eaf10b5e
f1550868
ef3ee44f
fc8af362
f6e514d3
c7fa058a
e3c4fc82
facb10c6
f3771dd7
061a14b4
eadcffdf
fadfe7d2
3c37c5f4
1ba1d9e6
eee3104b
f56d03be
ede3f579
ea5fffa3
efb805dc
edd31b02
04700665
1e6ef2c5
07ebfd36
f264f9a6
fdf019a2
ff28193a
ff79f059
fb59f4ad
f9fde4d1
0b02d89e
f514e9e4
ea8bec33
0846f105
f245f57c
dcfb10c8
f20fff92
fc81d0b7
0362119f
f9ee278c
ebb2e7a1
eab3ec51
e5fbfbac
f8050878
faee0b6e
e6f4f605
f6cb060c
f27304d0
f2d2f381
218eee7f
0ebef0bc
f4a00208
134bdc30
ff33cd99
f80d083e
1b2e1a6b
0c8716a8
074b0132
1033e9a0
0ad2f74c
124bfc71
00390c93
fbdffb24
00f7d1d5
e3ace419
f876f245
11551127
048620a3
13bcf246
fbd107b3
d4221f9b
fd1d07ce
2631011b
04f0e5ff
dec3f0a5
f57ffb1c
0327d752
ec7af53a
f6b505b3
0b26f080
0a6107aa
f657057e
eb340341
0c5812a1
154ff468
fd41ec7d
fc4d08fb
10d207ac
25fbff22
09ab103e
e39d2628
e068185e
dfaefc4c
eb6d1183
e3121e88
e52af029
f614f222
d9921c8e
03cc0391
2819ea96
f2150725
032516fa
f88b0d3c
d89306db
1dd809d5
26ac0543
0a66fcfb
06ddfab4
f167fef6
0178195b
f6691e72
e3b70671
09330302
11c3f6a5
049ef00b
f3e20134
f38d04db
05560706
ec88f72e
ee6ff48d
0cca120d
f9bd102b
e3b71fa4
eb2f1e65
0412ea75
1a12fa3c
29bef740
2751d18a
fc5809cd
e82120c1
fa120417
15910f39
2e50f834
10eff328
f36f195b
0a050256
144ae5e4
fda2000a
ee311cd3
0bf50e69
1e65e2f6
05cedbc7
fce6ebf0
ed170426
ec502128
0b06031c
fb18fa0f
e7c01265
f438e505
f052ee79
ecc01534
0b2cf309
1e631181
f0051b0b
e574eddf
0e791084
fd4afb20
03dacf2a
1600ff64
e7ea121f
13def73f
010b03e5
f621df96
0642ea11
ff3c18eb
ee3f106b
148509d3
15bf1761
0998f7bb
10ece281
02e0ed10
1e16ef7c
1c0ef95f
f4bff3bf
0753ff4b
078a2c12
0d631468
2114eacf
fff6f75b
f7ddf20d
007be23d
07affbdb
0fa9172f
f106f720
efe8eaaa
ee752252
e6d10271
102bbe8a
0a08e752
062d0027
152aed72
ed25ec05
fd78e755
0c76fc68
ecde0856
fe6dfba4
ec2e04a2
e7321221
161f1fb2
fffe1080
00a4f901
19f31555
f35d1cc8
ec13fd0c
f83dee69
f53eed3a
075cf446
027ced6b
0531e789
155af67d
ee2ded75
df26f03c
00531b9a
08310d3a
1161d351
07bded78
ea36148a
eda2f37a
e04ffe71
e6d8101f
1a2eeaa7
16a6fa28
fc46f603
ee46e11d
e2e31c24
eb170caa
e088df88
ef6efe07
160ee7a6
125ddc65
1b38fc98
10c902ed
f86c1a4f
117a04e9
fca0f01b
e4cb1478
0696055a
fecffd42
e9d2f4c8
df3bd480
dcd904d2
13cb1504
26a4fa56
fefc019e
fe56e481
ef0af02f
db65040a
185be5bc
242109ae
e90018b1
02ec0178
1a0a094f
fa18e9ac
1b06ec39
289f0956
f0aff64e
e77913da
04473219
02e1002a
ed5de21d
f8031139
13b22e58
0bea0325
f4a0f4c5
e600ff44
fd6bed12
1e68f4e3
fef700a2
e50e024c
fb06004e
0a74eea0
0963f358
fd6df4a4
fe84fc7d
efbe0b7c
e425f488
1abff71f
131af505
d765e022
f23ff10d
f9dde8c9
e6e9ec97
124509c9
19480693
f2b40f1e
fa5b1287
0f790ec2
fe76f960
f2e6e647
06971d4b
09a71085
fdd6d707
07b2f891
18fd0368
135311fb
fab72e36
fdaf08bb
13fe044b
0bf21ae9
ff95193a
03e213db
08440feb
16a214c5
1b84ff27
ffa9f616
ef72037f
f952f9a7
f5440096
f3aefe75
08c9fc95
05c90f4d
dde70eed
d9d00dfe
044ff4f9
f54f05ff
e1682188
2921ceb0
32e1d0d8
f64201c8
fcacd898
0000012c
f7f315cb
fc1cec28
eec40aaa
0a8b1015
17090de6
f5ba0d0e
009feed8
1925fc1e
1105f68d
f96ff186
fb8c0eb3
01ca0a1c
eb7f0323
fb32eaad
f928e14b
d7140dd9
e48107e2
dc4febd1
eec5f90e
0e04081e
db430f14
ec9f08c4
0b6bf182
e8ebe13f
0d8ff875
12fd0cb3
e963fbf6
051d0c98
0b932196
f0290b2e
f621fa53
1281eafb
1385e87a
ebe9011f
e7700bff
fda50766
e7ef0583
c639096e
e484ff60
1687ef7d
ff6500ca
089d0f22
3399f6fe
f737ee29
dbf00981
fd400bf5
f13c06f9
0f911283
15b0e459
e15bd139
f8180923
0aa6fbb2
0432e32d
336bf1ef
3043f222
f5ed17d2
f0431282
fd6befd5
06d425f5
1b852ea0
03d3f232
ecf2db2b
1b72db98
3043f916
09cd1076
f22ff148
f84aceb3
0802d8bb
0fb0ed46
13f4ea89
06e0f7b3
ef51fb52
0320f713
07ad1a6b
ee8b03c1
fe23dbac
f41b075c
e41f1e9f
0b670f26
01bcfb88
e2f8fef2
fb5025ed
0db80b34
1a13fb2f
157c2141
fbf5fd68
1285ed42
1ae90a9d
fb330641
01611350
fac5033f
ed11ead8
069bff47
f251f0a6
cffde679
ee7cf32c
02dafd27
e8dd18c1
e9e0058d
15f7f434
1719072b
fe3fe951
0960e17a
f40bfbd4
ddff0018
ee2a06fb
e2a7ee33
ec3beb04
fb040fe0
fbb9fa03
2266e370
0afaea34
dd1bedf3
f889045b
f7fd0e06
e5fc0e77
f892fb6b
0c3fe6d8
ffcd1168
f592189b
267ffe08
0eb51497
bf3912bb
e59c03a8
fd0bfa94
e55af6f2
f8201a52
f90e14ff
f45ffb02
ed8deaf0
fdc1f74a
ec65ce2e
f6c0cd51
1432f6a0
079df5c3
0b29f90e
1e80ef8e
1cc7f381
fc28fc25
e60dd9b2
07d3e8c3
054ef0a7
e79be2e2
f2f21313
f1690718
ffc6dbb7
056cea00
e457ecc5
fc8df2f4
0ccf0027
f2ce0e3a
fb291389
00ae102b
fe773140
f51819d8
eb3efab3
0a4d2453
1a18090a
1840fd7d
1bfa1f7c
0707f5ca
f6ab0161
e82a2415
df7708e5
f6121176
03980ac5
f9d2f2ac
e2360fd9
e9fe1c70
1270ff18
0c79ff33
0950176b
153cf86e
01bdefd0
12901a9e
0c16eb57
d7a1d71a
e70d1d30
011d11c0
10b109de
1ef82673
f2d0f83c
e72aed85
f7bc0c02
f827f14c
25b7fafc
140d2c83
d93b15cc
049af885
1fd304cc
fdd5ebe8
ed5fe1dc
f60effb6
1c72fcdb
1e8908b7
f6de06e3
eb3adf31
f21800cd
01e813b8
f7eae6ab
e3c2fc93
f5e01091
eda5ef6f
ea21e736
09c4e7ee
f853004e
eb5c1ce9
fced0354
f966fd3c
09960f43
0e620d3a
ef101048
e9e0f765
f655e870
10470f18
14611677
df1d1513
e60b2371
0d59099e
ea15fd1c
f1b801ab
123ee806
f7a0e8ca
01db0112
0479fb0c
f74903e8
20732506
15e1136a
fa6cfc8b
05911414
ed03099d
eed0f229
ff71fb99
f70600d4
07b801e2
024cedc7
0142ec99
08abfb9a
d124dab7
d644f084
1d42131f
fa1af880
c3fd0ba7
f873fb85
1aa1e5f0
028927b6
0af52064
0a5f03e4
f1d31185
efa4ec81
f755e709
06db1676
f4f93313
eb13171c
1344ebfe
fc6e0779
f06b0fa3
1a01fcb5
01f4fbde
f97dd22b
0332f033
ec94205d
f52bd37a
f6dcc9e5
fcc1153b
04a112c9
f591f9a5
0d78fc5b
18b1fd46
1367f96e
221af28c
1bcce75f
14b4f033
0a0916b8
0aa828a5
01fe1930
eb4601eb
25a4f72e
2ee5035a
e74b1390
e59a2555
e0e3135e
e586ed9b
fcc0fd31
ef2af30a
16bfdaa1
16d1050a
dfb70e24
02ebfeed
1e1406f1
fdebf5d4
ecaffc52
f4ca0bbd
ff54f764
f7a1ff60
05111ed8
0ac91aba
ed06f778
f41ef569
0c1616e1
083b0b98
039bf784
0eb2105f
0f7c073c
0502e749
031800c7
f27f0c71
fd08e585
06b2e70c
e4a5fc33
08cfeefe
0f78f4ac
dcde2237
0bcc3c38
13040611
0290cac6
1979ee42
e6900f1b
f266f8d0
0dc6efbd
e0fce43c
0069d57b
0404dbec
e612f24b
fb7f19fc
fb341de1
19a5f20f
1ceff2d3
e57215fc
ebf20727
fe3f051a
06301e62
152cf1db
11b8e906
0850271e
f90f13a4
02c7f3a8
02d6ffa1
f404f25d
0fdbef94
143ef664
118200f5
15bb0a02
eeb30095
e812116e
ee060ada
ed92f73a
1237109e
0f1f00b9
fb9de07c
042aec27
fae3097c
fc332127
07770584
fbfa0152
f0ee1b72
f687fc47
f31e067e
ec211e6d
0360f645
fb93f547
e0ed00b3
fd33014b
04a115c4
019c001f
0e70ee3d
eb0e000a
eb4201a5
156bf8bb
11a0e89b
f8a505c8
e662308e
0bc1f4a8
274dcf2d
e585061d
d74b11d9
f8ec0e1b
e2861f6c
e34e1c7f
fffd1575
0fe6fdba
1daafe8d
1d16111c
15a8fb84
017e0c91
f6fc1a82
f994064d
dea829e4
d8bb215b
edc9f333
f354fe86
f468f9cf
e282edcf
e6caed54
fe950541
ebcd29a0
e7f704d7
f00f0314
f2fb23af
170c01c5
0d710917
e0b01257
ea3d064e
fd2d2192
f66d0983
f9baf4d5
12eb0450
1357fa6d
0daaf754
2b6be8b5
1bd5fc86
05ca14a0
1a4fe4eb
fac8e4e1
f1b3ec42
e7ed13db
eb641255
dfa20bd7
e50000d7
e59af1da
f1e6e5ce
1310e7d9
13e700fe
0cd51a3e
e9021155
e353ebc2
2009ee89
ff4f1970
e5eb0302
1225e87e
f61511fc
fc6c0536
09f2e96a
e74b1181
101209f7
0a59e4f7
d9f402bd
054c1c28
1b8fff56
0169e47f
ebfdedef
e0650849
f28f1981
05901b5b
104a1444
18990bd5
195f0604
1a00044e
192906d8
17c60d6a
0e3a15c4
01f21bd9
ee9516fa
df6201f5
f09de9dd
087ce5cc
1a90075d
fbf71c5d
db6df52a
13e8eafb
0a870fb5
e21904c6
136bf0c5
fa4c02b9
ee150a09
1c25f689
e90df341
eff713c2
23d706d3
f7cadde0
e35ffcef
f6841ba1
0ce10f35
1ebafe69
0b4ee47b
fb27e271
ef97ea8b
e42debaa
e58cf82e
e2c4f514
e3f6f2f6
e817f0ba
f022e2c8
fec5e4c9
11b9e904
1bd5fdc8
0a7219df
f0da1283
e209f4c9
06fde3a9
1dfc081e
e5e415dd
f852e8db
1638fa5b
ea04128f
086cf158
04a1f761
e70c0f69
1d41fc7c
f9c4e8ee
dcae089e
1ae41a84
11f9ec4b
f6a7e259
e8a2fd8b
e4af0d90
07331f1e
10b410d3
18960454
1fde0090
15a0f00d
1ceff856
1a3ff5fe
19c7fa39
1cba0edb
0d860e97
fe761e10
e8c40fa4
e460ed9d
ffeeea11
1b3fef6d
08b01bce
e3640975
0226d7fd
131512bc
f2a7086e
fce8e2ab
06751674
0228f866
f996e9f8
f7451d71
18def5da
fac2e1e6
dd4f103d
13421575
199cfac8
0537e38d
f4d4e6f4
dc66fdba
ee390e4a
f45517f9
fae01a63
0bbc1a27
0052193e
078c1a75
fe6a1a5f
ed1915db
eeed0d18
de99f6c5
f51ce5b1
11f3e673
14eeff02
0d5d1db5
de2e0131
fcf5e245
24710477
e72e0e57
fe75f30e
15fef7be
e7a90a3f
1011fed3
08c9ee3c
e19a0822
1ab10fb5
0fb1e64b
e031f050
f9b71a49
1194107a
1baaf44d
0a66e3fd
ec77e533
e9e1f811
e3d10451
e90e0e38
f1061494
eb621292
f05b1413
e82c0cb0
e3870188
eb1bf53f
f117e260
0fa9e68e
1d99fae4
0cb61477
f25b1754
e6ece6ec
17beed78
12a618ba
e0f4fadd
0fbdf3f4
0eb90689
e5ccfcb4
1709049a
05e9f461
e379fd32
1a3119ba
1082e716
e5c9ea99
f5721ed1
0f800e19
1eecfba2
0c9ae677
f1f2e053
eb38fa6d
e339fd5e
e9310d56
ed851462
ea4d0ce6
ee7716ae
e6110713
e559ff44
ebfff50c
f596dde1
1421ed5e
1cbdfcbb
0bab1763
ef7a17a0
e94ee124
1cd9f5ed
0d4f1755
e1d8fa33
1591f828
07ab01e8
e98c0675
1d6bfdde
f877f221
eb7c1128
2764075b
fb54e23c
e3090319
09f41e4d
1534059b
199deae6
f8a9e4f9
e468f3f8
ed5806e9
e69d1409
f9c819ad
fc751bdd
f82b1ce3
02201ac9
edd41a2f
ee2a1177
e87c0303
e361f1d3
07d1e285
11c4f0a0
1b940e5c
005b1aab
da4dfdcc
15d6e2ef
12fd0e82
ea4513e6
0c2fe553
009f09c4
000910e7
0aa4e545
ee920ee3
108b11e9
0fc2e1d0
e11402f7
027e1d15
1fee0208
09d7ea33
eff4e92d
e523079b
f2421990
04c51ad2
12a71b86
18dc0dad
1c740c1d
1d3c0aec
1a2f08af
1a70161c
0e3a16f6
00f31df0
f05d194f
e18dfb91
f6e9ee44
1050e7c4
1a810b3f
fccf22f4
e0dcecfd
1660f3e2
0fa51515
e292fc0a
1488ff99
064d007e
e77802ae
1b830ca5
0098ed1a
e369048f
15651f94
15bced56
f1a6e877
e7790c88
fa5c1a5d
16fa173b
1ccffee4
14e9ed81
0968e7c2
fdf2e4c8
f886e705
24fdf9e0
fcbc11d7
f3c1fbe7
f84efdae
f08d0b27
0f8cfce1
f36ed27b
d3abe00b
087d2021
fdbd03c9
e229e35e
fe58fc4a
f177e898
edfaf433
0de41275
09f6fa78
efba094b
e8901c4b
047c054f
145a0682
06c7008e
1107ecb1
12d2f624
01e10301
16241433
197b2622
f20c0c03
f130ead0
0f76f1e7
123bf645
03efdc5e
ffdedb60
ff230f7a
fd5c18fb
1462ec6b
2635fbab
12cd09fe
0fb5e292
09fbef85
ea451d34
f1832b09
fb6b1cb7
e0650cb7
e3571e0c
0a4621b5
0cbc0cd9
e7b5ffa4
f510faff
168703e5
ffb4e695
f25ede90
e4130a7f
d194eb33
fb1de4ea
00c5199b
eaee0f20
08101905
03ab1893
f9def5bf
066e1318
e94c0f41
f6ecf753
2c911094
087f016c
c993f1a8
ddfc026a
0e88f638
19dbf342
0e7409de
ff3102a9
fdb1f352
06a4ffe2
00c7fb05
f959e1a2
f3a6d161
e06ae1b4
e1161272
fc8cfd51
fb18e62c
f3e3258d
0ee207bf
0638cb76
f27bfd9d
06d30f92
f7610647
ef2812aa
fad207ac
d9aefaad
e0cae186
f1a8dc90
f2f2f67a
16bbf65f
f3eaeff5
ea0bf0a7
287104a3
fae11c18
e2e702cc
0fceea67
f4fcfeb0
f0531410
f9b502e0
e2e2e6c3
0759ed71
2fbe048d
12770a48
dfd902a8
d99d1299
ffcb1379
0355fc11
e7182480
f54e1d77
14cfe926
0df40cae
fbd6ea2d
fab8d334
029020bf
077ffc48
f95ff41a
f8a02118
0433f79c
01a100db
1f2cf189
1c5eddf5
ea8515d7
07c0f7d0
1d8a02ec
f4803727
f96a024e
0f7702c9
0b920f4e
fedbdf5c
fecee029
0805049d
f89724ac
f2b10af4
f125df93
ebc1f317
fe710625
f0aa0c69
dd2a0397
f4d8f851
07720bac
0d92f406
0a3be1b4
fe13093c
eb5b0c83
ec78ff62
015908a4
f035012d
f636e92b
0bcae2af
fc190732
0c5e2c11
017a23a1
f41e104e
10711665
f93b2063
1c691b46
43321d07
04601790
01a802d4
f337006f
d37f0b68
0cae19e6
0ee50696
ea9ed8f7
f6f9ee84
0e0514bf
08a30d41
f3ee0b91
1d42068d
12ac0b18
dbab1675
0c2c01f7
0b0206c8
f26b1154
1410f675
f607f0e1
f582f7bf
1307fc39
0a430ee3
07a01052
e19dfd4f
e189ef77
031e030e
fabe268c
01521775
f336ec86
0011e6dd
24560a51
08e02347
14220035
04dde635
e037029e
21b7fb92
21cbd65f
01e1eb9b
12b71df3
f15b10b6
1338de2d
37f3e378
f25ceec9
f478e6b4
0cc7119d
e3e721be
e6cd04cf
06b80fb9
0a3a0268
fed6e554
fd4b002b
f6240fda
df330031
e7effebc
faa30a7c
041c0d3d
0ded0025
f3e4ff66
edb60bdc
089c077f
ff27f0f5
f47de073
ecd4eb02
df77faa1
ec9af8f7
f742fe84
f63209f8
e7daf33b
ed1ee43e
1bfa02a3
0f16ef8f
f592dcde
21281cdc
1d2e1321
f9beebc8
01a61195
fc1e0381
f0acf95f
ede90f86
e275f38f
f6d5fe60
26fa047a
236cf5ab
eaf32537
e1102472
06b7f8a4
164d00ef
1bfb0fa2
19f503f1
036cf5e0
f33e0662
f8e20a55
00bc0527
f54d1ea4
f9fa0666
fdc0e525
db30eae6
e833e308
1115f9e8
02930ca8
01d707d3
116207ce
f586f419
dedd21a5
fa7d365f
1794e895
04680011
f61f2829
fd9e034a
f2ff184a
fecb1582
090aeabe
f63bfa24
10300972
24380626
025bf976
fb76eb20
fd17f9da
e6c4fae8
ee0df4a1
01a9fcdf
066de2ba
1449d6de
11610614
f50e176c
ec0ff9a8
ee76f514
df2d0e69
e059126d
ed630b8e
e56bf844
fa40f031
0e6ff327
0f9006de
eb8f0eaf
f8c6f680
0a67f650
fab0ec2e
1b99f6c6
1ea614b5
fe9b088a
f2f21b9e
dd6e1227
f063f588
14bd1eea
1b6e091a
0f5ae865
f5e700c4
fb8df9d0
f5510d2b
eb460b4d
f829e8a5
daea047f
f2230842
2863faaa
0cb80591
0063ed10
1175eb18
113e0ec0
ecb71027
dc4f07e2
25340b2e
1c160082
e4c00ebb
0510173a
f572e338
f036ef3c
15c50c37
11c0cda0
1d1fda3d
0149ff9c
efc6d9e5
15d1f637
fc7d1814
00460712
20b80c6f
fa0a0eda
e5f9065c
fb39f705
12a6fda8
0fa50caf
f73efafe
e51e0550
e002024b
1a03e45f
2537fec7
dcc71c06
fb871852
220b05a3
f2eaffe4
ee74152f
03141a8b
159f24d8
15a81c49
f25708e6
f52d1f7b
0505ff58
feb4d885
ff14eb2f
07fee371
1018fce2
fef21ff9
08d709e4
2846f9cb
013dec80
ec67f8a4
06d20aa6
ff5bff46
08da0fff
03980708
f312f580
2cd81278
2606fe17
e62ce88c
ff320ae2
fe9b081c
f100f3ea
141ff76e
f5a0f80b
f10209ed
15d51398
f34df82d
f6240d89
01f33c4a
ee3b1bbe
1c03f16d
1f20f0fb
006afc9f
102518f5
f56a1b9c
01140401
2d91f35f
f9b8ee79
d84703a0
ef750951
ffe1131e
140d2db4
097c0f60
04f8f946
141afd96
058ae79e
05d2fafd
f9ca1196
d5adf744
db1bec8a
ed2af966
05131289
01b1185d
e2d3f5dc
0702efbb
09411394
e6c2195f
1688fed7
0fbfff3d
e9e1f74d
0a89d4bd
feffe86b
eda9003b
f88be921
f239f8c4
026e1a19
0a2f0ffc
0255fe82
e15401fd
ccfc0287
1353e6d9
1644df29
e8231041
13da34ff
12c4165e
091aee30
27a4fbd4
0c5904ee
0eb5ef5a
1f22f7bc
070606fd
0bca0659
0beb0479
0a980698
0d731733
f708fd01
fc3fd68e
0378eff9
f428fdb4
f50fffc2
ee3c0aae
f1b6fa39
079b0b7f
ea9e1299
e3b7f0b0
38f009e3
3b302592
e60e0ccc
f718edd8
0f67e66e
f1ee0af8
087608dc
0f71e159
05efedfe
1a43f302
0ae8f209
f8b6009d
fa80efeb
fd4dfe58
0df71bdf
0461099f
ea5dfec3
e9e00173
e870f454
ddf5e683
faeafcd6
244d1c13
fd4c0ddc
d6a70c50
f5890f6b
f825ff2d
016a0f2f
1bf5fec2
f4d1f3f6
e55b1ad3
0182faf8
ea9be12c
da9703c3
050909c5
135f0af1
033d076d
2048072b
1f71fe79
f02be88c
fae61088
03d408e3
f80ecfe4
022cea75
ead7ef1d
e795eb33
04d50ea3
0730f762
0d8be518
fba4eb7a
ec18e5f7
0572f82d
081ef51b
0979f8c8
037b2da8
fd4f30c2
1629f93b
f1fbed31
daa9fe4b
0e7defa6
0c71f4de
064805fb
1babfb97
196000b3
1c27f831
ee510b5c
d763418c
140712b7
077bf47e
ebda1ff1
0c910660
061507da
0c07286c
25c40a6b
053b1242
de6e2542
e69f1081
f9391739
ee7412fd
0279fed9
1c41005b
e9f4e69c
ee82ddc4
1f020c86
01760878
07d0e8dd
2ce60157
15901569
f9e611ef
0ac5046d
3665f421
21d806f6
032e1484
2979088c
1a08f913
fe05f044
13500a58
06971ae4
f5300ce3
eda8f9ec
fe2aef17
16f00a5c
fb630b03
f269fbd6
f17d0e83
ea36ecb7
029cdb1b
0818fcf0
1e72fd7f
210214dd
febe12c1
1068de95
fa2be3b2
e3e2fe82
05b6085c
fcdd06f2
10bf02ab
14270c4d
efb11277
16701dde
0e1507e0
e72fdfb1
fe76f234
ef670922
e52bfb55
0427e9b1
17a2089f
18ac1af8
1b4802b0
fe88f4a8
f7e0dd0c
0168fa1c
e07f0ce8
0b49fb59
4bdeecdd
1067f296
e1b7fbfb
0a1feaec
0208e921
e3d6062d
03a60b8d
fd50fb1a
db66ebf1
f38eec6b
f2a4f9fa
e991fce1
025701b1
02de0384
0c06f9e9
04790cc1
ec17304c
fe5c2bde
f7430d2b
ef480233
019a02bb
015007fd
148606a5
1517e74f
00e9ec70
f9130e23
e3fdf16d
f78ade3a
ffa8f13e
eb8cf299
070e105f
fbc01d18
fc36f6eb
2064f751
fe49f602
1406e52a
240a07e9
c9211045
de6df2bd
24b20294
15d00e55
2565fd51
2502f907
019ff2e3
02e1e6e2
ec30e9b1
daf01185
01d02271
0f3ae85f
fbabef09
035e26e0
176a09b1
11c40a4a
02d71c37
0f60f011
1bf8fe92
faf511ee
e8cff24e
0800f350
0274f287
f1d2f807
0df40bbf
020e01f5
e543fcbc
ff93f207
1045eab4
feecfdcb
e878f732
de76f13e
f06b0f7e
099320aa
09c50c51
e7c9f627
e404003c
05860476
03c5f2f6
13e401ee
1f4a19a7
eefd0745
f3d206e4
0c5e2b38
00d41798
01fadec6
ecbad6d8
edaaf2ca
06ab0fd2
001c0dee
10f500ea
1b5d0aa8
0c6c024a
f7a3fb2c
ec320040
16250469
13771953
f95404b0
0adbfeb2
e6f627fe
eee004c3
28c0ed11
1505136e
05030264
0b30df27
1c70e69a
184a0d59
f2661254
12f0fef6
10b21f28
f5401829
2573f60d
0cb805f6
eaac0814
fa9c0ffb
f13404eb
0ea5f025
12b50944
07c6ed89
1f67e34b
ff0d1283
f2151294
06ac1b44
ff2e0656
00c7e6b1
059e105b
0cb20d5f
02200edd
04f233ff
19270da0
fe45f145
fd9fef5f
024cdc96
0437e6da
2beef517
109bff65
09d80245
0ba6fcd9
c8b205d0
f38cf7a6
10eceea8
dee506ab
f9540d23
edb50ebb
e35615b1
0cf70cd3
0197f343
03b9e4fe
0e9a070b
03ae13d4
e962f09e
daeff43e
0dc1fc8d
0463f99b
eba30fa6
12c1ef91
eb90c9a5
e55fef08
236d02e4
1b12faa0
164bf5e5
0885f1c7
f1edf18f
ff4ad2cf
df2fd964
dcc1f578
0498d1bd
eb67e5c7
ea0e09dd
12dced1d
1721fdae
16f0049b
0df0fc7e
fb1c1317
08d1fa13
0e2aed83
fc63f8d0
f64e000a
faec1237
0df4eef7
0713f60b
e8b325ec
f42b06c3
fd830498
06e20352
1d1eea1d
053022c8
040f237e
09ebdf8b
ed25e558
0c38fb01
1682ff33
fd130078
182ef47b
fa09fea4
d552125d
108b0d76
1cf3018a
f023f910
f5cdea93
048fddf6
02e3de36
0dfbf466
f3da10e0
e46407aa
1f9900c3
115f19df
e9f110e6
291ff710
15e9f81d
c66b0512
dc54058d
03b1e34e
1d7ce0ef
14800476
ea7cf526
00c7e56d
174af6ea
097bf7de
0cd104f4
0910251a
1810265d
235909f7
f2f203b2
f4e209ac
3405fadb
19f610c1
e478346d
002b1373
02d9f26b
df6000bc
dcbd05cf
ee78fab8
19c6eb31
1019e2fd
ddedfbd1
fbb0019c
f82de08e
e1e6ebbd
21a6feba
096beeef
c85b0051
0198ff25
2f76e251
222ff3d8
0bfef7d8
f065f146
056308ac
15650d07
e99dfb36
df3bee74
f65cfe32
f261ffa7
f4b0e708
f6e906f1
e5cb1883
fa3201bb
1aee14d4
f654f88d
c97ec7dd
ec2ef881
0baa1c3d
e8b001c7
eb2d09ad
136f154e
082df711
fd1a04c7
00ee29bb
f5441492
01770e94
088414fd
004cfd21
019dfbc2
f4b7f8a2
08cff5c0
33c8f918
26d0eb7d
0fc600fb
0a430d61
0190fd40
0643fadf
fb7eeae7
e012fa15
ee9b08fe
0fb5feee
d4adee79
0331fb36
10b10aad
f60af4ed
0696faff
1a761ef4
07a70699
ee2afd2d
0de5057e
1adcf97b
f5e70ca2
f79008d9
f3b5070f
fe63237f
21520607
1669004e
08571aea
e00bf9d0
de9dfd81
271b0ccd
14faf3ff
055b0751
1f8cfa65
f7e6eaeb
0a291f9d
29420dc1
feb4fa70
0ae4135c
21eefd7b
f7d11cd4
f1a13001
1504059a
f8cb147d
dd7b0762
08d8f77a
0ac7fe9d
f344cd98
f98be591
f7c2ff94
0596ce56
03cdf1c8
f9bc0da6
faeff320
de76ff35
f09ff909
0a30f4b0
f16304e2
f8650558
fc290bfa
fef90c9e
04230314
f232fe1b
0b190eb4
06bc1c89
eedb0091
1845f5ae
1640ebeb
f7a0d0a3
fb9fee9a
f87402cd
00a1f3f3
15220365
18a209b4
fab710e8
f1840af8
16e7d7da
08e7d942
f26df6b6
0a2bf4c9
00ee0e89
ec2815db
ef5f03b7
03d51532
1ab4170a
10680b29
05b8ee7b
0f34c06a
1779e4d3
0abf07fc
edd7e880
f526f57d
0c40019d
0c16f869
fe640257
ef95eb66
ff77dfdf
0756fa34
f2941350
f04f14d8
f992eb5b
0da2e521
ff090164
dc89ff25
059f0cd7
11342053
e37b13e4
e5d9f4ba
db5ef59e
d4ac1922
fffb0133
0d38f23d
05af14d2
084f0491
074e0187
f9970e7c
e23bfbfa
f2feff2e
1aed09ff
1d2f1c81
02830839
f5cedd25
0a2cfa4b
fe6cfa3e
e042f8b9
0dda25f4
2ae5feb2
02c8de37
fafff2fe
0625f772
099c1903
0a1e1b41
eabdff07
d7f10410
f0e1f7ea
11a1f4e8
111e1228
f6112356
fd7b18bb
ff86013b
e7930451
fbf210b9
023d07e2
f145fe43
0dccfead
1b72fc14
0a9b034c
0a6c1fee
236408f1
3323d496
0d41d9a1
f5c2ea6a
f5e00865
dfb008ed
f497df35
10500af1
10600507
2402c7af
17ed0c14
0619206e
12bff828
04230892
faeee9ec
0ff4e8ac
219f0285
19f0e9cf
fae0fd46
e9190c58
dab802a6
d94f0809
0432fc8e
1f1d052c
0713f7ff
ef58ded3
01da05ed
12cf0fe3
fd71ef8b
f949e8d4
0ccbf74e
271e0613
31f8ed9c
0b5ae672
05210e08
10c6097d
fdeef1e2
1f320b3e
188832cc
e7822a31
122a0384
094e054d
daff15d1
08a013d7
0b00ffec
f507de60
f791f34b
e5750ead
1c4ef3f1
2a7ffbbd
cf821152
deed09d9
087d0de2
ea481e43
f2042c48
f17e01d1
f27fd745
1518f9e1
04cef162
f63cd126
0fc4f8e5
15911c1a
05ff1684
f7d70109
f6c4053e
efd904ea
f19ce40e
03e6074f
018b1105
fed7d156
f0a1eded
f3211374
1ccbfe5d
0146ee9b
f08ee17d
234608e2
11b80c27
fd87e6e1
0b351a9d
0a5f10e8
2df5d296
262df4e7
eabcfabf
ef02deb3
fc1ef977
eb8e0883
fc67f0ea
07deebb0
e31c0c6e
ee761ba8
151219cb
f6bc1646
fb7cf535
13cdfbfd
f0921b62
f62ff3a4
fbcadb5f
e5fd0243
f7f6ff35
0214e078
09450005
01580f33
e4a9e93b
eaac035d
f59f0d1d
056ecdec
0531df99
f91f080a
03f3fc6e
e6b1124b
eba60aff
0b91d6a9
ef90efd6
093525ff
0e5209f4
e48be011
11bae68b
1fdff120
050e136f
067c2e49
fa41ffa1
00e6ec35
fb630e2a
f85ffccc
0d94d99b
01e3f613
067910dc
fdcff139
ecedebff
0ffd026d
0be102e2
0c42071e
1f8cefa6
f48fe021
f50fec70
1323eb53
0a9f1ec5
0e881e29
f789d7bc
eb1ef3d6
03a9f7b4
eb60e77b
f1cc118f
164ce765
f748d564
fbd503e8
0b52ece4
ecdbe3e0
1d0ff8ac
30c2f472
fa58eb00
13db1813
1255149c
0bd7205e
00d71b00
f1da1a66
e5ce0e1a
e7d9ecf0
00feec19
1a3ef32b
115516fe
ebc21cad
ee89dff7
197000b1
03021a15
e87eeddb
11fc09eb
05360394
e96af60e
118118b5
09f7efee
e4f7f5a7
02bd260c
1c28fab4
ff56e471
e47ffe97
edef1403
08491f9b
19810d71
1b5bfa70
1444efb6
0bd5e767
0604e6a1
044ee600
06d8e6d7
0d6ae83a
15c4f1c6
1bd9fe0e
16fa116b
01f5209e
e9dd0f63
e5ccf784
075de570
1c5d0409
f52a2493
eafbec18
0fb5f579
04c61de7
f0c5ec95
02b905b4
0a0911eb
f689e3db
f34116f3
13c21009
06d3dc29
dde00836
fcef1ca1
1ba1097c
0f35f31f
fe69e146
e47bf4b2
e27104d9
ea8b1069
ebaa1bd3
f82e1a74
f5141d3c
f2f61c0a
f0ba17e9
e2c80fde
e4c9013b
e904ee47
fdc8e42b
19dff58e
12830f26
f4c91df7
e3a9f903
081ee204
15dd1a1c
e8db07ae
fa5be9c8
128f15fc
f158f794
f761fb5f
0f6918f4
fc7ce2bf
e8ee063c
089e2352
1a84e51c
ec4bee07
e2590959
fd8b175e
0d901b51
1f1ef8cd
10d3ef4c
0454e76a
0090e022
f00dea60
f856e311
f5fee5c1
fa39e639
0edbe346
0e97f27a
1e10018a
0fa4173c
ed9d1ba0
ea110012
ef6de4c1
1bcef750
09751c9c
d7fdfdda
12bceceb
086e0d59
e2ab0318
1674f98b
f866fdd8
e9f8066a
1d7108bb
f5dae722
e1e6053e
103d22b1
1575ecbe
fac8e664
e38dfac9
e6f40b2c
fdba239a
0e4a11c7
17f90bab
1a630520
1a27f444
193effae
1a75f874
1a5f0196
15db12e7
0d181113
f6c52167
e5b10ae4
e673ee0d
ff02eb12
1db5f2a3
013121d2
e245030b
0477db8f
0e5718d2
f30e018b
f7beea02
0a3f1857
fed3efef
ee3cf737
08221e66
0fb5e54f
e64bf04f
f0501fcf
1a490649
107aee6c
f44de456
e3fdf59a
e5331389
f811161f
04511c2f
0e3816f2
14940efa
1292149e
14130fa5
0cb017d4
01881c79
f53f14e5
e2600ee9
e68ef057
fae4e267
1477f34a
17540da5
e6ec1914
ed78e842
18baed5a
fadd1f0c
f3f4f043
0689f147
fcb41a34
049ae8f7
f461fa17
fd321c87
19bae5cf
e716ef7e
ea991a37
1ed10a8e
0e19f080
fba2e114
e677f366
e0530e0e
fa6d14c8
fd5e1cc7
0d5616cf
1462127b
0ce615b3
16ae1189
071319ef
ff441aa7
f50c1401
dde10a6a
ed5eebdf
fcbbe343
1763f455
17a01086
e12416b2
f5ede327
1755f2b1
fa331e28
f828ea6f
01e8f855
06751674
fddee295
f2210789
11281484
075bd89c
e23c04ac
03191cf7
1e4df60c
059beacc
eae6e663
e4f90757
f3f81b98
06e912a8
14091963
19ad0638
1bdd038b
1ce307d5
1ac9fde0
1a2f122c
117711d6
03031784
f1d31c9f
e285f82f
f0a0ee3c
0e5ce46c
1aabffa5
fdcc25b3
e2efea2a
0e82ed03
13e615bb
e553f3d1
09c4ff61
10e7fff7
e545f55c
0ee3116e
11e9ef75
e1d0f03e
02f71eec
1d15fd82
0208e012
ea33f629
e92d100c
079b1add
19900dbe
1ad2fb3b
1b86ed59
0dade724
0c1de38c
0aece2c4
08afe5d1
161ce590
16f6f1c6
1df0ff0d
194f0fa3
fb911e73
ee440917
e7c4efb0
0b3fe57f
22f40331
ecfd1f24
f3e2e9a0
1515f05b
fc0a1d6e
ff99eb78
007ef9b3
02ae1888
0ca5e47d
ed1aff68
048f1c97
1f94ea9b
ed56ea44
e8770e5a
0c881887
1a5d05a4
173be906
fee4e331
ed81eb17
e7c2f698
e4c8020e
e705077a
14700f3b
fa2e2e2d
fa8a059d
1193e7df
02220ba5
e59301e0
01dde387
151efecd
d8d0fc8a
eaf8f6b2
31261478
061ff419
e83df116
0a6226da
ff5413e4
00130065
263ffad7
13b8dec6
f0810025
f9a01177
f4f0ecce
fa23f7e9
0441f0bc
e9b2cdae
fd77f3bb
feeb1883
db1a06dd
0295fa65
fafbfa81
d8c7099f
0a9a0e17
09730b97
f71a2288
2239011b
1ebad458
e30af3ab
d17a04ca
f788152d
f9dc1fd4
f8e6fdaa
1f7b0b50
0ee41590
f96c0885
07ed0cdd
fc8ae3aa
efd0ecec
eb161bb9
029d0589
212c0d9b
181916c1
05c700af
ea3001b1
fa46ec6c
17d9f31f
05df0bf9
1ad7fc2e
fea60e58
cc9b1a4c
07c4fa50
0282fb22
dfd60fcd
f9460fef
ea7c07fe
ff59011d
0600f7a8
dd4906ea
f5171f63
f67206ac
ff1bf909
20941180
e913021f
db53e1f0
1d8aed61
31cc0d46
1bbe082b
fb0bf29a
fc72f8d8
1453f336
0ea6f187
097b03c5
1506feb0
258ffafc
1270ed12
e924e328
fc470f1e
07211637
ed06ef85
055efb5f
11ef10ab
02ca02cf
0aa9093c
fa6a144c
f6a9e9a1
16d9daff
252d05a6
12a5fd49
d176e521
cc47eb28
193edd08
1626e34d
073900b4
27a7fcbc
1118f9b6
f97416ed
f31c1f79
ec5100b3
f89a0454
e5b51a2d
ea25023c
085ef377
f133fbb8
e421fd44
f63c0089
0f1bfacf
110406b1
f5e619a8
1d530bd9
37841020
f9981260
ed31e2df
086dd47e
05e0f5de
fe2f10ec
fd702d26
06e41696
f6ccf1d2
eb36282b
fbef29b4
e90be97e
ed1d0617
11b90cf0
0af5eccf
14b4ea8a
1898d08b
efb6fc32
09671a18
2b1ccfe7
f470dc71
e965095f
0e990ca2
fbfc186b
fa8dfb5e
03a9faca
e7dffe2b
03bee1f1
2098ff17
f6ba0526
e34c0996
ef181d61
04bdebae
13a8f402
fbf618c1
fe4c05fa
08061d34
eb6925bb
f23b1c70
05f22cac
01f9135b
0b4e0c84
091d203c
fd2c0800
f7baf387
f0f2f9e8
02c20805
0edd1292
f4c3064e
e209f65a
e98e017a
f8291601
0a0a0ddf
179cef57
fd61deee
dec4f3a7
f93e0866
ff16fc52
f2fe0708
168714a4
0aa8005d
f4f806e5
157d0ab7
05760bb8
f614276c
fe5f0f17
e706f6c4
f6b009ba
0408fd9b
f2e1f570
0a38027b
1abb15a9
0ba0233f
f79d0a88
f1b1ff4e
fbc6f6a2
f83ce789
fbe0f4a2
f2a3d5f9
e4b8d612
070c1869
11db0f5b
02390367
00b60c88
fa4ce313
031cdffd
fcf5f80b
013202be
22310378
0361f5c9
dcac1374
f3b813c3
0a0feaf0
f42300b4
e9d40c7e
259dfef9
3339fb9f
1662f619
233e0687
f728f674
ec0fed36
1a8c09b9
f7d0f7da
066a061f
295c1ead
fc37eb3c
06c0da76
236eff24
14fa171a
fe940a66
effef941
0f99068b
192306c3
0d391220
26171082
15f4fd92
f8292310
1864135a
2cd5fb70
01931c52
ec56f323
0714f412
fab80d20
ebf1d881
f21ce756
e819ebe8
070ddd8f
0e52072d
e900f364
0481fd1f
19b62bdd
fb7315da
ec5a016c
0100dd6d
15d1d9cf
ef020e5e
e8f90402
1c76f1df
0a3ff623
02f8e6b0
2ae6edf4
079801ed
e251fcd8
0905f855
0ed615f2
e6690c9f
f467ee4f
109923ab
027516de
f927cb34
f2a200a7
fef71c09
1c75e395
1190f6a3
004effbd
e869e175
d95eff89
07e00d59
1250fcca
f4e9132d
fbed091f
f0a803f3
df932c7a
f6a40855
15c5f4ae
18651c86
f9da0091
fdc00718
1bf11d28
06e6efc6
0550f206
0ebae67e
0376fe3b
d4e2e7cd
e2b3d0e8
05d9f225
fe841370
e6900303
e6d80851
1299111f
1f6bf0b9
f9dd01bc
13a72569
184c1d60
de160400
0062e719
04e9f42d
d1c0054e
0727035d
199407b0
02f9ec82
10a6fd68
eded1bcc
ee27f93b
fe2e092b
ea540939
0e26e05a
179c09c7
04781cfb
069106fd
e10603c4
e242f2c6
068904e9
062c1601
0f74fb26
0cf4f781
00b30fb3
feb91cea
edd30485
fa97fbca
0b4102fa
f717e977
f8710864
ff0321f1
fdd8f8ca
0d1908f4
fe420053
ec4ade84
f39f0da1
eed20fbd
087cf026
14caed15
f1ffea5f
06f613d6
0d4f12a8
f23ae352
169cf680
14db1239
f86015b1
0a32ff82
009deed4
fff9fb9a
0ebbde29
fb5bf208
ee3d296c
f6240cf8
feb60fa2
e8a00d54
f477e32f
2060ef72
eb85e54a
d2f4f984
0a3827ed
065aff5e
085df9cc
12b608f6
0752f4b5
fe69016a
d8e9068c
fb6c02ed
1a6eec73
d82edb74
e1b9fd2a
ec65067b
e33822a6
2c7123f0
1a6ee64e
fcdb1355
30bb2828
00c5e10e
e9a4e3c8
1938e9e0
eeb9f127
e32402ff
0fd2e562
ffc8f5c7
f9e70a1a
12240735
081d21f6
f0c60378
efb0de8e
02a903eb
0b0a1861
0021fcd5
f7edf4ed
e2090b90
cc2eee48
e48fc21b
f52fdd50
ee78ea69
0e3de67b
13480ac8
ef3f0ae7
f9e4ebf2
02ebec70
02edf8ca
1beb032f
07b60422
f7a9fa2c
0df8020a
fb980ba1
f7c3fc6f
0bf6fc06
f65d0ce1
f57408b0
0c15f83c
fb11e7f0
f431f311
160b0e84
0ede0320
eb090648
0f672367
2ad50e51
fe80efe6
fac2e87b
17abebb8
2adc1b50
2dd72e0a
f5f2e955
ebd0d21d
34afff7d
3dc501e8
0452fefc
e6c102db
f8d1f1bd
0ad2151e
f6ca240e
eb1b0108
007117c5
0c1f094f
002cde86
ff73feea
ff6b065c
ebbf0b59
00601c21
1708f6b3
fb160446
fbbb15cb
0026ebb8
ea630b11
e9c12b55
f433f4b0
fccad910
e463e582
ede4f0cd
24c9068e
f4c70eff
dcc4014c
1be2ff79
052a0b55
f071020e
0470ed3c
02a1ef90
1bb3f237
0facf201
f24805c7
06c9019a
0619f3e4
f6d11457
f12a1bf3
ecdbf425
fdf4f231
14c5fee7
137bdac2
0036c37c
00f4f923
0bc71a45
14c7ede6
1f09ef1c
06ae1894
f47c00a1
ef2ff0bc
d3a41fe3
dee92600
f740f4f3
f3dffbf8
f1771247
e8a8f5e8
ee610ec5
f9ef1e1e
f868e1c4
f473f55e
f3b91ca4
0877fe8a
0086f2a3
f738e6e9
192ded83
10580fb4
0b330759
1b11f195
0393de06
fe4bcedf
f69dd7ca
f88df632
15860d9f
0511ef93
fe76f387
fd5023da
e41c0cba
eb09f43d
ee62054b
f1c61568
ffd21be7
0834fdca
1caffa10
15ba0a51
07f6f1b6
0307ece2
e89007be
ddf11f75
e5e8086b
fd26e7b2
09d5f93c
fdaedc1d
0105cb55
efd905b1
ee060541
0a13f70e
f2c00508
e5550a27
fa881512
0e6ffa35
1032f0c3
ea910770
e4b6fcfd
e03ff67d
d46beb2b
fcb4ff28
e63d212e
d3c7f89c
1787f230
0d7f0a3a
e6eb00c4
fb601812
01731248
f8fafcb9
e8b6113a
e28b0000
fcbdfde3
009a3171
e5dd30ec
f11401dd
1194f791
0f541486
13c811a1
0587e755
e310ec6e
04920472
1693dc47
0d4bdc45
146c1b5f
ea3e0c1f
f34e01a9
1bb82567
ff56f820
f9dee601
eda2072c
f56ef2e1
211c01c2
030f12d7
08d9fcfe
12d30e28
dd840392
fca9e6aa
16ddeda4
02c4f6d1
12c018f2
036a205f
00fcf7e2
fb31035c
012b1412
f6be0454
fbbffbb5
0ff602f7
082dea71
287a0b91
19af1bd3
e4f7e69c
11c51645
068427a4
d1a0e392
f0c0f73c
fb9e08ce
f4dcf339
ef34e6ba
ed85f4da
135a302b
1b0a0fca
0d12e13a
09860bd8
fe72eaf3
f369d7d1
f5af1cc5
198b242d
118614a0
ea2913db
fc97fa9d
06a7ec17
15e5f9f5
1c300722
f83c03d4
0a2803ef
0f91f38f
050ae7e1
11b4f8ae
e4ece770
e68df6d8
006f2425
e9f508d6
11bcfdba
21da005a
0919f546
156c1c8c
06e9131d
fd5eeaad
f9aa0689
fe7a0e0e
1db2fca2
f66e1462
ddac2088
0763024f
012ffa71
f6060ef1
fa5f14f1
f9c91bff
0cce0855
fe4fe8b4
e704f64d
f5edf33a
fb73e6f7
0219eed0
0363ef90
de0f0084
dba8f4d4
0217e45f
030d00ee
0252f995
06fde5d3
e8a9df89
e5fdecce
fc5d264c
fca41392
03d4e2a8
080208fc
01210b6f
f469e2e6
f09eeec5
1f66001f
1e45f570
d6fdf4f2
fc2c06c5
3b46130e
fa711e05
e1b8171d
12d10641
09b11ead
01981f13
f618f8b1
d198032f
f2f70da2
0ae6f54f
eae8eef7
ec62ead6
fd66ec23
18fe124b
286f1fca
10fcf7ff
136fe608
178fe56b
04acea5b
fb43137b
04bf11e1
1978e96c
0309e89c
f4def1d4
0669fd91
eb40f465
f233e185
0c17fc94
f65df9e8
0072e7b1
040e0ff3
fbd3294d
0e321520
053d02f1
fe3c0444
0486f835
147eeb18
1f7b02a9
04e9fe09
1158f769
15581975
feb50df1
22a2f93a
05f90633
da5fff5b
083becde
f25ded59
dd0b04e2
11bd08af
0fa0fe04
0d68fee9
2314efc2
1b88fa87
178f0878
f437ee2e
d82ae6bd
0809eae9
101efa5c
e3bb01fd
f2c2ff2c
083f290d
eb99250a
e1710d43
00f21fd1
0fc5fa46
f4aae84b
f781fb1f
1815f8e1
f8141b44
d93c0d8d
fda7e076
0c0df959
01ad06ff
fba1f783
de80fa8a
d9be0ab4
05aff38a
1f84d644
0e24047c
eb571a60
dc771966
075926ff
280cee92
00dae2f9
f92e0dbe
1c510aa4
11831606
fb6a137d
fb2b202f
09663b95
0794074e
f030efa7
072ff81d
15bef26e
0019136b
08cb0370
027cd7a5
0a3cdf31
2df2e980
1a45f567
fc3405b0
fb311239
186bfd63
1f9ce05a
e46e0118
e975fc84
148ddcb0
12a0f71f
24c2f12d
0f8ffa8b
eb202472
f49b0414
e5abfa7a
f51017ae
10070ad8
01f5118b
1da3138b
28cef1df
ff1ae991
f2fcde53
009fd982
10740375
13bd1332
0cdd0c43
004a14a5
f434fd1c
1234fead
12762294
dae7008a
ee84e51e
18d50524
058f0a61
094f0892
0c9311b7
0186125d
11ae0d63
f252f101
e234e745
04eff9bd
e510fbcd
f219fd78
223ff53a
eaf5e6df
eac5f63e
02ea0df1
dc8b1015
fecbf393
ff4fe4c1
da06f451
07d2f6d2
0f6f0528
0e1303c1
1d91db05
0281e8e3
0eec0b14
fe5dfcbc
da63f0c8
05a8f3dc
01cef016
ec81eee0
0d6ef9b6
073ae72f
eaafdd57
cf391284
dc7bf4b5
124fbf5c
f5a408b5
e58f13b1
214dee3f
0ee808ac
e537f30f
f733f0ed
fa0516c9
f566107c
0550027c
10ccf4f4
086005da
fe6905d4
fa96f0b2
e93e03b3
f5c7d729
0b41dbd8
f787241c
0a66e57a
1f12e68a
fe913660
00091197
09d1ff65
fa81100a
f2831b2f
ff951594
200ad728
0028e0b1
ded00411
057ef1d5
ee8c0bdf
e37e1eff
1e13fa8d
128fd7cb
0919e683
1c1d08fc
fd0a05a6
eb6e0431
efd1f010
f815e406
073304d0
1dedfbc5
09261b4f
e2c2f81a
f446db2d
0658f1f7
026cd2e6
1201db17
053809f6
0252fda5
1d06e5dc
1277e0f4
00bb054a
160518f3
1e1008db
ee2b26e3
f4b6162b
2728ddc3
fcabf07f
e1d60a35
f9a225df
f9044c85
0fdf303a
feb7f0d0
e983d443
0b7fe45e
f058faf3
e833f693
0aebea2e
efd5eaaf
ec26f218
06b8f070
0ed3f267
1051f4aa
f46ae8d4
e397f839
e75e0869
e7e2eabf
efe5dd81
e792ec5c
ed49eb6d
03ddede8
fda4f4bd
0ccbea2f
162af490
ea34085c
f325eaf9
1399e3dc
f5730cb1
092c05d7
297eef04
f902f37e
0035eb86
149aef84
ea4211ae
0c5a1620
1e3fedd8
d763f9f8
eafa1cf0
2998e5d4
15a0d3e3
eb7f084b
dfa4ff17
f5f0fd4e
08680ca0
f4b002d4
ee421cfa
021b1f59
f8f1fc97
fde2f32e
2356f841
ffdb114a
dfce10ca
1309f0a5
1132f657
02260005
087cf6ef
dcaff2c6
009ced47
2b3aeb6c
e4fbf239
e26c058f
fee70ad0
f772faf5
12440050
ee41fee5
d18af00f
1ab1f7a0
35daf77d
0f83fcdd
f4df0b27
fdcbfdba
fbab0741
d545188f
f630fb0b
1cbfe319
f30bdbe8
f3ebebf6
11321897
181d1311
0f2bf58b
ee96f9a6
ff4603b7
0fcb1511
f32410c7
f40dfaf8
f7ddffc6
054ef240
09cfdde5
efefeca2
063bffad
05c4076c
f8d90042
2334f74c
1647f79c
038f06b4
07a51763
e5950428
000d058b
13161128
e50df0d2
fe5cf70c
12d2f7c6
df26dded
dff8097f
f5d52142
dad113f1
e5561ff6
0cb123d9
075c2108
05e2f837
0fb1ea0d
088a1aff
f6100791
e8e0f6bb
11321156
151c00dc
e3f6fccb
0916fad7
2834096a
0f5f33cf
ff64183c
e82bfeb9
08eaf7fa
1b06dd73
02500558
1a491861
05d0e9fc
ff94e89f
0c60f7a1
df29f9f6
0aecfd10
1394f9fc
e3b6f418
1360db84
ef25d48a
da9ef584
14b715f4
da4f13c5
db3aea6d
11cce429
f8b0f784
fa57e8d3
eb91f98a
f3911119
1e9a0f80
f5cd1cee
f0830562
1ba6f932
0ee10be4
040def4c
0809ea64
0793f431
0001f8a5
ec301592
ef7cef0b
f8f3e39a
e89516f9
f10afb09
0f08f8c2
f16514fb
e1a6feb4
209f00a8
237af5c8
f48cf9eb
f9441b44
fbff0a47
fea40ff9
0d2113ce
00cc01a2
f3411846
f3fc07bd
0430ea85
0aeff2b8
fd17f694
0eda054e
0f5ffd7c
e6a1e98f
fbfcf7e7
1b4f0c41
f9680eb1
fad9fdfd
0e060a22
eb9c1137
e42bf7a5
f4ca0c49
f528170d
08531338
09ce1965
f8a8dd7c
f925cfbd
038901a9
19a0f193
05f6e1dc
dce7fb89
eb7e113a
f4eb0e40
ecea021b
ffa80c92
0ccd0ee0
05cc0f9e
fad607eb
f574e7aa
ee02d9d6
f8cbd5ba
0e7bfe2c
0294245a
0e48f38e
1745eab4
ee440064
fa4beed3
08df0496
f5aa131a
114a0079
05a0fff8
e17102a7
f9c6fda0
f9b0f63e
f718f91c
2debeedf
2d78f4b9
ec321625
fb2af76d
1e8edf9b
e969fd13
e079ff08
0683eb71
f3f1c5b4
fa09d8cb
160f0ce8
0f76f551
08160a55
fc2723a5
fa3ceac7
1703e6db
26dffc4c
02baf5ca
ed5fe833
1314ea6c
07c81d46
e5f91c91
f0ad0186
d7bb1474
d70802dd
0605f67f
fccdff2b
dadaf3ef
dbe1ff88
0437fcba
0a99e075
f8a3e18a
2a98fbff
18d7feb1
cec5ef35
f43d0aa3
17ec1506
23fbf294
45c3dfca
21d5da24
f37e08b5
e55d2958
e25303dc
03741016
03bd1953
e7a50175
f59f18a9
fde21825
ef2a01f6
ecd0f9f6
1813ec25
149cedab
205ef429
1b00ff29
1a660e26
0e1a1a32
ecf01827
ec19ff02
f32be5c2
16feeeab
1cad143e
dff71177
00b1e690
1a15fcfe
eddb1782
09ebee04
0394faca
f60e1696
18b5ee7f
efeef609
f5a71b09
260cfd43
fab4e3d8
e47100aa
fe971b81
14031211
1f9bf7b7
0d71e67f
fa70e4a5
efb6ebbc
e767f42b
e6a1f9fc
e600fbb2
e6d7f928
e83af296
f1c6ea3c
fe0ee427
116be906
209efe0b
0f631623
f7841a34
e570f8a3
0409e3a3
24930ad6
ec181505
f579f04b
1de7fb3a
ec950f3b
05b4fd47
11ebf5f7
e3db0977
16f30cbf
1009ec3e
dc29f92d
08362220
1ca10311
097ce45f
f31ff0cb
e1460197
f4b21b85
04d91d8f
10691575
1bd31456
1a7407d2
1d3c0aec
1c0a0d0a
17e90f46
0fde1d38
013b1b37
ee4716fc
e42b0238
f58ee621
0f26ed7d
1df70b37
f9031c57
e204f7e2
1a1cea23
07ae1725
e9c805a5
15fced71
f7940ea8
fb5f089f
18f4f097
e2bf0384
063c1712
2352f762
e51ce57c
ee0713b5
09591da7
175e0275
1b51f270
f8cde0e2
ef4cef2d
e76afbac
e022ff70
ea600ff3
e31107aa
e5c10a02
e63905c7
e346f125
f27af169
018ae1f0
173cf05c
1ba01263
001215ef
e4c11093
f750e432
1c9cf68b
fdda2803
ecebed44
0d59f792
03181d55
f98be98c
fdd8079a
066a1608
08bbe28f
e7220a26
053e1e1a
22b1efc3
ecbeea8b
e6640538
fac91c73
0b2c190c
239a0246
11c7f1b6
0babe807
0520e59d
f444e5d9
ffaee6c2
f874e58b
0196e5a1
12e7ea25
1113f2e8
2167093b
0ae41a4f
ee0d198d
eb1200fe
f2a3e24b
21d2fecf
030b1dbb
db8ffb89
18d2f1a9
018b0cf2
ea020842
1857f5c1
efef012d
f73711c4
1e66f7de
e54ff04b
f04f19b5
1fcf0fb0
0649e5b7
ee6cef86
e4560bb3
f59a1c03
13891acd
161f07ef
1c2ffbaf
16f2f1c8
0efaeb6c
149eed6e
0fa5ebed
17d4f350
1c79fe78
14e50ac1
0ee91da0
f0571972
e267051c
f34aeb89
0da5e8ac
19141914
e8421288
ed5ae746
1f0c0523
f0430c0c
f147f977
1a34034c
e8f7fb66
fa170b9f
1c8702ce
e5cfe646
ef7e18ea
1a371567
0a8ee12f
f080f1e7
e114045e
f3661989
0e0e1fad
14c80593
1cc702a2
16cff2aa
127beb9e
15b3f31a
1189e952
19eff8ed
1aa700bc
14010af4
0a6a221f
ebdf12a2
e3430345
f455e89d
1086e860
16b21edc
e3270a13
f2b1e8ab
1e2805cd
ea6f07d8
f855fe18
1674f98b
e2950222
07890ddf
1484eed8
d89cf8a5
04ac1dc4
1cf7fce7
f60ce1b3
eaccfa65
e663151a
07571b07
1b980c08
12a8f917
1963ebf7
0638e653
038be423
07d5e31d
fde0e537
122ce5d1
11d6ee89
1784fcfd
1c9f0e2d
f82f1d7b
ee3c0f60
e46cf1a4
ffa5e555
25b30234
ea2a1d11
ed03f17e
15bbec1a
f3d11aad
ff61f63c
fff7ef19
f55c1abb
116ef11d
ef75ee17
f03e1e30
1eecfd09
fd82e2eb
e012fdf8
f62915cd
100c16d3
1addf865
0dbee670
fb3be52e
ed59e47a
e724f253
e38cf3e3
e2c4f514
e5d1f751
e590e9e4
f1c6e90a
ff0de210
0fa3e6b1
1e73046f
091711bc
efb0183c
e57ff4c1
0331dd0c
1f241303
e9a00c1e
f05beaeb
1d6e03f6
eb780067
f9b3ff82
1888fd52
e47df35b
ff6812e6
1c97fb71
ea9be06c
ea4412aa
0e5a1789
1887f378
05a4e5a3
e906e8c5
e331011c
eb17127f
f698183e
020e1b38
077a18fb
ddc7ffad
e8c6faa5
fac0f066
faff160a
faed2360
1757fa4e
2909f59f
1856e4f7
e739dd0f
ea550578
320c116d
1b950065
f5eeef27
1dfaf208
009dfdb8
e250f7da
001e05e3
0502117e
0323fa0e
f466e62b
0426ee78
1c0af8a6
fa4ae74e
065deeff
fee8f7ee
d46ae127
08040dcc
12df2a2e
f57cff6c
14c70905
06b1ff5f
ec18e2c9
f8a7043e
0236009e
145cfb99
1bca145f
2282f08d
22d5f2a2
fa0f32e7
dad51e6a
e041ed57
f6d70965
fd451a8d
e99dee6c
e7f1dbb1
f3cd0124
fdbb0d40
fe4efa5d
e2f51c7f
de202978
01b0f6da
174e000b
106f0825
0591efbb
0e2e0f36
07fa0b52
e691ff69
f0991468
0551ee38
f0ccfcbf
fd512e63
158509ac
fe81f8ab
fcfaefc1
1424d233
0dfcf034
fd710933
fbfef6a6
fe9ef821
ee710a9f
eebef955
fc9bd625
e1bedf7a
f113feae
21430e73
08350995
0465f8de
1594fe43
ef490a2e
f4f30c16
0d6a12d6
f1281bce
f5341820
192506c7
1d780ad6
195b044f
16dbf337
00180e41
fad30504
1370f298
13f80ee4
fbea06f4
df800dd1
dc101214
fbb0fc5e
f7382144
e28105d5
f947cbde
11c3fab2
0e080d78
fb920128
00401231
0b10048c
0273f0c9
140fff9e
14b71433
f062ff4c
dba1ef87
daaa010e
0369f818
143af332
f954f376
05e6fd22
02792683
f9241207
09d3e645
04bde80d
171bf915
1db10cd4
08d0ecb7
1264e831
1051205b
092b1286
f7dbfbb1
e9e0013c
14e9fa79
21fd0683
02d30c55
fa7a1017
0310f8d1
fc54d2b1
e4b1e2b9
f9f8e7e3
fb7bf32e
e73a025f
236cdd52
1c96e730
eef5fde3
26dff6d5
2d880b4e
0864f97e
08fede52
07eefbd9
01181510
ee1cf773
0619d5c8
13b5041a
f80f1caa
1cf6f433
14b8041f
f5592707
25892edb
0ddd0562
edc8d0e4
14f20c93
11f42556
07c6ed92
0a7efd32
0c8efc4f
133cf711
fa581975
f8d3056d
137a08bc
0ab31321
fd68e32f
fc8be6a6
fe85fc60
09adf0b0
ff1d06c5
ec450f58
0617ee64
1852fa4f
ff8911da
ee15ef82
ee76e89e
1e380189
3b03f983
f4790a18
e3a9126b
0434f947
f69ffeb9
0d00ef8c
01a1f17e
dbf9169d
029eff1f
05ba071d
f6251d25
061ce6ac
e716e5fe
d32505a2
020bf340
1f05ea91
e2f6f8a3
c3ca0b92
fc76f518
f4c0f1ca
f35a2509
1f2303f4
ee94e75b
e1c10668
0667f47b
00770b0c
134513ed
f3f8ee79
df2b1680
177a0dcf
faf5e6cf
f1fbfc2d
20adef75
f3bb0265
e196207a
f4600c57
de8e0f3b
f0bd026f
02e1fc4b
0599ff4b
2272ece7
14d1047f
01c4f772
0f92eef6
fabd28c3
fa780e21
1dcdf288
12c808b1
1e0de4da
3e59e3e6
0b7d0371
edb30320
0d770299
f69aea10
de97e4d1
f49d03c5
041d0caf
067a04ed
ebece4a4
de7dd081
f71fecc0
fd740435
00f00cff
f59efff6
e6f0f32a
0f4c1473
1d7409d8
08a3e0b5
07fd089a
f398122a
ec1bd157
f576c58a
e802e321
e77f00eb
fbe20d52
183ffc31
139007aa
fee60a14
19e6f023
21af0590
10d41dcd
06fa16cb
f51d0c59
1596f950
212df2b5
ef66eea2
e27fe1a7
dc6cf871
ee2126ee
0f921007
f611cbf2
f28de7ea
f6721125
e4eaed06
fdb8009c
07c91dc9
050afcf5
0ca5f2eb
f9490042
ef6e16f6
eebe052d
eb9deb65
ed78114b
ee1802fe
f98f04fb
fb14352b
07f1f229
1b18da91
04c20965
fd6ce97f
fc1cfa85
f0a71fd9
1d30e879
f7931cdb
e5841c54
0b9d0092
0b7b0e75
f44c08b0
f3a4fcf7
edd3e92b
f573ddca
22b6ee5a
3147f5c9
0804f6fe
0963fb43
26430ce9
05580301
ea03f6eb
ec172601
e442201f
ffbc00b3
1774002c
01c9e472
04a0fc4d
0cd7019c
ebe0e956
e32b1d7b
f61002a5
f4a7d99b
0ccd0435
0fe602a6
d37d153e
de5b0a7b
0213d087
e76df410
ed200638
f16efe8f
fb2d0994
28ebe127
0c4ae3b0
ec2a0e6c
f6f515a3
f12e148e
0a7910d0
fa96210e
ce621736
f9a1f362
feba0e39
d37a197e
f525fab2
17ae06a4
15da12e7
10a41145
e82e1e0e
e2ebff19
1200d6a0
0211f5e6
f7ea05e7
1a68ebfd
00ba09f4
021b202d
24a6f07c
fb19dedc
e49507e7
003d1ded
160601ac
1a49eb2c
fc9df9d8
f14f0029
f667f949
f49c0ed4
f58223e8
e573f9a6
f519d6ba
fda9fea7
dfb0065c
ed7aed71
f5d30bdd
f2aa1c7f
f60304c5
ee770ad3
11fe276a
0a9114e0
f980e7e5
27c8f52e
f317fc37
c95ce872
055c0c4a
fb03140f
ec15fa27
02f11177
097512b8
15cfffa8
fd930a54
fa8c0c06
23e8fea9
1545f050
0206ea7a
1152fe4a
0b5a19dc
011f0ac1
06fbf25f
062612a6
03311405
0796dea7
0365e613
071b1123
11a5163b
013c08bd
f2520834
f3ae0cc2
eec507a4
f2880f92
0a571400
128106a7
feeefd31
093e0238
0fcc27b9
f40822f7
1483f52e
2870fd3b
fc92f940
05780798
03a026d8
e271dba7
f92ec314
0777fd3c
f8cefb0b
f5acef8e
053ee036
17d1f798
03e02199
f5f7030d
020f173b
ff381352
03d4d329
085a0c9c
014e2512
0929f934
0e6d08e3
fe2df03a
f479ec59
fc8412d0
f7420771
f95507c8
093e04e1
032e0c8e
09ca2518
131d0eae
183514fc
24210f56
f74be10d
e24bf20a
01e5eb46
fffdced9
19fdfd2c
082c187f
ce880211
0823e9f7
12b8dbb9
e30feabd
13020466
1c490400
fce0f161
07a0f778
0862f8b3
0d20e9fa
138d0290
17e7047d
1bd8fdb7
15fe10ad
1807e844
f184ee9b
e0461d5f
1b26fc1c
22bd08f0
1511113e
1d39e9e0
049206e4
0471fb5f
04beec62
eef51b3d
f04e0f9f
e67a1108
f6e5120b
167bda72
0c01ea01
0c0a1226
fa4309ec
de2f11f0
f40e1bd5
027c03ce
fb1ffddb
eaaa2148
e5ca1a5e
f23af6a3
e263fbbd
02c00194
39e10878
14920ac0
edea004a
efd30a84
01e10651
084a021a
dfa0fae2
f9a0e534
0c33004e
bc6215f3
d46314f1
0f2f162e
f4bb0642
0e0610fa
1755fa5c
efece665
045d20ba
fe40137f
d08feff1
ed980940
221f021b
198ff152
039ae258
07a8f467
127d1cf2
1f730797
132cf0fb
f536dee5
0459eb3f
200c0ff9
125dde62
fa4ef24e
ec5b3821
e5030088
f1a7fb20
05121eae
036efb96
035403c7
0b631240
0433ef28
02e5d952
07aeebe5
ff990cb2
f7290d4e
0197092e
1c88078c
1396fad9
f2c2fdd4
e9c2f06c
e255e81c
f20e0438
01850033
e3e3e8af
e354f411
046fff73
1025f2d3
03d8f151
0fb1fcb4
3899fc8e
0bbbf95a
dd08f27c
1d33f8de
25c608c6
fab0f5a8
06c8eed4
0d6005cb
038d0c39
f5511b29
e7a61a3e
df5ceac4
de84da6f
f431fd90
f734fa3e
f80dd869
ffeef9df
03211795
2adefe3e
29b007f8
00bdffe2
f46ceb9a
e73e0c3b
fa7bfdd8
faf9f414
f66f1cc3
27f20a3a
07420748
e46c1d06
fd3ef2cf
fa58f0e8
28a71bee
19e617e6
d5da15f1
c1180913
ea811a65
1b6df78e
f7f50265
fa000b29
fd6d01f2
e3022608
f5f1f078
07a7c6f9
f8f2fc0c
fa1af5e1
00d5f4dd
fcb60f12
0360067b
082cfb79
fd41fb08
001c05f6
0ae1e95b
0439eafc
fc2d1e1d
f005fe08
ea6ae22a
06a9d9a0
09c1cae7
f220fe57
00b6f86e
02e0e9a2
fbeb11ba
07e1fdc1
ed0d036c
f3e8031d
1610d0a6
ef3cdd4f
f22ff2b0
1712f91e
f122f651
ea01f4fa
0b960bd8
0016f653
f29c0156
00eb0bb8
05edce94
050aef95
1ca50a08
1271da82
ecdb0741
0abc2a80
1c6afec8
05bed79b
127ad4d2
034d00fb
fec31c3c
31e617c8
1d510295
ea59e924
fc49014d
02811f69
f17c2165
088d05e0
101dd92f
fc2dee06
13eb141a
24d90401
1113ee54
0658f3b7
f3871390
f6750eff
07b3e871
f448f612
f0b71554
ef0a1218
e604fce3
fc46f849
ffc10575
fb1df2ca
ee6cd866
df36e6ed
0a900b0e
f8011097
bb39fa28
f2571215
0f7a1c1d
f3edf96c
18ff0cf9
242a0ae6
0611ed34
f24eff76
e47df3ce
f72cfc65
fda116be
0cb9faac
2bc5151c
f954256a
e8d9f310
1781f723
03550063
0d07fdb9
15da0375
dd01f0ad
02b40ad0
2d69169a
facce82f
f2d7f347
fd040153
f020edbe
f11505ea
f5d70797
0a4fdae1
04c9e639
e35d1053
f7be02b8
0ae7f071
ee25ff8e
fd900be9
119713cd
df4df87b
e87ce8a6
1cb61c92
031520c8
0ca7076f
19760f48
e245edf4
fd41dd4c
207df8b1
05120730
0ba813b5
01bb0a25
046c0702
15cf0d35
e79209e8
dd571b7f
eca2f595
db77cb19
e755ec16
f7eeec02
019de54f
0158ef14
f0a5f354
0ab61b0b
222910d4
018efad5
ea890ec8
ffefea49
0ec2e109
f6d001e5
f6e5f0e2
11c6f3b3
031806ef
ec0efdc5
e986f0ed
f136f289
0b601213
0ce81bd6
f870fad3
0768ee82
11dcf9a1
e8d7f52e
d056f0a0
01660c8f
1f0d1a9e
ea8b02d4
e99f081b
16c220d9
da230bd4
b9d2ee83
046d0d37
0d23232e
03cbfc49
1462f85b
f22f0642
ec94f45a
fc46fe37
00560ad6
140711e0
0a7218f0
106e0683
11d61558
ecd71f8d
fa1bf984
09e0f051
0d4dfdeb
1158f915
ffd1e97e
173afad9
00dc10f6
d421e8fb
f173e345
e888fd76
07e2e2be
2e82ef51
ea471053
042eff33
2d1cff20
030506fb
195df039
1a85f2ff
08460f8b
1240efa7
fe74dc2e
07fe1568
056610a5
fbf8fbdc
17480fff
0724fad5
0c1211e4
15ef16a4
e749d5ed
eb23fa30
f72c29d8
e7550e23
f213ea98
f144c462
ff15db46
0cf1f333
e9fbd7d6
e81af190
00e1140b
f46d10a7
ee8c0392
08c5ec21
225ef96b
158a1276
f0e3f5d4
f043dc21
0278fb4f
08b6121d
174b036b
0c710188
e5bcf5b8
e434e6bc
fca0f78a
081cf8df
011efc63
f1f50cc4
f04afdfc
f0d2f55f
f4ff11d2
060925fb
09c90c85
0b28ff0a
14a3035e
1cdfe7e5
292cfb27
1ab2102c
03b6e44d
0d36eb4c
ef9d0181
c0a00048
e469043e
0159ec45
f28cfa03
033e05e8
f374eaaa
d5a3f19b
eae8e5df
00bafd15
275031f1
219b056b
eaf9ec78
061805c4
0caaff9d
02f80142
2f6f0618
f794107a
cac915e3
001a0816
fa300a2b
f5f104d9
0eb2fb51
03ecf9d7
f7fefb30
fd1204dd
051bfced
e6f301e6
ebb106da
1bfdf442
06480ed3
f0f4219d
db700d6b
cd23121a
05800cd8
f917032b
eb3108b2
1165faac
fa1dfa4d
0c700eb3
08be08eb
cbf60491
07e53f94
0c7f0975
3184ebbe
1661c58c
010cf000
16681889
fb01e6de
d70804ef
f3b9fa43
06f9e461
fdb72761
10f209ae
132ef570
ff710a47
0965ea95
0cf516bc
f55a20de
eef6e071
03f5ef49
fcea0065
ecf7f850
0588fab6
ff8af9a1
f4db063f
0b9aee84
f596de57
f4330564
0b52fa5b
f498ecda
f67e0f3d
fceffcd7
fd20f97b
197a28d0
24770eee
2648e8c1
0a0901a4
f2911228
0a761210
fac10e12
02af0004
19a0f69f
f0bafc31
0d3c04c4
20ccfb14
dcd9034e
e66f0705
f5d1ef2e
d79f0c1b
f56b0f68
07c5d6ca
fb40e068
1014f2f8
15dbeda9
f6c100a6
e1da0204
f0aef5c9
088ae781
f9a4eff4
daf007c4
eb4506a0
0cc81b15
156016de
341ff9b6
49110daf
1bcd0400
0970f7d7
15710d53
f2ee017e
f438fc96
14ecf9f7
fa40f62f
fdbfff17
207ff7e4
f9c20263
dd5efddb
fb2206c5
0ea6264e
13ebe21e
093cce4d
06b91fe7
178316e8
129bfa67
1a89f593
1c9ddc80
f686f463
fccc0fc8
0c97ffd9
f144ef07
052ffafc
258e156b
0e7115ce
0a721157
16eafa1d
f4dfe211
dd110393
052711e6
1dfb0ff5
fe5f1292
054cf15c
231e01de
ff6f1c38
f47b08b5
0ff11285
fb980328
087bf392
23c907e8
017cec32
fdd2eed7
0b7011ff
067cfae0
08c5f298
e9e706c1
e9680ab0
0a9e0a2b
ed760f41
d9871380
f220f733
01fadc3a
01bcef47
edb30bf9
f10e0ef2
119cff24
0b18fbb6
e46ae4b3
f114db87
1abf1dfa
ecab11a8
c1f7d34a
fc6efbc3
05780299
d4e3e3fa
d99dec21
f7f8eaf4
10a0060f
1909fc8f
100eddf6
fed00f52
f5220e9f
0620e8d0
0ec4fa8c
08250589
fb200cac
f8b2038a
1035f287
fcd90890
e8da1775
02a90443
0125e23a
0738d87a
0386e408
e381f982
f3291ae9
02f3004f
117deac9
1c630692
01c7f2df
083d0075
f8c3232c
d9a5184b
f3f22b63
ec330f50
ece5eba5
11781597
09100b07
fc28f3f7
e411000b
defcee67
0df7f0ea
131d05b7
104a0b17
138f155e
e9b71720
ef74f833
20f1e667
19c10999
fcd90a1c
f77cf0dd
fa2f0759
04c10928
0348f200
f4b5e186
025ee6ac
07220846
efd9fe6e
f22af7e7
02e909e7
1cebfcdc
25a80871
fc360c5f
fc40fe2d
197a0347
0211fbe3
f5d60e4a
104f073e
24dce8fb
1eff10b3
17052193
2b4810ac
198bf9d3
dcb1dbe9
da9ffd65
07bbfeca
0b38e11a
ea80f9ea
fb86ed8a
19d9eb52
f2180b12
eb0cf65e
15f0ee68
0c64f8c2
0507ed41
fd76fb5b
d9741a88
eff119ec
09970da2
f5cb0fbe
ee54f4d3
e4f0e187
0179fca3
2baffe4a
153c0497
11b6116e
03f3f9e9
d641101e
f23c20b9
f64beded
de4ae86b
10500009
250af267
0f34fb34
03640cfc
0944f09b
2c0eefa1
1a790f99
f862f87b
084bec0d
0b0010b2
0ce01d02
08ca1a57
f6ae0c8f
0799f4e8
1d21fd23
105c0d76
ef2af001
f896d87c
130c1754
f8de24d3
f002e2b1
fce4fab6
1552f6ca
27a5d0b0
f4bf102c
0667040c
22a1e158
d71a0900
f706e448
331dd95f
01f1f073
d5b3df3f
c23009d8
f19f0717
0a0ce054
ecbb10e5
18c22103
012b0d80
e49807c5
233fee4a
ffe9ec7c
ed43f4ac
092efb59
e8c10293
0d36e96a
21c9f8ca
ed311e89
ef8c04ee
01e30279
02dc1454
f8a7fddb
fab70396
0afb0687
eb0efeb2
e80e19da
0a910786
f573f905
f51f1374
11f3009e
fecc043c
fbca05bf
ec25e7ed
edabeb64
f429dfa2
ff29e500
0e26e59a
1a32f1e6
18271310
ff0213e7
e5c20cd5
eeabe902
143ee353
11772009
e690ff4f
fcfee5eb
17821225
ee04f615
facafc6c
169609f2
ee7fe74b
f6091012
1b090a59
fd43d9f4
e3d8054c
00aa1b8f
1b810169
1211ebfd
f7b7e065
e67ff28f
e4a50590
ebbc104a
f42b1899
f9fc195f
fbb21a00
f9281929
f29617c6
ea3c0e3a
e42701f2
e906ee95
fe0bdf62
1623f09d
1a34087c
f8a31a90
e3a3fbf7
0ad6db6d
150513e8
f04b0a87
fb3ae219
0f3b136b
fd47fa4c
f5f7ee15
09771c25
0cbfe90d
ec3eeff7
f92d23d7
2220f7ca
0311e35f
e45ff684
f0cb0ce1
01971eba
1b850b4e
1d8ffb27
1575ef97
1456e42d
07d2e58c
0aece2c4
0d0ae3f6
0f46e817
1d38f022
1b37fec5
16fc11b9
02381bd5
e6210a72
ed7df0da
0b37e209
1c5706fd
f7e21dfc
ea23e5e4
1725f852
05a51638
ed71ea04
0ea8086c
089f04a1
f097e70c
03841d41
1712f9c4
f762dcae
e57c1ae4
13b511f9
1da7f6a7
0275e8a2
f270e4af
e0e20733
ef2d10b4
fbac1896
ff701fde
0ff315a0
07aa1cef
0a021a3f
05c719c7
f1251cba
f1690d86
e1f0fe76
f05ce8c4
1263e460
15efffee
10931b3f
e43208b0
f68be364
28030226
ed441315
f792f2a7
1d55fce8
e98c0675
079a0228
1608f996
e28ff745
0a2618de
1e1afac2
efc3dd4f
ea8b1342
0538199c
1c730537
190cf4d4
0246dc66
f1b6ee39
e807f455
e59dfae0
e5d90bbc
e6c20052
e58b078c
e5a1fe6a
ea25ed19
f2e8eeed
093bde99
1a4ff51c
198d11f3
00fe14ee
e24b0d5d
fecfde2e
1dbbfcf5
fb892471
f1a9e72e
0cf2fe75
084215fe
f5c1e7a9
012d1011
11c408c9
f7dee19a
f04b1ab1
19b50fb1
0fb0e031
e5b7f9b7
ef861194
0bb31baa
1c030a66
1acdec77
07efe9e1
fbafe3d1
f1c8e90e
eb6cf106
ed6eeb62
ebedf05b
f350e82c
fe78e387
0ac1eb1b
1da0f117
19720fa9
051c1d99
eb890cb6
e8acf25b
1914e6ec
128817be
e74612a6
0523e0f4
0c0c0fbd
f9770eb9
034ce5cc
fb661709
0b9f05e9
02cee379
e6461a31
18ea1082
1567e5c9
e12ff572
f1e70f80
045e1eec
19890c9a
1fadf1f2
0593eb38
02a2e339
f2aae931
eb9eed85
f31aea4d
e952ee77
f8ede611
00bce559
0af4ebff
221ff596
12a21421
03451cbd
e89d0bab
e860ef7a
1edce94e
0a131cd9
e8ab0d4f
05cde1d8
07d81591
fe1807ab
f98be98c
02221d6b
0ddff877
eed8eb7c
f8a52764
1dc4fb54
fce7e309
e1b309f4
fa651534
151a199d
1b07f8a9
0c08e468
f917ed58
ebf7e69d
e653f9c8
e423fc75
e31df82b
e5370220
e5d1edd4
ee89ee2a
fcfde87c
0e2de361
1d7b07d1
0f6011c4
f1a41b94
e555005b
0234da4d
1d1115d6
f17e12fd
ec1aea45
1aad0c2f
f63c009f
ef190009
1abb0aa4
f11dee92
ee17108b
1e300fc2
fd09e114
e2eb027e
fdf81fee
15cd09d7
16d3eff4
f865e523
e670f242
e52e04c5
e47a12a7
f25318dc
f3e31c74
f5141d3c
f7511a2f
e9e41a70
e90a0e3a
e21000f3
e6b1f05d
046fe18d
11bcf6e9
183c1050
f4c11a81
dd0cfccf
1303e0dc
0c1e1660
eaeb0fa5
03f6e292
00671488
ff82064d
fd52e778
f35b1b83
12e60098
fb71e369
e06c1565
12aa15bc
1789f1a6
f378e779
e5a3fa5c
e8c516fa
011c1ccf
127f14e9
183e0968
1b38fdf2
18fbf886
06141a71
e85107bc
1a7fdf4b
01f40325
f1cdf3fc
ecddfa52
eb060f42
020c010d
f4eb0255
0199dfa5
0c01f308
f3bc357b
f6a8139f
eeebe6f9
efc3e36b
ece2e150
eab7e3d1
0875eb66
eba90642
f1e10726
0ddfec7d
bf7fedf4
ce160b7d
16d422a1
ec9c07ce
e1c5f952
04dc11d6
faeffd08
f001e14a
0e89f809
24a0241d
03f824da
fbc2f8a7
fdb4fca3
ddc104c6
e0bef44e
eae709b1
fb5403fb
1a21f725
14460ad9
15bd04ca
139b0840
01290ccc
f70affc7
e44808ed
fa6e118a
11e51234
02b0038d
0139fa2b
f1c4057a
0524f4d0
23dcf8b3
fad20eda
023c02a1
113c01f9
e91df6fa
0d79ecee
2618f0d9
ec46e1a6
dacd0cab
f4b32055
13f0ef9d
122d139d
ee582189
fd84f584
11c610bb
fe6211b7
06b5fa3e
035ffe44
ee74fdf1
071521f5
0c64126f
0073e1a1
1c49fadd
0e2bebec
e518e2b4
fbf40dc1
18caf664
1bd0f285
1b2c0874
0026fe35
ed151b77
f21317cf
f2c0f9b2
0c3e10c1
18bf122b
f2971110
ed7c176f
0502ff0c
029a0546
fdd807d3
fa74f8ef
fd4616df
fd281256
f586e347
0604f039
0f13022c
1614e3cb
1bbee88c
f6ec0be2
f2230c23
07ec0a48
14390a0b
3752fd6a
1e9113de
ff221223
14d2e2a5
f69d0056
f5a31cfe
1050e6b6
f3d0f42f
fdf61875
f706fec7
d44f1967
e6982c35
deaa102c
e30d2365
04911766
f8c6ee63
f3b7029e
ebfe19cf
f362034d
2153d679
119be0b0
00e50d4a
1704fd36
f84f03f9
f2b12fea
196228ef
0bcc13c8
f92dfb88
f025e9d1
dae3f670
f17f0087
0012f64b
e8b9ef3a
fc9327f3
08c1412f
f6aef3fb
15f5eb53
29a101bb
0ab6df29
fc41faf1
fb391f9e
f6de1164
e8b416ca
d1771480
e411e8e6
0cccdad0
06461516
f8cd1b37
148deb4c
20d6f850
feece992
e0fee24f
f25f1111
1c1bf8fc
2132fb2b
0fb3152b
0d53edbe
087cfa58
0d0efef4
0497ed50
dd181755
ef5205ae
2471e13c
2507ed1a
1a32e71d
10390cc1
feb72123
0dafdd20
0ffbe57c
ec6820ed
f986074d
25e4ef43
19e4f37c
019cee81
09d30998
13e70ba5
1437efde
0065f990
f3a9f999
05c0fa6e
ffe10ee5
e5790c62
f5f9fc3e
1962edcb
0a75051a
ee97166f
063cf85f
1794f6e3
0c67f221
0cdcf6b3
04351217
f6acf555
f6380573
02251dba
fd8dfa22
d9ab1869
ef5c0c68
119dda05
ee60fed4
f6a6fd95
0fa8f26e
f44b014d
f2f2f470
ef2e139a
dd8d220e
f4ddfa01
0d25e2f7
0de4ee75
08251961
f7a80583
ec12d68e
0629fcea
192d17c1
043c0888
0682feb9
0f0beb91
04c6e7cf
06f5f478
040ffcc5
03a8f8ea
f6a8ef08
f23dedd1
17fde684
0ffeeee3
048e08a4
0ec60bce
e2880539
e07702c2
097215f7
15792d53
159c15a4
f75a108b
f9023025
141b121c
013dec53
fbda075f
0fe808f3
1481f20b
0396fb87
0c4af1bf
08caf3cc
c5f5156b
f04efb73
3e98e589
09b20ea9
eff807ae
effce765
f8740750
12910f0c
eb7ce306
0132eee3
ff61fc98
c810d76f
13dced84
128b10a5
d66df968
01bffcbd
fcb1124e
04a61369
17b40a8a
ffe3fdb3
078f086e
e32e0ecb
eec4fc17
3472efe1
15aafe48
f2de1b4e
ef5d1c5a
eefc1fe6
f23c2087
e9ee02fa
0f960e7c
0d4108a8
e82afdbe
109f40e3
22e8257b
1293daeb
10740ce4
09541d85
0d04f2df
fff605df
ed671d35
f1d5f765
0cf6ce39
1deeea23
1076fe84
1c48f02f
f69706ee
efd3f4d6
0231f04b
0ac30f9a
fdfb0fd6
ef3b06ff
032c04af
ef99e136
e214cf43
0a520ac4
00832484
ec2eea2f
0078db9d
0c69fd60
f889fe39
e9ec0233
1c600501
2a21e2c3
ddc4f4b3
cc3716b4
05aeebd1
154eedc6
ec3efd85
e88fe51e
1027206d
0b801926
ebbbd4fa
e0aa1ecf
f6ab2aa6
05fee74e
f1f6fe4f
053407a6
0eaa02fe
f1b1f48a
0891ead7
0d761d58
f960fe15
0552e2e9
06102608
02871a63
f6fb1089
08f82475
2c21f809
0522fc8a
eb93063a
f3c4e49e
ee4bfad3
f86c0cd8
e40a0ad9
e9961845
141e1322
fea81ec3
f02412bf
f7f2d3e2
f900d44a
0f7af95f
0264f82a
fb210552
2071234f
0ce020ba
dc4f052b
dd6ff748
e8d4f584
fa67f0d2
0888f4e1
e0d7f6a1
e18708b2
0bbd1d84
f4a3fd36
15bbeefa
4158f66f
fd91ebeb
fb7f071e
095afce4
ea12e46a
15f30ece
0550fd52
df7be4c7
17e90cfc
11e00aed
ed6ffd9f
f97a045d
07b70aab
0af0f124
f6c6bfcd
fedde1d5
049800d5
e4e1e886
eb8af8ef
f273f314
f41ae9d0
094dfec1
0fe5ffd0
134209d7
eedbf61a
e424ef16
1ffe14d7
17060931
fec6078f
11a70ac4
0b27f174
147a06aa
0c0612bd
f461ffbb
0055f6a1
eb3500e2
ecd1111f
014af4ad
d56cf206
e2e6010e
0c65e1a9
e928f24b
f0fb0345
1c62f311
0e170a79
fd940492
0533f55a
0a1d09d8
093303bf
0336f123
0200f9b2
105e1073
1aa10bfe
0e270c32
0db515e8
141ae5fa
fdb4d5ae
f231e6ab
fa7ad43c
03d609f4
10f438fe
07d10d30
f6400469
e791fe88
e1f2f3b8
ff1a1b19
0c8a0fb4
0539e94a
feb005cd
f4280c99
0a36ea00
f6f5fb94
ce730504
0158e31b
0a72fcb6
e3b21d3b
fe240924
09681504
0b5820f3
16040695
111f0b76
1c811d5d
06d50a35
f24d0132
06491b96
045f0fff
0ba8e884
09d8fadb
f7840b50
0ce1e404
0c3cdc41
f99ffad1
f6a2f290
e77cee89
efac1446
f6fb0049
ebaee139
fc5e0dbe
0b2bfee5
11a4dbd0
192d0e08
0c3a07f3
003ee866
fe69fd1b
0c05e3fb
1884d7cf
f7550430
de1c0c64
f67cef56
134ee0bb
2163f16f
0ae4f0d6
f02be624
0a8efe17
1857f3d2
0a82e2b4
0767035f
f3660136
f707e74d
0599f5ba
e7bf205a
ec6d2b34
0821fba0
061cfa65
103b11e9
03c0f3b3
e74d032a
e47e17b6
db0bf931
fe4f0db3
31a126b2
fed20398
ccb9e210
e515fa58
eb891f3d
fa3f0233
0cdcf86a
f1080aac
faa3f393
04f7016e
e7800b1f
ff380754
0b2a1c6a
fca4ecee
0595f392
ed8e300f
faf0f9ff
1736e152
fbb7efa7
1559dc4b
2d56f54c
11c5fc75
fe4f0e0a
e39c2ba6
ebccf3eb
e7dce0e4
ccb1095d
e5f11292
e1550ee5
ed19f65e
1c63dba7
ffc1e1ef
edf30274
f6b4173b
ef2902bf
f272f28c
e866f1d8
f943fd8c
0f141485
030916c9
f1c814e5
d0710174
e1e2f45a
0c6f10c5
0604091f
f989e806
e74dd216
0675d11d
2348fe3e
f1b90618
0194f4d3
124303ef
ed5efb3f
0300f1b3
f67cf27c
e429ef6a
0ab504af
fe6c1397
f14d05f4
0822eee1
0ebaf9d5
0e710b06
0279fae9
ed891d9a
e4c03249
042af1ae
1f5eed4c
f7051c13
e04111c9
f785f690
0231075a
0cf11206
f626e4ed
d19eea22
0754234c
2d8e217f
ebae052c
e590f6aa
07bb125a
f47121be
1401e1cc
1008e977
e4e02711
2a590bbc
299af2c2
e79e0729
108e1545
05f20e93
ea75ef5e
f857f376
0f2cf7b6
1da701cc
0ae904f8
f30fef10
19b0f1a2
2d96fe10
fc88155d
db0f3931
f0df14e8
062df644
f6b22f60
fa002f25
0fe7f216
0de8fb83
fe7d1972
ed590a49
f702ffa4
f981ffb0
f4f1f55f
1a80ff46
ffda046b
d008e2e3
fa9fd950
0697f90d
0277075c
1d6ffe92
080c0e43
e3f40ed9
cc3cdc91
d7b0f760
ff8326f9
f452f381
eb3f0092
00231c50
05cbeee2
105403bd
11c4feb9
067cf5a2
06c61aed
0b59cf1f
ffebd3c3
e1613ca6
e0e613bf
f633f14f
f968fd78
f667f51d
e41d192e
ecc009cc
184af225
09b91541
e596016b
f3a8e6a6
0b4dff74
0d940578
f659e4cc
eb10dc16
0ad8f964
14b9fbf3
04350bea
07d52259
fd2cfe58
f840fc66
ff1efde3
e754d2d1
fad3f362
0cdf192e
e2a4f9c7
0180fca8
16680920
dd61eb29
f596e772
19ee0300
ffcbf6f9
f30ee59e
f9ea0602
179a123d
13f5fb59
f764f6fa
082cf971
0a63f9b6
0d66f83e
22d4006e
156104af
f990efb4
dd420696
e90f23c2
f7b315e5
d74b3375
face24c9
2335de3f
f859fb10
f88c0a58
09b1e98e
e9a00daa
e7ff1638
0f1101a2
1431155a
f34d15f3
f8ac18b2
0f782312
0ee1038a
186fe403
ffb0f100
d8d6ff23
ec23e48b
0066ee6c
0dc819b8
2341fbd9
195ce56c
0f0502d5
1037fceb
021efaf8
ff4104eb
0755f6cd
fb85fa93
01e8007f
1d36f623
0a32f996
ff1f0188
19f8007a
0bcbfea1
14dc01d8
350605e8
ffa5fb4d
e76ff2b4
1e580f62
1436199d
e41cf574
eed7f7e5
0122fc25
e739e7b4
e06c0cd3
0631189d
0951f4e5
ec8d00d8
ea0109cb
fde60d98
113f1461
0288f020
f06de366
0050eef1
0b0be465
180af763
0dbb1842
e60e0455
f07defdf
ef2f0891
e1df08cb
0c390b26
00a12044
dee8fdab
eee20231
e5a92a6d
f8611b68
1c391379
fc27e99f
d867e28b
dcb42494
fd01fd8c
fe62f1de
dae1185a
f15edd79
10f1e1e4
007eff45
f6e4e89e
f590f858
ef94f646
f2a70695
088906f5
0417d3a0
eb06fb37
fef61195
fbd7ed61
f2220870
0e9f0e95
f3380315
e36218c4
f3d70f94
eba2f814
0c25fad8
0bcb02b7
f16bf994
0dd0f40c
0a60feb4
03f4170e
03de287a
e7e006b5
f8aff0f8
1181004f
130afc2b
0b3911ac
fab2233d
ff780641
f6b3f64f
0456ec81
2f51ef78
0c440b90
e579185f
ff29051d
f4bbee3c
cb84f3c1
dd75f384
052b0d26
127827da
26ece6bc
09cae65b
ead71be1
267cf557
1930f8e0
e4560afc
003ef4ea
f81502bf
f3ccf63b
fc4bfc33
db57081d
df23dfb5
eb96ef68
01eb0873
0d440b33
f88616d1
14aa12d1
fdfe2c10
dcdf0a91
063bcfbb
f1d7061e
f6501fba
1edc1993
0667372e
0ac7257e
07940d10
fbfdf5d4
0740f116
edf9148f
01c001e6
23ecfc79
16541293
1297f146
0c33f475
194d0c78
0edd04be
d7720cd0
e0abffd6
fe30f11d
00cbed41
fe91dc63
f3d3ff69
057712e6
01e0ed2a
e973fda0
084b216a
161925c9
02a712ea
0a24e708
09a6f390
fc5e1af9
f8f90ce8
f13cf701
f2bbe56c
fed9f411
f7cd13ad
e6b7f0f0
e788d97d
143df853
44000365
19ab02a6
f47bff85
2daef05f
2bd4eda0
ec00f930
f529f634
16cbf496
123c0b03
042f07f7
02fa05c8
fc530ee5
f21fe96a
03e6fdeb
fec53819
e12f1801
f6b0fdc4
0524fa2f
f00ce739
0854f1e6
1ae110dd
e268fe4a
258fe17f
469de541
2cf3f2fa
18de0ae8
05aa130b
f31df601
e5adf984
f9cd0305
0f900610
f1561e81
ea5b0698
eeb3e105
ed33f3d6
09fa05dc
f2d60082
f36b001b
17f106f8
e4de0f61
029f1de5
41f91d4c
efeafa6d
d63aebab
01aaf9d7
f63efd5a
f55affdd
0248ef90
107bdf9e
035aff7d
f1ce1015
1273fa9d
0f2cfcf4
fef703dd
05d1f363
fbedf25c
184df9ae
15e8f4f7
e934ff17
03dd0f77
126c1b49
092919eb
21b6f31d
0a47d510
e260dc78
e765fad6
ed511881
fb7d02bc
0adbf383
f6010ada
ed070549
f7dd0745
ecfa0b98
fef5f236
12edf625
ef80027e
f601f2c9
15d0e5d6
03840307
efe520ca
ddbbebeb
eb8cc37a
03d0e029
df62f37a
e9280edc
0d501775
fe820535
0fa808c8
0fc6f1fb
f273e524
ebe1f471
db65f361
faf01193
10fd1587
ec80ee80
f18405bd
e2541263
e9d9efa8
2c140372
0ccb11ee
f49fe429
16cee601
072b05c3
065df38b
fabde89a
ed9af229
0df201f5
fc88170e
f16d0970
fd36022d
e8caf7b4
fe70e5cc
0eb2149a
01d50f01
1834e13b
1e0b1168
08781368
066ae993
10c3fb40
04d8f7bc
040a05e7
1e4b1920
0b89e016
09cfda4f
1c1c0ea6
f370fbf3
f911e680
05ac10c7
ebf5226c
0c420426
0fdaeb77
0786ebd7
26e2031b
1ab507d5
11b60248
03fc160f
f035fbb7
09e0d394
0083f5f7
e8b80d00
fbb10a95
09d41cfe
f37f07c2
e67bf46d
140c1ce9
1b49235d
fa52010e
ec980b77
d11f1745
f31afcb1
fb6d0073
ca6020f6
04ca16ce
05beef96
d2c1f74f
02171a8c
f9cf0f4d
fcc1f122
2c12e87a
150203a4
10482647
0235fcde
e120e1eb
ee740e49
fe4b07dd
0191fedf
e62e0174
f50dd527
27e0e5fe
068c0e4d
fef9ffb8
1cf803d6
ffb70d4b
05170a17
40530471
45bfefab
f918f60f
e0f00db3
0f48fda0
f1dce809
dae7fb07
02d4fd2c
1029eb2a
11a2006a
f777fc09
e8d6e729
04abfb5d
fda0ef46
f42ce896
f7b20656
f7b5013a
01f0ff1c
0036079e
009b024b
f48f05a5
ef9109cf
06ad067c
f9b6f582
fdeef3a1
1157ffaf
ebcef61a
e72bf574
0b4afa9f
0de40c92
fc581afa
ee8ff940
fed9ff01
15fc0d63
0674e4dc
f637e599
0354eb05
fe2be13b
e041fa8f
e391fa57
035fede4
0fb6fbbf
f698044a
e73de3ef
fb24c5fb
f01efdb2
f6f80ef7
117ed489
ed0af310
0ee414fa
3cb3fe3e
fa5e18ae
f12a1466
f2abe82c
de6ef5b5
0e8bf691
0601eb2f
e7771838
e570222f
e4e60ed3
04822274
d0500100
bb8de78a
1d411f46
16741047
f738e50e
09d0fa6e
0134ff9a
0a5208fc
f52d17a0
f54dfd40
17bde53b
ff49ee21
0b140520
0b16f70a
e856f0d4
07d01263
04b9f7d1
f601de2d
f7b10092
cf3406d1
e6770c09
01a11438
e97305bc
f7e7fc29
ee0fe3d6
f450f1f2
2ad70f67
17f2e58b
f9a6f115
07272db3
08be1761
0a930cdc
07f41b61
0071f058
04bde7f2
0dee10b1
0d1715f4
fd390e1c
08d50e06
0e330048
f364f5c5
09080c72
0d501a7c
d2ceeeb9
c588d038
de3fdf96
fd03e503
0da9f193
fdc91029
078c1a0a
05b703dc
fd79ef7e
21c0fd72
10880f73
edd21e79
fedd165d
0016f46e
07060b25
06620ad8
fa11e7c8
1ae20fcf
1894eec8
f863b838
033710b8
03472e58
f9d501a3
029609c6
0535094a
f0a0063e
dbb801eb
fde1fd5a
15070441
f21cf2b7
f5c6f463
e7ed13db
eb641255
dfa20bd7
e50000d7
e59af1da
f1e6e5ce
1310e7d9
13e700fe
0cd51a3e
e9021155
e353ebc2
2009ee89
ff4f1970
e5eb0302
1225e87e
f61511fc
fc6c0536
09f2e96a
e74b1181
101209f7
0a59e4f7
d9f402bd
054c1c28
1b8fff56
0169e47f
ebfdedef
e0650849
f28f1981
05901b5b
104a1444
18990bd5
195f0604
1a00044e
192906d8
17c60d6a
0e3a15c4
01f21bd9
ee9516fa
df6201f5
f09de9dd
087ce5cc
1a90075d
fbf71c5d
db6df52a
13e8eafb
0a870fb5
e21904c6
136bf0c5
fa4c02b9
ee150a09
1c25f689
e90df341
eff713c2
23d706d3
f7cadde0
e35ffcef
f6841ba1
0ce10f35
1ebafe69
0b4ee47b
fb27e271
ef97ea8b
e42debaa
e58cf82e
e2c4f514
e3f6f2f6
e817f0ba
f022e2c8
fec5e4c9
11b9e904
1bd5fdc8
0a7219df
f0da1283
e209f4c9
06fde3a9
1dfc081e
e5e415dd
f852e8db
1638fa5b
ea04128f
086cf158
04a1f761
e70c0f69
1d41fc7c
f9c4e8ee
dcae089e
1ae41a84
11f9ec4b
f6a7e259
e8a2fd8b
e4af0d90
07331f1e
10b410d3
18960454
1fde0090
15a0f00d
1ceff856
1a3ff5fe
19c7fa39
1cba0edb
0d860e97
fe761e10
e8c40fa4
e460ed9d
ffeeea11
1b3fef6d
08b01bce
e3640975
0226d7fd
131512bc
f2a7086e
fce8e2ab
06751674
0228f866
f996e9f8
f7451d71
18def5da
fac2e1e6
dd4f103d
13421575
199cfac8
0537e38d
f4d4e6f4
dc66fdba
ee390e4a
f45517f9
fae01a63
0bbc1a27
0052193e
078c1a75
fe6a1a5f
ed1915db
eeed0d18
de99f6c5
f51ce5b1
11f3e673
14eeff02
0d5d1db5
de2e0131
fcf5e245
24710477
e72e0e57
fe75f30e
15fef7be
e7a90a3f
1011fed3
08c9ee3c
e19a0822
1ab10fb5
0fb1e64b
e031f050
f9b71a49
1194107a
1baaf44d
0a66e3fd
ec77e533
e9e1f811
e3d10451
e90e0e38
f1061494
eb621292
f05b1413
e82c0cb0
e3870188
eb1bf53f
f117e260
0fa9e68e
1d99fae4
0cb61477
f25b1754
e6ece6ec
17beed78
12a618ba
e0f4fadd
0fbdf3f4
0eb90689
e5ccfcb4
1709049a
05e9f461
e379fd32
1a3119ba
1082e716
e5c9ea99
f5721ed1
0f800e19
1eecfba2
0c9ae677
f1f2e053
eb38fa6d
e339fd5e
e9310d56
ed851462
ea4d0ce6
ee7716ae
e6110713
e559ff44
ebfff50c
f596dde1
1421ed5e
1cbdfcbb
0bab1763
ef7a17a0
e94ee124
1cd9f5ed
0d4f1755
e1d8fa33
1591f828
07ab01e8
e98c0675
1d6bfdde
f877f221
eb7c1128
2764075b
fb54e23c
e3090319
09f41e4d
1534059b
199deae6
f8a9e4f9
e468f3f8
ed5806e9
e69d1409
f9c819ad
fc751bdd
f82b1ce3
02201ac9
edd41a2f
ee2a1177
e87c0303
e361f1d3
07d1e285
11c4f0a0
1b940e5c
005b1aab
da4dfdcc
15d6e2ef
12fd0e82
ea4513e6
0c2fe553
009f09c4
000910e7
0aa4e545
ee920ee3
108b11e9
0fc2e1d0
e11402f7
027e1d15
1fee0208
09d7ea33
eff4e92d
e523079b
f2421990
04c51ad2
12a71b86
18dc0dad
1c740c1d
1d3c0aec
1a2f08af
1a70161c
0e3a16f6
00f31df0
f05d194f
e18dfb91
f6e9ee44
1050e7c4
1a810b3f
fccf22f4
e0dcecfd
1660f3e2
0fa51515
e292fc0a
1488ff99
064d007e
e77802ae
1b830ca5
0098ed1a
e369048f
15651f94
15bced56
f1a6e877
e7790c88
fa5c1a5d
16fa173b
1ccffee4
14e9ed81
0968e7c2
fdf2e4c8
f886e705
0cda1956
fb3007aa
f67cf20b
012afa61
107305c2
16a4f882
0ab5049b
ffbeff3d
f028e46d
fad000bd
0f9b0973
f580f6d3
edfc074e
00d1003c
019de508
05dedc65
0026e6d3
05180eb0
0f693146
f237321a
e95915a9
0aaffa63
20d0fff5
0c1a090e
eaa800fd
ff51f5b8
19cb09e9
074528e6
fa45088f
f703ee5c
e3bffafb
d2f8ef0c
f32b060e
1a2c0ead
f90cd4ab
e39cd147
0e5ce867
236ef463
0ced0957
f890f257
0439f34b
089611c2
f4baf7c9
fc5ceabd
ffbf0205
e5950346
e1a5f75b
f7d8fa59
02c3000b
fa5ef29b
07c7f5c8
1a3a0335
0a76089d
03ab1cde
033b0e97
01d6f8aa
12a10641
18f7fcf4
17c9fe41
045a0506
fb87e681
225ee4ed
138ffa7b
ebe9f2e7
fe24e47c
f770fedf
ec8d1944
07f5fd18
0c2bf244
fb58eff9
ed5dec14
fc83150b
13cb0af2
fa22f4cf
f3b20998
1becf945
19b1f7a9
fbb3f0df
1423f9fd
406036d0
16240805
d210d7ac
f16cf36d
0e93de3a
ef60f9e9
f99f194d
fe37ef79
ee58f2c0
0db510ee
0e802919
fed61bc9
17a30370
06821ffc
f434008f
110bde8b
0a4f02a6
f68ff0c1
f8e2ebb5
f0810e5e
f8b8ff63
11ebfc9c
14791436
11c40df6
0b58ff76
fc6c1107
061619c4
020b00dc
eedf01be
0187ff3f
f467ea13
edbcff92
1f501ae2
016114b0
e444f8a8
0124e43b
e046ed76
f569fd05
27200951
f950f1f3
f092d857
01120245
f8e41c45
01700ae5
fcf9f7f4
081fe5c4
ef75f48e
c4c5f18b
fdd8ebdf
04a21c4e
c99a1d7b
e72112e8
045e2ab1
07e803a3
1935e2c8
0613eb26
fb23ec6e
fe8d11fd
f7261166
0c7de269
10d7f36c
0279f84e
0e4ae298
fba8f260
f293f3dc
0c3605c2
f2361212
f784e84c
24d4f807
07f81569
fc70f777
0dcfef52
eed0f59e
e3a5ff61
f032061f
f7f7f55c
fa5ef18d
eabafb2a
f49211a6
0f0af5f1
0406c751
e28b087c
e4cb22f6
fd42eede
f4d7e509
06bfd097
2420e8e5
0880fbbd
fc11d5b5
01810633
096a1db3
0b1a091d
ea020ebb
ffd8ec86
18580b05
03dd1768
1679f295
03312562
ea9f023e
fb2cdfb2
e7332316
fbc7038d
17770085
ff2b17ec
076cd72f
1ad1e998
170f1951
004a04e5
06d6f411
11c3f3e5
deecf7fd
eef2e7a2
02c6f35c
cc790b97
f214f7d9
11750073
f58aedbb
f9fbcb54
ee420daf
090c2eea
0f1b0809
d32bf86c
db57dd40
e8f2e347
e91e1627
f6ab0e85
e492fdbe
ee9e0d8d
ef4af6b1
f10cea35
271ef7ca
18f2df09
ef8ce737
fd42fe6e
01a5e6da
01cff849
f9bd14d5
e3cc1442
f79910e9
1662ed6c
006ef6d7
e7211956
f8f00133
0435077f
02011547
0aea1090
1ae01f4e
1970ffbe
f3c6fbd0
fc872cb5
0eda1d4b
d8380c6c
f5040c1b
2f08f520
f7571d6c
f8ab419a
15700708
d318fbc2
ce252886
1320f323
11a3c54c
f294054f
09260dd3
172fec30
0a930d4b
160e165e
0e5e0628
06cbfe8c
1ff1e725
14a8fae9
f946086c
e81eea45
e0260113
fb2c18c2
07ac039b
019dfd90
0a97f0fc
0f84e833
090b0056
f8ac0f38
fa8d01cd
fcc3eee1
ee31f024
fea2f46d
ff77009b
f00b1b82
033b041f
0062edc2
fd4d0dae
0f550bf3
ffcbff2d
e7d60c16
de3b0cb9
ea200c75
0a2cf43f
22f8da05
3248f2e4
1e1608ca
f5ccf98e
ef8fe39b
01caf0fe
0b8711fe
f77005bc
fbb0e4b5
1fc9e541
0a4700af
f537109a
09c81afa
07d62f79
edeff159
e5490991
10b30cc8
07830aa5
fb63fcfe
f73ffddd
edb41b3a
0e040d8a
0cb7054d
facc1c86
18a1fd19
0f3ce2f9
fac2f560
f517ea0f
e9d2ec5a
104009b9
146702bd
e827041d
fda4151e
17a207bd
f19aff63
d07002f6
f68a059c
149a171b
f078237a
01001b17
180a02d8
eafffbbb
fe751430
20dc060f
ffcde260
fd1ef1d2
10e90009
fb6ffcfc
de01068d
05720440
29f40f1d
df7b1d6d
c9c00c9a
0edc0f77
0e3a10f5
093bef58
0f10de25
ed25e524
f4bdf961
062efbf2
fc46f022
fb4e0e3d
046e12b0
11c2f89e
fdaf11f5
f3fe19fb
0ad200be
0132ed23
0492dc5f
00f3fbeb
e97e105e
0856f1df
0565f38c
ea3e0275
ffb405f7
f86109f5
edf8f4a0
f03ddd72
ed08dd08
0b02e9da
1377000d
07d81859
fc451f47
e5c80f66
fb4c0854
fb811177
d783112c
efed0038
0b14083f
fec81c8a
e79ff2fe
e644f901
1b1e38dd
2d2b136c
09d60b9c
02162689
f896f212
ebb20392
f4df0d0a
f78bf72f
077b397d
19bc249d
0da6f4d3
03540b2a
ef7fea3d
e158e6c7
0943ffa5
14e503c9
f6d30c58
fe37f838
01b10e0a
fc920bda
f9eed7a1
e015ea0c
f76ced9d
25d1f63a
16ac13d3
fae0f7fe
f9f9f57e
0693e9fa
f745f5ed
e91a33d3
0d380b42
0b1cf13a
ff2a0101
2740d9dd
15e9f50b
ea0a153c
f8ec0428
00960fb3
e99d0d12
e85a1050
fd5b1719
f7f8008d
f2bff3b9
063bf834
064a10c4
0a5f0264
0aa6e576
efc70dbd
fdd10ea7
2114f40b
12fc0af2
f848f51b
ff68e771
fa63107c
f00c0467
17d5ec01
1d090583
0095253f
fdd12c16
e7c5fc2b
0c9bc688
2d8fe20d
f44016d1
09231f7b
1731168b
e9c60638
0488f700
fa770057
e5c40396
06c1f1d5
0a27f790
1051fe00
05d7e9d2
fce50abd
0e002f20
08d8f5cf
225cdec2
262dfd8f
0f37f3fa
1c8507cb
098c15b2
12fff023
30150258
16091e03
18b6fe03
24ede984
213bf840
16e60d7f
fd7719e2
f50e1dc3
ea2a0b31
087ee64e
1480e9d2
d5bf0f1c
fcc91635
26fe0253
f56601e9
00430980
f054f5d0
c92cec0d
e576f765
e60c028a
e9621962
003011da
0290f608
10dd062d
0fc5183b
0e020eee
171efea7
0656f791
018809dd
05250a42
f844f2e1
fc65f83d
00f0fc51
efbfe51f
e589e526
e191fd5a
f114ffee
0f2ae4a3
f1ffd46e
dc8605b2
0f80259f
19e6f0d5
02de0158
fa8630cc
f505f1a4
10bee1fc
0aba1938
ea891e6b
f9511099
fd32fa66
fb54faa7
f503f571
ed81d575
07ffff16
f6bd12ea
eda1e9fd
0761f8bb
ddad09b0
daaa0c45
03850c5a
f4aefabe
fccff531
fd4fe08f
f175eb36
29d81591
282d0c85
f110fe5d
1b36fb7f
2f52f8a2
f675f5ff
fadeefaf
00980ec9
eeb52b3b
046a27e9
e8b8fd2a
e47ad562
23a80b0a
07d60c5d
f394e69b
161b1648
f132ef0b
ea2add10
146e377a
1145210d
09d01141
08d82eae
021f007a
0234fcaf
0add0a79
0a8405e1
f1db0ea8
f595e404
12e2dd7f
0fe805f7
f05ae8d8
dbbde0f3
fc5816f8
15a4125a
02b8eb26
0577f42c
ffb40580
028708a7
20ba023b
04b8ed17
fe3bf257
1b4df63e
f12cec1f
df3e0152
f96c09da
f274146b
fa131d09
004ced11
f82cecf6
0f7d1298
1377f77c
fae2e7aa
06ab0cc6
1a5827b5
09960563
09b6e29b
267dfbb7
16f6f197
f671e9c3
06ce1453
1242f73e
f4d1e084
e6720efc
f52a0996
0080e629
037ff836
f849f67a
d050163b
f10e1063
043c0498
028d2a82
10a90322
f7950709
ef673049
f1bbe867
f64ff495
0b162e2e
ed2f06be
070efbd9
42c8e7cb
099ce52b
f8e123b6
24bc0462
13c0c868
1911dd28
19dcf54f
f1d5fedb
fa97f0b6
168fd5c7
0444f03f
eb8315df
08ea068f
2029f992
0529065c
0189f592
fa9fe67c
e57804f6
fe381803
08600baa
f48d08b4
f65b0949
f322fd81
e5abf4d6
020af0b3
2552fb71
010f0a1a
eba3f371
0060eb9d
ede40875
04b6134f
1c9f1d17
f53e1971
04730e84
0f3d1394
01c5f68c
10feef11
f64405aa
f8f6fb34
168ff44f
01aee31d
f79af587
f1951914
00eae8ae
1770f874
fd1c1f39
f54be4cf
f8b2fae0
f2d62123
e7b7ff84
e6c0015e
1d98f223
0eeef64a
d492208b
fa6e0879
0606f5ea
ec08ff8b
fb79026d
082f1fe4
fe0f1dd6
e832fbf5
f576f9d3
f6f1f5a6
e76ef683
0e921577
05f516bf
ef0f03ef
078bff1b
fd81e5c7
148ae422
1adffe10
e0f5f71c
e8b60d22
00182d0b
fb2316e6
f46a13de
e7ef1b20
fecafa0d
1ae1e0ce
1d29efa7
00610256
e9fff9d4
0b7df981
0c1dff1f
fd5efae8
0fa9fd19
00e2e5f7
04b7e2a1
1bb1085b
0ee01606
05d52aee
08051c93
0f1adb57
07e0de5a
f8e9fc09
fb4f064e
02cb1899
133e1053
0a9e0734
08a70610
246cfbf3
0d010a3c
fd3d1893
02060b08
f470f710
0fa4f052
0abcfce6
ec5c072f
0431faf4
0cb5edab
06d2f663
ffd4f466
f520eec9
ffbe0d36
ff490beb
ff82e077
fbe7ee3e
f3061f65
103d2022
22900a1d
021e0708
e1c7f7b1
ff11efa1
15d7f76d
f2ddd796
0c23d328
2789e970
177fdd55
362afb34
1134006c
e2dae5ea
0bd50bf5
f20df9e6
dd1ced59
05d11c2d
185ff180
26b8ec6a
01b01626
eef3f9e5
1b8f025d
0158f19d
efe6ce8c
1a661496
0d9f2033
f3a3e16b
0800f784
131a0d4b
051bdcac
1810e6e8
329b322b
1db91e1b
0b84e740
f4bb13a1
d4d62431
e0b1faf9
f0ee089f
06ab0dc7
130ce4ab
de89e597
d3e31077
0b15150b
0e05f97e
f99d0acc
123a2489
18e00650
dc4df468
c73f05d2
02dafc21
1073f019
fa940952
fe4e1d6a
f81411bb
1323007e
277bf43e
f248eb68
f29ef095
21dff3a2
0ef7f06d
eeb7ff26
ed790759
fec1fd52
0864ff18
ff810b28
07f50f90
0257018a
fec20857
1e03229c
0ce210bd
eccd0f18
ed34130b
e3b7db92
eb77daf7
ea71f3b2
e80dec46
081d1087
fee70de0
f112ec3e
0705e925
14c9e361
181508eb
f9c3f3d3
07cab3f2
2ed0e9b5
eb2505fa
d610fa18
09f20cde
f9bff1c9
f7cced47
f364efa5
e183f77a
085e2b30
06810b09
f952f28a
092b143e
eed9fe24
f3030af6
057a1d2b
edecf9bf
f081f435
04a2e6a0
0f7bd3c1
fac1e0d5
e328f8da
01a616e8
f4481014
ddfef2fb
149cf1e4
13dd023c
f8ec0d65
0e0603fa
03dff8e6
0137f976
0a9903b7
f27b032c
f82ff4da
168e0a37
0cc60bc2
f776f0dd
186602c6
24a0fa6d
ecfdf0b7
e95f0c7c
f78200de
fb9c0b71
2b191e2f
15aa04c0
01ddfa09
238ae889
fa62f002
0a4d03c6
321ef63c
f2b31828
faf50e1a
2273df4f
0f3f0ced
f8e1fbf7
c9a5d245
e3f60518
227df450
f16eddff
c5fb0ab1
d54bfbb7
e9d0eef3
06180cd7
f5770c55
d0270193
f039042e
1d3006cf
0139f500
ea5ae75d
02edf859
f63403e3
ec98116a
0696f498
e95a05fc
f8d91800
d47415db
f53d1dd0
1ba40c0e
ef64090c
e63d07f0
fc63176b
04d2260c
0efaea60
0c43fae1
00ac14ad
02fbc916
037adc30
fc68f7c2
00a4dd3d
0a300058
1fbc06aa
21110a21
f3531280
e004f0e4
f3d70907
1867211e
2d8fffae
0584e9cd
f653ee79
05e8f81d
f6fef026
f580f4d4
fbe9f06b
1833e883
1fed07b2
e564feed
f360ff10
12681902
e15b0259
e20516cc
00621f24
f3bcf7b9
eb450809
f7fe08d9
06b0fa4b
07e00652
074b0eac
f2aa0c58
e1e1ec98
f5a9fae2
f0c119af
0365091a
1533194a
cf10103f
d217ffd6
0b4e11cd
ee50e42c
eca4daf7
ff3afd57
e704eaae
f4abfdad
08081412
eb1ded1c
e657db6e
0deaf49e
0852f52e
f784e4b0
22ab141b
061f2cf1
cbc3fec4
1763050e
38401972
f7330f6e
09560b09
1b69f3a1
fa18e92c
091cf213
0bccfbdd
f4541067
f2980da0
e8b5f5aa
f9d4e40b
205be800
22dbf6c4
10d3010b
f4250e21
f4c2fdf6
0a54f3cb
fc3c00be
050df06d
079afecc
d9c314e4
e98f067f
0eb00c34
00a3041b
09b10f12
18c5217c
0590ec9d
fd11e8cc
01b109ed
f2a5fae1
d5cb1047
c71c24af
dc8f0557
0bdbf4ff
129f0691
efa40d07
eb4eeec4
f8b0fcfe
01ba2c72
ffc01315
f0fafe40
132d1b34
261d1a44
f7f91635
02e91e01
0fdd009f
e0fce4bd
fae2ed69
2317f4b7
fbe5fdf6
fa790b5e
194d09a7
06ae0ecb
fe960535
0523f797
fa430c70
fc2c0098
f234f082
e87f0b82
fa2c0138
0051eee2
130df2b4
1ec8ed0c
08c8fed8
11570a11
09f2020e
e7e3f9b2
f604de00
0392e306
fb0cf240
f4c4e88b
f8e10a0c
1305152b
0454f40a
e75113f5
0d7e31bd
24e807d7
05eaf628
fd2a1471
0de414a5
1341f85b
1364f5c4
1338f99e
090508ba
02eb1e7d
0442ff5a
fa1fff06
eebf223e
ee2bff2a
f9a4f266
2025f08d
3892cbeb
0561f162
dbbf00c9
fb35f301
0839253f
13a41a83
21920681
eff00b91
f573e2d8
1e8c0c0d
05652ccf
1209f371
0d28f570
daf0f538
f5e3f846
17d12ae5
1d8219e5
04d2fe2b
d6990436
05560ea7
22b61e93
f404f30a
fcfcdf30
00cc11be
f8e20382
0847e0ab
e4c8ffcf
e6dc17ed
232ff9a7
0e53e347
da100054
e57d0ca6
fc9907d5
075e2258
123a251e
02140b83
f7edfb7e
0c11fa4f
060504da
f5abf2d3
0594ed72
1cc615c0
19c71805
03d903ce
1723032f
2b6efc38
f5bf012f
da420b74
f85d08aa
f3dafbaf
ecbff21e
02690846
007e06a9
ed96eee1
f1d0fe83
018d0297
fb460d48
f1921c39
03a2f3f3
079ff0b0
f69204fd
0d75fb72
18430cbd
f0400f00
004f1181
2e182152
12320a31
eedef530
053cd6c9
24e6e28b
108321c1
efab0acd
0435f0a5
0b0f045c
fa77ff4e
0503fe9f
00a6f363
03e8f91a
0318ede4
e1d6cd39
04b6fa4f
2acbfd5b
fb6afa08
e5fe1e57
f592e701
080ef80b
18ee0f15
f729c88f
ebb9feef
10931256
000deb83
e22113b1
ec3deb1b
fc7ed441
042be394
f269c97f
f2d40000
1081109f
185cfa31
28b31ac9
1f34fa6a
fc9fe209
102309dc
13c11258
1616f76c
1e8ae8ce
e5c9fdd7
f56ff7f1
1192f514
cef418e0
df3f0ee5
faa8073c
e19310d3
fb34f702
f5e8e130
f83dde4c
165c01bb
02e82341
0de60604
107bda4f
e8f1d8b5
ea050653
f5a91124
f638fed4
f6c70fba
fb940eae
f48d0b55
df8ff6ca
13db1813
1255149c
0bd7205e
00d71b00
f1da1a66
e5ce0e1a
e7d9ecf0
00feec19
1a3ef32b
115516fe
ebc21cad
ee89dff7
197000b1
03021a15
e87eeddb
11fc09eb
05360394
e96af60e
118118b5
09f7efee
e4f7f5a7
02bd260c
1c28fab4
ff56e471
e47ffe97
edef1403
08491f9b
19810d71
1b5bfa70
1444efb6
0bd5e767
0604e6a1
044ee600
06d8e6d7
0d6ae83a
15c4f1c6
1bd9fe0e
16fa116b
01f5209e
e9dd0f63
e5ccf784
075de570
1c5d0409
f52a2493
eafbec18
0fb5f579
04c61de7
f0c5ec95
02b905b4
0a0911eb
f689e3db
f34116f3
13c21009
06d3dc29
dde00836
fcef1ca1
1ba1097c
0f35f31f
fe69e146
e47bf4b2
e27104d9
ea8b1069
ebaa1bd3
f82e1a74
f5141d3c
f2f61c0a
f0ba17e9
e2c80fde
e4c9013b
e904ee47
fdc8e42b
19dff58e
12830f26
f4c91df7
e3a9f903
081ee204
15dd1a1c
e8db07ae
fa5be9c8
128f15fc
f158f794
f761fb5f
0f6918f4
fc7ce2bf
e8ee063c
089e2352
1a84e51c
ec4bee07
e2590959
fd8b175e
0d901b51
1f1ef8cd
10d3ef4c
0454e76a
0090e022
f00dea60
f856e311
f5fee5c1
fa39e639
0edbe346
0e97f27a
1e10018a
0fa4173c
ed9d1ba0
ea110012
ef6de4c1
1bcef750
09751c9c
d7fdfdda
12bceceb
086e0d59
e2ab0318
1674f98b
f866fdd8
e9f8066a
1d7108bb
f5dae722
e1e6053e
103d22b1
1575ecbe
fac8e664
e38dfac9
e6f40b2c
fdba239a
0e4a11c7
17f90bab
1a630520
1a27f444
193effae
1a75f874
1a5f0196
15db12e7
0d181113
f6c52167
e5b10ae4
e673ee0d
ff02eb12
1db5f2a3
013121d2
e245030b
0477db8f
0e5718d2
f30e018b
f7beea02
0a3f1857
fed3efef
ee3cf737
08221e66
0fb5e54f
e64bf04f
f0501fcf
1a490649
107aee6c
f44de456
e3fdf59a
e5331389
f811161f
04511c2f
0e3816f2
14940efa
1292149e
14130fa5
0cb017d4
01881c79
f53f14e5
e2600ee9
e68ef057
fae4e267
1477f34a
17540da5
e6ec1914
ed78e842
18baed5a
fadd1f0c
f3f4f043
0689f147
fcb41a34
049ae8f7
f461fa17
fd321c87
19bae5cf
e716ef7e
ea991a37
1ed10a8e
0e19f080
fba2e114
e677f366
e0530e0e
fa6d14c8
fd5e1cc7
0d5616cf
1462127b
0ce615b3
16ae1189
071319ef
ff441aa7
f50c1401
dde10a6a
ed5eebdf
fcbbe343
1763f455
17a01086
e12416b2
f5ede327
1755f2b1
fa331e28
f828ea6f
01e8f855
06751674
fddee295
f2210789
11281484
075bd89c
e23c04ac
03191cf7
1e4df60c
059beacc
eae6e663
e4f90757
f3f81b98
06e912a8
14091963
19ad0638
1bdd038b
1ce307d5
1ac9fde0
1a2f122c
117711d6
03031784
f1d31c9f
e285f82f
f0a0ee3c
0e5ce46c
1aabffa5
fdcc25b3
e2efea2a
0e82ed03
13e615bb
e553f3d1
09c4ff61
10e7fff7
e545f55c
0ee3116e
11e9ef75
e1d0f03e
02f71eec
1d15fd82
0208e012
ea33f629
e92d100c
079b1add
19900dbe
1ad2fb3b
1b86ed59
0dade724
0c1de38c
0aece2c4
08afe5d1
161ce590
16f6f1c6
1df0ff0d
194f0fa3
fb911e73
ee440917
e7c4efb0
0b3fe57f
22f40331
ecfd1f24
f3e2e9a0
1515f05b
fc0a1d6e
ff99eb78
007ef9b3
02ae1888
0ca5e47d
ed1aff68
048f1c97
1f94ea9b
ed56ea44
e8770e5a
0c881887
1a5d05a4
173be906
fee4e331
ed81eb17
e7c2f698
e4c8020e
e705077a
0086f527
195e1f26
0aaffe68
eebce422
ee4cec84
f0bd0fea
f68f2423
fea9f1e7
fd54fb11
ff6c24e5
05800b85
ff92f739
f05ce9f0
0a31f055
22850613
f2f7f7b3
f017fb19
14120382
11c0f9c9
389203e6
233d09fd
d86f06f8
f910fc42
fd16eae1
e851dde0
0a1ed89d
f859f95c
f6d50257
076bd74a
f4fbe21e
f56a011c
e3d8f431
ee84fd08
052214fa
f447078e
1ec2f9b3
25ae0fc0
f02311bc
0a3ff44a
2b3401eb
196011a8
f95ff71c
f2b8f5b8
0fd8fd69
0ac507f2
f48e242b
f0e2fe45
f3d8df1e
ff3f1716
0337108c
01dfdd6f
fae4fa1f
174810e5
25c2febb
d9090187
db7e0286
183cf9fb
03910ecb
fef124f0
f3c50906
f420f29d
0ff50891
dd0b0529
d986ecbc
fc00f308
fc080c55
21e01bf6
046e09ec
f0c1fa9e
20310e5a
fb3a0d1f
f60ef4e9
04120091
da73078a
06d8db61
36f2d6f7
240df9cf
0373e817
d986edb5
f8cf0dd7
21500197
fc8d03de
f25dfb81
08d0f0cb
145cfccc
1d96d7f9
111ae8c1
f7e41f3e
ed5d00a3
febe06d6
08bf1dcd
e6f0fa55
dc560112
f72a1299
0059f28e
0c30ddeb
00000000
e98b10ab
0f58e989
023ded1f
dcdafc68
1b26ee53
1ac20830
e06018e9
f7870ebd
06d8fa3b
118ee292
255cfd4d
116bf8fe
084cd9f1
fc8d089a
f9612495
12c601c4
1510f089
0933f7c3
f2ea02d4
f0850566
facbf8cf
e719feba
fa612640
0f340fab
ff7ddd47
073c1471
028a2f05
075f02b8
13ea13dc
f5531401
f271eecc
1443e927
2e15ec85
28bdf2bf
06ecf913
f16f060e
e99bf8fd
0816e649
1f070294
0bc2f78e
1a6cf15f
096a1db7
eb7c205f
07c621d7
04231f3d
0b9105aa
0dbfeb3d
efb6dd28
148816dc
081f0e32
e3b1e99e
161b3821
145e061a
fdcac5a4
facf266a
d47e12a3
e365ded8
0b2cfe76
0736fc40
f7701125
ec6914dc
f0c5099b
f0af18f4
0000f708
1458e9c1
f7e102b1
ed9a0fc5
fbcc1640
efcd025e
ebddff3e
e9bffaf2
eb56f563
07f7176c
171cfe8b
0216d88d
f2fff369
0220f91f
0198fbce
fc88083a
0e910022
fab4fc84
ede5fad6
10ce10ba
ff8b0f1c
df26dee9
faf2fa94
15bc1ae4
1debeae9
1b52f294
02840961
f3acf0d8
f8d6079e
033804a6
147fdfd7
2153feff
15d10427
fb92f5f5
fe351b9b
1af81c9f
131b0dc7
f5dc0ef1
fbea023b
00ce0d71
f0cef8cc
f257d326
fb990191
01101384
fb99e79c
ec78fbc3
fcaf1009
ff23efab
f417f693
2b430a2a
28f0ffce
e8eff9ed
19c6dc56
32fbcd9c
fb61fb9e
08b90df7
097a0ff4
f9c91224
13b9db4c
0479d0c2
01490492
17b608e7
11c3fe81
118eef2a
f8d4dcf3
e6acfcb3
fed106e5
0991eea0
1839f30c
18a1e2db
fa46c8f6
e3bdda8c
dbabf031
f2e4f876
f3eef531
dffb0017
017827d5
0ee6208f
f9890c52
fd611c6a
f812fdf5
ec5ee445
f1c6f059
f026de5b
e0d5ec98
f3a9fa0f
1670e30f
089a03ca
11390b94
26bee7e0
0892f7a7
062f090e
08d1152e
00b912c7
0e5af824
f7110bf5
f65804f8
0e4bda74
f947f78b
f0801ce3
f7fa1913
156a0543
2405f61c
f4760836
fd1004c8
203eee0e
073af57a
f89d04c3
f4b71893
ed56ff02
f401df11
ff540f70
03b6103a
f900ecde
f1bef3bc
e718cd0f
f708dc7c
19d21ec8
003b07e1
ef2b0d16
ee4a2593
d8d40aee
fe1309f2
069d06c5
d9090def
eba1187c
0641089d
03d91e4a
0cc522da
f9e1f985
02910b44
149e06e5
2392f233
17b81ccd
fcdefe0f
d995026a
db042e67
05cbf8d3
03ece52c
027af3ed
1465f924
ffe40945
f5fbf44b
fe76fd3b
0d840983
0d69d775
ec6dcb5e
f901ef11
0a7e0a63
fd290ef7
f780fbb4
d8b2ef06
f328f2be
2f5cfca6
0e770b42
f68b19c2
0b3e118b
13a20337
114404e7
f7c6ef7f
f646fa77
069c2fc3
04501111
06e4e056
08e2f408
099eff0d
ea61fc57
db21f67d
1fb0e8e6
31f3f32b
07d0f5eb
07e7edd2
faa60163
e8e5fe73
f591f158
f45e12e8
0359095c
1f13f650
fec923ed
e28e0472
040ae131
fdfb1345
eac5056d
035c077d
f51f205a
fd0bebb7
2113ed9f
05e4fb5b
1399e53f
3124061c
fe19177f
e5d012b3
0a240c7c
2008f8ef
0292fb57
ee8cf65f
09b30a6b
056528a2
0487033a
1316e99a
edd40ca5
e6b52a6e
ff980098
01a0d656
10470357
05040959
f189ddb5
1355eeaa
18cd0c59
e22c0203
da44dd04
feaee85c
ef610b6e
e543f573
0506f735
0284f550
0651de9b
1952fa86
0236e6b6
ecbdc63e
edf6e49f
f757f6b4
056b0687
179a0817
1d7af6e4
f39a0022
e27c1b05
febc1ca6
fb7ce593
03dce49b
04740c6e
e055f3b2
f673f7c0
1500eb98
0465dc78
043e23ce
0aa61f78
05e90c30
f834259a
ead7fc58
fa6ef327
fe4ae51f
e342d211
de840514
f31eec03
f1d8dae3
e0e201fa
fc7be295
196de878
fa7009df
fdecffe7
28d9fa8b
1596f027
ee490339
e6b403af
f779dd62
0f75f86e
0477129c
ff7205a7
12c602c2
1303f551
116df282
f076f97e
d2d102f9
00950fc7
0a51f43f
f0f4da9d
0a9aea14
031cf3ce
ee28f149
11abfc10
0f2904ac
e2a7fea9
fed8114e
22e4186a
eca4fbe1
e4cd137f
156f1ee7
f69e00dd
fab91aee
24260c6d
ec21eb46
d9ce1579
078d0616
ef94f3f8
d5292226
f8a915b8
17690765
01a805a8
e2beeb36
ff561538
218a35aa
004610f0
eaa01c2d
0c352ac4
0a49f4e4
fceede7a
1780f7ed
1052e7b4
01cad65f
0782fb0e
04711291
1a83084f
06cafdbc
e431fc8f
124afc22
1e0bed7b
0825f33a
06eb0242
f3cef436
04c3f5e7
0ca00892
f1961482
f0d41052
e285f6f4
f071fc5b
0c18099b
ef6bfe7e
f1d1fff6
02c0003e
006e019a
23f6fda3
2412fa1f
ea0b0b48
e69af455
086be8ec
ecbc04fc
e358fcc6
1d2a11c0
0a5e23ce
e20afc94
12b8fac2
1d83f92e
fdd8eec4
007910a1
ef8e241d
da201c4b
f067fef4
f984e26a
e153f952
f08e0e5a
05fef999
f9e6f3fa
11bd0580
089cf8ad
dd9df745
fdc00e25
0664eb9f
f7a4e83b
f8b819a1
cbe7fe8e
e552e86f
0e0504f8
e6d50fa7
f9180f9b
f0abf0bd
c856e220
f78bfe5b
01b60bc7
0c271885
30dd0a2d
0b50eb8f
071af984
0d06014c
fa97ecea
1124d8ed
f66bd312
f1a3e6ef
134a10c7
e5fb3659
eceb1ea9
1828ef7f
0b07f4f2
01050ac1
e8300bba
ff72fd5e
1a42037b
f86f1ab0
202d124f
229e0652
f6eef994
1c43f01c
06a4f9c3
f7c4e22b
17cde384
fd73088b
0879f825
fbaaeab3
e243e819
0d15dd0f
ffe203af
154d2010
3aae08d4
f6e4fe92
e6ce0a05
f44e03e4
efddf1c5
0815fb76
fadf0e88
fe5f02b8
017bef8a
d62f08a9
dc352b45
f4d50e87
03c0f1b8
0e61fafb
00880983
04f32a87
faf111c1
e56bd8aa
0284edd8
1b09fb50
0992ed7e
f8f8ed64
fb9dee98
f5d20f60
faba2fc3
02481f27
36fb1219
e95a1888
c966f2c9
04f60271
0ad21166
06760819
06a105ea
fce5e84f
f6f9ed48
f74ffde6
0a45ffff
175716c6
0a4e0f8c
ff3d090f
17a00c9b
0966fdf0
dd5a169c
0b531c61
1494f2e6
e564027d
05fe1dd8
084bfaba
f5b5eb6b
0627fc22
f879f6da
fdd80eef
f8042e9c
ec31200d
0e9f18d2
0a8b075d
edb7f6f6
ec9d0517
0906f0ab
0931f7e4
df712396
ff640fe3
09f7f36c
ee9df750
1e75164c
0b18258f
fbd1eb9e
3064e7ab
0cfc177c
0450ef12
1053d3f8
f818fad4
195c0163
fed3f503
e04cf29d
21a4ef7b
2734ed03
10b9e77a
132beccd
fd04006d
fa5b09a3
0edfff66
208de979
157de0a7
f3bafa06
f0b20ec8
f303fba0
f188e1a7
05a8db08
0c5be90d
0c48fc93
1686eed4
0184e851
e9ca1ad1
fe2b21b0
0584eae4
f2c4f482
e8b812cf
dbb40eff
ec4115f6
0a1fefa8
ef8dda91
d82c0d79
fd12ff7d
1dc0ec03
09af0849
f572055e
ff991130
fbef065c
0663e96c
20bff83b
14e8e867
122edbc8
1919e418
0892fa06
027e2854
00fa08d7
0050fdd2
04901b45
1469f0f6
230d072c
ff230fa4
e22adeee
e55b0ef3
e27505bd
ff44e530
16d912a0
1443fae2
095cf575
de721049
e4c4fca3
094f1407
f7e11122
fb5fd907
0fd0d736
1104fb81
1872138f
18150f3f
14130382
00450185
fd980249
1a5a0973
0121164a
f1d31383
151cf011
12eef506
0bba079a
03f7dc72
f043ef88
fab80348
ff7fd432
10130d2f
22962be7
fe70e5da
ef5ced29
f78a07ec
e87b1014
e9521211
f507f09d
0658f9c3
0e0311da
0ad71072
108e1726
f10c0d88
f691029f
2f980694
0f410890
f2f5ff9e
1172ffae
03840c96
ffe5edb7
04a0e6c0
e83f0dbd
db55f873
e877ed9e
01be04a7
ecb205cf
dd33157f
144a0e4d
0a3e0e05
dbad21fd
e8fb0378
f16b0556
08c81404
21f1fa58
0fcb00e6
facfe9d3
eb18d5f8
f2af06b6
0122f87b
0658d8d4
0c6dfddd
f01c0c7b
f4d30497
1baefa31
09e0ee6f
03930ce9
0d4818e3
02aff878
0efffed5
0f6106b3
07cae078
033fde0f
ef12fed0
f83c09c8
f3860f06
d3c1ff85
e657fdd2
00882b37
084a1242
1bccde82
113e065a
f2040dee
fea4de93
1896e391
ffeafe1d
eb180786
0665f6a1
0876ef0b
099a0ef2
282a0d81
02f2fb24
d7c903ca
f1690675
f6b30302
fceee34c
09aedb57
f807113b
054102e4
00a3e028
ee3f0b47
143607bb
1c32e9e6
0b640c4c
f53a0322
d2fcd40a
0204f1e5
27d2150c
05d8ffb7
01f4f83e
01d9eed8
f6d7d92d
e8820367
e76f3023
0d7c035f
06b4df2f
0a060281
320f10e5
0d620bde
01de2180
1f0a19c7
ed810810
cdcd127d
ff5e1850
21c018aa
08b9ff96
fe9ff116
184cfd6a
1150ed1f
081105b4
0798117f
ee7ae3a6
e635010b
f247f9b8
0310db2f
009129dd
e959228a
0137e921
2bad0262
165803a2
db2e0300
d7d80016
eff3ede9
dc92f263
f282e38f
1064e96a
0a92fb95
3019fd3b
0d0001a1
e3a8e656
2c00ecb0
19d6ee73
f42ec756
20920759
0fdc35e5
ffa3fa7c
09a8edee
03c8f65b
01cff74d
ed090e89
f44e112e
02870894
faddf71c
080de066
0850ef4d
083afc21
ff1ae53c
f984f8e4
24e712b4
12eae801
ea5df4bb
0f7615cd
16daebe3
f74afb75
f3521335
f993fc9b
fbd80b18
0e03fa66
2c5cef9c
25aa0121
0e2fe6ee
011bf330
0bc30fa2
d6730cf6
ebb2f641
1b7bf0fb
fa6ff2b3
faa305ba
1a060707
072de905
f5ac084d
145728e0
169d1372
ecb70365
f51bf4b9
ff4e044f
f1dc1c9c
102a09a7
09830c35
d23519c1
d7c4f7a3
0be6e7ce
13f91041
f022062f
e60ddcf4
ee57034e
053dfa3c
0c33c884
dc630214
f6a221cd
1d151b98
e07d29a7
e75cf9bb
0d020273
06a7331f
17b10751
03d9ff17
05e818c8
24380010
0241f818
ff150ebc
04491fb2
e8a8042e
f2f7e72e
f4520aed
f04b1afc
ff0b02f0
f603ff04
f0abff5a
fa4e0b16
f116104f
e921f7a0
1256f46d
29ebfa57
e7e8e899
c421e2cb
e8b8f920
f89a056d
02a1f0d6
000df9ad
e562121b
feccf107
12ffee9e
e9d8007a
ee6adf73
07b8004b
024926f8
1b90ffdd
0af2ff3b
ecc3fc5e
1537ee2e
04e7044c
f1fcfd74
03ef0d03
cf7020f0
dce7fed8
12dbf810
f819f9ee
fffdf84f
16fe03d1
10d603e5
01fd11b4
eae4fc3a
f3bfdbfe
fc6203dd
1f34243b
2d38156a
e801f8fa
eaf0f997
ead41e43
cad722c2
1ce015f1
32c2fd19
0499e745
08a50e87
fadd136a
010ef099
ef7b0727
e5e321ea
290718bd
0e7f040a
edd7005f
251d037a
1a89f77b
00d10186
fc7cfb7c
ed75da43
0176dc53
030adef6
e985db9f
f6b8ec42
1010f7f2
02ffebba
fc65dd5c
2711f55b
20f3fcd9
ea48f5a8
f9c40dd2
0cc6ebb4
e853c830
e817f1b7
f6d01018
e17e1f2f
ff690f08
3331fa66
0a6710cb
e6be024e
06870443
10010f4c
0f92e72d
136bfda2
02d903a0
f48ce55e
f6a81705
0f1e0ca4
1557e8a0
f9df1242
ee490a4c
f843fce0
0dd802ac
09e0eb17
eeaf0675
f54f19c2
fd2c064f
08e40ed3
23d708f4
0fa90beb
ecda13ee
e360f443
df49f0fd
deedfe7b
ede0fcbe
07c5f43f
fff3d6ee
fe26e714
07b11071
d7d005f9
dd03fd4e
0c43fe96
fb31fa15
0a1dfc72
139aee0f
0258f1dc
13d8112c
ec0f1581
e1400f3d
088c186f
e3c90bb9
ec38f6ef
09e51572
ed5918e8
f6b5e461
f0d6fbb2
edfd275e
0cbb0b7e
f92df427
fa64f7b2
0b900b29
01260574
0e83f081
0b6b159f
feec1311
f7b0e036
f220ec20
0dd60832
0a8816b5
032113ad
1d3d007b
0beefcf6
f27ef4a0
e0f3fbe5
d6a0f3ed
f820d863
01680439
eedf27ba
efc01a13
fade163a
0f1407ab
1b060f8c
0f3618f9
f583036a
097ff995
22d4efde
f9120063
15a50bf0
385bf1d3
f186fdb1
058801ea
2ae001f1
f19c1d1e
e62d0114
e7c1fbd9
e9de12ee
f37aedca
e97802a5
016b3470
f3210d96
f39deae5
3179e9aa
038cee3a
db7c0253
17e5034c
132513d4
ee342eda
faf80a7d
0c36f380
09240485
edebf450
d677f25b
f060fb25
0a48ee36
ee6efd62
f528fca5
0c5aee70
f61714e8
0aca28ac
ffd81500
d2fe07ec
01fbea40
ffa5da30
e0c4f766
15770e54
16310e37
f4ea09a1
fd7c0a84
0a2a178f
fb3f1386
d6fe0bb8
e7a32044
fb6b0978
f12cde78
04d1f713
f93808eb
eb330333
fd530644
fb10f46e
0352f659
027ff400
07a8ee00
20001d81
01b61675
e540efb6
f7440b79
07a401c8
f913e5f3
e8820547
0c5b04cb
193bd9f3
0589e2b1
0c950f01
fbaf0f13
0414fe72
1fd9fdf1
0047ed2d
05d1f1a9
2d331ac8
0ce02707
e51901cb
0417e693
0d4a0aa6
eea027ff
0bb10da5
f863fe58
c9d9112d
139b1dcd
21f5f736
095cd904
33d30677
06e4187a
fb9ef383
1813ec25
149cedab
205ef429
1b00ff29
1a660e26
0e1a1a32
ecf01827
ec19ff02
f32be5c2
16feeeab
1cad143e
dff71177
00b1e690
1a15fcfe
eddb1782
09ebee04
0394faca
f60e1696
18b5ee7f
efeef609
f5a71b09
260cfd43
fab4e3d8
e47100aa
fe971b81
14031211
1f9bf7b7
0d71e67f
fa70e4a5
efb6ebbc
e767f42b
e6a1f9fc
e600fbb2
e6d7f928
e83af296
f1c6ea3c
fe0ee427
116be906
209efe0b
0f631623
f7841a34
e570f8a3
0409e3a3
24930ad6
ec181505
f579f04b
1de7fb3a
ec950f3b
05b4fd47
11ebf5f7
e3db0977
16f30cbf
1009ec3e
dc29f92d
08362220
1ca10311
097ce45f
f31ff0cb
e1460197
f4b21b85
04d91d8f
10691575
1bd31456
1a7407d2
1d3c0aec
1c0a0d0a
17e90f46
0fde1d38
013b1b37
ee4716fc
e42b0238
f58ee621
0f26ed7d
1df70b37
f9031c57
e204f7e2
1a1cea23
07ae1725
e9c805a5
15fced71
f7940ea8
fb5f089f
18f4f097
e2bf0384
063c1712
2352f762
e51ce57c
ee0713b5
09591da7
175e0275
1b51f270
f8cde0e2
ef4cef2d
e76afbac
e022ff70
ea600ff3
e31107aa
e5c10a02
e63905c7
e346f125
f27af169
018ae1f0
173cf05c
1ba01263
001215ef
e4c11093
f750e432
1c9cf68b
fdda2803
ecebed44
0d59f792
03181d55
f98be98c
fdd8079a
066a1608
08bbe28f
e7220a26
053e1e1a
22b1efc3
ecbeea8b
e6640538
fac91c73
0b2c190c
239a0246
11c7f1b6
0babe807
0520e59d
f444e5d9
ffaee6c2
f874e58b
0196e5a1
12e7ea25
1113f2e8
2167093b
0ae41a4f
ee0d198d
eb1200fe
f2a3e24b
21d2fecf
030b1dbb
db8ffb89
18d2f1a9
018b0cf2
ea020842
1857f5c1
efef012d
f73711c4
1e66f7de
e54ff04b
f04f19b5
1fcf0fb0
0649e5b7
ee6cef86
e4560bb3
f59a1c03
13891acd
161f07ef
1c2ffbaf
16f2f1c8
0efaeb6c
149eed6e
0fa5ebed
17d4f350
1c79fe78
14e50ac1
0ee91da0
f0571972
e267051c
f34aeb89
0da5e8ac
19141914
e8421288
ed5ae746
1f0c0523
f0430c0c
f147f977
1a34034c
e8f7fb66
fa170b9f
1c8702ce
e5cfe646
ef7e18ea
1a371567
0a8ee12f
f080f1e7
e114045e
f3661989
0e0e1fad
14c80593
1cc702a2
16cff2aa
127beb9e
15b3f31a
1189e952
19eff8ed
1aa700bc
14010af4
0a6a221f
ebdf12a2
e3430345
f455e89d
1086e860
16b21edc
e3270a13
f2b1e8ab
1e2805cd
ea6f07d8
f855fe18
1674f98b
e2950222
07890ddf
1484eed8
d89cf8a5
04ac1dc4
1cf7fce7
f60ce1b3
eaccfa65
e663151a
07571b07
1b980c08
12a8f917
1963ebf7
0638e653
038be423
07d5e31d
fde0e537
122ce5d1
11d6ee89
1784fcfd
1c9f0e2d
f82f1d7b
ee3c0f60
e46cf1a4
ffa5e555
25b30234
ea2a1d11
ed03f17e
15bbec1a
f3d11aad
ff61f63c
fff7ef19
f55c1abb
116ef11d
ef75ee17
f03e1e30
1eecfd09
fd82e2eb
e012fdf8
f62915cd
100c16d3
1addf865
0dbee670
fb3be52e
ed59e47a
e724f253
e38cf3e3
e2c4f514
e5d1f751
e590e9e4
f1c6e90a
ff0de210
0fa3e6b1
1e73046f
091711bc
efb0183c
e57ff4c1
0331dd0c
1f241303
e9a00c1e
f05beaeb
1d6e03f6
eb780067
f9b3ff82
1888fd52
e47df35b
ff6812e6
1c97fb71
ea9be06c
ea4412aa
0e5a1789
1887f378
05a4e5a3
e906e8c5
e331011c
eb17127f
f698183e
020e1b38
077a18fb
093de750
e69419b8
022626cb
f7a1da08
d2dee086
fccafbac
fc6de379
f0dff6c8
16200757
fedd0216
f41efcf5
057ff076
ec28efac
f60ff4fd
fe701595
eb692d4e
fb6f0ccb
0853e726
03ece60d
f0df134c
f2a40e36
195ed8a7
149703f0
143c1e4f
28d6ed62
fb0fedcd
d3bdea32
e7eae82b
0112030d
0cac05f5
03a21334
ed59039b
e367f069
eeb414bc
fb3f0685
0a02eccb
0d86f84d
ece3e69e
fae7eb3a
1f3bfcf6
0325ff33
0c50121f
19b6096b
e521f579
f08ef4a2
12fff742
f1a7065e
e34dfddb
fcf3e599
06e8e883
fca302ed
07672aee
18972a25
0a2f055e
057c05e7
0a991e1e
07651500
0813e84f
f8b9e951
f23f1b81
f0c12119
e9c91060
0aef0639
14aefad7
00580858
129c0c11
16270c27
1ab720f7
19ad1431
e299f294
edbcf548
0c950ac4
e33d0a5d
f8b50bd9
156009bf
f900e2e7
087be268
fe7d0301
f1a009cb
1c450d64
00c8f5f1
ee81015e
2a7f264d
18c901ce
e6b20657
10db0a8c
3991dab9
067709a8
d8a4279e
f8e80a3e
0e9c0d0f
00fef952
f58801b2
de3d1f18
d6e21a63
e837063b
ff1cebe4
0e9313b3
f9e30f61
ef80d1eb
021409e0
0a1410e2
12fddf06
0610033f
fcf6f95e
2641fd46
1f711bee
ee46ef89
fed305fe
14bb297c
0c9af0e3
0fdfe79d
ea68068f
ca8fff3d
fb66f7b3
053cf504
e043f663
f48004dc
fbdbfca3
e9fd0003
09af1aea
13bc06d3
f09d08ee
fa621b9d
101ff6de
040013c3
0bdf3370
0209faaa
e571f150
ff680599
0b8c09fe
17b10022
32c8e8c8
018efb3e
f905f8bd
125affe4
ef61237a
07f9fda7
0c76f077
e74fe8e4
09edd05e
049e1487
f8911a13
096aef3b
f0bc1a16
f2932588
ee620953
f14de5f8
0a11de3d
eea50b34
042b051c
2209011d
f8e11b78
e4220600
e4b60056
0d8d1110
23140f41
07700891
277c0959
1baa110a
e433fa58
f707e648
028dec0e
f6a5eec1
ef8e08e1
044b1cc5
2420157c
05351401
f59c0cee
0003f743
0075eb94
184313b5
077f1f13
f8b1e650
0ca7f80a
fff90cd2
fe63de43
fb3ff72c
faa50e01
178ff3f8
12541106
0e2a1b9b
0fd0ec9d
fda8e674
051d09c2
0347fe1b
f7bfda88
0128ed7a
03adf5f8
03dce041
0972e685
1736eb99
16daffbc
fa6817a4
f72905e4
0ab80240
11e8fabb
1af7e576
1ca5f277
0163e952
f37be1e2
0263009c
ef91f306
e1bae285
08d908f2
11f7245f
f4960d47
df8decc6
e9560f43
0d242422
0520eaf4
f298fdd1
f1f319cf
d8a5e140
f1a7fab5
131810b6
ec66e094
f3be097a
1cc822aa
0dc2f48b
fab0f4d2
f428ff12
f67506ff
01591846
efa70ff8
ed3d013e
0de20a2b
0f7e22eb
08fd122b
091fec0f
edfbf647
df5813a7
dadb187e
e02eefa8
0d9dd489
29c9f1a8
2846f0a1
13f2e4f5
03beed45
21cbeddc
1210ff34
f0d4f4bc
0b30fb23
fed81d48
fbc1e52e
16dccc1a
04a4f5ef
0836fe19
ff052941
e55f2c42
0731052b
146725f6
0a521578
1d17f7fd
217d1949
f899098b
e6000458
22fb0928
2085eabe
e34e1a3b
fb4f36d3
fddb04f2
e915115c
ff9511b6
fb4be92b
0260fff1
034f0bd0
efcb0303
fbc8195a
fb700e1e
1379f690
3188fb2d
0d5dfd8f
e6510537
e7910994
18460374
12fc0477
d13efdb5
f91dec34
1021df53
db75e5f1
f2b60d61
033f313c
f76720c6
021bfd8c
fed3f20c
0ed0f340
0c730e5a
e852e2ca
f9560149
299b1b34
1cfe0d2e
2a69170e
29610c62
e94c08cb
f7b81500
15a8fa0b
0869f91b
f72707d3
dd95e34d
f05fe4c0
fa7b14cb
e69b1791
f2dd0503
f3c6fcd6
f19fff41
ffe10ea3
105b17a9
0bf9104c
e19aee42
e63fee25
fcdd26be
ea581f3c
f524ef78
08f9e8d5
177ae0ff
2e14f9b3
309c19fb
1d8ef62e
f89ae861
07ba0212
1b9804b7
e41b0560
eaee04b0
107e06c1
f87f02f3
f971f1eb
fc750ccb
09b41dcc
2115f6ba
ee8ff19e
dfe8fe2f
07e9f695
e935fcd8
d292ffcd
fb9fff87
07f9f4f1
0177eb3a
19ed0f2b
0a091bef
d8860773
fdd11654
35031677
217ef644
1915efce
1a470462
086a0192
10b9f14b
0ed40ea9
0833137f
1722ed32
feb4f907
e384fb84
f828e361
0a7be9e2
146be7ba
1687f2f5
05d614ac
ff7d19e5
0b0c05a7
1365f393
05e8ff91
071cfd4e
1df9e8a5
01b602cb
e7372470
062a25bd
074ef2a5
e8b5c5f7
e57cff13
04a30d72
1e79e2aa
085a06a4
fccefd26
0fc3db6c
1093035f
0151f386
e335e1fe
e24604a1
02ddf826
07520d63
09c8310d
0ebb038b
051706cb
f11a251f
dd14f266
0036e296
15bcfda6
00d5fff9
1a4f14b0
12cf14e0
f40afae9
0e0bf743
0df5ecde
0430f34b
fd5211cf
f20b1c26
1f0c1077
1d50fa1b
e7540196
f83d0bda
178befc8
1c19f21e
1460047b
0551f54a
030fee58
f975f419
fd2aeedc
feb2eaca
f0b1fd40
0dd80b2e
0c8d028c
e6a80753
ee6c04bd
f43e04ba
140d20c6
2a3512e2
ea8df9a4
dcb8082d
ee830083
ddebe8d3
0268e459
1176f224
eeb50826
ebe5026e
f69ef23e
0b79046f
04b023ac
e5d11853
fdf7e55c
172fd553
fcf3ed6a
e0d3f26b
f656f857
143a0979
f727f265
f0c7e250
0ad30915
fd121c0c
02f512f5
117e078f
ff25f619
ead4077a
dfa90afd
f348f31f
0153ff01
fde90043
00730ac4
ef0805a8
02fecbad
2332f215
046f15a9
f13fea06
f3211845
fa881d1e
1067eeb6
0ec61e06
04e711f0
f5c90316
edfe30b8
ec6efde3
d349eb20
f1eb129c
2910f181
0b26fe9e
dd221663
ed21e5c2
1d92f191
1623024e
e4a5dd20
efb2ec68
04dff816
f177ef81
ee1906b5
07b7f53a
1adee8f5
06f2fe81
fa32e7a4
1078e58b
11130446
050e1037
0665107b
fcf2e79b
f5eddfef
13a6173b
23110e3b
07d8e8e8
0bbcf678
05f7038c
e9c80836
07d810d3
0e03fee9
f800ec3c
08430eb5
175c2aec
271a0f52
19b105c8
10a307bf
1a7ef1d9
f56f0437
09fd1c76
23860324
fa950bb7
0c231edd
1039eca5
07e1e5a0
1a441537
06c004dd
0e82fb94
feb912b8
f8c10258
23dfebb8
f11adae1
e1fbde80
0037f21c
e795ff11
f84a1bfc
fbe702a7
22f1e975
3c4b17eb
ded9fe73
f24ce9bb
0d0f1b37
d8fefdb2
0715e5c5
fff20ff7
efea0d29
219edc10
09bad4e9
0add129e
167d0b31
fdedd6f1
f9520526
ded40a8e
e404dcdc
f6c4017c
f73a079b
0409eac6
f0090de6
ffe810bc
03aaecfb
c9c0090b
e64b19b0
05ba0997
f28b231d
04720521
02c1ce5e
fcebe04e
fec2cfbe
f609d5f9
12f70f44
1653fcac
f003f03a
f5d3fc29
0b3303c0
f85b2c28
f0371b28
14c5fa62
211b0a35
0ae908df
035f0c2c
068b0cd4
0cbdf8c9
0c50e601
0821ed7c
ffd52333
fd6a1f3b
231fef59
25e00323
f71d11ac
e77303d1
d96afb2c
e381db3f
fe32c8ea
e8b7eb51
ef3e1238
f1c8f551
e59bf878
e59b043b
fc88f3ab
13daeca2
07a7d62c
f6c7f046
02262028
09ad0568
110d0a81
1db714e3
12fa0f6c
fe6f39e4
0d02054e
138adaa9
f4ec181e
068cf944
0ec7e585
e05afebb
f14bdd2c
1547f415
15e304f8
0cc6f07b
fd8a0c8d
0ca20c6d
f4a501d7
e3120377
17f0fa14
f797093b
d9e904a3
02eeec53
ece0eb6d
ed0f0123
0e5715e0
0ea60407
0f5c05f4
05e21705
06c1f565
fc30ef6f
02090495
290dee75
f605f1de
c9491565
f76dfaca
0da7e252
0540097f
e7d400bf
d78ded56
f1fafbc6
f13bd816
d974f288
f0682c4f
31a1f897
24d6ea66
f02d017c
0fd0f34e
0769fea9
e6f5f2db
0747ed76
082d0beb
03790b87
f76807c5
fbb308bc
25ba10ca
f47c08b0
f5a3eb0a
2fb7ff72
f38d0370
f294015e
0b12291c
d3a60a69
e98ef732
0eae11b6
1208ee3d
18c400d5
001f2689
0826f274
196dfa79
03022250
fe49fd7d
0976f186
0612000f
f976f49c
08b9f515
14c3eff7
f955e6af
f674ed39
00e0e177
073fd9f5
166ae8bc
05e8efee
f8a1efde
fbd0f309
f8ea0050
062cf199
0c20d02a
0cbae9f4
07f9075c
f702fbf7
fe36f614
00b1e631
02b5e401
0d97fe69
fb3e0708
05100477
15900551
f705097f
fb68061b
08fa0db5
e7e8220d
dfad0640
fdccf575
11840637
ffadece2
dde5e830
ec32fb39
14d00373
05cb1cdc
db3803ae
e1dae8d5
027d075c
20a9f2d3
35c0d6e0
05d3fa3a
d3201251
f9ff051f
03cff3e8
e6240f9d
03702944
0d66ec48
fb60cb77
085ff94b
099e0344
08170d51
fd56173c
e550e7ec
02cff096
16870ef2
f09ffa4f
ed030f97
03e5074f
fe3ae73b
fe8a0d49
176c0666
2563f067
0b7b0401
dc6801b7
d0b80e07
e9c1132a
f88b25ba
0c652e30
16f6d8eb
f3fadc47
f3aa1ea6
0d5a0537
f9650743
fb52fca1
0c6ce00a
fd250461
f01def25
e68bcd17
f8bdf79b
13461ae5
070f11ab
ff4906fc
f1a82013
e456027e
f5c6dad6
f3c11202
fbae0754
1055ea0e
ec3b217e
d7191d16
fbed0ca7
06e70f6a
fac5fad9
fb2a0774
ebd70529
ee3d0bd0
06b91437
f6cce8b0
fb05fb3b
12b4165a
fedcfed2
07b0fa4e
0565e5b9
dd0af665
e9ed1137
ec94edf9
dfb3fb06
ef43135f
ef1011e9
08bc18df
1f07f71d
038ff260
ffcafe9b
1cbef20b
2c8c1028
06c51008
e383fff1
f8730a22
ee37f566
db01fa9d
f342f065
0aa3e2ee
11881883
f114026a
e7fddd47
068af942
f84bea98
0420f629
1d1efdb2
0073cf8c
09c6e22c
0e3502ca
ea91010e
04e5f9f9
1e6df096
fa4d00d4
f3c901ee
09440477
0b3f162d
1d960554
22f212f2
f922215c
e419f81a
eefef7b3
07661c25
15991b9e
fd1d03e7
10a00269
30effc0f
03ead2e1
f9d4d2bf
1279e67b
00d7e106
1a1109f4
2f252471
ed7bf053
dd91db01
11c710f5
0286303c
ebd90d40
0986fc90
fdb302a8
ec84f12f
0387f52a
0f450616
19840540
f610f8bc
bdf7eb98
e45cfe70
fa5d0c92
d1e2fe6b
f3a2f78c
17f1fd23
fddc11a8
06ad1aa0
10dd14be
f70e092b
e54ef87e
d7f30e4a
f6fe0fda
1ac6ee10
ffd8f4eb
0092ebfb
033bdbd3
03dee7db
32ebe469
fe17f215
d5e501c0
1a6dfd89
f6e5fdb3
e1ae0071
0eba1c0b
e9311e26
eb0af388
f95cea8f
ec2cfcb2
0c1afbdb
0471eed9
074608ea
11771753
eee7ee3b
0c3302ab
17101eab
ed7f074d
f7be1ada
1ef31c9f
087bec7e
0961ece7
08d91fc9
00a7212e
f76b19c1
fbf415dc
064d02dd
0540f875
0aec002c
fd45f94e
ea3dea73
fa250149
05100af5
0827f279
13d2ee38
07f7feec
f8f5030d
1662e4ba
2c2fe658
0e00fe49
f4c3ed41
ec950193
f6e30a49
0b29f785
fca61402
fa43f46f
eeace760
ea690b87
3355d7a0
224dea01
e7c41f07
079bee8c
f13c0753
f9073afd
1b3a0b00
edbbd9a8
0fa9e290
0d850319
d05e0c4d
0f650ab4
178bfd5a
e626f060
f795042d
f3d4037b
f3ad053b
002b0c27
11b6f480
286e0025
06e71135
f6c41af9
17f518e4
19bae8cc
f854fb63
fc7514d5
2886edca
0b3df729
ea5ef612
1279ecb8
07f70d70
f1200929
efa3018d
dac606f0
f7ac0a7f
1ef80a7c
1dddef09
01ac0703
e6c129f8
f78e003d
f003ed1f
ef1011dc
0b0d2d58
edef14b7
0169e00c
1afee155
e2b0036d
fefa0043
1e28ea10
f974f173
164706b5
11af135c
e6b326e7
f3ff1b98
faf103dd
1b7c14e0
2b541397
f46afd20
0201fbcb
1898046f
e7f700c9
eaf0f3d9
004e04d8
001af5a9
19e8dd17
0c601af3
e33b1ab9
eb4ce5a2
fe5cefbb
f280dc6b
f2ece2aa
0fbb0626
0713f8c0
feeefd04
188ceb33
fd62f259
f9a32532
226a03c8
fe2afb25
df8719c1
edf11376
fc1d1cec
2024fca0
1211e4a5
e728e5b5
edf1ce21
f757102f
fed921dc
01e9de3f
f8ca0165
01b8016e
08dcf2eb
fc1b2559
e91407b6
e1c20d4a
dfd6287d
f360ea5c
1ac8f278
feee0e41
e4fd06c1
194a2bb9
245e1fc6
1613f96a
20e304a8
170707ab
10b4ed6b
13ebe0d3
24480b34
292d1906
010500ed
f1221b6d
f3b30aba
f094e925
04371204
016f1c6b
e69d0b2f
ef940265
15a90540
08901b47
de59f265
f2dcdce7
f70d0824
ed57fb40
13a0fd4b
fdd518ef
e8280642
086e08cb
f12403b5
e070ee0b
fb830566
0b210ec0
fa58fc00
d6b8f648
f9daf5ad
16a8fe7f
e7d5ff36
ecf6e7f6
ffade3c6
ef5ee984
edebda19
e575e68e
013efbca
214eeded
f3bff23e
e70bfb97
1ef9f9c2
1d5d0587
eb410677
f16c1d0e
09232a89
073c072a
1c76166e
0fa423d1
efdaee84
09dae844
fb6209de
f2250a96
234dfb95
fe04fe69
e09f151c
11fa17cd
fd6210af
dffb1718
faf8070f
0116ee89
fd4af6a0
0c3601ce
19f1f497
0eb2f4f4
1691052a
2b95ff9a
f026f6f6
d235f80c
0ee9fdd8
04b00d57
e4371769
0dc814c2
26e00138
0f9bf828
eff301ae
f1eaefe8
109fe5f5
14b5f914
f90208e3
e25e1683
f0c80f3e
02331141
0b2e16c9
2c84eeff
24f9e9b8
044b13c2
0734271f
fca51647
0a28f999
24e20b80
0a590c45
0474e0c8
04baec03
eb72f94c
07d6f538
2b7504ce
0f1dff97
fb360a95
0e2b0dba
04e2f583
f8fa005f
0e77f78d
1053ee3d
19bc1481
223110ca
fd47e7d4
f53fdc7c
0392f579
09041162
0aed0c54
ee3b1d1a
efae3cd6
031d0f72
0436e09a
260cf71a
27f3fbb9
0629fd00
034710e1
0634f6b7
07d4fe85
f86f269d
f79df59e
0950d6e3
eadd0269
eac6016d
171be871
1c69eed9
1a99fa8e
14f4f893
ff54f91d
f6d8ff39
fab0f674
fb9105b6
f8371da0
040a046e
06f5f623
f036ffb4
e6b1f7b9
fb15f9a4
06290493
dd31fa41
d3b0e691
f784f4bc
f562131b
0b121007
0d7702c0
f313fa93
1301f8e6
f8da0ac0
f3561b51
14c70cef
c35ee7bb
dbcded4b
26fc0579
ec25e7ed
edabeb64
f429dfa2
ff29e500
0e26e59a
1a32f1e6
18271310
ff0213e7
e5c20cd5
eeabe902
143ee353
11772009
e690ff4f
fcfee5eb
17821225
ee04f615
facafc6c
169609f2
ee7fe74b
f6091012
1b090a59
fd43d9f4
e3d8054c
00aa1b8f
1b810169
1211ebfd
f7b7e065
e67ff28f
e4a50590
ebbc104a
f42b1899
f9fc195f
fbb21a00
f9281929
f29617c6
ea3c0e3a
e42701f2
e906ee95
fe0bdf62
1623f09d
1a34087c
f8a31a90
e3a3fbf7
0ad6db6d
150513e8
f04b0a87
fb3ae219
0f3b136b
fd47fa4c
f5f7ee15
09771c25
0cbfe90d
ec3eeff7
f92d23d7
2220f7ca
0311e35f
e45ff684
f0cb0ce1
01971eba
1b850b4e
1d8ffb27
1575ef97
1456e42d
07d2e58c
0aece2c4
0d0ae3f6
0f46e817
1d38f022
1b37fec5
16fc11b9
02381bd5
e6210a72
ed7df0da
0b37e209
1c5706fd
f7e21dfc
ea23e5e4
1725f852
05a51638
ed71ea04
0ea8086c
089f04a1
f097e70c
03841d41
1712f9c4
f762dcae
e57c1ae4
13b511f9
1da7f6a7
0275e8a2
f270e4af
e0e20733
ef2d10b4
fbac1896
ff701fde
0ff315a0
07aa1cef
0a021a3f
05c719c7
f1251cba
f1690d86
e1f0fe76
f05ce8c4
1263e460
15efffee
10931b3f
e43208b0
f68be364
28030226
ed441315
f792f2a7
1d55fce8
e98c0675
079a0228
1608f996
e28ff745
0a2618de
1e1afac2
efc3dd4f
ea8b1342
0538199c
1c730537
190cf4d4
0246dc66
f1b6ee39
e807f455
e59dfae0
e5d90bbc
e6c20052
e58b078c
e5a1fe6a
ea25ed19
f2e8eeed
093bde99
1a4ff51c
198d11f3
00fe14ee
e24b0d5d
fecfde2e
1dbbfcf5
fb892471
f1a9e72e
0cf2fe75
084215fe
f5c1e7a9
012d1011
11c408c9
f7dee19a
f04b1ab1
19b50fb1
0fb0e031
e5b7f9b7
ef861194
0bb31baa
1c030a66
1acdec77
07efe9e1
fbafe3d1
f1c8e90e
eb6cf106
ed6eeb62
ebedf05b
f350e82c
fe78e387
0ac1eb1b
1da0f117
19720fa9
051c1d99
eb890cb6
e8acf25b
1914e6ec
128817be
e74612a6
0523e0f4
0c0c0fbd
f9770eb9
034ce5cc
fb661709
0b9f05e9
02cee379
e6461a31
18ea1082
1567e5c9
e12ff572
f1e70f80
045e1eec
19890c9a
1fadf1f2
0593eb38
02a2e339
f2aae931
eb9eed85
f31aea4d
e952ee77
f8ede611
00bce559
0af4ebff
221ff596
12a21421
03451cbd
e89d0bab
e860ef7a
1edce94e
0a131cd9
e8ab0d4f
05cde1d8
07d81591
fe1807ab
f98be98c
02221d6b
0ddff877
eed8eb7c
f8a52764
1dc4fb54
fce7e309
e1b309f4
fa651534
151a199d
1b07f8a9
0c08e468
f917ed58
ebf7e69d
e653f9c8
e423fc75
e31df82b
e5370220
e5d1edd4
ee89ee2a
fcfde87c
0e2de361
1d7b07d1
0f6011c4
f1a41b94
e555005b
0234da4d
1d1115d6
f17e12fd
ec1aea45
1aad0c2f
f63c009f
ef190009
1abb0aa4
f11dee92
ee17108b
1e300fc2
fd09e114
e2eb027e
fdf81fee
15cd09d7
16d3eff4
f865e523
e670f242
e52e04c5
e47a12a7
f25318dc
f3e31c74
f5141d3c
f7511a2f
e9e41a70
e90a0e3a
e21000f3
e6b1f05d
046fe18d
11bcf6e9
183c1050
f4c11a81
dd0cfccf
1303e0dc
0c1e1660
eaeb0fa5
03f6e292
00671488
ff82064d
fd52e778
f35b1b83
12e60098
fb71e369
e06c1565
12aa15bc
1789f1a6
f378e779
e5a3fa5c
e8c516fa
011c1ccf
127f14e9
183e0968
1b38fdf2
18fbf886
10ae1e05
fa8524de
0982ee02
ed6edc08
c2d1ee5f
fa7fe804
f5e8005b
ddc21e30
066016ec
f6eb0c84
f126fcee
015fed40
08b1f3ee
1e780da8
f91e0082
f0e6d073
1098e77e
f850ff6f
03d1d189
0ba3e579
eadb1240
ff5aee31
218adee0
2933f412
1477fc4b
ffea0c0f
0a6cf611
0762e77e
0c911e68
1c150b31
1115d077
07c2f72d
f69f056a
ee26f413
04060002
f8fde876
d83cf7b9
eb6c1ad7
1123fb81
11b1ed5a
10d5dd8e
141fcca4
0e82f0d4
07f5f88e
f52af1fb
085d01fe
0cb10288
d7dd0db5
f0c8130b
fd15f95f
da43eb55
0c47f29d
085df49a
eab0f698
0a150618
eb53fa0c
f2d5e1fe
1c0dea3a
fee1f77b
fd2f1da9
06f627c6
12c7ebac
1e020188
f8ad3378
ef5007cd
fa2a02af
09eb0d13
1341e50b
e2d7f90b
ee501990
29b6ff77
1b19dd91
fd46d9dd
f2a816ea
f5f124e9
fe97deef
f9c7eff6
fb700257
f721e3e2
fc9e1a10
080d1497
f9cfdf9d
ff35079e
0de40639
10da05f5
14cc233e
f9eff5cf
ee4cf412
064514c5
f6bc0913
e78df81c
f733e4a4
e69c04d4
e70f1481
00e5ec91
e736007a
e8700c86
09fc02e0
fc29107d
06800519
0ed7090f
f2bdf15d
038dc975
142afaf7
1143270d
0ed71b28
face076d
f995fb35
f71cf797
fe85e395
0cbdedec
e71f074a
ee0307a8
183913bd
06dbf30f
03b0e334
14b71ab9
0bac02f0
f70fdb0d
f7b6fb89
145cfb67
fe20f240
d1bd0612
e2f41301
fd1e1f71
fde518db
fe3c05e4
08450b90
fa630a90
e083fa1f
f06a0976
ece71985
ead901d7
1c65f726
15e8fd8b
f3dff1a3
f7fdfbd3
f00f1979
f1950783
ff8cee69
000b0654
0316029c
1225e3fb
1847f99f
eeb51040
d5b2039b
fc8ff9eb
0eda0a07
fc7f1cf0
f875f1dc
0cafcf04
1756ec53
0b40ea59
0aa3e6d3
09560a49
038b1360
fae1023e
e63ef2b2
fcf1ebb2
1441e885
f4b0f9dc
f3b60699
12cdf7f6
12d20cfa
fd46f969
f159cee2
f62901f9
0830010f
2c43fb2b
221c3900
f1dc1af5
059805d3
0dd5ff1c
e1b9d150
ecc1f3c3
034df8bc
fb13f028
fc0b12e5
f551fc5e
edf108d5
feb3110d
1207f5ba
0f2a02c4
0f26ef46
0ae20616
df990e7e
e882cbab
1de2f612
fd2e104b
e87ef13c
13040489
f385ecfc
c7020c7e
e6a03803
f2c5f99c
da5002ce
e9221d06
0b810489
02a91f7d
e37b105c
de77e25f
efda0189
0af512ec
1fb9f209
1731002c
0451154b
06bbf6b1
0f2cfe27
052c09aa
0065eda1
04c2eced
f5d1d56d
f769df27
0f2b1ba6
0bd2f785
0fdde2a0
25f9031b
1018efab
d8bdff44
d4330a51
137eefa7
1d2d09b7
f56a1c54
1178065f
1063e979
edbff3ef
16ad21fd
199a054e
05f6d798
22bbeabf
0dbc043c
fe850c52
0fa7e806
096ad7ae
225df821
2086ea61
e48afd53
de102856
03da0670
00e1076e
e83b19da
f92eef5a
004bea94
e86b0949
fe5bfbf0
0e9fdc7e
f8baee10
f46c12a5
f3151047
f29a103e
f0280908
ec63e821
f852e25d
02f2f183
09e3030b
026cf993
11a8e28b
22abf250
ebaa00c3
ea232210
0f533dcd
edfb10c2
055b0890
2b430e90
10aaef05
0f61019c
04c50e66
ef130830
f134fe82
fc97dec9
03e105b5
de5f24db
e27afde2
035b06f1
d5da13ed
e3350330
1a610930
f0e70977
d28bf384
e112e249
f28ff021
0a7cfa0c
f230fbf1
e71605dc
140de5ea
fba7e216
ce4b08fa
f47bfdb1
f73fff91
0979fa4a
0f54eb3a
172fea0e
0dbfff15
fa3e00c8
ffdff45a
fd8bf3d1
e1bbef37
e6fc0a80
0c0713c7
0d5ef85b
003f005a
0f140079
16f1f452
27eae8f9
3298f0b9
01a5255e
dfb4053c
e1ebcd2c
eeac02a1
ffda1a0b
e21e0db6
eb3c1760
20fafd84
05dc033f
e5ab2240
e96b067e
f3a0f58f
068c0355
f241f49c
f077e825
f8eef3c1
e14a13a8
03c63260
23040cfb
128bed0c
0ce3fe97
f99ce394
f279e9f3
f44619fb
f465196b
0a2e20a9
fdd901a8
ef91e306
08fa0f75
0d5403dd
ed04fd26
dadf1f7e
000a121a
111d141b
fffafe0a
08dfe9ce
ef0d06c8
ea00e74e
0f4fe63e
f04d0cd3
f3feef7d
1bcce863
f67cf40d
ec3ceea6
0b63f0ef
0d7cf22d
016e0cb9
ee580a24
0192f087
21ad0876
09660407
ffdbf2e2
14a119bf
fde1262d
f1a2115b
149515f5
16f10f61
00e603e1
f4b00def
defbf3c4
eca0e232
0c10f77d
fb48dacb
ea25dd82
ebc30919
f886ee39
1b99fcba
11b5261f
ea5800be
f7cbfba5
0808162c
fc9f05f6
f967f08e
042df8f0
2293134c
145b0601
e4c4f259
084f01d6
1a0ef92c
ebcaf111
0d47ffa3
3aa501eb
2b08fe82
13b5f549
0088fc4d
0fca07ca
15b7e6c4
0fdfc5a7
1705e471
eac621ce
f20017dd
27f0e9c9
11eb0aec
13ac20a1
1539fd70
fbe90cbd
13291af5
ff0d00bc
e08a0866
f4581149
0173fc75
0fdbfbb8
07691046
0ec00e1d
225cf91d
f181035e
e1241369
01a70446
041510a0
08851e1e
11cdfaaa
13bef939
110007de
13c5ec43
0534eba9
e07ff9cc
ee8cfb14
016711a3
013c189e
049010dc
de9eff0c
e8f5dc1f
06caf707
f22114fd
12ebe6b7
14aae474
f8c40ff7
1f8f154b
10d717de
e885054f
e9ebe2b8
f1c5f697
f9380db9
ec6dfe04
0712f49e
0c810185
e15d1498
0d060a5e
137ff30f
e6f7f237
04c5e5a1
08bdddf6
0fd5f601
19750000
fa5bfc66
19200791
1e011628
f6370806
f4fef7e5
e8b50d05
0244ff17
1dd7dd3b
0b94e8aa
116ce7c0
e9e9f2da
d332f7e3
0fd3d08f
0b22f204
0019137e
20c2fa5c
fa321352
d8fa078d
f561ebb9
036b173f
15a70b5a
1f25fc60
e77a2ecd
cf1f167c
ffc3de35
037af940
f26a094b
fc0de03a
ed16f5b4
fdc72475
11a9fbb9
e352f6c4
dbfc28d6
f9830847
011df1db
07741154
fe500a5e
0e651157
2ab90fbb
0f8ee6d8
fa0fff27
0dfd094e
21ddd553
1811e836
0a100df2
150104b0
08d7f197
fc74dc6d
06c1fb87
01040c99
ff82df82
e2ace1e7
d9e3e63c
185cdf7c
1e1f07ed
12a711b0
1d62f645
f3b8e7ca
ed8b08b6
fdb71d9e
f59ce8d7
0185f2f2
f695034d
f836e092
0845100e
f6af070d
fbafdf71
f93007f1
f398e2fe
15c0ed17
142b2fe9
f722ffd7
fa3ff461
0133010c
f12ade1a
f0afe166
f85cf0a1
e3e1ffd0
f453e8eb
0473d292
f4c9fc7e
0d66fe07
ee3d0fb6
e20e375d
3cf20025
190ae368
d297031e
019e08a9
0f5a0739
06d00acc
015513e2
f104fe84
0142e3b0
03d50871
ffd72102
040007cd
f652faa7
e658fd1d
e168f6e5
f855f48e
038e0498
f5fa05f0
f6ae0838
0099229c
159a106a
0b1eebb2
f2b2f83f
002eff9c
f8dff2b4
ea6af1f9
d819e8f3
d979dbd3
1f8aebe4
14af195a
e3063377
0af10db1
16a1f31c
1ad01306
1ea0064b
ed5ce4af
ffe2f94d
2ad405ae
10e9104f
fd250ff0
ff9df8aa
fd021199
f31c1962
e76ee2ac
f8090bce
049310da
0a6104c5
05df160d
f365f357
fbe8daa6
0c810219
0a2e0926
fe3a05e4
f39609a2
0116fd99
0143fcc9
f522f2e7
09e1f0b1
fbf0f5d5
dd91f0e9
fb440d23
03e014e1
f1d40943
ff4025b6
fef41369
0bace986
208af43e
ed3fe900
de93d024
24deea32
1f1d1960
e36e220f
ed78fae0
0c64deac
0962e48a
023c053e
087a1e21
0b95f88b
0549dc08
f85ce9cb
e277f2ce
eb100b4b
0b6e068c
0f240118
1ab528c1
21a7013e
03e5d80c
0295073a
08e501b8
09a0ecaa
1ab80b03
f8471292
e7e503b7
0f2ffb68
f4e0fc97
e1a5efbd
fb0fedd3
eedf1686
08ff1c28
2b9b0241
0c2ef7c2
03caec6d
1709eea2
1a58fd2c
090816eb
fc3a1065
1745e94e
0e7c0458
f4c00ab3
0c75dc1e
f701f684
d6a8099d
f37be58e
fb05e4f5
eda10980
f96a1888
0ac5f074
fa5ce5a2
e20b0a21
0714fee7
29baefd8
164c0e4d
041f25c0
057c1723
1db012c2
1fc82768
054ef875
0bc6c844
1022f103
13240ade
22540b82
13221485
0ff51ba8
0e97136b
f69edfff
0516e0a9
07b90810
dd1bfc45
e9c902c5
1d0cf54a
0df0dc89
eb500470
f91eff44
fc7fe923
f4f20544
072502de
02dcfc76
e5080a0e
e23d0e41
faab0e4b
fdc8faea
ef5cec41
f2ebf3c5
edbdfa22
f1ad1057
0b8f1743
0780e858
f967e3fb
ee591467
ee490dcc
06e70307
0e380fae
0a0f0461
f0410dda
deb8fe02
07ece5fe
0cc01a37
fce71df6
ffa0e7f4
e123e97c
fabd0769
364a12d6
1aa5fd91
dff402bd
e4fa1d09
0fcf0c92
f05a06ae
d4e8ff99
08e708b4
019525eb
fe8ef7d2
2812fd42
0df6303a
036d0a0d
13930ce9
01981118
eee2e018
e777f451
efef0156
ebc9f607
f909086c
044a0232
dd30f318
f746ec9f
0fb0f665
f7a6043a
272303b6
2cb21347
0b840404
13dbf4f5
ffe70836
07a8e932
0b6aec11
fa5811a8
15c1f51a
f7e800c0
d80f13e4
f5aeeacc
f3abe3a8
0724e63e
161101f7
ed462991
02d3fae5
280de97a
ff0a05d8
0435f442
390df909
10e6f754
ea17eb85
054109f7
f7e70038
f8caec70
12eefd6b
011d0db5
094d1f46
1e94f7cd
0caacac1
01f5f16d
112b0613
1215f615
fb61f346
09f9e518
079de380
dbbe045c
fb2118f1
0a3f0241
e3b2f284
0a03f2f3
2cd2ecf8
16cc0906
f41d0b15
d235eda5
f0b1058f
1dc40611
12d0fdb8
0bb014f5
1187fbb4
fa97fd22
ed3024b3
096712cc
088ffa34
fe7ffad2
1011f699
ed87f676
e81b029b
1ac1f79f
0c15ed62
00ed0525
09eff25d
0644ed28
1767064b
fe0aef26
f67b19b9
218324cc
1089f04c
f84e37bd
f6dd2e42
ecc1efa2
f8b91923
021de346
02bfd7de
fac1071a
ef30d1ec
0951eb7c
11a0f971
e7b1da33
dd340853
fccbfb4d
f6d6ead0
dc4ce4f3
fb96c868
15a5f4d2
0123e6a7
0990d405
0d8305b3
e997e77b
e4def8bb
07c6329a
17b11219
fbbe0148
e8f0eb0b
0e4fdc82
2ec40bd7
17d90001
00b8e51c
07ed1392
03a3230d
f29c046f
ea761374
f2e323f1
0e3500ff
0c4ef39d
fef1f4a0
1029efe4
fb561140
e1b31639
fb90f41f
02d5f29c
05fdfe97
0e8d05ef
fd610043
fc960084
fa170ff6
edcdff19
f939089a
0426255e
0dbffd88
1024f234
0f1c07a4
2109edcb
1155f734
e6b30121
e58ce9b3
f5761bbe
e74334e1
daafeafa
066bd85f
2bc807b7
04d3129c
dcf105ef
e387059b
00000000
00000000
00000000
00000000
00000000
00000000
00000000
00000000
00000000
00000000
00000000
00000000
00000000
00000000
00000000
00000000
00000000
00000000
00000000
00000000
00000000
00000000
00000000
00000000
00000000
00000000
00000000
00000000
00000000
00000000
00000000
00000000
00000000
00000000
00000000
00000000
00000000
00000000
00000000
00000000
00000000
00000000
00000000
00000000
00000000
00000000
00000000
00000000
00000000
00000000
00000000
00000000
00000000
00000000
00000000
00000000
00000000
00000000
00000000
00000000
00000000
00000000
00000000
00000000
00000000
00000000
00000000
00000000
00000000
00000000
00000000
00000000
00000000
00000000
00000000
00000000
00000000
00000000
00000000
00000000
00000000
00000000
00000000
00000000
00000000
00000000
00000000
00000000
00000000
00000000
00000000
00000000
00000000
00000000
00000000
00000000
00000000
00000000
00000000
00000000
00000000
00000000
00000000
00000000
00000000
00000000
00000000
00000000
00000000
00000000
00000000
00000000
00000000
00000000
00000000
00000000
00000000
00000000
00000000
00000000
00000000
00000000
00000000
00000000
00000000
00000000
00000000
00000000
00000000
00000000
00000000
00000000
00000000
00000000
00000000
00000000
00000000
00000000
00000000
00000000
00000000
00000000
00000000
00000000
00000000
00000000
00000000
00000000
00000000
00000000
00000000
00000000
00000000
00000000
00000000
00000000
00000000
00000000
00000000
00000000
00000000
00000000
00000000
00000000
00000000
00000000
00000000
00000000
00000000
00000000
00000000
00000000
00000000
00000000
00000000
00000000
00000000
00000000
00000000
00000000
00000000
00000000
00000000
00000000
00000000
00000000
00000000
00000000
00000000
00000000
00000000
00000000
00000000
00000000
00000000
00000000
00000000
00000000
00000000
00000000
00000000
00000000
00000000
00000000
00000000
00000000
00000000
00000000
00000000
00000000
00000000
00000000
00000000
00000000
00000000
00000000
00000000
00000000
00000000
00000000
00000000
00000000
00000000
00000000
00000000
00000000
00000000
00000000
00000000
00000000
00000000
00000000
00000000
00000000
00000000
00000000
00000000
00000000
00000000
00000000
00000000
00000000
00000000
00000000
00000000
00000000
00000000
00000000
00000000
00000000
00000000
00000000
00000000
00000000
00000000
00000000
00000000
00000000
00000000
00000000
00000000
00000000
00000000
00000000
00000000
00000000
00000000
00000000
00000000
00000000
00000000
00000000
00000000
00000000
00000000
00000000
00000000
00000000
00000000
00000000
00000000
00000000
00000000
00000000
00000000
00000000
00000000
00000000
00000000
00000000
00000000
00000000
00000000
00000000
00000000
00000000
00000000
00000000
00000000
00000000
00000000
00000000
00000000
00000000
00000000
00000000
00000000
00000000
00000000
00000000
00000000
00000000
00000000
00000000
00000000
00000000
00000000
00000000
00000000
00000000
00000000
00000000
00000000
00000000
00000000
00000000
00000000
00000000
00000000
00000000
00000000
00000000
00000000
00000000
00000000
00000000
00000000
00000000
00000000
00000000
00000000
00000000
00000000
00000000
00000000
00000000
00000000
00000000
00000000
00000000
00000000
00000000
00000000
00000000
00000000
00000000
00000000
00000000
00000000
00000000
00000000
00000000
00000000
00000000
00000000
00000000
00000000
00000000
00000000
00000000
00000000
00000000
00000000
00000000
00000000
00000000
00000000
00000000
00000000
00000000
00000000
00000000
00000000
00000000
00000000
00000000
00000000
00000000
00000000
00000000
00000000
00000000
00000000
00000000
00000000
00000000
00000000
00000000
00000000
00000000
00000000
00000000
00000000
00000000
00000000
00000000
00000000
00000000
00000000
00000000
00000000
00000000
00000000
00000000
00000000
00000000
00000000
00000000
00000000
00000000
00000000
00000000
00000000
00000000
00000000
00000000
00000000
00000000
00000000
00000000
00000000
00000000
00000000
00000000
00000000
00000000
00000000
00000000
00000000
00000000
00000000
00000000
00000000
00000000
00000000
00000000
00000000
00000000
00000000
00000000
00000000
00000000
00000000
00000000
00000000
00000000
00000000
00000000
00000000
00000000
00000000
00000000
00000000
00000000
00000000
00000000
00000000
00000000
00000000
00000000
00000000
00000000
00000000
00000000
00000000
00000000
00000000
00000000
00000000
00000000
00000000
00000000
00000000
00000000
00000000
00000000
00000000
00000000
00000000
00000000
00000000
00000000
00000000
00000000
00000000
00000000
00000000
00000000
00000000
00000000
00000000
00000000
00000000
00000000
00000000
00000000
00000000
00000000
00000000
00000000
00000000
00000000
00000000
00000000
00000000
00000000
00000000
00000000
00000000
00000000
00000000
00000000
00000000
00000000
00000000
00000000
00000000
00000000
00000000
00000000
00000000
00000000
00000000
00000000
00000000
00000000
00000000
00000000
00000000
00000000
00000000
00000000
00000000
00000000
00000000
00000000
00000000
00000000
00000000
00000000
00000000
00000000
00000000
00000000
00000000
00000000
00000000
00000000
00000000
00000000
00000000
00000000
00000000
00000000
00000000
00000000
00000000
00000000
00000000
00000000
00000000
00000000
00000000
00000000
00000000
00000000
00000000
00000000
00000000
00000000
00000000
00000000
00000000
00000000
00000000
00000000
00000000
00000000
00000000
00000000
00000000
00000000
00000000
00000000
00000000
00000000
00000000
00000000
00000000
00000000
00000000
00000000
00000000
00000000
00000000
00000000
00000000
00000000
00000000
00000000
00000000
00000000
00000000
00000000
00000000
00000000
00000000
00000000
00000000
00000000
00000000
00000000
00000000
00000000
00000000
00000000
00000000
00000000
00000000
00000000
00000000
00000000
00000000
00000000
00000000
00000000
00000000
00000000
00000000
00000000
00000000
00000000
00000000
00000000
00000000
00000000
00000000
00000000
00000000
00000000
00000000
00000000
00000000
00000000
00000000
00000000
00000000
00000000
00000000
00000000
00000000
00000000
00000000
00000000
00000000
00000000
00000000
00000000
00000000
00000000
00000000
00000000
00000000
00000000
00000000
00000000
00000000
00000000
00000000
00000000
00000000
00000000
00000000
00000000
00000000
00000000
00000000
00000000
00000000
00000000
00000000
00000000
00000000
00000000
00000000
00000000
00000000
00000000
00000000
00000000
00000000
00000000
00000000
00000000
00000000
00000000
00000000
00000000
00000000
00000000
00000000
00000000
00000000
00000000
00000000
00000000
00000000
00000000
00000000
00000000
00000000
00000000
00000000
00000000
00000000
00000000
00000000
00000000
00000000
00000000
00000000
00000000
00000000
00000000
00000000
00000000
00000000
00000000
00000000
00000000
00000000
00000000
00000000
00000000
00000000
00000000
00000000
00000000
00000000
00000000
00000000
00000000
00000000
00000000
00000000
00000000
00000000
00000000
00000000
00000000
00000000
00000000
00000000
00000000
00000000
00000000
00000000
00000000
00000000
00000000
00000000
00000000
00000000
00000000
00000000
00000000
00000000
00000000
00000000
00000000
00000000
00000000
00000000
00000000
00000000
00000000
00000000
00000000
00000000
00000000
00000000
00000000
00000000
00000000
00000000
00000000
00000000
00000000
00000000
00000000
00000000
00000000
00000000
00000000
00000000
00000000
00000000
00000000
00000000
00000000
00000000
00000000
00000000
00000000
00000000
00000000
00000000
00000000
00000000
00000000
00000000
00000000
00000000
00000000
00000000
00000000
00000000
00000000
00000000
00000000
00000000
00000000
00000000
00000000
00000000
00000000
00000000
00000000
00000000
00000000
00000000
00000000
00000000
00000000
00000000
00000000
00000000
00000000
00000000
00000000
00000000
00000000
00000000
00000000
00000000
00000000
00000000
00000000
00000000
00000000
00000000
00000000
00000000
00000000
00000000
00000000
00000000
00000000
00000000
00000000
00000000
00000000
00000000
00000000
00000000
00000000
00000000
00000000
00000000
00000000
00000000
00000000
00000000
00000000
00000000
00000000
00000000
00000000
00000000
00000000
00000000
00000000
00000000
00000000
00000000
00000000
00000000
00000000
00000000
00000000
00000000
00000000
00000000
00000000
00000000
00000000
00000000
00000000
00000000
00000000
00000000
00000000
00000000
00000000
00000000
00000000
00000000
00000000
00000000
00000000
00000000
00000000
00000000
00000000
00000000
00000000
00000000
00000000
00000000
00000000
00000000
00000000
00000000
00000000
00000000
00000000
00000000
00000000
00000000
00000000
00000000
00000000
00000000
00000000
00000000
00000000
00000000
00000000
00000000
00000000
00000000
00000000
00000000
00000000
00000000
00000000
00000000
00000000
00000000
00000000
00000000
00000000
00000000
00000000
00000000
00000000
00000000
00000000
00000000
00000000
00000000
00000000
00000000
00000000
00000000
00000000
00000000
00000000
00000000
00000000
00000000
00000000
00000000
00000000
00000000
00000000
00000000
00000000
00000000
00000000
00000000
00000000
00000000
00000000
00000000
00000000
00000000
00000000
00000000
00000000
00000000
00000000
00000000
00000000
00000000
00000000
00000000
00000000
00000000
00000000
00000000
00000000
00000000
00000000
00000000
00000000
00000000
00000000
00000000
00000000
00000000
00000000
00000000
00000000
00000000
00000000
00000000
00000000
00000000
00000000
00000000
00000000
00000000
00000000
00000000
00000000
00000000
00000000
00000000
00000000
00000000
00000000
00000000
00000000
00000000
00000000
00000000
00000000
00000000
00000000
00000000
00000000
00000000
00000000
00000000
00000000
00000000
00000000
00000000
00000000
00000000
00000000
00000000
00000000
00000000
00000000
00000000
00000000
00000000
00000000
00000000
00000000
00000000
00000000
00000000
00000000
00000000
00000000
00000000
00000000
00000000
00000000
00000000
00000000
00000000
00000000
00000000
00000000
00000000
00000000
00000000
00000000
00000000
00000000
00000000
00000000
00000000
00000000
00000000
00000000
00000000
00000000
00000000
00000000
00000000
00000000
00000000
00000000
00000000
00000000
00000000
00000000
00000000
00000000
00000000
00000000
00000000
00000000
00000000
00000000
00000000
00000000
00000000
00000000
00000000
00000000
00000000
00000000
00000000
00000000
00000000
00000000
00000000
00000000
00000000
00000000
00000000
00000000
00000000
00000000
00000000
00000000
00000000
00000000
00000000
00000000
00000000
00000000
00000000
00000000
00000000
00000000
00000000
00000000
00000000
00000000
00000000
00000000
00000000
00000000
00000000
00000000
00000000
00000000
00000000
00000000
00000000
00000000
00000000
00000000
00000000
00000000
00000000
00000000
00000000
00000000
00000000
00000000
00000000
00000000
00000000
00000000
00000000
00000000
00000000
00000000
00000000
00000000
00000000
00000000
00000000
00000000
00000000
00000000
00000000
00000000
00000000
00000000
00000000
00000000
00000000
00000000
00000000
00000000
00000000
00000000
00000000
00000000
00000000
00000000
00000000
00000000
00000000
00000000
00000000
00000000
00000000
00000000
00000000
00000000
00000000
00000000
00000000
00000000
00000000
00000000
00000000
00000000
00000000
00000000
00000000
00000000
00000000
00000000
00000000
00000000
00000000
00000000
00000000
00000000
00000000
00000000
00000000
00000000
00000000
00000000
00000000
00000000
00000000
00000000
00000000
00000000
00000000
00000000
00000000
00000000
00000000
00000000
00000000
00000000
00000000
00000000
00000000
00000000
00000000
00000000
00000000
00000000
00000000
00000000
00000000
00000000
00000000
00000000
00000000
00000000
00000000
00000000
00000000
00000000
00000000
00000000
00000000
00000000
00000000
00000000
00000000
00000000
00000000
00000000
00000000
00000000
00000000
00000000
00000000
00000000
00000000
00000000
00000000
00000000
00000000
00000000
00000000
00000000
00000000
00000000
00000000
00000000
00000000
00000000
00000000
00000000
00000000
00000000
00000000
00000000
00000000
00000000
00000000
00000000
00000000
00000000
00000000
00000000
00000000
00000000
00000000
00000000
00000000
00000000
00000000
00000000
00000000
00000000
00000000
00000000
00000000
00000000
00000000
00000000
00000000
00000000
00000000
00000000
00000000
00000000
00000000
00000000
00000000
00000000
00000000
00000000
00000000
00000000
00000000
00000000
00000000
00000000
00000000
00000000
00000000
00000000
00000000
00000000
00000000
00000000
00000000
00000000
00000000
00000000
00000000
00000000
00000000
00000000
00000000
00000000
00000000
00000000
00000000
00000000
00000000
00000000
00000000
00000000
00000000
00000000
00000000
00000000
00000000
00000000
00000000
00000000
00000000
00000000
00000000
00000000
00000000
00000000
00000000
00000000
00000000
00000000
00000000
00000000
00000000
00000000
00000000
00000000
00000000
00000000
00000000
00000000
00000000
00000000
00000000
00000000
00000000
00000000
00000000
00000000
00000000
00000000
00000000
00000000
00000000
00000000
00000000
00000000
00000000
00000000
00000000
00000000
00000000
00000000
00000000
00000000
00000000
00000000
00000000
00000000
00000000
00000000
00000000
00000000
00000000
00000000
00000000
00000000
00000000
00000000
00000000
00000000
00000000
00000000
00000000
00000000
00000000
00000000
00000000
00000000
00000000
00000000
00000000
00000000
00000000
00000000
00000000
00000000
00000000
00000000
00000000
00000000
00000000
00000000
00000000
00000000
00000000
00000000
00000000
00000000
00000000
00000000
00000000
00000000
00000000
00000000
00000000
00000000
00000000
00000000
00000000
00000000
00000000
00000000
00000000
00000000
00000000
00000000
00000000
00000000
00000000
00000000
00000000
00000000
00000000
00000000
00000000
00000000
00000000
00000000
00000000
00000000
00000000
00000000
00000000
00000000
00000000
00000000
00000000
00000000
00000000
00000000
00000000
00000000
00000000
00000000
00000000
00000000
00000000
00000000
00000000
00000000
00000000
00000000
00000000
00000000
00000000
00000000
00000000
00000000
00000000
00000000
00000000
00000000
00000000
00000000
00000000
00000000
00000000
00000000
00000000
00000000
00000000
00000000
00000000
00000000
00000000
00000000
00000000
00000000
00000000
00000000
00000000
00000000
00000000
00000000
00000000
00000000
00000000
00000000
00000000
00000000
00000000
00000000
00000000
00000000
00000000
00000000
00000000
00000000
00000000
00000000
00000000
00000000
00000000
00000000
00000000
00000000
00000000
00000000
00000000
00000000
00000000
00000000
00000000
00000000
00000000
00000000
00000000
00000000
00000000
00000000
00000000
00000000
00000000
00000000
00000000
00000000
00000000
00000000
00000000
00000000
00000000
00000000
00000000
00000000
00000000
00000000
00000000
00000000
00000000
00000000
00000000
00000000
00000000
00000000
00000000
00000000
00000000
00000000
00000000
00000000
00000000
00000000
00000000
00000000
00000000
00000000
00000000
00000000
00000000
00000000
00000000
00000000
00000000
00000000
00000000
00000000
00000000
00000000
00000000
00000000
00000000
00000000
00000000
00000000
00000000
00000000
00000000
00000000
00000000
00000000
00000000
00000000
00000000
00000000
00000000
00000000
00000000
00000000
00000000
00000000
00000000
00000000
00000000
00000000
00000000
00000000
00000000
00000000
00000000
00000000
00000000
00000000
00000000
00000000
00000000
00000000
00000000
00000000
00000000
00000000
00000000
00000000
00000000
00000000
00000000
00000000
00000000
00000000
00000000
00000000
00000000
00000000
00000000
00000000
00000000
00000000
00000000
00000000
00000000
00000000
00000000
00000000
00000000
00000000
00000000
00000000
00000000
00000000
00000000
00000000
00000000
00000000
00000000
00000000
00000000
00000000
00000000
00000000
00000000
00000000
00000000
00000000
00000000
00000000
00000000
00000000
00000000
00000000
00000000
00000000
00000000
00000000
00000000
00000000
00000000
00000000
00000000
00000000
00000000
00000000
00000000
00000000
00000000
00000000
00000000
00000000
00000000
00000000
00000000
00000000
00000000
00000000
00000000
00000000
00000000
00000000
00000000
00000000
00000000
00000000
00000000
00000000
00000000
00000000
00000000
00000000
00000000
00000000
00000000
00000000
00000000
00000000
00000000
00000000
00000000
00000000
00000000
00000000
00000000
00000000
00000000
00000000
00000000
00000000
00000000
00000000
00000000
00000000
00000000
00000000
00000000
00000000
00000000
00000000
00000000
00000000
00000000
00000000
00000000
00000000
00000000
00000000
00000000
00000000
00000000
00000000
00000000
00000000
00000000
00000000
00000000
00000000
00000000
00000000
00000000
00000000
00000000
00000000
00000000
00000000
00000000
00000000
00000000
00000000
00000000
00000000
00000000
00000000
00000000
00000000
00000000
00000000
00000000
00000000
00000000
00000000
00000000
00000000
00000000
00000000
00000000
00000000
00000000
00000000
00000000
00000000
00000000
00000000
00000000
00000000
00000000
00000000
00000000
00000000
00000000
00000000
00000000
00000000
00000000
00000000
00000000
00000000
00000000
00000000
00000000
00000000
00000000
00000000
00000000
00000000
00000000
00000000
00000000
00000000
00000000
00000000
00000000
00000000
00000000
00000000
00000000
00000000
00000000
00000000
00000000
00000000
00000000
00000000
00000000
00000000
00000000
00000000
00000000
00000000
00000000
00000000
00000000
00000000
00000000
00000000
00000000
00000000
00000000
00000000
00000000
00000000
00000000
00000000
00000000
00000000
00000000
00000000
00000000
00000000
00000000
00000000
00000000
00000000
00000000
00000000
00000000
00000000
00000000
00000000
00000000
00000000
00000000
00000000
00000000
00000000
00000000
00000000
00000000
00000000
00000000
00000000
00000000
00000000
00000000
00000000
00000000
00000000
00000000
00000000
00000000
00000000
00000000
00000000
00000000
00000000
00000000
00000000
00000000
00000000
00000000
00000000
00000000
00000000
00000000
00000000
00000000
00000000
00000000
00000000
00000000
00000000
00000000
00000000
00000000
00000000
00000000
00000000
00000000
00000000
00000000
00000000
00000000
00000000
00000000
00000000
00000000
00000000
00000000
00000000
00000000
00000000
00000000
00000000
00000000
00000000
00000000
00000000
00000000
00000000
00000000
00000000
00000000
00000000
00000000
00000000
00000000
00000000
00000000
00000000
00000000
00000000
00000000
00000000
00000000
00000000
00000000
00000000
00000000
00000000
00000000
00000000
00000000
00000000
00000000
00000000
00000000
00000000
00000000
00000000
00000000
00000000
00000000
00000000
00000000
00000000
00000000
00000000
00000000
00000000
00000000
00000000
00000000
00000000
00000000
00000000
00000000
00000000
00000000
00000000
00000000
00000000
00000000
00000000
00000000
00000000
00000000
00000000
00000000
00000000
00000000
00000000
00000000
00000000
00000000
00000000
00000000
00000000
00000000
00000000
00000000
00000000
00000000
00000000
00000000
00000000
00000000
00000000
00000000
00000000
00000000
00000000
00000000
00000000
00000000
00000000
00000000
00000000
00000000
00000000
00000000
00000000
00000000
00000000
00000000
00000000
00000000
00000000
00000000
00000000
00000000
00000000
00000000
00000000
00000000
00000000
00000000
00000000
00000000
00000000
00000000
00000000
00000000
00000000
00000000
00000000
00000000
00000000
00000000
00000000
00000000
00000000
00000000
00000000
00000000
00000000
00000000
00000000
00000000
00000000
00000000
00000000
00000000
00000000
00000000
00000000
00000000
00000000
00000000
00000000
00000000
00000000
00000000
00000000
00000000
00000000
00000000
00000000
00000000
00000000
00000000
00000000
00000000
00000000
00000000
00000000
00000000
00000000
00000000
00000000
00000000
00000000
00000000
00000000
00000000
00000000
00000000
00000000
00000000
00000000
00000000
00000000
00000000
00000000
00000000
00000000
00000000
00000000
00000000
00000000
00000000
00000000
00000000
00000000
00000000
00000000
00000000
00000000
00000000
00000000
00000000
00000000
00000000
00000000
00000000
00000000
00000000
00000000
00000000
00000000
00000000
00000000
00000000
00000000
00000000
00000000
00000000
00000000
00000000
00000000
00000000
00000000
00000000
00000000
00000000
00000000
00000000
00000000
00000000
00000000
00000000
00000000
00000000
00000000
00000000
00000000
00000000
00000000
00000000
00000000
00000000
00000000
00000000
00000000
00000000
00000000
00000000
00000000
00000000
00000000
00000000
00000000
00000000
00000000
00000000
00000000
00000000
00000000
00000000
00000000
00000000
00000000
00000000
00000000
00000000
00000000
00000000
00000000
00000000
00000000
00000000
00000000
00000000
00000000
00000000
00000000
00000000
00000000
00000000
00000000
00000000
00000000
00000000
00000000
00000000
00000000
00000000
00000000
00000000
00000000
00000000
00000000
00000000
00000000
00000000
00000000
00000000
00000000
00000000
00000000
00000000
00000000
00000000
00000000
00000000
00000000
00000000
00000000
00000000
00000000
00000000
00000000
00000000
00000000
00000000
00000000
00000000
00000000
00000000
00000000
00000000
00000000
00000000
00000000
00000000
00000000
00000000
00000000
00000000
00000000
00000000
00000000
00000000
00000000
00000000
00000000
00000000
00000000
00000000
00000000
00000000
00000000
00000000
00000000
00000000
00000000
00000000
00000000
00000000
00000000
00000000
00000000
00000000
00000000
00000000
00000000
00000000
00000000
00000000
00000000
00000000
00000000
00000000
00000000
00000000
00000000
00000000
00000000
00000000
00000000
00000000
00000000
00000000
00000000
00000000
00000000
00000000
00000000
00000000
00000000
00000000
00000000
00000000
00000000
00000000
00000000
00000000
00000000
00000000
00000000
00000000
00000000
00000000
00000000
00000000
00000000
00000000
00000000
00000000
00000000
00000000
00000000
00000000
00000000
00000000
00000000
00000000
00000000
00000000
00000000
00000000
00000000
00000000
00000000
00000000
00000000
00000000
00000000
00000000
00000000
00000000
00000000
00000000
00000000
00000000
00000000
00000000
00000000
00000000
00000000
00000000
00000000
00000000
00000000
00000000
00000000
00000000
00000000
00000000
00000000
00000000
00000000
00000000
00000000
00000000
00000000
00000000
00000000
00000000
00000000
00000000
00000000
00000000
00000000
00000000
00000000
00000000
00000000
00000000
00000000
00000000
00000000
00000000
00000000
00000000
00000000
00000000
00000000
00000000
00000000
00000000
00000000
00000000
00000000
00000000
00000000
00000000
00000000
00000000
00000000
00000000
00000000
00000000
00000000
00000000
00000000
00000000
00000000
00000000
00000000
00000000
00000000
00000000
00000000
00000000
00000000
00000000
00000000
00000000
00000000
00000000
00000000
00000000
00000000
00000000
00000000
00000000
00000000
00000000
00000000
00000000
00000000
00000000
00000000
00000000
00000000
00000000
00000000
00000000
00000000
00000000
00000000
00000000
00000000
00000000
00000000
00000000
00000000
00000000
00000000
00000000
00000000
00000000
00000000
00000000
00000000
00000000
00000000
00000000
00000000
00000000
00000000
00000000
00000000
00000000
00000000
00000000
00000000
00000000
00000000
00000000
00000000
00000000
00000000
00000000
00000000
00000000
00000000
00000000
00000000
00000000
00000000
00000000
00000000
00000000
00000000
00000000
00000000
00000000
00000000
00000000
00000000
00000000
00000000
00000000
00000000
00000000
00000000
00000000
00000000
00000000
00000000
00000000
00000000
00000000
00000000
00000000
00000000
00000000
00000000
00000000
00000000
00000000
00000000
00000000
00000000
00000000
00000000
00000000
00000000
00000000
00000000
00000000
00000000
00000000
00000000
00000000
00000000
00000000
00000000
00000000
00000000
00000000
00000000
00000000
00000000
00000000
00000000
00000000
00000000
00000000
00000000
00000000
00000000
00000000
00000000
00000000
00000000
00000000
00000000
00000000
00000000
00000000
00000000
00000000
00000000
00000000
00000000
00000000
00000000
00000000
00000000
00000000
00000000
00000000
00000000
00000000
00000000
00000000
00000000
00000000
00000000
00000000
00000000
00000000
00000000
00000000
00000000
00000000
00000000
00000000
00000000
00000000
00000000
00000000
00000000
00000000
00000000
00000000
00000000
00000000
00000000
00000000
00000000
00000000
00000000
00000000
00000000
00000000
00000000
00000000
00000000
00000000
00000000
00000000
00000000
00000000
00000000
00000000
00000000
00000000
00000000
00000000
00000000
00000000
00000000
00000000
00000000
00000000
00000000
00000000
00000000
00000000
00000000
00000000
00000000
00000000
00000000
00000000
00000000
00000000
00000000
00000000
00000000
00000000
00000000
00000000
00000000
00000000
00000000
00000000
00000000
00000000
00000000
00000000
00000000
00000000
00000000
00000000
00000000
00000000
00000000
00000000
00000000
00000000
00000000
00000000
00000000
00000000
00000000
00000000
00000000
00000000
00000000
00000000
00000000
00000000
00000000
00000000
00000000
00000000
00000000
00000000
00000000
00000000
00000000
00000000
00000000
00000000
00000000
00000000
00000000
00000000
00000000
00000000
00000000
00000000
00000000
00000000
00000000
00000000
00000000
00000000
00000000
00000000
00000000
00000000
00000000
00000000
00000000
00000000
00000000
00000000
00000000
00000000
00000000
00000000
00000000
00000000
00000000
00000000
00000000
00000000
00000000
00000000
00000000
00000000
00000000
00000000
00000000
00000000
00000000
00000000
00000000
00000000
00000000
00000000
00000000
00000000
00000000
00000000
00000000
00000000
00000000
00000000
00000000
00000000
00000000
00000000
00000000
00000000
00000000
00000000
00000000
00000000
00000000
00000000
00000000
00000000
00000000
00000000
00000000
00000000
00000000
00000000
00000000
00000000
00000000
00000000
00000000
00000000
00000000
00000000
00000000
00000000
00000000
00000000
00000000
00000000
00000000
00000000
00000000
00000000
00000000
00000000
00000000
00000000
00000000
00000000
00000000
00000000
00000000
00000000
00000000
00000000
00000000
00000000
00000000
00000000
00000000
00000000
00000000
00000000
00000000
00000000
00000000
00000000
00000000
00000000
00000000
00000000
00000000
00000000
00000000
00000000
00000000
00000000
00000000
00000000
00000000
00000000
00000000
00000000
00000000
00000000
00000000
00000000
00000000
00000000
00000000
00000000
00000000
00000000
00000000
00000000
00000000
00000000
00000000
00000000
00000000
00000000
00000000
00000000
00000000
00000000
00000000
00000000
00000000
00000000
00000000
00000000
00000000
00000000
00000000
00000000
00000000
00000000
00000000
00000000
00000000
00000000
00000000
00000000
00000000
00000000
00000000
00000000
00000000
00000000
00000000
00000000
00000000
00000000
00000000
00000000
00000000
00000000
00000000
00000000
00000000
00000000
00000000
00000000
00000000
00000000
00000000
00000000
00000000
00000000
00000000
00000000
00000000
00000000
00000000
00000000
00000000
00000000
00000000
00000000
00000000
00000000
00000000
00000000
00000000
00000000
00000000
00000000
00000000
00000000
00000000
00000000
00000000
00000000
00000000
00000000
00000000
00000000
00000000
00000000
00000000
00000000
00000000
00000000
00000000
00000000
00000000
00000000
00000000
00000000
00000000
00000000
00000000
00000000
00000000
00000000
00000000
00000000
00000000
00000000
00000000
00000000
00000000
00000000
00000000
00000000
00000000
00000000
00000000
00000000
00000000
00000000
00000000
00000000
00000000
00000000
00000000
00000000
00000000
00000000
00000000
00000000
00000000
00000000
00000000
00000000
00000000
00000000
00000000
00000000
00000000
00000000
00000000
00000000
00000000
00000000
00000000
00000000
00000000
00000000
00000000
00000000
00000000
00000000
00000000
00000000
00000000
00000000
00000000
00000000
00000000
00000000
00000000
00000000
00000000
00000000
00000000
00000000
00000000
00000000
00000000
00000000
00000000
00000000
00000000
00000000
00000000
00000000
00000000
00000000
00000000
00000000
00000000
00000000
00000000
00000000
00000000
00000000
00000000
00000000
00000000
00000000
00000000
00000000
00000000
00000000
00000000
00000000
00000000
00000000
00000000
00000000
00000000
00000000
00000000
00000000
00000000
00000000
00000000
00000000
00000000
00000000
00000000
00000000
00000000
00000000
00000000
00000000
00000000
00000000
00000000
00000000
00000000
00000000
00000000
00000000
00000000
00000000
00000000
00000000
00000000
00000000
00000000
00000000
00000000
00000000
00000000
00000000
00000000
00000000
00000000
00000000
00000000
00000000
00000000
00000000
00000000
00000000
00000000
00000000
00000000
00000000
00000000
00000000
00000000
00000000
00000000
00000000
00000000
00000000
00000000
00000000
00000000
00000000
00000000
00000000
00000000
00000000
00000000
00000000
00000000
00000000
00000000
00000000
00000000
00000000
00000000
00000000
00000000
00000000
00000000
00000000
00000000
00000000
00000000
00000000
00000000
00000000
00000000
00000000
00000000
00000000
00000000
00000000
00000000
00000000
00000000
00000000
00000000
00000000
00000000
00000000
00000000
00000000
00000000
00000000
00000000
00000000
00000000
00000000
00000000
00000000
00000000
00000000
00000000
00000000
00000000
00000000
00000000
00000000
00000000
00000000
00000000
00000000
00000000
00000000
00000000
00000000
00000000
00000000
00000000
00000000
00000000
00000000
00000000
00000000
00000000
00000000
00000000
00000000
00000000
00000000
00000000
00000000
00000000
00000000
00000000
00000000
00000000
00000000
00000000
00000000
00000000
00000000
00000000
00000000
00000000
00000000
00000000
00000000
00000000
00000000
00000000
00000000
00000000
00000000
00000000
00000000
00000000
00000000
00000000
00000000
00000000
00000000
00000000
00000000
00000000
00000000
00000000
00000000
00000000
00000000
00000000
00000000
00000000
00000000
00000000
00000000
00000000
00000000
00000000
00000000
00000000
00000000
00000000
00000000
00000000
00000000
00000000
00000000
00000000
00000000
00000000
00000000
00000000
00000000
00000000
00000000
00000000
00000000
00000000
00000000
00000000
00000000
00000000
00000000
00000000
00000000
00000000
00000000
00000000
00000000
00000000
00000000
00000000
00000000
00000000
00000000
00000000
00000000
00000000
00000000
00000000
00000000
00000000
00000000
00000000
00000000
00000000
00000000
00000000
00000000
00000000
00000000
00000000
00000000
00000000
00000000
00000000
00000000
00000000
00000000
00000000
00000000
00000000
00000000
00000000
00000000
00000000
00000000
00000000
00000000
00000000
00000000
00000000
00000000
00000000
00000000
00000000
00000000
00000000
00000000
00000000
00000000
00000000
00000000
00000000
00000000
00000000
00000000
00000000
00000000
00000000
00000000
00000000
00000000
00000000
00000000
00000000
00000000
00000000
00000000
00000000
00000000
00000000
00000000
00000000
00000000
00000000
00000000
00000000
00000000
00000000
00000000
00000000
00000000
00000000
00000000
00000000
00000000
00000000
00000000
00000000
00000000
00000000
00000000
00000000
00000000
00000000
00000000
00000000
00000000
00000000
00000000
00000000
00000000
00000000
00000000
00000000
00000000
00000000
00000000
00000000
00000000
00000000
00000000
00000000
00000000
00000000
00000000
00000000
00000000
00000000
00000000
00000000
00000000
00000000
00000000
00000000
00000000
00000000
00000000
00000000
00000000
00000000
00000000
00000000
00000000
00000000
00000000
00000000
00000000
00000000
00000000
00000000
00000000
00000000
00000000
00000000
00000000
00000000
00000000
00000000
00000000
00000000
00000000
00000000
00000000
00000000
00000000
00000000
00000000
00000000
00000000
00000000
00000000
00000000
00000000
00000000
00000000
00000000
00000000
00000000
00000000
00000000
00000000
00000000
00000000
00000000
00000000
00000000
00000000
00000000
00000000
00000000
00000000
00000000
00000000
00000000
00000000
00000000
00000000
00000000
00000000
00000000
00000000
00000000
00000000
00000000
00000000
00000000
00000000
00000000
00000000
00000000
00000000
00000000
00000000
00000000
00000000
00000000
00000000
00000000
00000000
00000000
00000000
00000000
00000000
00000000
00000000
00000000
00000000
00000000
00000000
00000000
00000000
00000000
00000000
00000000
00000000
00000000
00000000
00000000
00000000
00000000
00000000
00000000
00000000
00000000
00000000
00000000
00000000
00000000
00000000
00000000
00000000
00000000
00000000
00000000
00000000
00000000
00000000
00000000
00000000
00000000
00000000
00000000
00000000
00000000
00000000
00000000
00000000
00000000
00000000
00000000
00000000
00000000
00000000
00000000
00000000
00000000
00000000
00000000
00000000
00000000
00000000
00000000
00000000
00000000
00000000
00000000
00000000
00000000
00000000
00000000
00000000
00000000
00000000
00000000
00000000
00000000
00000000
00000000
00000000
00000000
00000000
00000000
00000000
00000000
00000000
00000000
00000000
00000000
00000000
00000000
00000000
00000000
00000000
00000000
00000000
00000000
00000000
00000000
00000000
00000000
00000000
00000000
00000000
00000000
00000000
00000000
00000000
00000000
00000000
00000000
00000000
00000000
00000000
00000000
00000000
00000000
00000000
00000000
00000000
00000000
00000000
00000000
00000000
00000000
00000000
00000000
00000000
00000000
00000000
00000000
00000000
00000000
00000000
00000000
00000000
00000000
00000000
00000000
00000000
00000000
00000000
00000000
00000000
00000000
00000000
00000000
00000000
00000000
00000000
00000000
00000000
00000000
00000000
00000000
00000000
00000000
00000000
00000000
00000000
00000000
00000000
00000000
00000000
00000000
00000000
00000000
00000000
00000000
00000000
00000000
00000000
00000000
00000000
00000000
00000000
00000000
00000000
00000000
00000000
00000000
00000000
00000000
00000000
00000000
00000000
00000000
00000000
00000000
00000000
00000000
00000000
00000000
00000000
00000000
00000000
00000000
00000000
00000000
00000000
00000000
00000000
00000000
00000000
00000000
00000000
00000000
00000000
00000000
00000000
00000000
00000000
00000000
00000000
00000000
00000000
00000000
00000000
00000000
00000000
00000000
00000000
00000000
00000000
00000000
00000000
00000000
00000000
00000000
00000000
00000000
00000000
00000000
00000000
00000000
00000000
00000000
00000000
00000000
00000000
00000000
00000000
00000000
00000000
00000000
00000000
00000000
00000000
00000000
00000000
00000000
00000000
00000000
00000000
00000000
00000000
00000000
00000000
00000000
00000000
00000000
00000000
00000000
00000000
00000000
00000000
00000000
00000000
00000000
00000000
00000000
00000000
00000000
00000000
00000000
00000000
00000000
00000000
00000000
00000000
00000000
00000000
00000000
00000000
00000000
00000000
00000000
00000000
00000000
00000000
00000000
00000000
00000000
00000000
00000000
00000000
00000000
00000000
00000000
00000000
00000000
00000000
00000000
00000000
00000000
00000000
00000000
00000000
00000000
00000000
00000000
00000000
00000000
00000000
00000000
00000000
00000000
00000000
00000000
00000000
00000000
00000000
00000000
00000000
00000000
00000000
00000000
00000000
00000000
00000000
00000000
00000000
00000000
00000000
00000000
00000000
00000000
00000000
00000000
00000000
00000000
00000000
00000000
00000000
00000000
00000000
00000000
00000000
00000000
00000000
00000000
00000000
00000000
00000000
00000000
00000000
00000000
00000000
00000000
00000000
00000000
00000000
00000000
00000000
00000000
00000000
00000000
00000000
00000000
00000000
00000000
00000000
00000000
00000000
00000000
00000000
00000000
00000000
00000000
00000000
00000000
00000000
00000000
00000000
00000000
00000000
00000000
00000000
00000000
00000000
00000000
00000000
00000000
00000000
00000000
00000000
00000000
00000000
00000000
00000000
00000000
00000000
00000000
00000000
00000000
00000000
00000000
00000000
00000000
00000000
00000000
00000000
00000000
00000000
00000000
00000000
00000000
00000000
00000000
00000000
00000000
00000000
00000000
00000000
00000000
00000000
00000000
00000000
00000000
00000000
00000000
00000000
00000000
00000000
00000000
00000000
00000000
00000000
00000000
00000000
00000000
00000000
00000000
00000000
00000000
00000000
00000000
00000000
00000000
00000000
00000000
00000000
00000000
00000000
00000000
00000000
00000000
00000000
00000000
00000000
00000000
00000000
00000000
00000000
00000000
00000000
00000000
00000000
00000000
00000000
00000000
00000000
00000000
00000000
00000000
00000000
00000000
00000000
00000000
00000000
00000000
00000000
00000000
00000000
00000000
00000000
00000000
00000000
00000000
00000000
00000000
00000000
00000000
00000000
00000000
00000000
00000000
00000000
00000000
00000000
00000000
00000000
00000000
00000000
00000000
00000000
00000000
00000000
00000000
00000000
00000000
00000000
00000000
00000000
00000000
00000000
00000000
00000000
00000000
00000000
00000000
00000000
00000000
00000000
00000000
00000000
00000000
00000000
00000000
00000000
00000000
00000000
00000000
00000000
00000000
00000000
00000000
00000000
00000000
00000000
00000000
00000000
00000000
00000000
00000000
00000000
00000000
00000000
00000000
00000000
00000000
00000000
00000000
00000000
00000000
00000000
00000000
00000000
00000000
00000000
00000000
00000000
00000000
00000000
00000000
00000000
00000000
00000000
00000000
00000000
00000000
00000000
00000000
00000000
00000000
00000000
00000000
00000000
00000000
00000000
00000000
00000000
00000000
00000000
00000000
00000000
00000000
00000000
00000000
00000000
00000000
00000000
00000000
00000000
00000000
00000000
00000000
00000000
00000000
00000000
00000000
00000000
00000000
00000000
00000000
00000000
00000000
00000000
00000000
00000000
00000000
00000000
00000000
00000000
00000000
00000000
00000000
00000000
00000000
00000000
00000000
00000000
00000000
00000000
00000000
00000000
00000000
00000000
00000000
00000000
00000000
00000000
00000000
00000000
00000000
00000000
00000000
00000000
00000000
00000000
00000000
00000000
00000000
00000000
00000000
00000000
00000000
00000000
00000000
00000000
00000000
00000000
00000000
00000000
00000000
00000000
00000000
00000000
00000000
00000000
00000000
00000000
00000000
00000000
00000000
00000000
00000000
00000000
00000000
00000000
00000000
00000000
00000000
00000000
00000000
00000000
00000000
00000000
00000000
00000000
00000000
00000000
00000000
00000000
00000000
00000000
00000000
00000000
00000000
00000000
00000000
00000000
00000000
00000000
00000000
00000000
00000000
00000000
00000000
00000000
00000000
00000000
00000000
00000000
00000000
00000000
00000000
00000000
00000000
00000000
00000000
00000000
00000000
00000000
00000000
00000000
00000000
00000000
00000000
00000000
00000000
00000000
00000000
00000000
00000000
00000000
00000000
00000000
00000000
00000000
00000000
00000000
00000000
00000000
00000000
00000000
00000000
00000000
00000000
00000000
00000000
00000000
00000000
00000000
00000000
00000000
00000000
00000000
00000000
00000000
00000000
00000000
00000000
00000000
00000000
00000000
00000000
00000000
00000000
00000000
00000000
00000000
00000000
00000000
00000000
00000000
00000000
00000000
00000000
00000000
00000000
00000000
00000000
00000000
00000000
00000000
00000000
00000000
00000000
00000000
00000000
00000000
00000000
00000000
00000000
00000000
00000000
00000000
00000000
00000000
00000000
00000000
00000000
00000000
00000000
00000000
00000000
00000000
00000000
00000000
00000000
00000000
00000000
00000000
00000000
00000000
00000000
00000000
00000000
00000000
00000000
00000000
00000000
00000000
00000000
00000000
00000000
00000000
00000000
00000000
00000000
00000000
00000000
00000000
00000000
00000000
00000000
00000000
00000000
00000000
00000000
00000000
00000000
00000000
00000000
00000000
00000000
00000000
00000000
00000000
00000000
00000000
00000000
00000000
00000000
00000000
00000000
00000000
00000000
00000000
00000000
00000000
00000000
00000000
00000000
00000000
00000000
00000000
00000000
00000000
00000000
00000000
00000000
00000000
00000000
00000000
00000000
00000000
00000000
00000000
00000000
00000000
00000000
00000000
00000000
00000000
00000000
00000000
00000000
00000000
00000000
00000000
00000000
00000000
00000000
00000000
00000000
00000000
00000000
00000000
00000000
00000000
00000000
00000000
00000000
00000000
00000000
00000000
00000000
00000000
00000000
00000000
00000000
00000000
00000000
00000000
00000000
00000000
00000000
00000000
00000000
00000000
00000000
00000000
00000000
00000000
00000000
00000000
00000000
00000000
00000000
00000000
00000000
00000000
00000000
00000000
00000000
00000000
00000000
00000000
00000000
00000000
00000000
00000000
00000000
00000000
00000000
00000000
00000000
00000000
00000000
00000000
00000000
00000000
00000000
00000000
00000000
00000000
00000000
00000000
00000000
00000000
00000000
00000000
00000000
00000000
00000000
00000000
00000000
00000000
00000000
00000000
00000000
00000000
00000000
00000000
00000000
00000000
00000000
00000000
00000000
00000000
00000000
00000000
00000000
00000000
00000000
00000000
00000000
00000000
00000000
00000000
00000000
00000000
00000000
00000000
00000000
00000000
00000000
00000000
00000000
00000000
00000000
00000000
00000000
00000000
00000000
00000000
00000000
00000000
00000000
00000000
00000000
00000000
00000000
00000000
00000000
00000000
00000000
00000000
00000000
00000000
00000000
00000000
00000000
00000000
00000000
00000000
00000000
00000000
00000000
00000000
00000000
00000000
00000000
00000000
00000000
00000000
00000000
00000000
00000000
00000000
00000000
00000000
00000000
00000000
00000000
00000000
00000000
00000000
00000000
00000000
00000000
00000000
00000000
00000000
00000000
00000000
00000000
00000000
00000000
00000000
00000000
00000000
00000000
00000000
00000000
00000000
00000000
00000000
00000000
00000000
00000000
00000000
00000000
00000000
00000000
00000000
00000000
00000000
00000000
00000000
00000000
00000000
00000000
00000000
00000000
00000000
00000000
00000000
00000000
00000000
00000000
00000000
00000000
00000000
00000000
00000000
00000000
00000000
00000000
00000000
00000000
00000000
00000000
00000000
00000000
00000000
00000000
00000000
00000000
00000000
00000000
00000000
00000000
00000000
00000000
00000000
00000000
00000000
00000000
00000000
00000000
00000000
00000000
00000000
00000000
00000000
00000000
00000000
00000000
00000000
00000000
00000000
00000000
00000000
00000000
00000000
00000000
00000000
00000000
00000000
00000000
00000000
00000000
00000000
00000000
00000000
00000000
00000000
00000000
00000000
00000000
00000000
00000000
00000000
00000000
00000000
00000000
00000000
00000000
00000000
00000000
00000000
00000000
00000000
00000000
00000000
00000000
00000000
00000000
00000000
00000000
00000000
00000000
00000000
00000000
00000000
00000000
00000000
00000000
00000000
00000000
00000000
00000000
00000000
00000000
00000000
00000000
00000000
00000000
00000000
00000000
00000000
00000000
00000000
00000000
00000000
00000000
00000000
00000000
00000000
00000000
00000000
00000000
00000000
00000000
00000000
00000000
00000000
00000000
00000000
00000000
00000000
00000000
00000000
00000000
00000000
00000000
00000000
00000000
00000000
00000000
00000000
00000000
00000000
00000000
00000000
00000000
00000000
00000000
00000000
00000000
00000000
00000000
00000000
00000000
00000000
00000000
00000000
00000000
00000000
00000000
00000000
00000000
00000000
00000000
00000000
00000000
00000000
00000000
00000000
00000000
00000000
00000000
00000000
00000000
00000000
00000000
00000000
00000000
00000000
00000000
00000000
00000000
00000000
00000000
00000000
00000000
00000000
00000000
00000000
00000000
00000000
00000000
00000000
00000000
00000000
00000000
00000000
00000000
00000000
00000000
00000000
00000000
00000000
00000000
00000000
00000000
00000000
00000000
00000000
00000000
00000000
00000000
00000000
00000000
00000000
00000000
00000000
00000000
00000000
00000000
00000000
00000000
00000000
00000000
00000000
00000000
00000000
00000000
00000000
00000000
00000000
00000000
00000000
00000000
00000000
00000000
00000000
00000000
00000000
00000000
00000000
00000000
00000000
00000000
00000000
00000000
00000000
00000000
00000000
00000000
00000000
00000000
00000000
00000000
00000000
00000000
00000000
00000000
00000000
00000000
00000000
00000000
00000000
00000000
00000000
00000000
00000000
00000000
00000000
00000000
00000000
00000000
00000000
00000000
00000000
00000000
00000000
00000000
00000000
00000000
00000000
00000000
00000000
00000000
00000000
00000000
00000000
00000000
00000000
00000000
00000000
00000000
00000000
00000000
00000000
00000000
00000000
00000000
00000000
00000000
00000000
00000000
00000000
00000000
00000000
00000000
00000000
00000000
00000000
00000000
00000000
00000000
00000000
00000000
00000000
00000000
00000000
00000000
00000000
00000000
00000000
00000000
00000000
00000000
00000000
00000000
00000000
00000000
00000000
00000000
00000000
00000000
00000000
00000000
00000000
00000000
00000000
00000000
00000000
00000000
00000000
00000000
00000000
00000000
00000000
00000000
00000000
00000000
00000000
00000000
00000000
00000000
00000000
00000000
00000000
00000000
00000000
00000000
00000000
00000000
00000000
00000000
00000000
00000000
00000000
00000000
00000000
00000000
00000000
00000000
00000000
00000000
00000000
00000000
00000000
00000000
00000000
00000000
00000000
00000000
00000000
00000000
00000000
00000000
00000000
00000000
00000000
00000000
00000000
00000000
00000000
00000000
00000000
00000000
00000000
00000000
00000000
00000000
00000000
00000000
00000000
00000000
00000000
00000000
00000000
00000000
00000000
00000000
00000000
00000000
00000000
00000000
00000000
00000000
00000000
00000000
00000000
00000000
00000000
00000000
00000000
00000000
00000000
00000000
00000000
00000000
00000000
00000000
00000000
00000000
00000000
00000000
00000000
00000000
00000000
00000000
00000000
00000000
00000000
00000000
00000000
00000000
00000000
00000000
00000000
00000000
00000000
00000000
00000000
00000000
00000000
00000000
00000000
00000000
00000000
00000000
00000000
00000000
00000000
00000000
00000000
00000000
00000000
00000000
00000000
00000000
00000000
00000000
00000000
00000000
00000000
00000000
00000000
00000000
00000000
00000000
00000000
00000000
00000000
00000000
00000000
00000000
00000000
00000000
00000000
00000000
00000000
00000000
00000000
00000000
00000000
00000000
00000000
00000000
00000000
00000000
00000000
00000000
00000000
00000000
00000000
00000000
00000000
00000000
00000000
00000000
00000000
00000000
00000000
00000000
00000000
00000000
00000000
00000000
00000000
00000000
00000000
00000000
00000000
00000000
00000000
00000000
00000000
00000000
00000000
00000000
00000000
00000000
00000000
00000000
00000000
00000000
00000000
00000000
00000000
00000000
00000000
00000000
00000000
00000000
00000000
00000000
00000000
00000000
00000000
00000000
00000000
00000000
00000000
00000000
00000000
00000000
00000000
00000000
00000000
00000000
00000000
00000000
00000000
00000000
00000000
00000000
00000000
00000000
00000000
00000000
00000000
00000000
00000000
00000000
00000000
00000000
00000000
00000000
00000000
00000000
00000000
00000000
00000000
00000000
00000000
00000000
00000000
00000000
00000000
00000000
00000000
00000000
00000000
00000000
00000000
00000000
00000000
00000000
00000000
00000000
00000000
00000000
00000000
00000000
00000000
00000000
00000000
00000000
00000000
00000000
00000000
00000000
00000000
00000000
00000000
00000000
00000000
00000000
00000000
00000000
00000000
00000000
00000000
00000000
00000000
00000000
00000000
00000000
00000000
00000000
00000000
00000000
00000000
00000000
00000000
00000000
00000000
00000000
00000000
00000000
00000000
00000000
00000000
00000000
00000000
00000000
00000000
00000000
00000000
00000000
00000000
00000000
00000000
00000000
00000000
00000000
00000000
00000000
00000000
00000000
00000000
00000000
00000000
00000000
00000000
00000000
00000000
00000000
00000000
00000000
00000000
00000000
00000000
00000000
00000000
00000000
00000000
00000000
00000000
00000000
00000000
00000000
00000000
00000000
00000000
00000000
00000000
00000000
00000000
00000000
00000000
00000000
00000000
00000000
00000000
00000000
00000000
00000000
00000000
00000000
00000000
00000000
00000000
00000000
00000000
00000000
00000000
00000000
00000000
00000000
00000000
00000000
00000000
00000000
00000000
00000000
00000000
00000000
00000000
00000000
00000000
00000000
00000000
00000000
00000000
00000000
00000000
00000000
00000000
00000000
00000000
00000000
00000000
00000000
00000000
00000000
00000000
00000000
00000000
00000000
00000000
00000000
00000000
00000000
00000000
00000000
00000000
00000000
00000000
00000000
00000000
00000000
00000000
00000000
00000000
00000000
00000000
00000000
00000000
00000000
00000000
00000000
00000000
00000000
00000000
00000000
00000000
00000000
00000000
00000000
00000000
00000000
00000000
00000000
00000000
00000000
00000000
00000000
00000000
00000000
00000000
00000000
00000000
00000000
00000000
00000000
00000000
00000000
00000000
00000000
00000000
00000000
00000000
00000000
00000000
00000000
00000000
00000000
00000000
00000000
00000000
00000000
00000000
00000000
00000000
00000000
00000000
00000000
00000000
00000000
00000000
00000000
00000000
00000000
00000000
00000000
00000000
00000000
00000000
00000000
00000000
00000000
00000000
00000000
00000000
00000000
00000000
00000000
00000000
00000000
00000000
00000000
00000000
00000000
00000000
00000000
00000000
00000000
00000000
00000000
00000000
00000000
00000000
00000000
00000000
00000000
00000000
00000000
00000000
00000000
00000000
00000000
00000000
00000000
00000000
00000000
00000000
00000000
00000000
00000000
00000000
00000000
00000000
00000000
00000000
00000000
00000000
00000000
00000000
00000000
00000000
00000000
00000000
00000000
00000000
00000000
00000000
00000000
00000000
00000000
00000000
00000000
00000000
00000000
00000000
00000000
00000000
00000000
00000000
00000000
00000000
00000000
00000000
00000000
00000000
00000000
00000000
00000000
00000000
00000000
00000000
00000000
00000000
00000000
00000000
00000000
00000000
00000000
00000000
00000000
00000000
00000000
00000000
00000000
00000000
00000000
00000000
00000000
00000000
00000000
00000000
00000000
00000000
00000000
00000000
00000000
00000000
00000000
00000000
00000000
00000000
00000000
00000000
00000000
00000000
00000000
00000000
00000000
00000000
00000000
00000000
00000000
00000000
00000000
00000000
00000000
00000000
00000000
00000000
00000000
00000000
00000000
00000000
00000000
00000000
00000000
00000000
00000000
00000000
00000000
00000000
00000000
00000000
00000000
00000000
00000000
00000000
00000000
00000000
00000000
00000000
00000000
00000000
00000000
00000000
00000000
00000000
00000000
00000000
00000000
00000000
00000000
00000000
00000000
00000000
00000000
00000000
00000000
00000000
00000000
00000000
00000000
00000000
00000000
00000000
00000000
00000000
00000000
00000000
00000000
00000000
00000000
00000000
00000000
00000000
00000000
00000000
00000000
00000000
00000000
00000000
00000000
00000000
00000000
00000000
00000000
00000000
00000000
00000000
00000000
00000000
00000000
00000000
00000000
00000000
00000000
00000000
00000000
00000000
00000000
00000000
00000000
00000000
00000000
00000000
00000000
00000000
00000000
00000000
00000000
00000000
00000000
00000000
00000000
00000000
00000000
00000000
00000000
00000000
00000000
00000000
00000000
00000000
00000000
00000000
00000000
00000000
00000000
00000000
00000000
00000000
00000000
00000000
00000000
00000000
00000000
00000000
00000000
00000000
00000000
00000000
00000000
00000000
00000000
00000000
00000000
00000000
00000000
00000000
00000000
00000000
00000000
00000000
00000000
00000000
00000000
00000000
00000000
00000000
00000000
00000000
00000000
00000000
00000000
00000000
00000000
00000000
00000000
00000000
00000000
00000000
00000000
00000000
00000000
00000000
00000000
00000000
00000000
00000000
00000000
00000000
00000000
00000000
00000000
00000000
00000000
00000000
00000000
00000000
00000000
00000000
00000000
00000000
00000000
00000000
00000000
00000000
00000000
00000000
00000000
00000000
00000000
00000000
00000000
00000000
00000000
00000000
00000000
00000000
00000000
00000000
00000000
00000000
00000000
00000000
00000000
00000000
00000000
00000000
00000000
00000000
00000000
00000000
00000000
00000000
00000000
00000000
00000000
00000000
00000000
00000000
00000000
00000000
00000000
00000000
00000000
00000000
00000000
00000000
00000000
00000000
00000000
00000000
00000000
00000000
00000000
00000000
00000000
00000000
00000000
00000000
00000000
00000000
00000000
00000000
00000000
00000000
00000000
00000000
00000000
00000000
00000000
00000000
00000000
00000000
00000000
00000000
00000000
00000000
00000000
00000000
00000000
00000000
00000000
00000000
00000000
00000000
00000000
00000000
00000000
00000000
00000000
00000000
00000000
00000000
00000000
00000000
00000000
00000000
00000000
00000000
00000000
00000000
00000000
00000000
00000000
00000000
00000000
00000000
00000000
00000000
00000000
00000000
00000000
00000000
00000000
00000000
00000000
00000000
00000000
00000000
00000000
00000000
00000000
00000000
00000000
00000000
00000000
00000000
00000000
00000000
00000000
00000000
00000000
00000000
00000000
00000000
00000000
00000000
00000000
00000000
00000000
00000000
00000000
00000000
00000000
00000000
00000000
00000000
00000000
00000000
00000000
00000000
00000000
00000000
00000000
00000000
00000000
00000000
00000000
00000000
00000000
00000000
00000000
00000000
00000000
00000000
00000000
00000000
00000000
00000000
00000000
00000000
00000000
00000000
00000000
00000000
00000000
00000000
00000000
00000000
00000000
00000000
00000000
00000000
00000000
00000000
00000000
00000000
00000000
00000000
00000000
00000000
00000000
00000000
00000000
00000000
00000000
00000000
00000000
00000000
00000000
00000000
00000000
00000000
00000000
00000000
00000000
00000000
00000000
00000000
00000000
00000000
00000000
00000000
00000000
00000000
00000000
00000000
00000000
00000000
00000000
00000000
00000000
00000000
00000000
00000000
00000000
00000000
00000000
00000000
00000000
00000000
00000000
00000000
00000000
00000000
00000000
00000000
00000000
00000000
00000000
00000000
00000000
00000000
00000000
00000000
00000000
00000000
00000000
00000000
00000000
00000000
00000000
00000000
00000000
00000000
00000000
00000000
00000000
00000000
00000000
00000000
00000000
00000000
00000000
00000000
00000000
00000000
00000000
00000000
00000000
00000000
00000000
00000000
00000000
00000000
00000000
00000000
00000000
00000000
00000000
00000000
00000000
00000000
00000000
00000000
00000000
00000000
00000000
00000000
00000000
00000000
00000000
00000000
00000000
00000000
00000000
00000000
00000000
00000000
00000000
00000000
00000000
00000000
00000000
00000000
00000000
00000000
00000000
00000000
00000000
00000000
00000000
00000000
00000000
00000000
00000000
00000000
00000000
00000000
00000000
00000000
00000000
00000000
00000000
00000000
00000000
00000000
00000000
00000000
00000000
00000000
00000000
00000000
00000000
00000000
00000000
00000000
00000000
00000000
00000000
00000000
00000000
00000000
00000000
00000000
00000000
00000000
00000000
00000000
00000000
00000000
00000000
00000000
00000000
00000000
00000000
00000000
00000000
00000000
00000000
00000000
00000000
00000000
00000000
00000000
00000000
00000000
00000000
00000000
00000000
00000000
00000000
00000000
00000000
00000000
00000000
00000000
00000000
00000000
00000000
00000000
00000000
00000000
00000000
00000000
00000000
00000000
00000000
00000000
00000000
00000000
00000000
00000000
00000000
00000000
00000000
00000000
00000000
00000000
00000000
00000000
00000000
00000000
00000000
00000000
00000000
00000000
00000000
00000000
00000000
00000000
00000000
00000000
00000000
00000000
00000000
00000000
00000000
00000000
00000000
00000000
00000000
00000000
00000000
00000000
00000000
00000000
00000000
00000000
00000000
00000000
00000000
00000000
00000000
00000000
00000000
00000000
00000000
00000000
00000000
00000000
00000000
00000000
00000000
00000000
00000000
00000000
00000000
00000000
00000000
00000000
00000000
00000000
00000000
00000000
00000000
00000000
00000000
00000000
00000000
00000000
00000000
00000000
00000000
00000000
00000000
00000000
00000000
00000000
00000000
00000000
00000000
00000000
00000000
00000000
00000000
00000000
00000000
00000000
00000000
00000000
00000000
00000000
00000000
00000000
00000000
00000000
00000000
00000000
00000000
00000000
00000000
00000000
00000000
00000000
00000000
00000000
00000000
00000000
00000000
00000000
00000000
00000000
00000000
00000000
00000000
00000000
00000000
00000000
00000000
00000000
00000000
00000000
00000000
00000000
00000000
00000000
00000000
00000000
00000000
00000000
00000000
00000000
00000000
00000000
00000000
00000000
00000000
00000000
00000000
00000000
00000000
00000000
00000000
00000000
00000000
00000000
00000000
00000000
00000000
00000000
00000000
00000000
00000000
00000000
00000000
00000000
00000000
00000000
00000000
00000000
00000000
00000000
00000000
00000000
00000000
00000000
00000000
00000000
00000000
00000000
00000000
00000000
00000000
00000000
00000000
00000000
00000000
00000000
00000000
00000000
00000000
00000000
00000000
00000000
00000000
00000000
00000000
00000000
00000000
00000000
00000000
00000000
00000000
00000000
00000000
00000000
00000000
00000000
00000000
00000000
00000000
00000000
00000000
00000000
00000000
00000000
00000000
00000000
00000000
00000000
00000000
00000000
00000000
00000000
00000000
00000000
00000000
00000000
00000000
00000000
00000000
00000000
00000000
00000000
00000000
00000000
00000000
00000000
00000000
00000000
00000000
00000000
00000000
00000000
00000000
00000000
00000000
00000000
00000000
00000000
00000000
00000000
00000000
00000000
00000000
00000000
00000000
00000000
00000000
00000000
00000000
00000000
00000000
00000000
00000000
00000000
00000000
00000000
00000000
00000000
00000000
00000000
00000000
00000000
00000000
00000000
00000000
00000000
00000000
00000000
00000000
00000000
00000000
00000000
00000000
00000000
00000000
00000000
00000000
00000000
00000000
00000000
00000000
00000000
00000000
00000000
00000000
00000000
00000000
00000000
00000000
00000000
00000000
00000000
00000000
00000000
00000000
00000000
00000000
00000000
00000000
00000000
00000000
00000000
00000000
00000000
00000000
00000000
00000000
00000000
00000000
00000000
00000000
00000000
00000000
00000000
00000000
00000000
00000000
00000000
00000000
00000000
00000000
00000000
00000000
00000000
00000000
00000000
00000000
00000000
00000000
00000000
00000000
00000000
00000000
00000000
00000000
00000000
00000000
00000000
00000000
00000000
00000000
00000000
00000000
00000000
00000000
00000000
00000000
00000000
00000000
00000000
00000000
00000000
00000000
00000000
00000000
00000000
00000000
00000000
00000000
00000000
00000000
00000000
00000000
00000000
00000000
00000000
00000000
00000000
00000000
00000000
00000000
00000000
00000000
00000000
00000000
00000000
00000000
00000000
00000000
00000000
00000000
00000000
00000000
00000000
00000000
00000000
00000000
00000000
00000000
00000000
00000000
00000000
00000000
00000000
00000000
00000000
00000000
00000000
00000000
00000000
00000000
00000000
00000000
00000000
00000000
00000000
00000000
00000000
00000000
00000000
00000000
00000000
00000000
00000000
00000000
00000000
00000000
00000000
00000000
00000000
00000000
00000000
00000000
00000000
00000000
00000000
00000000
00000000
00000000
00000000
00000000
00000000
00000000
00000000
00000000
00000000
00000000
00000000
00000000
00000000
00000000
00000000
00000000
00000000
00000000
00000000
00000000
00000000
00000000
00000000
00000000
00000000
00000000
00000000
00000000
00000000
00000000
00000000
00000000
00000000
00000000
00000000
00000000
00000000
00000000
00000000
00000000
00000000
00000000
00000000
00000000
00000000
00000000
00000000
00000000
00000000
00000000
00000000
00000000
00000000
00000000
00000000
00000000
00000000
00000000
00000000
00000000
00000000
00000000
00000000
00000000
00000000
00000000
00000000
00000000
00000000
00000000
00000000
00000000
00000000
00000000
00000000
00000000
00000000
00000000
00000000
00000000
00000000
00000000
00000000
00000000
00000000
00000000
00000000
00000000
00000000
00000000
00000000
00000000
00000000
00000000
00000000
00000000
00000000
00000000
00000000
00000000
00000000
00000000
00000000
00000000
00000000
00000000
00000000
00000000
00000000
00000000
00000000
00000000
00000000
00000000
00000000
00000000
00000000
00000000
00000000
00000000
00000000
00000000
00000000
00000000
00000000
00000000
00000000
00000000
00000000
00000000
00000000
00000000
00000000
00000000
00000000
00000000
00000000
00000000
00000000
00000000
00000000
00000000
00000000
00000000
00000000
00000000
00000000
00000000
00000000
00000000
00000000
00000000
00000000
00000000
00000000
00000000
00000000
00000000
00000000
00000000
00000000
00000000
00000000
00000000
00000000
00000000
00000000
00000000
00000000
00000000
00000000
00000000
00000000
00000000
00000000
00000000
00000000
00000000
00000000
00000000
00000000
00000000
00000000
00000000
00000000
00000000
00000000
00000000
00000000
00000000
00000000
00000000
00000000
00000000
00000000
00000000
00000000
00000000
00000000
00000000
00000000
00000000
00000000
00000000
00000000
00000000
00000000
00000000
00000000
00000000
00000000
00000000
00000000
00000000
00000000
00000000
00000000
00000000
00000000
00000000
00000000
00000000
00000000
00000000
00000000
00000000
00000000
00000000
00000000
00000000
00000000
00000000
00000000
00000000
00000000
00000000
00000000
00000000
00000000
00000000
00000000
00000000
00000000
00000000
00000000
00000000
00000000
00000000
00000000
00000000
00000000
00000000
00000000
00000000
00000000
00000000
00000000
00000000
00000000
00000000
00000000
00000000
00000000
00000000
00000000
00000000
00000000
00000000
00000000
00000000
00000000
00000000
00000000
00000000
00000000
00000000
00000000
00000000
00000000
00000000
00000000
00000000
00000000
00000000
00000000
00000000
00000000
00000000
00000000
00000000
00000000
00000000
00000000
00000000
00000000
00000000
00000000
00000000
00000000
00000000
00000000
00000000
00000000
00000000
00000000
00000000
00000000
00000000
00000000
00000000
00000000
00000000
00000000
00000000
00000000
00000000
00000000
00000000
00000000
00000000
00000000
00000000
00000000
00000000
00000000
00000000
00000000
00000000
00000000
00000000
00000000
00000000
00000000
00000000
00000000
00000000
00000000
00000000
00000000
00000000
00000000
00000000
00000000
00000000
00000000
00000000
00000000
00000000
00000000
00000000
00000000
00000000
00000000
00000000
00000000
00000000
00000000
00000000
00000000
00000000
00000000
00000000
00000000
00000000
00000000
00000000
00000000
00000000
00000000
00000000
00000000
00000000
00000000
00000000
00000000
00000000
00000000
00000000
00000000
00000000
00000000
00000000
00000000
00000000
00000000
00000000
00000000
00000000
00000000
00000000
00000000
00000000
00000000
00000000
00000000
00000000
00000000
00000000
00000000
00000000
00000000
00000000
00000000
00000000
00000000
00000000
00000000
00000000
00000000
00000000
00000000
00000000
00000000
00000000
00000000
00000000
00000000
00000000
00000000
00000000
00000000
00000000
00000000
00000000
00000000
00000000
00000000
00000000
00000000
00000000
00000000
00000000
00000000
00000000
00000000
00000000
00000000
00000000
00000000
00000000
00000000
00000000
00000000
00000000
00000000
00000000
00000000
00000000
00000000
00000000
00000000
00000000
00000000
00000000
00000000
00000000
00000000
00000000
00000000
00000000
00000000
00000000
00000000
00000000
00000000
00000000
00000000
00000000
00000000
00000000
00000000
00000000
00000000
00000000
00000000
00000000
00000000
00000000
00000000
00000000
00000000
00000000
00000000
00000000
00000000
00000000
00000000
00000000
00000000
00000000
00000000
00000000
00000000
00000000
00000000
00000000
00000000
00000000
00000000
00000000
00000000
00000000
00000000
00000000
00000000
00000000
00000000
00000000
00000000
00000000
00000000
00000000
00000000
00000000
00000000
00000000
00000000
00000000
00000000
00000000
00000000
00000000
00000000
00000000
00000000
00000000
00000000
00000000
00000000
00000000
00000000
00000000
00000000
00000000
00000000
00000000
00000000
00000000
00000000
00000000
00000000
00000000
00000000
00000000
00000000
00000000
00000000
00000000
00000000
00000000
00000000
00000000
00000000
00000000
00000000
00000000
00000000
00000000
00000000
00000000
00000000
00000000
00000000
00000000
00000000
00000000
00000000
00000000
00000000
00000000
00000000
00000000
00000000
00000000
00000000
00000000
00000000
00000000
00000000
00000000
00000000
00000000
00000000
00000000
00000000
00000000
00000000
00000000
00000000
00000000
00000000
00000000
00000000
00000000
00000000
00000000
00000000
00000000
00000000
00000000
00000000
00000000
00000000
00000000
00000000
00000000
00000000
00000000
00000000
00000000
00000000
00000000
00000000
00000000
00000000
00000000
00000000
00000000
00000000
00000000
00000000
00000000
00000000
00000000
00000000
00000000
00000000
00000000
00000000
00000000
00000000
00000000
00000000
00000000
00000000
00000000
00000000
00000000
00000000
00000000
00000000
00000000
00000000
00000000
00000000
00000000
00000000
00000000
00000000
00000000
00000000
00000000
00000000
00000000
00000000
00000000
00000000
00000000
00000000
00000000
00000000
00000000
00000000
00000000
00000000
00000000
00000000
00000000
00000000
00000000
00000000
00000000
00000000
00000000
00000000
00000000
00000000
00000000
00000000
00000000
00000000
00000000
00000000
00000000
00000000
00000000
00000000
00000000
00000000
00000000
00000000
00000000
00000000
00000000
00000000
00000000
00000000
00000000
00000000
00000000
00000000
00000000
00000000
00000000
00000000
00000000
00000000
00000000
00000000
00000000
00000000
00000000
00000000
00000000
00000000
00000000
00000000
00000000
00000000
00000000
00000000
00000000
00000000
00000000
00000000
00000000
00000000
00000000
00000000
00000000
00000000
00000000
00000000
00000000
00000000
00000000
00000000
00000000
00000000
00000000
00000000
00000000
00000000
00000000
00000000
00000000
00000000
00000000
00000000
00000000
00000000
00000000
00000000
00000000
00000000
00000000
00000000
00000000
00000000
00000000
00000000
00000000
00000000
00000000
00000000
00000000
00000000
00000000
00000000
00000000
00000000
00000000
00000000
00000000
00000000
00000000
00000000
00000000
00000000
00000000
00000000
00000000
00000000
00000000
00000000
00000000
00000000
00000000
00000000
00000000
00000000
00000000
00000000
00000000
00000000
00000000
00000000
00000000
00000000
00000000
00000000
00000000
00000000
00000000
00000000
00000000
00000000
00000000
00000000
00000000
00000000
00000000
00000000
00000000
00000000
00000000
00000000
00000000
00000000
00000000
00000000
00000000
00000000
00000000
00000000
00000000
00000000
00000000
00000000
00000000
00000000
00000000
00000000
00000000
00000000
00000000
00000000
00000000
00000000
00000000
00000000
00000000
00000000
00000000
00000000
00000000
00000000
00000000
00000000
00000000
00000000
00000000
00000000
00000000
00000000
00000000
00000000
00000000
00000000
00000000
00000000
00000000
00000000
00000000
00000000
00000000
00000000
00000000
00000000
00000000
00000000
00000000
00000000
00000000
00000000
00000000
00000000
00000000
00000000
00000000
00000000
00000000
00000000
00000000
00000000
00000000
00000000
00000000
00000000
00000000
00000000
00000000
00000000
00000000
00000000
00000000
00000000
00000000
00000000
00000000
00000000
00000000
00000000
00000000
00000000
00000000
00000000
00000000
00000000
00000000
00000000
00000000
00000000
00000000
00000000
00000000
00000000
00000000
00000000
00000000
00000000
00000000
00000000
00000000
00000000
00000000
00000000
00000000
00000000
00000000
00000000
00000000
00000000
00000000
00000000
00000000
00000000
00000000
00000000
00000000
00000000
00000000
00000000
00000000
00000000
00000000
00000000
00000000
00000000
00000000
00000000
00000000
00000000
00000000
00000000
00000000
00000000
00000000
00000000
00000000
00000000
00000000
00000000
00000000
00000000
00000000
00000000
00000000
00000000
00000000
00000000
00000000
00000000
00000000
00000000
00000000
00000000
00000000
00000000
00000000
00000000
00000000
00000000
00000000
00000000
00000000
00000000
00000000
00000000
00000000
00000000
00000000
00000000
00000000
00000000
00000000
00000000
00000000
00000000
00000000
00000000
00000000
00000000
00000000
00000000
00000000
00000000
00000000
00000000
00000000
00000000
00000000
00000000
00000000
00000000
00000000
00000000
00000000
00000000
00000000
00000000
00000000
00000000
00000000
00000000
00000000
00000000
00000000
00000000
00000000
00000000
00000000
00000000
00000000
00000000
00000000
00000000
00000000
00000000
00000000
00000000
00000000
00000000
00000000
00000000
00000000
00000000
00000000
00000000
00000000
00000000
00000000
00000000
00000000
00000000
00000000
00000000
00000000
00000000
00000000
00000000
00000000
00000000
00000000
00000000
00000000
00000000
00000000
00000000
00000000
00000000
00000000
00000000
00000000
00000000
00000000
00000000
00000000
00000000
00000000
00000000
00000000
00000000
00000000
00000000
00000000
00000000
00000000
00000000
00000000
00000000
00000000
00000000
00000000
00000000
00000000
00000000
00000000
00000000
00000000
00000000
00000000
00000000
00000000
00000000
00000000
00000000
00000000
00000000
00000000
00000000
00000000
00000000
00000000
00000000
00000000
00000000
00000000
00000000
00000000
00000000
00000000
00000000
00000000
00000000
00000000
00000000
00000000
00000000
00000000
00000000
00000000
00000000
00000000
00000000
00000000
00000000
00000000
00000000
00000000
00000000
00000000
00000000
00000000
00000000
00000000
00000000
00000000
00000000
00000000
00000000
00000000
00000000
00000000
00000000
00000000
00000000
00000000
00000000
00000000
00000000
00000000
00000000
00000000
00000000
00000000
00000000
00000000
00000000
00000000
00000000
00000000
00000000
00000000
00000000
00000000
00000000
00000000
00000000
00000000
00000000
00000000
00000000
00000000
00000000
00000000
00000000
00000000
00000000
00000000
00000000
00000000
00000000
00000000
00000000
00000000
00000000
00000000
00000000
00000000
00000000
00000000
00000000
00000000
00000000
00000000
00000000
00000000
00000000
00000000
00000000
00000000
00000000
00000000
00000000
00000000
00000000
00000000
00000000
00000000
00000000
00000000
00000000
00000000
00000000
00000000
00000000
00000000
00000000
00000000
00000000
00000000
00000000
00000000
00000000
00000000
00000000
00000000
00000000
00000000
00000000
00000000
00000000
00000000
00000000
00000000
00000000
00000000
00000000
00000000
00000000
00000000
00000000
00000000
00000000
00000000
00000000
00000000
00000000
00000000
00000000
00000000
00000000
00000000
00000000
00000000
00000000
00000000
00000000
00000000
00000000
00000000
00000000
00000000
00000000
00000000
00000000
00000000
00000000
00000000
00000000
00000000
00000000
00000000
00000000
00000000
00000000
00000000
00000000
00000000
00000000
00000000
00000000
00000000
00000000
00000000
00000000
00000000
00000000
00000000
00000000
00000000
00000000
00000000
00000000
00000000
00000000
00000000
00000000
00000000
00000000
00000000
00000000
00000000
00000000
00000000
00000000
00000000
00000000
00000000
00000000
00000000
00000000
00000000
00000000
00000000
00000000
00000000
00000000
00000000
00000000
00000000
00000000
00000000
00000000
00000000
00000000
00000000
00000000
00000000
00000000
00000000
00000000
00000000
00000000
00000000
00000000
00000000
00000000
00000000
00000000
00000000
00000000
00000000
00000000
00000000
00000000
00000000
00000000
00000000
00000000
00000000
00000000
00000000
00000000
00000000
00000000
00000000
00000000
00000000
00000000
00000000
00000000
00000000
00000000
00000000
00000000
00000000
00000000
00000000
00000000
00000000
00000000
00000000
00000000
00000000
00000000
00000000
00000000
00000000
00000000
00000000
00000000
00000000
00000000
00000000
00000000
00000000
00000000
00000000
00000000
00000000
00000000
00000000
00000000
00000000
00000000
00000000
00000000
00000000
00000000
00000000
00000000
00000000
00000000
00000000
00000000
00000000
00000000
00000000
00000000
00000000
00000000
00000000
00000000
00000000
00000000
00000000
00000000
00000000
00000000
00000000
00000000
00000000
00000000
00000000
00000000
00000000
00000000
00000000
00000000
00000000
00000000
00000000
00000000
00000000
00000000
00000000
00000000
00000000
00000000
00000000
00000000
00000000
00000000
00000000
00000000
00000000
00000000
00000000
00000000
00000000
00000000
00000000
00000000
00000000
00000000
00000000
00000000
00000000
00000000
00000000
00000000
00000000
00000000
00000000
00000000
00000000
00000000
00000000
00000000
00000000
00000000
00000000
00000000
00000000
00000000
00000000
00000000
00000000
00000000
00000000
00000000
00000000
00000000
00000000
00000000
00000000
00000000
00000000
00000000
00000000
00000000
00000000
00000000
00000000
00000000
00000000
00000000
00000000
00000000
00000000
00000000
00000000
00000000
00000000
00000000
00000000
00000000
00000000
00000000
00000000
00000000
00000000
00000000
00000000
00000000
00000000
00000000
00000000
00000000
00000000
00000000
00000000
00000000
00000000
00000000
00000000
00000000
00000000
00000000
00000000
00000000
00000000
00000000
00000000
00000000
00000000
00000000
00000000
00000000
00000000
00000000
00000000
00000000
00000000
00000000
00000000
00000000
00000000
00000000
00000000
00000000
00000000
00000000
00000000
00000000
00000000
00000000
00000000
00000000
00000000
00000000
00000000
00000000
00000000
00000000
00000000
00000000
00000000
00000000
00000000
00000000
00000000
00000000
00000000
00000000
00000000
00000000
00000000
00000000
00000000
00000000
00000000
00000000
00000000
00000000
00000000
00000000
00000000
00000000
00000000
00000000
00000000
00000000
00000000
00000000
00000000
00000000
00000000
00000000
00000000
00000000
00000000
00000000
00000000
00000000
00000000
00000000
00000000
00000000
00000000
00000000
00000000
00000000
00000000
00000000
00000000
00000000
00000000
00000000
00000000
00000000
00000000
00000000
00000000
00000000
00000000
00000000
00000000
00000000
00000000
00000000
00000000
00000000
00000000
00000000
00000000
00000000
00000000
00000000
00000000
00000000
00000000
00000000
00000000
00000000
00000000
00000000
00000000
00000000
00000000
00000000
00000000
00000000
00000000
00000000
00000000
00000000
00000000
00000000
00000000
00000000
00000000
00000000
00000000
00000000
00000000
00000000
00000000
00000000
00000000
00000000
00000000
