sample,i,q
0,0.00086041898150285203,9.2032944667999765e-05
1,0.018542277146786933,-0.026782979505580225
2,-0.028705735758558712,-0.029429255377704248
3,-0.0044683325220943194,-0.0065377066410229568
4,-0.005904247303505538,-7.7390438038313944e-05
5,0.0038293891727014403,0.0056272359375749191
6,-0.0071758528765453458,-0.0015849732790943986
7,0.00043527754427082424,0.0097276139581127952
8,-0.0029204175673947044,0.018780168370926976
9,-0.009963793083815984,0.010453087121213381
10,-0.0035610633578525988,0.014506342012980568
11,-0.017691586132395552,0.0086080041149844359
12,0.023781514731602782,0.0043203604811462666
13,0.017740667763741141,0.0075121417587918028
14,0.008607888099870056,-0.0086175882074313072
15,-0.013386627951677719,0.012677834782553564
16,-0.00042220642920380922,-0.012051793479661021
17,0.009153808071175178,-0.018809681699174591
18,0.0091367172207624525,0.0070161577808020561
19,-0.01653965287697072,0.027250314562409412
20,0.01157283437520734,0.015098875164589244
21,0.023164358234365554,-0.0044579023488882348
22,-0.010408939057756779,0.0056784525463620663
23,-0.01255794887544073,-0.0028498511141239226
24,-0.016611979717107764,0.022752414722607372
25,-0.00859787270324976,0.021622190774239564
26,-0.0050992403557715994,0.0026640751055881646
27,-0.016235803016255723,0.0014078153293345932
28,-0.0078187707324674591,-0.011320189332695444
29,-0.012512719457527648,0.0001689306982526869
30,0.0049235920449071172,-0.018064001027001297
31,-0.018275075299957148,-0.0079264630485398925
32,-0.0067281526235290273,-0.00053600913723127034
33,-0.033525135689484835,-0.041545955997900834
34,0.011581625791358657,-0.0029360522993064609
35,-0.028855815319204284,-0.021042110315843746
36,-0.025253313365380625,0.013614820190664066
37,-0.099427503927013716,0.10580725060556538
38,-0.10215067358503226,0.026423051113320571
39,0.14199098853149203,-0.13553516042710509
40,0.12199321638043356,-0.034901905418795426
41,-0.19884732838115934,0.017357477657275695
42,-0.17694666550263585,-0.2965489325492302
43,-0.27011565285794292,-0.043256896062722185
44,-0.066904148880902084,0.066027834253312587
45,0.28217310589889782,-0.23865237865254968
46,-0.066774443295851416,0.038235180123544849
47,-0.044869613701606754,0.30595820006602026
48,0.24803225341711876,0.25624276988196926
49,-0.060955594759837459,0.17731526823275678
50,0.043187100878679489,-0.13202598102757079
51,0.15461017012233375,-0.10642516448909355
52,-0.052095784637276113,0.089890392664604746
53,-0.13013500416944046,0.033057467230654142
54,-0.11820963032606496,-0.076187230810766809
55,0.18466609932872918,0.021991551064643674
56,0.09645703597623867,0.086400504503751294
57,-0.13114043078869439,-0.094655187414635605
58,0.12236445230081122,-0.31345521516865205
59,-0.14732690693729783,-0.24500594470142628
60,-0.069972494778149111,-0.021747437051011367
61,0.37937275603864995,0.090575052714664664
62,-0.090787943961039799,-0.01261307039458329
63,-0.20358115141983676,0.14879464328409556
64,-0.008938545937622798,0.351920333962359
65,-0.15681360617260998,0.05109559659945942
66,0.12359042163728688,-0.057977728945824612
67,0.18773673774525237,0.1012153347038203
68,-0.10923065393977527,0.0084676270451470546
69,-0.13268120044519582,-0.052521087069072027
70,0.0063297160439498221,-0.1082568407454487
71,0.11492459069538272,0.15529164691238811
72,-0.036208255393309727,0.1169017575662705
73,0.015636618510079626,-0.19312992244715793
74,0.32144296484755525,-0.14341285501065337
75,0.069776149915763586,-0.25318831513942058
76,-0.014908902485567043,-0.10055783145362841
77,0.16900754185309469,0.35084086519175661
78,-0.019691399430312239,-0.10336938744695477
79,-0.27405304619067838,-0.10994228329167041
80,-0.30051065446199099,0.18281903905831715
81,-0.16208950809299233,-0.090883731800208492
82,0.10981905022174869,0.080900998550568051
83,0.068136740883467509,0.16296924975288571
84,-0.10596788031085819,-0.078027028667542811
85,0.0065308078849479608,-0.12765891408225408
86,0.070053263880737404,-0.10884836314197821
87,-0.085608414935194832,0.17119053989969304
88,-0.10021341715481859,0.05630301578442768
89,0.1903147722150545,-0.086688950935797496
90,0.2700265121874007,0.16232219891071659
91,0.27355841454538832,-0.11911685456297706
92,0.02402135792181094,-0.090436337074471088
93,-0.15543547243096076,0.37123998822536575
94,0.0021522693249980303,-0.097099278839301223
95,-0.10552246667769334,-0.28202225496028732
96,-0.31799857151522609,-0.10787017650053327
97,-0.046435783830155369,-0.17801733892729327
98,0.00027317030470997219,0.13867558508938893
99,-0.10552980660466876,0.13867497562331971
100,-0.017510841980544353,-0.12818572353720883
101,0.08162873645936794,-0.083956637926649633
102,0.16500646120862791,-0.0017182650746542447
103,-0.16734178848733494,0.073841797835805287
104,-0.13635219723222797,-0.066422175343959791
105,0.14450247205278291,0.055193131358522399
106,0.064268099548094565,0.34230662800989803
107,0.23493799715239522,0.12820267817828668
108,0.097213998748060901,-0.014652571897935483
109,-0.37004042144594435,0.097194257176910506
110,0.076478598998216837,-0.0073802557626369281
111,0.13484798917751104,-0.23490408025333426
112,-0.14115115358444721,-0.32648389015855966
113,0.092287267188024547,-0.15795868484532333
114,-0.10130166019566375,0.094771729327330398
115,-0.20503327261807594,0.037508744515436745
116,0.12448227602367481,-0.11106924188200873
117,0.13959372331810888,0.0060635422339791432
118,0.076603398511613241,0.1079958272620104
119,-0.15299196214437338,-0.077604486728977878
120,-0.050294000772177237,-0.11296833454183444
121,0.042531123853408341,0.1656921181281886
122,-0.22120937727931156,0.25011993188662057
123,0.056562588282331329,0.2663914561539325
124,0.085329721667629616,0.042520433047036767
125,-0.33134645205376301,-0.22457068117745496
126,0.050709508282644519,0.059056826561615115
127,0.28703759468971157,-0.033799379403733266
128,0.1845322474266767,-0.33153440405566559
129,0.18561203610138374,0.017618695189105325
130,-0.12501247036715649,0.006921238762512499
131,-0.13204262158287658,-0.13206728868771711
132,0.092253691014257178,0.042990009547028536
133,0.047047953049690817,0.099116381528770503
134,-0.016523995026000441,0.13518704833365508
135,-0.02412856537322032,-0.17165764233579406
136,0.062093675738749791,-0.087985286919916833
137,-0.066116429351435385,0.14188936484193662
138,-0.33494498024452773,-0.012133589394410955
139,-0.20797332472301,0.2006399189123747
140,-0.00029001024125125519,0.089340888203510604
141,-0.010172379012856003,-0.39054317564156421
142,-0.010165944585440021,0.1025460171008178
143,0.18067640256275924,0.1953642144602275
144,0.36874004522755871,-0.059430451007319085
145,0.093668161875613845,0.13808389762099077
146,-0.068180508606474663,-0.13304110145428352
147,0.023703829939792642,-0.16146829057386744
148,0.03540273294908966,0.10763961775976096
149,-0.031212478616006033,0.1038220616352922
150,-0.088066137456368696,0.059458332106487592
151,0.12365165327764251,-0.15507521396515925
152,0.15817404678589136,-0.036970115946156283
153,-0.1798239067831858,0.044284034004366299
154,-0.20675540592633668,-0.29859027046606224
155,-0.29415619786107799,-0.0071287525907651203
156,-0.060336863338956326,0.077014097585762178
157,0.264561251873346,-0.24317220056808123
158,-0.071123154815842138,0.045510579209928223
159,-0.040346194482559015,0.29990073334193484
160,0.26364330898233906,0.2150886090822646
161,-0.054958057299764232,0.1883072148147783
162,0.042418034416668242,-0.1193427866697742
163,0.15894036734452216,-0.12463748359380115
164,-0.054461309706335531,0.12304101301149466
165,-0.091028083269979243,0.048344429392569832
166,-0.11024328365960301,-0.073096340623263201
167,0.14736503957863475,0.011211985530956989
168,0.10614609733151195,0.075110185983141953
169,-0.12237633075445953,-0.10284974380388875
170,0.085179215486560433,-0.35544534122674776
171,-0.16846025820560748,-0.23755646261271837
172,-0.089212910607938012,-0.024164297572219794
173,0.40432139244015142,0.037929253751046096
174,-0.080186518723929068,-0.00025090566946713022
175,-0.19741679074452109,0.16787734607397234
176,-0.027282927225293439,0.35227515660135311
177,-0.1817031150475773,0.063867199135445835
178,0.10674822291048461,-0.077027509928325827
179,0.17315880839968845,0.058124966550689453
180,-0.10893673711787652,0.054202311976457848
181,-0.11340803869382612,-0.084438130154676355
182,0.0037809247139265895,-0.13750654116875405
183,0.12600511159552913,0.12481235448528077
184,0.0053557194115622549,0.13822713912060899
185,-0.01760350335072108,-0.1730753988231834
186,0.30456339609363964,-0.14103225982530268
187,0.058600821260875548,-0.2642123792551247
188,-0.067664627928632995,-0.074206940429280485
189,0.20410383547585115,0.2975252544630424
190,-0.058978654693324688,-0.088922335478426831
191,-0.27063887258127428,-0.074399516069004204
192,-0.28160219328734215,0.21698199934573864
193,-0.1429807657572853,-0.076534645212711971
194,0.12049169368516473,0.031720947650161618
195,0.059579545195937118,0.14517484145067616
196,-0.094797579584736821,-0.051599019449356839
197,0.098290797932229473,0.21306652396317455
198,0.084370139194116123,0.20948647697579476
199,0.15088926221154786,0.2064112860237905
200,0.15244570553077191,0.13826843622114535
201,0.24100722305548383,0.04705001783972669
202,0.2185020546127501,-0.081324477210714077
203,0.03562090948073468,-0.2327648608567317
204,-0.073784079595481764,-0.13916278139929403
205,-0.21227123013500449,0.017046260394590791
206,0.0051053375894004327,0.19499892482902734
207,0.23036674474215232,0.1252191071787199
208,0.03872064564093828,-0.28952709036282298
209,-0.18643386936433629,0.10385767783040055
210,0.017280338538424211,0.21444245685305902
211,0.1846268240207477,-0.16922720847329561
212,-0.12012477038137589,0.098318027887773038
213,-0.059942648484046387,0.022285132806292168
214,0.18143890071130961,-0.077934830197788213
215,-0.16274171095892323,0.16873956781153501
216,-0.056190657538952783,-0.1511397192465265
217,0.24611230494433223,-0.0340693872816515
218,-0.11902484138723934,0.27542114774478499
219,-0.19418299402143679,-0.13156395495692494
220,0.10068532985767395,-0.20006836828551311
221,0.16368723119717574,0.12030191215413184
222,-0.0043206070182978361,0.2009886965397511
223,-0.1800646064467703,0.14184495355323495
224,-0.20883355371154277,-0.082849693307455619
225,-0.12397924460079023,-0.18181155698194654
226,1.8698070566479028e-05,-0.20379707960325105
227,0.10215285489562588,-0.18312779591666181
228,0.13584098001670633,-0.17844625810126677
229,0.17652182722535451,-0.1090557034687813
230,0.15070471799117702,-0.12454943542757881
231,0.15266340708196427,-0.15332497636963527
232,0.094266305208795489,-0.22741945884188619
233,-0.00092142506209557523,-0.21157614826481697
234,-0.14438702000776923,-0.17951286830657259
235,-0.27413041248915232,-0.013313911221063124
236,-0.15407006111304297,0.15635915535475373
237,0.034450215092646341,0.18694149815221159
238,0.19992517671263946,-0.0069567684047752987
239,0.036641781636165792,-0.24298489268736292
240,-0.28929479810600428,-0.030884013137671373
241,0.085051210231839397,0.23590432331662564
242,0.14077838397859121,-0.063786667977205974
243,-0.17866280429760617,-0.15268341123470985
244,0.033672471031068518,0.1837581769240893
245,-0.026912632948127988,-0.06009088148850493
246,-0.062512926417314624,-0.15317386313281228
247,0.09522840380795633,0.19296705591061364
248,-0.19887690998910559,-0.10273015798455903
249,0.048355117234277739,-0.18902769532941471
250,0.19351316078216801,0.21449657717234713
251,-0.30720653371865736,0.054055978599869124
252,-0.095292352671063577,-0.20822823956203532
253,0.17396073290673608,-0.16702141086767947
254,0.14222589617395365,0.06907983034125359
255,0.03143632635418897,0.24993981002296317
256,-0.20952647358479709,0.12828073090478562
257,-0.21084832081037536,-0.037082361235592859
258,-0.14842408644587299,-0.15736043120928131
259,-0.11520443237364063,-0.24031318968041965
260,-0.0074749205359884181,-0.19695341268970043
261,-0.020419787040561303,-0.24223626125332112
262,-0.018791205507166231,-0.26121038234700106
263,-0.037045256908273497,-0.20995533549401896
264,-0.13361475835992126,-0.19914119840698091
265,-0.20640027946101694,-0.10882972726914933
266,-0.25328154552883764,0.050561232261649575
267,-0.14450842491675719,0.16812346943014145
268,0.08786807117734613,0.20517320781259771
269,0.17791232017103253,0.017808575870086552
270,0.15204908482392049,-0.20370056601129496
271,-0.18750776230046515,-0.12395478300323234
272,-0.17945564604546277,0.1878674119638801
273,0.25891052145464788,0.052832617102433976
274,-0.012866127531887716,-0.17638802095902478
275,-0.18026063585512017,-0.0072392371820779577
276,0.15694360150415862,0.12597434189612899
277,-0.061845771933974433,-0.10464053807173587
278,-0.034717526555610875,-0.082888416764718018
279,0.18345865654349372,0.13391509698868218
280,-0.22655842852735647,-0.025328132864676958
281,0.080076066716693456,-0.17079294152572091
282,0.23774642882067321,0.11545967731347109
283,-0.25561855762807423,0.12375483801055837
284,-0.075370853074065894,-0.18138916632748334
285,0.159908364622807,-0.17379861739197644
286,0.15658761429187434,0.053423778329850617
287,0.1099861054457974,0.19593938427593682
288,-0.16807329665390591,0.13633630220531792
289,-0.15530753844834866,0.027615859704643936
290,-0.14445098915558829,-0.12003601355120246
291,-0.17619661779671567,-0.1832788412143504
292,0.022525096556084447,-0.19650647926758091
293,-0.095835895586126096,-0.227115004718424
294,-0.001063672811547893,-0.23243734288628201
295,-0.044175438420574316,-0.20449434095382754
296,-0.19698242050554579,-0.18856126668950268
297,-0.14853799194405423,-0.094593144579789346
298,-0.23961576887042949,0.058898922660407832
299,-0.091034514460013802,0.20430171351336018
300,0.17271126347564822,0.20121024858398853
301,0.17617647408862785,-0.0014869232804140468
302,0.11348530839873158,-0.22953780443635088
303,-0.2290819520606642,-0.074768817867406981
304,-0.12029407652083937,0.19603279249364466
305,0.27066969927359585,0.072752420799314696
306,-0.057684357179660938,-0.18140434149216972
307,-0.10930268275099229,0.063429363462974536
308,0.17421565226094718,0.13301210802826599
309,-0.14761527645307157,-0.16990184941431613
310,0.047208395596324587,-0.0036500210334684154
311,0.10440201816076532,0.17185613154505314
312,-0.20903113424274833,-0.11675036323210944
313,0.20050093479055309,-0.068702299167216291
314,0.096891053118033574,0.21485181855149951
315,-0.30869129425433928,0.020423995756083241
316,0.050683921659470395,-0.19795809434999395
317,0.22289392243644379,-0.055547260971499889
318,0.10878395465683241,0.19991258662033659
319,-0.028602730767549024,0.18407672538117148
320,-0.25179701272922295,0.088344397039069919
321,-0.16953198560017524,-0.10398427526924156
322,-0.10066699864061408,-0.16784957190284944
323,-0.036658297020852375,-0.19509548502239654
324,0.087092282438510457,-0.21055344667143483
325,0.02422848268948358,-0.21218170765833722
326,0.13175165204386952,-0.19439139432990507
327,0.035200497068160377,-0.2033423653193486
328,-0.098636438047684197,-0.1906925504662538
329,-0.092090656898431739,-0.11682558861813044
330,-0.27294285068718371,-0.053593930022001135
331,-0.20185431692061184,0.11665008962819795
332,0.012381108875882358,0.25334888275128692
333,0.11244450848892125,0.10937750010447826
334,0.24285224729105795,-0.12324544442991624
335,-0.15111838980909123,-0.19480644912232795
336,-0.18072949259693333,0.1375247257076056
337,0.17404021005572679,0.20692110812037889
338,0.0062456466046486234,-0.22335011225004897
339,-0.10890890964021625,0.062970402918883506
340,-9.080959162373033e-05,0.19855172398707377
341,0.011238343003301612,-0.18936030959974695
342,0.0071925917367736524,0.13528360088584943
343,-0.13934028723633163,0.11444269782441067
344,0.042077592565601965,-0.27647243854742898
345,0.10536466286608762,0.20177951869382821
346,-0.22442084217840241,0.096961125633742956
347,-0.054445825479914001,-0.29073971275281707
348,0.21915447870635335,-0.008206942370695032
349,0.064935496518261401,0.16227493641294669
350,-0.18369055148292709,0.14884238347443896
351,-0.22169251138986887,-0.011752429582839079
352,-0.083555914260438749,-0.22313796924291562
353,0.035934926239119577,-0.16917505936958172
354,0.14582665207451523,-0.14289821979701647
355,0.21882973011054585,-0.044670209857511155
356,0.18525537850711529,0.043871225983066621
357,0.2233714181152591,0.025903944326897032
358,0.20604068217033814,0.042423962692366993
359,0.20019205276064322,-0.016997449242355182
360,0.20003960997823358,-0.1008137790571991
361,0.099282027003122483,-0.14067490549237566
362,0.028930000911416648,-0.223775666829443
363,-0.14528068595518775,-0.12994543272625123
364,-0.24392735721388781,0.00035211916428004846
365,-0.073994268139305874,0.17861601722729406
366,0.11660747000440672,0.15941727610531822
367,0.17825293647575782,-0.22074132142091182
368,-0.15625161533499041,-0.15271626312257361
369,-0.1692282640648991,0.15138925161132361
370,0.25686571603826247,0.01070243434731866
371,-0.067518793007318612,-0.13006965280749572
372,-0.13093451161598199,0.01029769377777218
373,0.2156625981776544,0.050154196983021634
374,-0.18507632768240628,-0.063465002321598019
375,0.00097840755244901073,-0.10057188520251052
376,0.18852186975607285,0.12521866825976552
377,-0.29850574670626473,0.01677707559523121
378,0.058221300978497557,-0.22676219747410128
379,0.28365215363408414,0.01334142441632747
380,-0.14776477021557743,0.20295912412487477
381,-0.14857103867380328,-0.045568586293177497
382,-0.092626871262474514,-0.26777154296540084
383,0.12750259337940142,-0.18051431395821954
384,0.2811451297538482,0.014775389196921897
385,0.10315170836620371,0.15634374081546487
386,0.066922231179426861,0.22884660038192195
387,-0.1106869643179592,0.22363689382743629
388,-0.19115604123849914,0.150467737346028
389,-0.11072274163829703,0.17048332704116298
390,-0.1886305137932692,0.10775894854195141
391,-0.067564154566860199,0.19282034923288116
392,-0.040243991496242276,0.20116117195395175
393,0.036291646084279233,0.18044425031124903
394,0.22575740840778361,0.17056576310173724
395,0.19771175209802569,-0.10547153977453147
396,0.10264133585556873,-0.18968946541423429
397,-0.13270647309142347,-0.20288251533824869
398,-0.21676879412779154,-0.030347875575911461
399,0.044668646967266148,0.3114586556993314
400,0.20070748609238231,-0.10785467220515418
401,-0.042510165446850857,-0.20399951399281188
402,-0.14716684883473372,0.18029639149714879
403,0.17614933660016913,-0.057873498145530569
404,0.019794319452576852,-0.051733801401512916
405,-0.17941257606462321,0.023991398683161302
406,0.22155653142676884,-0.050009877787048358
407,-0.021511015389607931,0.13179577439459811
408,-0.17959513393602605,-0.096641889954006674
409,0.28610549394424156,-0.089809189867104872
410,-0.0033612402305118784,0.21431889145064159
411,-0.23416760525119421,-0.030653719448372248
412,0.10628362823323868,-0.23062077632124675
413,0.19095906608601748,-0.028859295218943204
414,0.13210503457727607,0.20417396296795118
415,-0.12804027298921103,0.18900518457720261
416,-0.24398867188508541,0.00084387486448445331
417,-0.1167191789882744,-0.12691028106797142
418,-0.075285102149579869,-0.24024279075590518
419,0.082051458301179825,-0.21808437167868444
420,0.12224271761857479,-0.14727500833546275
421,0.096845314448666231,-0.21500670828682231
422,0.16351676146925398,-0.12236328395965307
423,0.057947065625303044,-0.2391043125461535
424,0.017392414744528802,-0.22436903660686291
425,-0.10173439472688472,-0.17671866331527541
426,-0.22445311683833699,-0.15248085396409383
427,-0.19730506708120443,0.12347504220566502
428,-0.080850851776447352,0.17629125235526286
429,0.17304464478604639,0.17299441812745214
430,0.21065981436453823,-0.058082843495418091
431,-0.042122764267492903,-0.29378305371349822
432,-0.19296005694568855,0.16106659565666304
433,0.11519322974442661,0.13468600195442298
434,0.15441461627785055,-0.15465371219416904
435,-0.21058216616103234,0.055666259504032603
436,0.066446974204712114,0.054129534367709856
437,0.15308110953354703,0.024644978114981158
438,-0.23500497802507336,-0.020195591491379332
439,0.16572954320042621,-0.062838351796329073
440,0.041020260782464804,0.19893481263460874
441,-0.25804934428389287,-0.031525745071690453
442,0.17177323101968139,-0.16160761376768479
443,0.13792915283792143,0.16608615423285342
444,-0.16275306027516662,0.18695202623195523
445,-0.17873541623162065,-0.096523675679392934
446,-0.014832373006235003,-0.20677263632906323
447,0.22799503949097563,-0.050593476458810571
448,0.15973922399365381,0.10841528224264751
449,0.050462182535405117,0.19177572521934397
450,-0.055746814409020018,0.25625353375898702
451,-0.15217742382425112,0.13617176543715595
452,-0.19553491954993299,0.13622097871702468
453,-0.24262993525226015,0.099310575556613351
454,-0.21220655366031521,0.092997224943750498
455,-0.20354402251801521,0.15124595986960229
456,-0.13161974389446654,0.16591003034526863
457,-0.057940190741141047,0.24252718607328522
458,0.061462580372357654,0.20894769733537091
459,0.23597948126026069,0.0085971681935605865
460,0.13994372368343583,-0.088914029688554247
461,-0.037134323775022356,-0.21715823242500737
462,-0.23818911740941351,-0.036407104232199915
463,-0.13499323659726528,0.24102785633372772
464,0.26112785258915477,0.036056680964146812
465,-0.057426011457795474,-0.14911684064988232
466,-0.19341850959353382,0.046238926589187782
467,0.15760702517289027,0.16066629896982165
468,-0.114626215713598,-0.14393129740024424
469,-0.0008450699007331898,-0.046954201180710323
470,0.090007350837568542,0.17321170636737845
471,-0.18220985880167026,-0.17575200663067569
472,0.13525856445308862,-0.064256376225352851
473,0.036352260518569809,0.21235491359888398
474,-0.28065395356215322,-0.13470848627808837
475,0.14886536649403437,-0.17737344010771589
476,0.21002546921155635,0.13002596134491126
477,-0.099406018011371125,0.1891961495050847
478,-0.18444623117658659,0.0049464910183127792
479,-0.14707798665910943,-0.20796938096512349
480,0.06762387682818366,-0.22632048428206436
481,0.20812123910047078,-0.11342326308641172
482,0.21286424949359958,-0.017048980368090272
483,0.19802887790300744,0.078619159803431496
484,0.15202389939755864,0.15314075169290364
485,0.20340055903586793,-0.14795311230148364
486,0.035410427808887333,0.059899712627000959
487,0.21452955057067188,0.25285388892783034
488,0.15739803275890471,-0.015314588107965744
489,-0.20668739280183873,0.1522244302733653
490,-0.1218206495176275,0.27040830282284206
491,0.030094446098298307,-0.038514674239085396
492,-0.16458343496044775,-0.2379063609382043
493,-0.14378334643431445,-0.087427019265118158
494,0.16257012853098673,0.10784394864640713
495,0.31659751476616371,0.086580499343374182
496,0.018272936726071418,0.03625640981557636
497,-0.30802723646605668,0.013817279085384049
498,-0.18720253133983958,0.062215278320283493
499,0.17822716047098977,0.0046046629355613114
500,0.2968122521966558,-0.014864629885425827
501,0.0032429967508680151,0.05694165825919096
502,-0.24439488166672901,-0.13029058886639983
503,-0.18245033014069786,-0.13203969540620927
504,0.066669492587880047,0.16492456377826575
505,0.0069976070165672574,0.29184154752566971
506,-0.063129672208240339,0.10722890046947715
507,0.26146998470316157,-0.10784040988404357
508,0.22197504941166118,0.021011756861007685
509,-0.09085716509818928,-0.050048612012360758
510,0.061460572204964814,-0.31859430228345781
511,0.024804013120447697,-0.01220944361593118
512,-0.21504286121790447,-0.080960854357530587
513,-0.052375019668698473,-0.25682183061709768
514,-0.14231373527322289,0.088212121629454174
515,-0.18273764199359202,-0.091637282687913477
516,-0.12398077625474951,-0.15080599682323764
517,-0.22303361743460148,0.093523363583268543
518,-0.095469380964599018,-0.1905155173641605
519,-0.17359750438915617,-0.13149138122213694
520,-0.19735996407693834,0.041136373551183991
521,0.046182160646453779,-0.25134671262068281
522,-0.160039332987268,-0.17967339367219221
523,0.047395304047925892,-0.01902163718966924
524,0.28575797372025241,-0.17907850335438358
525,-0.038477782440458727,-0.1008519958180629
526,0.071912986882831209,0.24296391515581978
527,0.23056794104050135,0.16592536779178357
528,-0.10202585009335814,-0.025889717447203885
529,-0.28480545465695922,0.047167645325714908
530,-0.14197844594539744,0.085729084934147215
531,0.12637651330855676,-0.16095841929891949
532,0.11135813485740373,-0.28604078719272852
533,-0.032986248462917762,0.025681490610871632
534,-0.075134753764966145,0.29653713439119694
535,-0.08447806155161465,0.13842353071583344
536,0.078889655369046602,-0.19513094077201981
537,0.12091305762038825,-0.28401396650479227
538,-0.017007611303294704,-0.0059224613247340664
539,-0.26420028301310833,0.15202400923995821
540,-0.21601323390512187,0.009211932982717972
541,0.12386376111439419,0.028811786006826649
542,0.25428631318608874,0.16757001727113155
543,-0.042623559703374933,0.061822176329726079
544,0.11293744002922111,-0.28774348435509783
545,0.17516782137576772,-0.19222469079224244
546,-0.12735301142259037,-0.029985744833053895
547,-0.16404568071936912,-0.29921355141363787
548,-0.0046271396290026995,-0.05293970155908026
549,-0.22829763190912614,0.084264559435292971
550,-0.19137554090735717,-0.17330945988783378
551,-0.090553285808102194,0.1297280070474795
552,-0.1879095879840241,0.051202775074199271
553,-0.14970140247340308,-0.075303726203978238
554,-0.10960463363243396,0.17528314045582066
555,-0.14558998477897231,-0.10270350795575305
556,-0.18392103055077419,-0.04341236141285746
557,-0.12934218686173193,0.09318080587464346
558,-0.063669134409938904,-0.29279569953117468
559,-0.22182138902779439,-0.074075619356804651
560,0.087313865971879803,-0.041210916555857569
561,0.16484091504597292,-0.37128509812448912
562,-0.080396644941991072,-0.058085945537658848
563,0.24697200794136384,0.1067293632893706
564,0.28172647587224964,0.010907619310990529
565,-0.11961254023395891,0.0096098810980919241
566,-0.20669356725447896,0.13802851747260853
567,-0.07094052860715705,0.082259333474589413
568,0.071957046910982786,-0.24437499440265642
569,0.099052383373180286,-0.31234493898851534
570,-0.051383147602444959,0.08428173461755667
571,0.019222853072121092,0.27227611081558806
572,-0.015691887562455244,0.15698035730587726
573,0.068105107723700015,-0.22490817837735028
574,0.16607652051420851,-0.29965168102874656
575,-0.052096461699559726,0.03573667010252702
576,-0.17344726331648364,0.16378459021538178
577,-0.2032800100811411,0.037430547563784729
578,0.1820332501950106,0.035658877478804279
579,0.27028815003256851,0.15569733490047985
580,-0.024604429045804618,0.020565667329267737
581,0.11800546067297119,-0.26341698167270461
582,0.18208113458375016,-0.10167670438410255
583,-0.16269270240429179,0.0036450102021496796
584,-0.072892702715611365,-0.26966092452025164
585,-0.031194373367693814,-0.010385072726881736
586,-0.22534501589634937,0.0078561729268341249
587,-0.13103209640033744,-0.18382289031457547
588,-0.12517226887195126,0.138542211211334
589,-0.16348215583839251,-0.019215169608119455
590,-0.1676395727510038,-0.078466084120234092
591,-0.1182528885205834,0.15199137321870004
592,-0.10362990704044914,-0.14489954372151187
593,-0.20853325813115695,-0.084013657498964944
594,-0.097578056493354673,0.091171500103095326
595,0.015785431096082624,-0.34064013263833953
596,-0.16746361851640987,-0.077220076689597128
597,0.14052874220012657,0.027496664436370881
598,0.27193741124961296,-0.28874626221437294
599,-0.020492830588772833,0.00017239502305675366
600,0.13552142670070491,0.23056611775539859
601,0.19873196494162598,0.14282645455772994
602,-0.13357915287489733,0.043808532804552207
603,-0.24963493117271782,0.01019463453493144
604,-0.13718723623854759,0.094176907782854091
605,0.22929487632534215,-0.11604417939175851
606,0.220142765379334,-0.1586672289469806
607,-0.090489613647946096,0.11249650634442096
608,-0.15182317646327878,0.20766335573552766
609,-0.12472682671010069,0.12916704307990326
610,0.17844052297300791,-0.13003110552761299
611,0.28719717021215901,-0.11172602345475323
612,-0.11166281308324902,0.055247616872394913
613,-0.27008983092562205,-0.026923828932207006
614,-0.17750689463543334,-0.085101642647011255
615,0.12735426102612757,0.19034433420207433
616,0.052794215567667425,0.31217234868683486
617,-0.07140393351486593,0.02122577616354334
618,0.32593209957772362,-0.07638953339692249
619,0.15474297309330967,0.087790638992598299
620,-0.10196584605385792,-0.16133042502289974
621,0.22275766864956473,-0.22053944262208675
622,-0.084394345239598725,-0.051100349261046479
623,-0.10771448048674642,-0.2014034460790092
624,0.058174929226267304,-0.23875991907379929
625,-0.22809247561943213,-0.033849889223272332
626,-0.046581342687228799,-0.17059773106902976
627,-0.060851732116981971,-0.17805141243960443
628,-0.20760868228930576,-0.060193499491005352
629,0.10723401745580458,-0.18128968238789267
630,-0.051043672292443526,-0.24195222308118772
631,-0.061738064397941564,-0.029551204829722053
632,0.27471363830025852,-0.092061628654183339
633,-0.0026002953583941675,-0.21906260565608981
634,0.026282702295775034,0.13186690147576216
635,0.27406217415431361,0.17256581201814464
636,-0.011525481616355113,-0.057818304250276363
637,-0.23519531237076086,0.17882432083503833
638,-0.10985920706914007,0.21786895994966307
639,-6.792036220851401e-05,-0.16526502649213554
640,-0.060685535851609469,-0.2916945139156461
641,-0.058603164886541527,-0.075400426287740532
642,0.14306002678602836,0.22607521732947319
643,0.13720429223399586,0.15466636271676257
644,-0.094351262811791611,-0.084063050459513733
645,-0.24097224845422477,-0.19000598529275334
646,-0.067007362100262299,-0.14026709892507572
647,0.081146277962743305,0.19621283832615433
648,0.077609537677173421,0.24408242885978121
649,-0.016481198336277862,-0.10065339471425827
650,0.057324727181580798,-0.29667564554384979
651,0.074007910769109231,-0.1519606497889695
652,-0.23272991663453649,0.04044421181504642
653,-0.27736851961803044,-0.066439899056589966
654,0.0097317507973407116,-0.038670296735488018
655,-0.0026253217286219058,0.34003774226074246
656,-0.12647844669049813,0.10034190749719109
657,0.20742343858380222,-0.024906853822200689
658,0.13668859382520729,0.26631068237339273
659,0.0379988071760591,-0.06565265205669793
660,0.23524798385005261,-0.062515006791715427
661,0.1280356983292833,0.11652035021347501
662,0.11825491090786248,-0.17019390518312563
663,0.14504668092922127,0.067083696444324575
664,0.16427628166862587,0.061060897039037929
665,0.15204635314623194,-0.15032107401791095
666,0.089382356700923871,0.18674711115059089
667,0.19234336967043128,0.047395937080427844
668,0.087803368803256468,-0.011924462117827059
669,-0.10398614264846393,0.28865749870604318
670,0.1455773532413259,0.11923744852007195
671,-0.1750925197597894,-0.025641673689224556
672,-0.29978804354492772,0.13693151486443661
673,0.047883130174081599,0.013509814893992077
674,-0.02109690146567066,-0.28876460187587072
675,-0.067545027713385886,-0.22159866694917324
676,0.13360254622595658,0.10476854892132199
677,0.22747460763515268,0.14357867859225937
678,0.095846590396302514,0.0056687701652988545
679,-0.28188816119625992,-0.094901251228595773
680,-0.23340582801189377,-0.052894946164543787
681,0.19283821148784697,0.019191428003941351
682,0.28335307347268029,0.0083684069895517826
683,0.11408038139101523,0.034165223944429515
684,-0.23164840893864413,-0.11746594924211456
685,-0.20561700501030872,-0.16095980842417379
686,0.079091447705473938,0.10687683438677795
687,0.037261879401611513,0.25982770761430468
688,0.014766222284614444,0.14510602138654516
689,0.17225577344704202,-0.18036486120075154
690,0.27774025335997382,-0.074044608738829121
691,-0.022162093405552266,0.03673155169015957
692,-0.10124127808743691,-0.3317393282991809
693,0.10819354603339945,-0.12810584216688217
694,-0.1937856301934299,0.071799650545845792
695,-0.18943673914460279,-0.24808834988113257
696,-0.0025712975016871937,0.1467920157627747
697,-0.1910183823065425,0.046841523469181939
698,-0.14403790781534331,-0.079765902328868182
699,-0.06292747784181138,0.19829829504959767
700,-0.17837960352069376,-0.036561089732504576
701,-0.14569601568450394,0.010389299045623114
702,-0.12952536860950911,0.13957982129965532
703,-0.11334756156635749,-0.20061888545676576
704,-0.17303328693131997,-0.0023498255329793883
705,-0.02593032719923398,-0.034614025507608837
706,0.039718553942319185,-0.29341361593491394
707,-0.10977066645482571,-0.11985990942189913
708,0.19953408359695773,0.028775419112382992
709,0.2873868953052271,-0.13513047660206801
710,-0.039097158416333502,-0.021067738376788839
711,0.043782265001959288,0.33558723853611744
712,0.085309812790444806,0.17484112948575939
713,-0.095252240412957934,-0.14380537361033835
714,-0.20980885733973986,-0.1466789726825129
715,-0.047049759921985734,-0.023138332558053403
716,0.30617118955532679,0.15802133978666436
717,0.22021252346711845,0.063406032532107096
718,-0.1349943297058192,-0.058458018643411207
719,-0.25311205898647365,-0.053880622516551922
720,-0.032916781389239431,-0.068112892430800584
721,0.21221546851447654,0.25570873415352235
722,0.1095976419173415,0.23386363196552226
723,-0.012496717725149748,-0.12776275410678081
724,0.053635768031758034,-0.22681154323347677
725,0.047618825458766556,-0.11469355127266463
726,-0.24310979119861065,0.12129307588248174
727,-0.25274281731917619,-0.053534387930293685
728,0.047234896040764758,0.058625134491519654
729,-0.13839436213966008,0.37203261289484035
730,-0.059554124514507978,0.073646553842344586
731,0.21062579139345292,0.093894948775192069
732,0.016831869028456702,0.28276164104318513
733,0.13415841881915774,-0.040689552516675782
734,0.19294896488637667,0.12151396114213305
735,0.059021149433606576,0.2000678860093624
736,0.16316464736942463,-0.070710178881476848
737,0.073304233539404698,0.16566204577560126
738,0.16363078639800832,0.1390397996479113
739,0.1345986540374533,-0.011250903937129901
740,-0.046872974504557623,0.23925828003785973
741,0.12978875491989103,0.17896811282030917
742,-0.039175697057041187,0.012758646076765183
743,-0.26888618384870788,0.20160530962124859
744,-0.029113923525235882,0.16317025256901801
745,-0.10851310787117224,-0.15995757456293419
746,-0.29482387963542339,-0.075012341665192037
747,0.025455363656173388,0.0169515726241211
748,0.23794311336799076,-0.1667895822334069
749,0.096992176842738753,-0.078188659431887853
750,-0.13218946275279472,0.17242016909813726
751,-0.065850542266335368,0.25237872984474485
752,-0.02580121008455168,0.017601800897359566
753,-0.05793652650740648,-0.31255255227077838
754,-0.037467623288769361,-0.18409211064983189
755,0.011706160009795026,0.18157313984769863
756,0.0045166913334434965,0.30893736331719185
757,-0.036771871321342853,-0.0027802922853481411
758,0.098014801680858549,-0.24147881897644791
759,0.092724553962879458,-0.15186019664241318
760,-0.1456643696799659,0.039397512703648149
761,-0.29515098850192278,0.016620790964869382
762,-0.10645228814345405,-0.042168522972949957
763,0.12260697913159249,0.22160228366549026
764,-0.058042060257218531,0.2135411703283483
765,0.038460680051071186,-0.083710684372577532
766,0.32775004931230467,0.0633734983996668
767,0.06034670186344631,0.017750975752139492
768,0.071525670772065342,-0.24405167558136878
769,0.26230843586148556,-0.042786331860064059
770,-0.074052337424216963,-0.12059323695537387
771,0.075362796605180957,-0.18875081152437212
772,0.17866275797057427,-0.103588954139231
773,0.12786694594181766,0.025089139716835213
774,0.23630948274793584,0.056483033736948234
775,0.088859773327198799,0.15165176833072433
776,0.013287192794039303,-0.11929992980069122
777,0.10180425135070556,-0.12573837065630433
778,-0.13583147694537193,-0.22580337534378947
779,-0.007476511076619119,-0.24877592833929016
780,0.18297551241429522,0.02058010069942362
781,0.15505937752707188,-0.034816489283551771
782,0.062141202269803381,0.094661254295852232
783,-0.27940626052383605,0.16296825914540655
784,-0.14278369167343058,0.0076713620152678921
785,0.016410112163851402,-0.17753777482233543
786,-0.050177254329681724,-0.29420861161306844
787,0.062385244827940611,0.071619112182686004
788,-0.11564866918553451,0.023416839196577124
789,-0.093004037903670553,-0.13452960043373879
790,-0.015792242427911076,0.031897856664029688
791,-0.25596409130144526,-0.20354000698688635
792,-0.12247552759477434,-0.016728402142484902
793,0.12286545233108702,0.24215360203372702
794,0.023959714447606233,-0.054775372339761486
795,0.045250770439768169,0.14345318331111528
796,-0.11086318903427998,-0.1040626045965328
797,0.030089751801467605,-0.22729934620569198
798,0.036530416036430244,0.15415059319173841
799,-0.26106152559905105,-0.20993426158907968
800,-0.15041422123446474,-0.22734887384550029
801,0.26640763073437285,0.18481917733886682
802,0.25928306687885627,0.23104302103294716
803,0.049044265166341708,0.089686319183253538
804,0.047892207862347685,-0.2084625948250422
805,-0.028094462858996694,0.00293329511122291
806,-0.1220482736499834,0.17441276796289717
807,0.104177990294277,-0.0058970779057445528
808,0.32925515253182541,0.068465676719375285
809,0.27163434129920605,0.1002131487871675
810,-0.27047648179496697,-0.0075048383704608944
811,-0.33787834792656335,-0.055517431200711315
812,0.10378109253115091,-0.048898080104256406
813,-0.18363001514455235,0.1569449896958188
814,-0.15903278468590556,-0.015269458364263085
815,0.13339677720557561,-0.080958903653457676
816,-0.019344737150354188,0.068198384164894849
817,0.20124129914961006,-0.05252589325651609
818,-0.064370403480049285,-0.062944719137646307
819,-0.33092236693732263,-0.069126870163963433
820,0.0048758270534511603,-0.035280810952913855
821,-0.16978186260896613,-0.011331052922131435
822,-0.015639458437004022,-0.089164987234885834
823,0.067532207105707731,0.02008433285548512
824,-0.25333851648769901,0.12512806699233625
825,-0.13774931274535876,0.11296261669278043
826,-0.081886542305471002,-0.14495733939173402
827,-0.03487135012996672,-0.3110411502395381
828,0.10078948055242214,8.4587909011339842e-05
829,0.10496566170216712,0.10859404396514688
830,0.099400910329773204,0.14060343503616815
831,-0.1964160738895139,0.15535983997742472
832,-0.2473755164375521,0.064613514331313834
833,-0.0020403494487276005,0.15385947549768933
834,-0.071164733279982795,0.083119917004171262
835,0.18046156501432808,-0.014965231163752098
836,0.21961516614917792,0.19262548101698515
837,0.093068558528203657,0.10138274726215844
838,0.28881041250926404,-0.12400535209266329
839,-0.063251727284606582,0.13935676305044919
840,-0.19098967402001801,0.31038909101407369
841,0.10710820313612888,-0.071569157665669847
842,-0.013050516671666901,-0.15556611879222909
843,-0.16886284726586276,0.081116876979239347
844,-0.25155499258714248,-0.094978392851843979
845,-0.17078382694952859,-0.040881432824533992
846,0.025389349065184662,0.14224530519036294
847,0.087582642863481525,-0.084290348636590962
848,-0.0035749772298972154,0.14561132206332505
849,-0.08056850618032052,0.076219035855099412
850,-0.013552503236806082,-0.32196277756185809
851,0.04215377937517694,-0.20551544533619356
852,0.12177112498372482,-0.09673053673701501
853,0.14268091650318079,-0.054852773714959238
854,-0.0625041139525052,0.062438830021589078
855,-0.11087987448209149,-0.093971449099574736
856,0.0030551552538247307,-0.28126063821126857
857,-0.18027998721662145,-0.19531994389810739
858,-0.14365502607305555,0.027179149969960861
859,0.016823593077115319,-0.073319898566758246
860,-0.13274859926354418,-0.29986473309682538
861,0.046438140515371672,-0.14000857608762785
862,0.13899966033802677,-0.019961926739487657
863,-0.018296493067092245,0.042682361720893042
864,0.17214582918423285,0.3340690160342632
865,-0.00062544456082913938,0.24383570650020492
866,-0.22388977081490413,-0.10474493064109508
867,0.062341654659974821,0.12696317140689053
868,0.084215726605510327,0.14998744152368379
869,0.13781692689328776,-0.14379815448756497
870,0.26813863035141022,-0.074918789448926229
871,-0.02213472338908877,-0.0013167571639737911
872,-0.19777176154434881,-0.033362516440821
873,0.036489707558941147,0.0092327819646731077
874,0.18331747500293968,0.12424584198121723
875,-0.077273583391563677,0.2870136361709138
876,-0.18823345238071698,0.020827141007426782
877,0.15614837037599533,0.018739959875171429
878,0.087969119183440553,0.18890809105990369
879,-0.16852341751519928,-0.11453734658144035
880,0.052561064250191858,0.020660976899320817
881,0.17538100446860633,0.22821944199911609
882,0.1794795481218294,-0.046565073215611472
883,0.15227268541681332,0.28243493691120158
884,-0.053802452929689992,0.22930741483891159
885,0.023943652284293297,-0.10767762112907311
886,0.16548347868480182,0.19830089147018945
887,0.072792191520539187,0.039321162705326047
888,-0.33130369498851264,0.047978557891205684
889,-0.26170912026611559,0.28791114930349548
890,0.27307891841874571,-0.013461540392916931
891,0.14843075632686215,-0.034591254872723312
892,-0.094929879804205711,0.29392695431014915
893,0.11111110186390602,-0.13146507328010551
894,0.077094832484498083,-0.2460536045163115
895,0.047648923897605978,0.13201491457558701
896,-0.089031561168658457,0.22967682178100693
897,-0.11238002159954245,0.21893007749369647
898,0.11925671877723576,0.019304195376269526
899,0.1754649698995088,-0.19352399783242694
900,0.1009577263490927,0.094841285392019151
901,0.046744943224074201,0.11748573029770307
902,-0.16213355619552455,-0.041578675226839334
903,-0.071600760969740287,0.12286049156708286
904,0.1478446130769456,0.12071448694406368
905,0.16383486555507143,-0.13669769794903472
906,0.20727133450487431,-0.15040863912378347
907,0.13288367777800675,-0.012165643754353762
908,0.15757843749037984,-0.060377917151807667
909,0.29670539578943167,-0.39777907667559759
910,-0.00012852386165920771,-0.29321120032434411
911,-0.10109919326261517,0.066542622715176525
912,0.051679431145598212,0.034162702615075632
913,-0.042204898135557466,0.044036187743052797
914,-0.0011220038084169132,0.35146547420248841
915,0.10532764689082789,0.36554911431191822
916,-0.080672105581901743,0.080188671896864516
917,-0.21559695998911546,0.17626937894534378
918,-0.14079872832867965,0.12271985511644085
919,0.066033925821819134,-0.1769324071472686
920,-0.1006725078697014,-0.15456188986916697
921,-0.35007813835467683,0.043758334226860748
922,0.078792786430404965,0.044567597081211524
923,0.25353759118721136,0.019843410453158586
924,0.066403504161909488,-0.095631855432155091
925,0.14809738906338243,-0.046557148737011361
926,0.065205895473078271,0.070553839350193784
927,0.12319159960695109,0.092069241620502451
928,0.42347681491825079,0.17477374288046627
929,0.015863444061162104,-0.17633865366752327
930,-0.21025016913461481,-0.50061605743843629
931,0.14523236000368733,0.089885396738773576
932,0.057953954868448544,0.23706118603796542
933,-0.023140533204829752,-0.036421764142979172
934,0.087713481723151215,0.27068747340490718
935,-0.06940984585257956,0.13540853411573894
936,-0.09603347875540183,-0.49605257821977999
937,-0.087636325895676825,-0.14356921227260838
938,-0.18114310751330742,0.38854989886278368
939,-0.0062442243173479592,0.16175867705551705
940,0.0098483932153368287,0.079838640508329742
941,-0.1572651059506178,0.063512687297152912
942,-0.097817632329631352,-0.044481632915714886
943,-0.19926440639834819,0.13280500596808242
944,-0.044544899027143592,0.10467720133643107
945,0.25773733395785398,-0.15641476110880687
946,-0.012988383470245401,-0.17849813733613032
947,-0.17626234984375685,-0.095656451301145348
948,0.18596819263905573,0.031730150831742125
949,0.26141946730978188,-0.015696185132857737
950,0.1229092459516883,0.034875119300849806
951,0.11931441753073604,0.34955073015037613
952,0.1994407877777819,0.25799548881681061
953,0.034102337065333041,0.0011496331324297674
954,-0.030605946800945465,0.077450693010367666
955,0.10317817152415994,-0.030064893708196476
956,-0.19250314610432201,-0.23709700384003143
957,-0.46796776961764958,-0.16309456206709816
958,-0.16079568004256492,-0.0022337093112778372
959,-0.10986379544871434,0.087727590104250214
960,-0.29795562719771873,-0.0015408987894006999
961,-0.20013567432385571,-0.01675082761657256
962,-0.046514856621731097,0.16734864517331929
963,0.15372480225052362,0.057948269197147129
964,0.10489312283498189,-0.10086027477712582
965,0.0093371047960982851,0.13060736658716576
966,-0.035133555145894876,0.11608058430391925
967,-0.25787625886448795,-0.026325881875815329
968,-0.11184523702477001,0.081122498084808092
969,0.23528590278589517,0.11166413459912411
970,0.19557107435666751,0.16297417892808366
971,0.055631056894702852,0.10649251914582616
972,-0.25055105383643278,-0.13665589927144037
973,-0.17955541848424642,-0.041866036329865054
974,0.24546150709122944,0.12831082084375481
975,-0.10773070066819318,0.080222523028614975
976,-0.23831755613687505,0.14310104328910797
977,0.42119314633897353,0.10354193871517756
978,0.2991221014183032,-0.17222208605538283
979,-0.020965760906392537,0.054288918616381701
980,-0.022555674571964793,0.24536060870448204
981,-0.058390888111384244,-0.053749578198774912
982,0.18752639025256179,0.16970429433270154
983,0.0093809059861948707,0.30214389411659376
984,-0.18388892782363619,0.080369880695718987
985,-0.00098064262601086673,0.26806837634276387
986,-0.032704074009455859,0.050818695877668844
987,0.067108935893994026,-0.17190245281848243
988,0.078290969871851385,0.20169995261014931
989,-0.082515229753250208,0.11505826975121346
990,0.14559536703941589,-0.075267195463315603
991,0.26130912008640994,0.16842560099279705
992,-0.05329492290826799,0.21307319791377161
993,-0.044769503178958149,-0.0051551310896014854
994,0.15327426607534503,-0.13254963641908868
995,0.063478243161054534,0.0060721214898306827
996,-0.26933488001291456,0.11968841607353585
997,-0.16520363568787808,-0.025542768336854423
998,0.00079737545627161371,0.197414244453744
999,0.020152786149521141,0.15899797648086422
1000,0.10008138413668149,-0.19877791428879132
1001,0.15188640234582598,0.2135958781208436
1002,0.099019185518283842,0.36811763080998672
1003,-0.0077939644634191195,0.0053760664620955273
1004,-0.12213624926032492,0.092643012058367114
1005,-0.096441391718152303,-0.085185489883707291
1006,-0.079529100386331111,-0.33002618965886538
1007,-0.06528037854959283,-0.092462303254181533
1008,0.086595582112075478,-0.068098246914829269
1009,0.067227833026792944,-0.23526056647671723
1010,-0.12442763215143571,-0.19597073733775008
1011,0.020921408722712042,-0.14628011666572985
1012,0.07722779891858407,0.031967235459622219
1013,-0.17027100755120161,0.043652426824674274
1014,-0.17009072659839841,-0.018274057196094724
1015,-0.15715020290590859,-0.16294533606418873
1016,-0.14950290472911465,-0.28583217498613067
1017,0.17564803348301974,0.01762689105963991
1018,0.072259336256790097,0.12912476106336279
1019,-0.12077095130682994,-0.01891339302910882
1020,0.040276210798402622,0.12600377885931427
1021,0.10736294176661385,-0.1607325678427394
1022,0.15069024646719031,-0.23022289006487193
1023,0.15478411805724895,-0.038560357846047409
1024,-0.11344479619461993,-0.13491578599561707
1025,-0.1444131771285187,-0.0016971317642792555
1026,0.32259891018417364,0.16695852658471397
1027,0.14863338434491438,0.094305532480689847
1028,-0.26407938510858631,0.035227436178962498
1029,0.0094247014816026126,0.13053400955881461
1030,-0.065799078151799029,0.25184761826128516
1031,-0.10758440462154448,0.12398687231127759
1032,0.14917471260369489,0.054382174620556618
1033,0.10690625037106052,0.12252154787977743
1034,0.24044045748467618,-0.13155842429126011
1035,0.25469400631673311,0.032149336242355511
1036,-0.049650506121498995,0.17429870269656636
1037,-0.021733886880830972,0.1416781960974812
1038,-0.077949448152645581,0.088064777002529085
1039,-0.14160759391157118,-0.24881985647538041
1040,0.011226694461579815,-0.16941057486225811
1041,0.13191935707375269,0.028294745685479569
1042,0.31085723500127938,-0.046043578876274409
1043,-0.043969288146323317,0.044072806853434732
1044,-0.0090647431081098753,-0.081056304868930007
1045,0.14163449578837106,-0.092063934959419558
1046,-0.030534457756946215,0.014398999313976951
1047,0.21669272753230598,-0.24829718370501458
1048,0.033923634751100364,-0.12370815910758313
1049,-0.21233697790376738,0.091775964899017445
1050,0.041218576829776241,0.041387732047845183
1051,-0.16002985297786446,0.008708616555575123
1052,0.075940213255646663,-0.10784844966267781
1053,0.24740707775527856,0.032182475120080503
1054,-0.16712803515882216,0.031654205615088027
1055,0.21318858539028024,-0.24429205536810555
1056,0.22784431502269045,-0.1378840238269872
1057,-0.16973239775557925,0.25300507325604743
1058,-0.21397992448947259,0.25618852489438837
1059,-0.13448250982462584,0.050432362340435091
1060,0.20511850893301603,0.070983638834642218
1061,-0.2326273887787885,0.21989258880037038
1062,-0.0061757425856564241,-0.2786829775314324
1063,0.15381730201095623,-0.12895528896828135
1064,-0.042226701385239374,0.03047174922873622
1065,0.14641309018636683,-0.36536274595615897
1066,0.040489903162509881,-0.12094655303304597
1067,-0.31396089171166608,0.059992946671772823
1068,-0.023537333709875076,0.045560487213568632
1069,-0.064850521109265258,0.0019434029363298204
1070,-0.30410650340616752,-0.11963564331117368
1071,-0.059353708110816021,0.12981194079972677
1072,0.037574105606580331,0.088780132998527495
1073,0.08751818338116274,-0.019275185436496478
1074,0.10642927656308403,-0.046549587121016964
1075,-0.13694757078797831,-0.12285990870929639
1076,-0.12421327493413731,0.082788167065420748
1077,0.1926661035364142,0.092456064270556734
1078,0.028537651778323452,0.028041303853895208
1079,-0.26383911962038148,-0.037658136225844421
1080,0.2251501961744046,-0.17587693638646976
1081,0.13981004229260469,0.050818174059523664
1082,-0.29738323350738816,0.22484680122075074
1083,0.0065829284701935864,0.04900506908284865
1084,-0.1326870270035499,0.039161276262048648
1085,-0.21787176930148597,-0.12098142644360602
1086,-0.042225237320182366,-0.29343592651195483
1087,-0.22244550350328116,-0.15079212351871651
1088,-0.072925929046450094,0.023094616429195143
1089,0.076142598391508554,0.017432554449732907
1090,-0.04017724737904621,0.04780361095357518
1091,-0.047770032519296499,0.20046090065656808
1092,-0.08861464909119271,-0.24768599276970751
1093,-0.16905937503885304,-0.36365786997712196
1094,-0.11382549607878853,0.1821974825894517
1095,-0.061962976462739849,0.056208674870986415
1096,-0.010639833931655854,-0.19174048516052325
1097,-0.0064451740823311355,-0.086055972870507452
1098,0.18117691270565825,0.03978016873009451
1099,0.17315921819125957,-0.016534194778928087
1100,0.051298810927354874,-0.35068218930028749
1101,0.054807289112184326,-0.043833489293392924
1102,0.043258442699748025,0.27052262401015464
1103,0.090980489451006938,-0.083228189644010395
1104,0.048860425812211977,0.039579385061026803
1105,-0.28332587002750159,0.1753412525679322
1106,-0.21652525159574204,-0.057903030853381339
1107,-0.012160319511999348,0.11368468347061061
1108,0.0072455522055355683,0.044671044368175046
1109,0.07414229816457997,0.0019239100863920194
1110,0.021097135348202505,0.25703780804914328
1111,-0.12301760486369206,-0.065004243442567305
1112,-0.13568029050028624,-0.31308299974766873
1113,-0.062547272945403382,-0.036838042202441225
1114,-0.18901579528713208,-0.0087714172758288408
1115,-0.058232438551493335,-0.02940732353378283
1116,0.093361556724775682,-0.002645394862736461
1117,-0.12653802300018729,-0.013105571680778333
1118,-0.10097879530653232,0.0050699943967383535
1119,0.11607769925979278,0.0107036421003593
1120,0.093682347001518965,-0.02222467950354608
1121,-0.0084615575727968982,-0.092202696385884908
1122,-0.21370158427964334,-0.12113106027581549
1123,-0.1058075029482681,0.16198108898284644
1124,-0.099958034848988603,0.15369072011116436
1125,-0.25243361754453114,0.092339085143985825
1126,-0.22865140546973992,0.10628808327850103
1127,-0.10301841008162431,-0.12954831613878204
1128,-0.038157454790618078,0.044854759232121427
1129,-0.030652974997531654,0.11836561672293262
1130,-0.044148985352266537,-0.2758934079417083
1131,-0.058783112933975847,-0.13498777795962141
1132,-0.001641856879074895,-0.051982709167595176
1133,0.14524248211799679,0.029154532298422121
1134,0.19856139271926532,0.23915950759407639
1135,0.011530060850176587,-0.065189184531549385
1136,0.080321870515363367,0.098788090734170414
1137,0.17285008689915388,0.18476678599494362
1138,0.071665004285033043,-0.12748318296214936
1139,0.15439591183548823,0.10037845939000818
1140,0.071982357121688212,0.021111711116014585
1141,-0.25049371694111977,-0.044493220788539706
1142,-0.021017412798405848,-0.058345753530405713
1143,0.077915882971216779,-0.36401208194418389
1144,-0.13791752359794848,0.00052623568297427079
1145,0.054529574056152094,0.099999887451190275
1146,0.13638637612536988,-0.32145660102001206
1147,-0.076531124162960498,0.11432808675459714
1148,0.083638458830209095,0.15957509298260938
1149,0.10485977346789511,0.040415609190133664
1150,-0.058867738764956094,0.38070902930936379
1151,0.10064299581590247,-0.014544931335631164
1152,0.13892082932297467,-0.087969884965506007
1153,0.10345924138206117,0.28868073570430142
1154,0.05066473246749105,0.21178662434147252
1155,-0.12766899860464556,0.1333812473004346
1156,-0.046236223536662888,-0.053118151001555834
1157,0.14888116015511182,-0.016965434381459334
1158,0.10448957636555799,0.21420917373043954
1159,0.096886652166136719,-0.058316011529235948
1160,-0.034394935316242943,-0.1758046561912518
1161,-0.15717283640694507,0.088630885142953988
1162,-0.3237542919035008,-0.25164830307827085
1163,-0.2858966764833647,-0.53279609250136373
1164,0.14995971442001485,0.02244997301153186
1165,0.28069578990869837,0.35708736245831102
1166,-0.098854389742260976,-0.062353458166440487
1167,-0.23069941657920814,-0.17855546857289653
1168,-0.020501228291317515,0.20492627275336955
1169,-0.061426325308310561,0.17120688901713449
1170,-0.29811159707565965,0.058614526265580252
1171,0.078496775524821677,0.058373830179109638
1172,0.4962492190335358,0.11586957195341779
1173,0.12486295691277752,-0.0045663798826798777
1174,-0.093561360286567558,-0.20896571608983139
1175,0.062858484472604045,-0.0042187015936312224
1176,0.11334816207519918,-0.017538237889014749
1177,0.16153442943754806,-0.32976141163152367
1178,0.1163695870377823,-0.12354530959019278
1179,-0.092078793941690149,0.0016011581698392539
1180,0.00092142943873789115,-0.047125761780660511
1181,0.14265863979081717,0.0048341070104295572
1182,0.14885731857567341,-0.3643060101325552
1183,0.018099122165855106,-0.2708901159032775
1184,-0.15442732055415992,0.20702784935073404
1185,0.14995440765204388,-0.006013013456581502
1186,0.43883591002188987,-0.20172895078534447
1187,0.30878896051180577,-0.24418402755078297
1188,0.17670420154349176,-0.38050686601281908
1189,0.089597290884959158,-0.074644267209468623
1190,-0.049685202968290348,-0.086416462638651992
1191,-0.10911574611346059,-0.23681396470212726
1192,-0.016254590966978837,0.0018424447488803192
1193,-0.01471327128557527,-0.047134697226213322
1194,-0.07612336937615187,-0.1054645249087479
1195,0.053509226207489581,0.17618160951210088
1196,0.16541638607794373,0.21091379293742016
1197,0.12205986996056899,0.11086962900242589
1198,0.10396849071100352,0.13340839716938355
1199,0.058853903837730967,0.058368633417184707
1200,-0.05097952324727871,0.18934537599714854
1201,-0.19329683836106168,0.19752575606859568
1202,0.028820325823250423,0.17668041953607358
1203,-0.04276068096637841,0.1645121971254854
1204,-0.19218707240806954,-0.15523013792764273
1205,0.20942293625400629,-0.16837414106950699
1206,0.16113847058294123,-0.09855543996078886
1207,-0.2472226367968533,-0.17538288748731837
1208,-0.012888747109879618,0.17664489862229082
1209,0.22167944916442939,0.14081894672523396
1210,0.12036529972321511,-0.19038974484254736
1211,0.056423740394469922,-0.14402822466268256
1212,0.033857638627169076,0.051042248473478331
1213,0.18865865190626824,0.10687867104704513
1214,0.17587417270284264,0.029919900683505814
1215,0.031985426060617342,0.015507603110163554
1216,-0.16574931057176437,-0.13481602323510181
1217,-0.1710145783396726,-0.31887809038203424
1218,0.090347327545118664,-0.10269859983808804
1219,0.051487788412733979,0.086436344142170107
1220,-0.19646088297413758,0.1436079941972575
1221,-0.10042949733190627,0.19820837615449688
1222,0.19578469124298656,-0.034929695707947093
1223,0.098786146092696148,0.083063150143822054
1224,-0.16024187551739896,0.2936883204242976
1225,0.092203249734790618,-0.087022849949968645
1226,0.17414410670728958,-0.1751200898999172
1227,-0.29541150576473552,-0.031372395205021018
1228,-0.21313757937662109,-0.068098028727473142
1229,0.013818624743095977,-0.11493959395054895
1230,-0.24412756280281481,0.13040363796809309
1231,-0.15301495449882796,0.13225691762796093
1232,0.083936569676396164,0.016141172444562764
1233,-0.2097840752446973,0.25880925704674479
1234,-0.2068121518601061,0.038953989314866724
1235,0.27151819586566889,-0.33519164755090669
1236,0.13731244206239115,0.055731345156386544
1237,0.1341099468840824,0.064044973982265066
1238,0.11258885909373784,0.017720187468797711
1239,-0.22604123948934379,0.42051737442739573
1240,0.17878084096423646,0.25147188063257409
1241,0.19712786523110343,0.035835964663529452
1242,-0.23525715140306663,0.25056159611453022
1243,-0.047784214305244169,0.13314008335662358
1244,-0.12092691293486819,-0.21527908367518647
1245,0.09699785420683775,-0.23911308529869457
1246,0.39962669840499748,0.051402289092608494
1247,-0.052873322515631108,-0.10734316741347032
1248,-0.040356115298213438,-0.028096127292551561
1249,0.052509314174283873,0.11782876732337576
1250,0.17274134736747709,-0.21393395510179677
1251,0.30573880766608635,-0.14228952197194994
1252,-0.23432239015058171,0.037968623984440099
1253,-0.26780029561018825,0.075693341925794619
1254,0.1910343007810178,0.30243632405353554
1255,-0.0013282811713758369,0.0088192767954391391
1256,-0.16515853396254165,-0.18013764799179671
1257,0.1831934760960498,-0.07602362206819982
1258,0.52213191713781626,-0.18035968259894286
1259,0.38818381251991102,-0.015090814270081639
1260,0.10525288747091256,0.057811545503514382
1261,-0.036111487571470896,-0.0012750137647005583
1262,-0.28473759534937976,2.6732906902940563e-05
1263,0.00063684338641125868,0.060880736143964338
1264,0.23526720305885512,0.15352657633813827
1265,0.076749471341738276,0.011208460051158477
1266,-0.030401866682934178,-0.18579189157890635
1267,0.13057150836468828,-0.062323575317728232
1268,0.23666137604756179,-4.6747531924943089e-05
1269,0.028062373678406041,0.08460863747814
1270,-0.19241557451243113,0.042276222574248144
1271,-0.069651738481073769,-0.15241937264308761
1272,-0.0088994537599070209,-0.12472206783739045
1273,0.0055827380866855583,-0.23876546440656557
1274,0.10218347447009123,-0.15908267226288755
1275,0.06108214721851301,0.24911672528984827
1276,0.05943565656623534,0.2075701957968149
1277,0.056069731120779759,-0.025582345248933859
1278,-0.14307673045263725,-0.0011364117692545458
1279,-0.032360487436426735,-0.098554942617758851
1280,-0.0030244384987334026,-0.039044055411056086
1281,-0.28248532240354135,0.029822589885515765
1282,-0.25351690906647995,-0.094135742014327353
1283,0.073094900073337327,-0.055092131749279516
1284,0.11202034780489087,-0.012271808990313354
1285,-0.080717627502086567,-0.041045167939532431
1286,-0.0070912039866393804,0.13643616694474966
1287,-0.079850779976862088,0.16325212999534777
1288,-0.095134280207410465,0.1785264035747518
1289,0.088095709346688339,0.15316197185295297
1290,0.17360753033497411,-0.056873090578537976
1291,-0.033084283866844921,-0.046692783131453724
1292,0.067978877661702158,-0.052826775301601389
1293,0.19448629601914316,7.808221347197896e-05
1294,-0.026391315455695501,0.14189830183499147
1295,-0.033113985295376971,0.022380073978582722
1296,0.13440891690217679,0.10138502600044887
1297,0.010039004447354309,0.13208892107253473
1298,0.012567489413210405,-0.10924099217285213
1299,0.050908880380260514,0.12544446575188004
1300,-0.037702704468652426,0.19297249743149864
1301,0.065125766143347183,-0.017739182241607275
1302,0.085528797630797251,0.057572480114146278
1303,-0.074516374446623748,0.11752076806325186
1304,-0.15686304839500897,-0.079085158048848317
1305,-0.02225275743506834,0.0041235144666720534
1306,0.077993644668372233,0.098623367961680447
1307,0.18603173891368285,0.055563241627134156
1308,-0.017605530883710196,-0.053931282247970162
1309,-0.16825928101823442,-0.36226355066988403
1310,0.036773638026095984,-0.38222438846778856
1311,-0.090821797122189102,-0.02490989656854932
1312,-0.15210151372409975,0.099457648207368285
1313,-0.1137889552145831,0.12666152199606054
1314,-0.044081835072308645,0.033843122073637051
1315,0.34151743744860591,-0.194742149010073
1316,0.093986216453029722,-0.18579903835493533
1317,-0.236874115937309,-0.22103342344942503
1318,0.27524435591265112,-0.026638565988938212
1319,0.14774972030611444,0.14521495257826719
1320,-0.011354768657579747,-0.023226244702003036
1321,0.34979958820638785,0.20450963211750317
1322,0.14261042351893863,0.0081698481396855378
1323,-0.10016906523104396,-0.29988716114589198
1324,-0.082252185503624217,-0.0098221705857912817
1325,-0.0067745375034946181,-0.093451337942408189
1326,0.116323770259214,-0.3043509897255669
1327,-0.13774788549551081,-0.045575565436189645
1328,-0.11176734467313267,0.012019665506261649
1329,0.047598764911342316,0.10162261292581735
1330,0.054389269807888545,0.10200945770948297
1331,0.15948119918159651,-0.14667434465164256
1332,-0.081772884280413169,-0.13596075581467615
1333,-0.14397261197551045,0.21134854532406608
1334,-0.04290104915434903,0.039110417675443501
1335,0.037524740560843102,-0.25512144619570171
1336,0.20906928407490832,0.2216468189826909
1337,-0.045955698727732322,0.11219864262337582
1338,-0.23296294383548646,-0.27963888439446638
1339,-0.075886818444597937,0.0047332982017320481
1340,-0.073391070904496106,-0.099946101448472213
1341,0.09920705166658543,-0.2390654318047542
1342,0.26649800360257636,-0.064079673201085388
1343,0.15221539812120313,-0.25608527365872669
1344,-0.0031599435646747914,-0.099529257153374046
1345,-0.0084212265473165796,0.065085411763054504
1346,-0.061830592480159006,-0.07591438592337342
1347,-0.17338950517996601,0.01174672567343878
1348,0.25719369088567701,-0.06555478089049642
1349,-0.13602087349529687,0.082289916921877954
1350,-0.11560334733675111,-0.16736165313109813
1351,-0.16062671300384598,-0.077781138520192403
1352,-0.29298272526567193,0.0083455692338757943
1353,-0.15589673468574491,0.062211395657125503
1354,0.024782285148488098,0.22021853738162717
1355,0.11327969350872137,-0.12660658142062206
1356,0.044832090795480437,-0.063867490322994006
1357,-0.073820602633832735,0.10186188278077812
1358,-0.025793281382809126,-0.09676999201197764
1359,-0.14222843929699019,0.15656643860700067
1360,-0.039494344949569819,-0.052249398163134182
1361,0.020775083504875263,-0.19309328957501068
1362,-0.30363433050473482,0.45987472527979689
1363,0.052178419239640367,0.40236043370570418
1364,0.16249361321305619,-0.061276760944180608
1365,0.04945339838458223,0.10457823421876924
1366,0.29388969599824577,0.37605196195653501
1367,-0.069183490185180135,0.051114042573041751
1368,-0.0041445487960155881,-0.04176860204601042
1369,0.32911571899471936,0.38708332164308434
1370,-0.16984312709904037,0.04781827488736707
1371,-0.046085292584091567,-0.33664231792359373
1372,0.16213200049770657,-0.1469280491231604
1373,0.10041910414626161,-0.15161678770991066
1374,0.13511355629636754,-0.12131686486162445
1375,-0.081275680758094382,-0.13283903676941461
1376,-0.074036770200596486,-0.06815923473856593
1377,0.11765495217366939,0.042309179476227449
1378,0.15333439579165001,-0.15154578371210586
1379,0.023339909291015593,-0.1580372604437465
1380,-0.19263952016437577,-0.082847754874297325
1381,-3.3758345001033822e-05,-0.004229986433464096
1382,0.0073210913152637848,-0.090288768789654555
1383,-0.20861446838947612,-0.51451460037624752
1384,-0.0081494667524202521,-0.14873137682955662
1385,0.011272502526666336,0.26757543007750412
1386,0.04311757246670779,-0.064234870857390811
1387,0.10472247309249938,0.14935912466714257
1388,-0.029898459178155985,0.17510287448542244
1389,0.15557188428098762,-0.13696439720626838
1390,0.16135965434072805,0.058285113035560845
1391,0.051868399941393126,0.078022310968276554
1392,0.29521947001214216,0.038492236128787313
1393,0.13656368446599623,-0.027272898875521444
1394,0.10614797323799405,-0.24458549186528411
1395,0.39941278788044882,-0.026296563634809547
1396,0.14107261888989311,-0.034756631701731586
1397,-0.028723527412212461,-0.21829696515402613
1398,0.011568288734016633,0.075721987672721189
1399,-0.18367015527911668,0.18534408963848004
1400,0.048310390117103051,0.12848079691893674
1401,0.28549535678340215,0.23364696130462465
1402,-0.039426744462951843,0.19239744688300009
1403,-0.13312761211073304,-0.017716569663419737
1404,-0.14241229958453494,-0.018497913046820927
1405,-0.25051862947421755,0.12081842609539924
1406,0.067034594073278594,0.079768690393326763
1407,0.14605835533371797,0.09254446777324675
1408,-0.15215737197889831,0.17875524930005982
1409,-0.12854106302496945,0.0023182253600805805
1410,0.091580200548750657,-0.1290888546002584
1411,0.13770257035717026,-0.12718884983607048
1412,-0.0019030712910394626,-0.081643237126104856
1413,-0.0059453643492649224,-0.034952259281075385
1414,0.15749808465642037,0.088722644782333618
1415,0.31777656911133489,0.13163444337834918
1416,0.14691464787299963,0.13462114095645844
1417,-0.19881032027749831,0.27999791799827023
1418,-0.24987441535710564,0.2237598836234394
1419,0.039676535843076961,0.13940596160989863
1420,0.089484843767693251,0.15014357147544596
1421,-0.02059242955894295,-0.020092543467349532
1422,0.040786835282083489,-0.12155687099399426
1423,0.20052310768364032,0.020993209386158646
1424,0.19402572528765188,-0.0020964766521834035
1425,-0.25246596211794925,0.088095705469686217
1426,-0.16014646960191248,0.14825961510418678
1427,0.37084217703302119,-0.02207455761427235
1428,0.13163904631395784,-0.031304396883062517
1429,-0.034412298917979638,-0.022205312446138187
1430,0.28071122198139231,-0.18085719705500608
1431,0.17991393805048614,-0.073837395619363186
1432,0.036531296385934206,0.051767042612541184
1433,-0.057233151699101065,-0.12210832961620491
1434,-0.20617030993250796,-0.1267100836348542
1435,-0.096461164837898405,-0.013564604256641027
1436,-0.025711041019126676,-0.098837185721386778
1437,0.0056728756686039369,-0.029359807278157408
1438,-0.056282643879252962,0.023733652269534639
1439,-0.054946873247790518,-0.14239664455923517
1440,0.1087883945146422,-0.090319078603012234
1441,-0.061162756838265081,0.19696232078305881
1442,-0.032196977916332747,0.18466422075841404
1443,0.18662477663881455,-0.011192027571614433
1444,0.005126747292729314,0.05357587067615175
1445,-0.11209789403625908,0.097152721182909726
1446,0.0075674730453085745,-0.031437827026070737
1447,-0.14428191256086753,-0.091942058844370497
1448,-0.064686435347616256,-0.09987322698892874
1449,0.0069324906028383326,-0.084772881987070989
1450,0.017861367705794107,-0.19318769132038713
1451,-0.0047129067349566331,-0.23112432460181442
1452,0.091100820477702391,-0.099783993988800668
1453,0.26544776454167723,0.12706081142765349
1454,0.066510455297621451,0.10542559900116984
1455,-0.088834318784290434,-0.028332709962790147
1456,0.091986255406029907,-0.11870357816807139
1457,-0.061327281488428712,-0.096387832724658479
1458,-0.058417124988186742,0.071736799573040716
1459,0.18227854059172691,0.23533194225848347
1460,-0.010461477107347674,0.091460146352957905
1461,-0.1695175919327222,-0.040537097174410439
1462,0.081487357984338704,0.080120379192916105
1463,0.21775334945186722,0.057522700314703204
1464,-0.099176263902067394,-0.18099114134968261
1465,-0.15077031223173237,-0.026509914693876549
1466,-0.038366244465683534,0.24398829704248098
1467,0.01952147830942157,0.060852763209309824
1468,0.074444552924164797,-0.035188351501665591
1469,-0.014577243326565169,-0.049679016946165902
1470,-0.014429658892060115,-0.094765626812763237
1471,0.21885987695853662,-0.11591026693815566
1472,0.0034672866706529871,-0.29759822464557956
1473,-0.097287334470126843,0.1877362623178063
1474,0.075236099729803566,0.36047289405852345
1475,0.057687107271483136,-0.29781546091876254
1476,0.12619970906092765,0.060768813003151671
1477,0.22143065526534889,0.25491243073894843
1478,-0.020563960065043425,-0.29584282668838607
1479,0.054922770022971176,-0.10988014876052672
1480,0.24036284628844423,-0.11995101359268713
1481,-0.014082318465121089,-0.17608350120820762
1482,-0.099493779876880448,0.15971665771536156
1483,0.031214660339724327,-0.062445916882064648
1484,-0.13843748183926019,-0.17879682391530788
1485,-0.16200899891653736,-0.061698867165735242
1486,0.06430557794722859,0.075824418570369284
1487,-0.16538072971513179,0.32773659304786595
1488,-0.11604580833872448,-0.0022841166493848021
1489,0.082823552980119383,-0.11746120437082427
1490,0.14738736239737971,0.11094583544081982
1491,0.25510707584911568,-0.0038958248571675743
1492,0.092025396764824519,-0.0029851309689490381
1493,0.023715622722550671,-0.0049214760794069777
1494,0.11869528705160848,-0.074589547294372602
1495,-0.23873149418138345,-0.10983836008027062
1496,-0.092854647436596355,-0.42591300412049088
1497,0.26861704170589767,-0.21039370014106196
1498,-0.21900913191578575,0.13702867921576145
1499,-0.307870501231995,-0.26242338916686192
1500,0.24745220212277227,-0.21723871246227727
1501,0.18250515216653956,0.14303822149911824
1502,-0.03895824604638596,-0.07028222824186936
1503,-0.19468772734839188,-0.05936833320454659
1504,-0.18155018996218514,-0.0017311403891036394
1505,0.14620970988989884,-0.14731472692758191
1506,0.11726799256757431,-0.082770492314751837
1507,-0.077802780459749116,0.18287352128072598
1508,0.15359203183264411,0.28964579687015124
1509,0.11844263218923713,0.075556640477102283
1510,0.060430342561929612,-0.14169527741361954
1511,0.019374946241856348,-0.024718082525333897
1512,-0.24345178319091534,0.049785658789014746
1513,-0.045951796961237981,-0.032248976024278495
1514,0.031594350757408532,-0.16393086129673162
1515,-0.13159925598826269,-0.030071332565960805
1516,0.20677102869868183,0.30509166107996433
1517,0.033820551744782136,0.19592391763396191
1518,-0.17198417534692775,0.12474612720044242
1519,-0.01187148446214677,0.17232683239579835
1520,0.009815019626849459,-0.083157273304045876
1521,0.051132280909111892,-0.087964893727945359
1522,0.031618052308220873,-0.10259010389147313
1523,-0.093778874716797245,-0.36015976815684625
1524,-0.057556281558047949,-0.1519638274785573
1525,0.087305288224823238,0.065533315071409262
1526,0.03170136205338648,-0.034502026009703757
1527,-0.11169586698267299,-0.17144028413097268
1528,-0.13428863930911036,-0.036770124008505552
1529,-0.17013657984407643,0.043117809755772271
1530,-0.0076533922389627231,-0.053425779847263363
1531,0.14402127549741836,-0.018502964012160582
1532,0.049666259119818111,-0.24845193723499753
1533,0.061924578575901335,-0.36441987697185857
1534,-0.15512269150451674,0.093204097078016537
1535,-0.29697609458822644,0.080027451071321129
1536,0.13944849041820362,-0.047327817846188613
1537,0.288055638693065,-0.0068048428699018868
1538,0.13208550089031315,-0.17886428058050563
1539,0.10444880490515446,0.005942221998411084
1540,0.11094999042915323,-0.2060590856896149
1541,0.0609707233441329,-0.27543217601281655
1542,-0.14371429088170193,0.20663501523315841
1543,-0.0880600210063891,0.049862352903268278
1544,0.18020765660981006,-0.11586202637998695
1545,0.019575775963308006,0.085099754342021855
1546,-0.050372742210338016,-0.076717487650911423
1547,0.17367811188923885,0.030080094640305654
1548,0.11461194352940224,0.1146862796139759
1549,-0.085104316167706306,-0.086804369193985875
1550,-0.004959798799745431,0.030564378780884999
1551,0.10034512741159458,0.13906988965359715
1552,0.069967959137946401,0.12147850168232657
1553,-0.12051463982534208,0.26670543269865854
1554,-0.25954469091646615,0.29399795300101722
1555,-0.035806484021986926,0.030378737391998034
1556,0.11423443521428985,0.014708230658640326
1557,0.1190947092343701,0.042314679772494861
1558,0.096226866852744813,-0.22338367023715797
1559,-0.28856578260007615,-0.19993873796176465
1560,-0.23361492190617422,0.047171803509420566
1561,0.3532281290385042,0.022697149939133399
1562,0.19907880465646208,-0.17339998698564435
1563,0.26725269956550957,-0.21523279743119933
1564,0.37750827821559224,-0.070002892388881591
1565,-0.0030235651907322479,0.15860203506162027
1566,-0.10406463905367547,0.051323203778224372
1567,0.1242978607422541,-0.048572469012266889
1568,0.1946015206606892,0.026359555161583909
1569,0.017691852167881363,0.022491734220783217
1570,0.014444763371676883,0.1022615560854144
1571,0.12499011923033809,0.17031950938116389
1572,-0.059876954428266904,-0.15422537004791631
1573,0.077574600800873722,-0.33384795831878633
1574,0.29917914858487199,-0.17995424046903943
1575,0.026497911262311297,-0.22617848583049674
1576,-0.074935282500957989,-0.0081015244599498201
1577,-0.01856593308217477,0.016027461502407421
1578,-0.10589170983727887,-0.19698432680783909
1579,0.14119863538015892,0.038424734926533935
1580,0.38254794719746449,0.13538903577199668
1581,0.17630541795678992,-0.039575622094775914
1582,-0.16835330914822327,-0.10224112261664124
1583,-0.079209966451012193,-0.064626253347879623
1584,0.16940971387388729,-0.065649389390689622
1585,0.12071664087022474,-0.35138627352689311
1586,0.056055750352475703,-0.12223971152478219
1587,0.16360784770273318,0.14876838363263267
1588,0.16651576583773575,-0.030928270220914007
1589,-0.0074426161856590446,0.26465761326901244
1590,-0.17493872940277061,0.39187481189547774
1591,-0.3408083066489303,0.0054107758276155382
1592,0.00013473858270589278,-0.13961946881950638
1593,0.27815856555188195,-0.21788654281508366
1594,0.059169178105703636,0.026084378943657782
1595,0.1963986093288361,0.165945120849044
1596,0.13152733509859207,0.016254117874756127
1597,-0.1981050119001424,-0.011543547439987634
1598,0.008837851506619877,-0.12506466044640135
1599,-0.20245267591863242,0.11261909775842061
1600,-0.23924551170697361,0.24120863745557672
1601,0.43267380661275079,0.041729343459635249
1602,0.057237620693031191,-0.096460929818353566
1603,-0.38436147195988379,-0.18999737407087849
1604,-0.21043566963074356,-0.17903748369540237
1605,-0.089992480410798964,-0.13739286089198643
1606,0.14039567002445485,-0.11791034666563696
1607,0.02746821227275624,-0.16147687340681344
1608,-0.026561857306971696,-0.30662149661323052
1609,-0.092466833927600689,-0.1685231026460268
1610,-0.20175397431467088,0.036383543844647481
1611,0.10960065054084631,0.10499561319466712
1612,0.073305824084150512,0.032339356168794797
1613,-0.087203229643199667,-0.089697833197276478
1614,0.095963143665354786,-0.016074668958179522
1615,-0.1313653188221115,-0.18402401053387263
1616,0.062337895578201817,-0.0042684528204246699
1617,0.19214087901675334,0.018480731480549198
1618,-0.4696178069235748,-0.29532987631258073
1619,-0.41537550827314651,0.063184356778193757
1620,0.072309516926526402,0.13681930148797131
1621,-0.12539602590122501,0.038770520923240959
1622,-0.37327232126666188,0.27238360788284466
1623,-0.041955044901935197,-0.084723569019498998
1624,0.027667008572812242,-0.04221325995338495
1625,-0.36133834397380299,0.28970678872590455
1626,-0.052499093557927451,-0.16075775533958342
1627,0.33466330330736088,-0.09722856454176694
1628,0.14205469625136413,0.16378136416017397
1629,0.15323763838811674,0.063232520617338611
1630,0.14490288019706746,0.11640139992713912
1631,0.14503831833080627,-0.13438558281985302
1632,0.076604404621311892,-0.11081801139634703
1633,-0.05330708541721587,0.1449978670484682
1634,0.15639361682333439,0.19778833832891768
1635,0.14232044583772135,0.01964790924689902
1636,0.097816455400173793,-0.17845260428313936
1637,-0.35700775904316728,0.17169613351436958
1638,-0.082258520748602737,0.089578811999820804
1639,-0.003359901912075778,0.1935538515038652
1640,-0.36421616051881295,-0.10176219174691363
1641,0.12339438785994095,0.059978454157596818
1642,0.11394062696802938,0.27540937564163731
1643,-0.3197913260818932,-0.025094504420153953
1644,-0.10389582566006721,-0.12581277695486742
1645,-0.093131866430947424,0.052812888082762521
1646,-0.13333589233620485,0.055967824457862067
1647,0.2359679998805046,-0.11312854276888902
1648,0.23423788719005043,-0.025104748993831465
1649,-0.054271479919297511,0.13137170441577894
1650,-0.059677554474149005,-0.12031146511447574
1651,-0.10339876352529041,-0.008937297494180832
1652,-0.11798547937410575,0.15658511834475949
1653,-0.15258798929632109,0.010024612066134987
1654,-0.18024607974541834,0.10470787998361572
1655,0.25403403081436632,0.027880776507724941
1656,0.25104882723230121,-0.17383622277551733
1657,-0.13142405455375014,-0.11710328065337615
1658,-0.0087106780796883422,0.049619141037870712
1659,0.06320385692895604,0.010298775488873684
1660,-0.040236933722090432,-0.055411832301045273
1661,-0.17858086350388688,0.13611972852699572
1662,-0.3794394142174401,0.15179758261749096
1663,-0.18286841321508576,-0.084573522857451705
1664,-0.053067791058313649,0.049514202731435558
1665,-0.066189589422691736,0.069088132322472351
1666,0.15146496629848699,-0.027361212989289875
1667,0.17361581745002566,0.18087515742378929
1668,0.219358525909923,-0.03123895200455868
1669,0.12603725515859959,-0.19387779319535881
1670,0.12697842235543563,0.062247731782733857
1671,0.23149409095880949,-0.060437439698006828
1672,0.07113414602856033,-0.01239506731095744
1673,-0.014967200083020854,0.18758926310144031
1674,0.09321082151516584,-0.082556839544895386
1675,-0.03786337361936043,0.0061301932540658889
1676,-0.0077904519561500934,0.23512316245990669
1677,-0.041935549304769143,-0.06156647035180831
1678,0.00059090286440655147,0.070369905403381852
1679,0.17180894313568515,0.20745234490839551
1680,-0.10163292360050988,-0.13703559721551484
1681,-0.25691961178474215,-0.076833292767714126
1682,0.11284961069324149,0.1699877524192418
1683,0.12509401179735033,0.10676380079753295
1684,-0.022659530993063701,0.061792828248134812
1685,0.14671718540731538,0.024169832067399387
1686,-0.032377515785763589,-0.070099491395795938
1687,-0.24596299973638386,-0.099376307697472729
1688,-0.027576599883203736,-0.13461546399821053
1689,0.022798403794936799,-0.1690406600529234
1690,0.16613968079905325,-0.037828703398741163
1691,0.31945465673676471,0.21307560020515548
1692,0.060382635997923109,0.079870463917917828
1693,-0.088496931808169199,0.031815762996243828
1694,0.028330867711874048,0.056820332702778656
1695,0.21101369860782476,-0.21500022961464055
1696,0.1091005131035022,-0.11125325391848748
1697,-0.19161276518592835,-0.0035260748793844512
1698,-0.03439772686801728,0.070582621206511417
1699,-0.037751773397008824,-0.020143685828338739
1700,0.072832468133028752,-0.34568115711593556
1701,0.16136940780120521,-0.11065667987576513
1702,-0.30257557393509327,0.03804399472478192
1703,-0.25250875777818638,-0.18009148374933548
1704,0.086092866044597788,-0.020530536622685034
1705,-0.16561509592750773,-0.14657976989653984
1706,0.026081046432590304,-0.18965811905162436
1707,0.22022584299655457,0.051582436553753344
1708,0.02042388707010355,-0.098551128853407388
1709,-0.065751338245289892,0.037189709164298403
1710,-0.22117281776018718,0.25848124106467052
1711,-0.25806872098961436,0.081616273600310332
1712,0.022754157013913517,-0.12532406010925609
1713,0.23797559253932626,-0.30863150735801154
1714,0.09669951810101822,-0.024985153077169819
1715,0.0019034967325702815,0.20253518616138899
1716,0.010547166042550965,0.028510841970608311
1717,0.046601860753268186,-0.1504961454896114
1718,0.15924547800419797,-0.24790329017568569
1719,0.18719447563434977,0.019131140543050436
1720,0.25233647284041261,0.18143917750030644
1721,0.25249100081812226,0.063112236705002892
1722,0.11672716841799138,0.12705190058091548
1723,0.034583708431844148,-0.018840123706817119
1724,0.11828867008275445,-0.18990938377692784
1725,-0.064349683816860292,0.05470543162527057
1726,-0.27006257122096783,0.030876992384045503
1727,-0.05085519217432876,-0.25049470112111283
1728,0.12998759537875051,-0.19923999890139776
1729,-0.071349311982180294,0.012241818832227608
1730,-0.072431533241697682,0.2611196129822147
1731,0.019125569516595709,0.095779921726677833
1732,-0.089325613006246044,-0.1798507968161781
1733,0.080454257126415574,-0.039278560585445377
1734,0.26050535239654282,0.046350209296429669
1735,0.24427556961186317,-0.0098770645378086722
1736,0.14597904955088606,-0.083662982023039151
1737,-0.10551375900048571,-0.24208034675927287
1738,0.10817086790813339,-0.035072856859007927
1739,0.16785914954370243,0.1141012344773073
1740,-0.17656478870083567,-0.034142101341930943
1741,0.0071871020018173075,-0.0021941780091264268
1742,0.068061830856417219,-0.13211015085092637
1743,-0.23327179078534122,-0.27749388022339644
1744,-0.39218420908628748,-0.13188174538346456
1745,-0.071123107831822963,0.0018804009332879191
1746,0.38120224466816083,0.076561092258337418
1747,0.24742969647001939,0.051639238395824752
1748,0.062812291563583131,0.26650500437374514
1749,0.12940884268295152,0.21233002837612835
1750,0.055862202275054042,-0.074931070730250876
1751,-0.043282193091458435,0.16309553310965288
1752,-0.1027791888127256,0.01000992360342982
1753,-0.11354966729939829,-0.32326864734022692
1754,0.020474932852675279,0.12231676165871129
1755,0.024140069622618523,-0.18989351280809924
1756,-0.19947038940666115,-0.2948856730835116
1757,-0.15889186795960492,0.10959042455442625
1758,0.070202706262988565,-0.31864555132907729
1759,0.0021171756045878527,-0.076083612810250473
1760,-0.16817031821265138,0.33532705888403536
1761,-0.048707160038659977,-0.14928753781717502
1762,-0.024915693965135127,-0.1387675697763617
1763,-0.083644558687725204,-0.053422670165856209
1764,0.037987996822030717,0.03317460340240859
1765,-0.0047734200494314073,0.22081691876941914
1766,-0.048584724580286814,0.09865343956579245
1767,0.061347717589284027,0.28558914780971495
1768,0.26066327206571605,0.16394271693134344
1769,0.21640231882221111,-0.16000303853169431
1770,0.040834351401434835,0.2197120502547901
1771,-0.048088636004382401,0.18685506744686914
1772,-0.078991136192269787,-0.14827591487874109
1773,-0.11621713206993974,0.1948492493227042
1774,-0.13155273877103987,0.06621836232062403
1775,-0.081253053588776991,-0.24387841066980434
1776,-0.12708898653620343,-0.035517396333254542
1777,-0.21028251999080302,0.10685185984017381
1778,-0.15912132742341095,0.064224267907715696
1779,-0.061326941282491616,-0.063444554242276019
1780,0.2029688687179044,-0.010549399697135892
1781,0.28603569490171166,0.12772430806392529
1782,-0.085383470601078704,-0.14952810713257575
1783,-0.18966945774506214,-0.13906392440671531
1784,0.056268411879438464,0.14138571453313217
1785,0.23090478820571705,0.043275099095825241
1786,0.090727435605274756,0.045983117103937564
1787,-0.3425277837116229,0.15411109233089046
1788,-0.33130210670671045,0.039645886045296147
1789,0.094413891506487338,0.0013924130582066759
1790,0.13615816665582006,0.0020945674607582999
1791,0.055219963574090529,0.071485962287934635
1792,0.049342330594838744,0.13232932598771485
1793,0.13540801470729494,0.077120358997385188
1794,0.25959232587845371,0.049179868030874832
1795,-0.047977676311653922,-0.22703484477656657
1796,-0.23967489513317108,-0.26443242204057055
1797,-0.012502510548546147,0.016965648258084061
1798,0.16572852190541665,0.1487414417345122
1799,0.11239194082697254,0.022963323768714669
1800,0.16159067740904401,-0.074639397953989786
1801,0.24050634829713119,0.063869479693044226
1802,0.068854402404744983,-0.070816604318639009
1803,-0.082591955210174428,-0.17867710270594214
1804,0.00068172493002372457,0.065563239140740928
1805,-0.0015152258633152624,0.018111425462606561
1806,-0.051932368722648357,0.069634810655099452
1807,0.067139154450261682,0.28314608285530163
1808,-0.12797604847382699,-0.041594161916141473
1809,-0.31181610022622563,-0.11758331348336028
1810,-0.00093773613814108342,0.088169522057484753
1811,0.22154065946492679,-0.16750489503044372
1812,0.085880551202025562,-0.15588455725206751
1813,0.11031974631091118,0.097775630932355459
1814,-0.070433204701209229,0.22186841277708602
1815,-0.11735773903341738,0.12271035147746162
1816,0.11101178079134179,-0.066977492371101371
1817,-0.12748362963790394,0.031425370805920588
1818,-0.13908562906419278,0.25392028907834319
1819,0.092534463321408938,0.25125985715141957
1820,0.029076607045098915,0.29964891670881094
1821,0.19513332536712003,0.33905600598496632
1822,0.16793656297243165,0.2256823853799835
1823,-0.19372931701458951,0.26291538621366617
1824,-0.14081453166069832,0.23656435442060789
1825,0.03685005861430294,-0.06306743863114439
1826,0.021360873960800671,0.02987658152906239
1827,-0.083163921681132916,0.33383126075551101
1828,-0.20739045745127277,0.091232585428671242
1829,0.055236257186583163,-0.15239754789697429
1830,0.15783637517903631,0.14143779472408707
1831,-0.12539816045293195,0.089841749102007179
1832,0.024390222049960678,-0.20256237796488552
1833,0.10592764066026882,-0.088353760471692036
1834,-0.050677296660968457,0.13445799266286695
1835,-0.093072756195463666,0.1863703814847584
1836,-0.18077668772816102,-0.27242143419810805
1837,-0.15024186389360311,-0.38440411127290769
1838,-0.21534284191162842,0.20737918103435163
1839,-0.16802043854445547,0.10752781218678371
1840,0.2434490422318798,-0.38767234562407404
1841,0.14873062249865202,-0.29306472221265212
1842,-0.1768686191462466,0.14427037744439872
1843,0.0022557396648692669,0.13628786043714725
1844,0.21071304575119817,-0.015518705996550905
1845,0.15121920582398979,0.14617731521349858
1846,-0.13243517799186535,0.091765119756971797
1847,-0.31398451907955277,-0.19031755912423806
1848,-0.36035571924833715,0.079847768547513992
1849,-0.11325122228611782,0.21096294888143546
1850,0.13135583218241167,0.025081813634253124
1851,0.085324800429155676,0.015762063358669334
1852,0.03524769413926649,0.085919108719801879
1853,-0.11683476655999228,0.075108631092745293
1854,-0.25896023157864434,-0.0087320681264452561
1855,0.1317561910697847,0.27972788288263867
1856,0.097521939132586943,0.38296508190894812
1857,-0.18970342129735435,-0.15040829416889168
1858,0.066130666553709375,0.057220602013967427
1859,0.02104422879871172,0.18641703459183659
1860,-0.082881229315202268,-0.16103014592895065
1861,-0.05296001366893123,0.28346051372491882
1862,-0.28051879866803658,0.35935124092204651
1863,-0.076749057663451567,-0.11601496651078366
1864,0.20098225859017763,-0.026593871436492427
1865,0.23505897938647688,0.07431195367091406
1866,0.1545568046777189,-0.06401004270561611
1867,0.1569001331413464,-0.057378947521529569
1868,0.0022265927548976855,0.043139702915665198
1869,-0.065595495515377231,0.039939534932978159
1870,0.1164106353601327,-0.036235764377527784
1871,0.0035388775330603642,0.060466702010049986
1872,-0.029084219371522828,-0.06471032821444013
1873,0.30027681954213825,-0.25662529029853248
1874,0.11938834540296678,-0.062948002083158816
1875,-0.076039797953676574,-0.051671796296275462
1876,-0.0087229880682172384,0.18294225100803621
1877,-0.0036059925597774507,0.19046204663316246
1878,0.21021353812914101,-0.030020791341621885
1879,-0.021640654045797496,-0.019364422806367697
1880,-0.0020012654402233503,0.19469667122593701
1881,0.36957891283463046,0.20606133202179364
1882,0.11372873589507866,-0.21289375049763604
1883,0.029724417856713939,-0.09863228348909292
1884,0.063183198247783817,0.17918307782580042
1885,-0.11888890568143512,-0.097766344381050502
1886,0.051482729388570021,0.26975859354744974
1887,0.23071130071358015,0.47378965213306806
1888,0.26485534025085328,0.18780993485537248
1889,-0.0097144190832727413,0.16523460508521651
1890,-0.095542674284051138,-0.27981890445872237
1891,0.089913931685578333,-0.22044256271933538
1892,-0.17624539311173676,0.068530132707356819
1893,-0.16605012411319436,-0.3857710632997523
1894,-0.09760232612230213,-0.092643539728379409
1895,-0.18824159218151634,0.016516515452613467
1896,0.12640231761776266,-0.36609724733980958
1897,-0.062302750230978761,0.13720673533414932
1898,-0.27139451474851978,0.14268969852426075
1899,0.045316411637848386,-0.30174414851407383
1900,0.12682285091546555,-0.079269747774063828
1901,-0.048107639012900202,-0.083319391797340533
1902,-0.065834931048822778,-0.13754090782754888
1903,0.13305258696762856,0.22855990994701517
1904,-0.0024201814747963814,0.2362166184807353
1905,-0.14258733115634975,-0.079891223156582064
1906,0.13645795454539367,-0.040173340826846211
1907,0.015109194636058355,-0.091212225981766273
1908,-0.16103083990592493,-0.13842200645803282
1909,-0.015583587236460604,-0.15438342771862662
1910,-0.10791008701902204,-0.17487602997853274
1911,0.014795119554047954,0.24086538403397112
1912,0.18106944744089876,0.22457096867822629
1913,0.14420462759235125,-0.13004855340939731
1914,-0.010086634667173383,0.014342216698129583
1915,-0.03963242982053361,0.072780736134042234
1916,0.051050750854802721,-0.0033941686925339602
1917,-0.15941943170108266,-0.18730024524343963
1918,-0.14251113654443728,-0.39463794257942514
1919,0.099568632325608794,-0.20409846705047907
1920,-0.056139994340585725,-0.040054542236531793
1921,-0.059524422216541917,-0.041533848970356418
1922,0.021542861378134617,0.15083813144664968
1923,-0.18376931540553196,0.17630934947840235
1924,0.062477840858344763,0.19123848257828013
1925,-0.084776184636361704,-0.026067086834428849
1926,0.083259538833440228,-0.048992519120538904
1927,-0.035648014757187929,-0.091464984947649985
1928,-0.20186500769518623,0.15199431212620279
1929,-0.17288704739774605,-0.036612422322566937
1930,0.11781298177161406,-0.0033345829497289231
1931,0.037662431253207215,0.22177352808156908
1932,-0.12448815332147981,-0.010711229341644162
1933,0.26233793063253086,-0.09481688892041007
1934,0.24658552215809731,0.058083293163184946
1935,-0.11995269885013414,0.013400817955827874
1936,-0.10183808622020282,-0.18143568615347119
1937,-0.0058693062421298434,-0.29794548796042586
1938,0.005493407845395773,0.081489827918088981
1939,-0.064336558623051279,0.1319168037214421
1940,-0.032239135971025637,-0.21851389272373745
1941,0.13965854018731896,0.061522973684204632
1942,-0.17753526520007742,0.2091758174855366
1943,-0.16445380291631925,-0.22530587253756407
1944,0.11250821382445141,-0.15788142585355344
1945,0.03729155052864639,0.069999801647139467
1946,0.012651895687145295,-0.0098072459163477659
1947,0.091280307280666412,-0.15982196064668303
1948,0.051641952738507538,-0.042021015765363018
1949,0.073248333152020131,0.10276029237491509
1950,-0.033973704222346218,-0.20319471311504098
1951,0.022890425426680808,-0.27835967417527657
1952,0.025187476301093806,-0.13182167720523724
1953,-0.09212317523322211,0.02778366373730181
1954,0.10023734876864368,0.19560993239964408
1955,0.061988261615487664,-0.029322381623963539
1956,-0.049150635702306072,-0.20768037650305229
1957,0.095667992607641861,-0.027482220149292764
1958,0.25211781657064647,0.070875465298086859
1959,0.22563510894696573,0.11650595652310042
1960,-0.022795860002980062,0.096410164674375576
1961,-0.016778141216317419,0.19945389744140776
1962,-0.045907538628831984,0.41021516339762493
1963,-0.22382902256644618,0.3260904467948148
1964,0.014732974692934345,0.071193660696859298
1965,0.084042659512762866,-0.067279853538524212
1966,-0.19517204004209304,0.035646170052096908
1967,0.15546306534774884,0.25673621427427512
1968,0.24857775883458988,-0.011724068831443857
1969,0.042797823867710159,-0.12372852629304155
1970,0.074531291372578745,0.13433210793061465
1971,-0.021515961354855111,0.038776141766230371
1972,-0.026693102410523611,-0.046635561009006732
1973,0.097656154410819151,-0.10903597794778265
1974,-0.14002194658505071,-0.29615615999017952
1975,-0.13705291353564084,-0.010411767333380124
1976,-0.010146791964392355,0.048678426226946694
1977,0.074449323438168083,0.0088609226114794055
1978,0.16186206099881306,0.057950300913102902
1979,-0.012022948964290741,0.04239489641492597
1980,-0.031018740866102429,0.14360738790108368
1981,0.22811136302617174,-0.045291145455774402
1982,0.017157141935956348,-0.2493857718821603
1983,-0.11164914563943618,0.068361067121694152
1984,-0.063325098225733137,0.10508467899366222
1985,-0.081685742668574354,-0.053828831313216627
1986,0.058533767477391641,-0.02992365208937359
1987,0.11776153414218035,-0.097781106259988579
1988,-0.123495053130844,0.04702424866894267
1989,-0.30047368133269287,0.042275704819274736
1990,0.15701842549721606,-0.089633468554165832
1991,0.28201486013051946,0.098081623954510616
1992,0.01185006021251693,0.046398732357685428
1993,-0.0032002893078435929,-0.036942923560965374
1994,-0.061627288981645947,-0.028086614328950377
1995,-0.2530255519653945,-0.12947424441528893
1996,-0.098629197873998278,0.021346099654750983
1997,0.010965383037328686,0.10547918178086393
1998,-0.14709771776172992,-0.198235161464897
1999,-0.14017875236267344,-0.099271715377377251
2000,-0.1095888353937864,0.23211742279929656
2001,0.048514725666849855,0.11197433575267121
2002,0.28013157870036021,0.053820625181318318
2003,0.0095019851586942324,0.22113214648062954
2004,-0.15841655766442114,0.12935731157020644
2005,-0.015560722510580018,0.10088892228762789
2006,-0.10672419262641415,0.18986236082659447
2007,-0.064848745714860906,0.10358566164976057
2008,0.018552153579596657,0.13584667215632465
2009,0.10078397594259353,0.12518217084179251
2010,0.12605469377227094,0.22790984132188793
2011,-0.15053204205148082,0.12568574319608664
2012,-0.18619386315284531,-0.30731230675605525
2013,-0.098924253371052123,-0.19912698411051244
2014,-0.10279668285989825,0.068033480399021851
2015,0.028259773412117748,0.14429367132761026
2016,0.14399470092672162,0.15022917078623255
2017,0.20457359109919443,-0.18431304552872615
2018,0.20117338165557366,-0.42660021955248967
2019,-0.13007552504914521,-0.33183807225658679
2020,-0.29421053751978427,-0.2201485104599015
2021,-0.08884907824401668,-0.037932249621897826
2022,0.20484875057777271,0.10506601224670303
2023,-0.19808953426910636,0.060786994554988948
2024,-0.41492223691513747,-0.039931316823637111
2025,0.17190925698147949,-0.012285978148955523
2026,0.26765687725548182,-0.09922930563326525
2027,0.097941983087329224,-0.064333820712294321
2028,0.17282172499370951,0.14255250895748242
2029,-0.12552934790910419,0.16711518867503913
2030,-0.01044389614651476,0.14029919246657813
2031,0.41075083423650799,0.1984525332245386
2032,0.399038545771496,0.14563297441232936
2033,0.04236506223262166,0.23799431975020419
2034,0.033000134401672307,0.19551840105465429
2035,0.069861686223687769,-0.015033690527274225
2036,0.064500649653420339,-0.062414512210946259
2037,0.16338222165974647,-0.1208734840091315
2038,0.033617910229644637,0.043802260650793165
2039,-0.13224494083398694,0.12826877825052602
2040,0.15837614827864308,0.024547882522280733
2041,-0.074925529523511614,0.018872770009873592
2042,-0.18180592035509913,0.11393539765811009
2043,0.4184379397323944,0.16056904476384318
2044,0.17529726244788352,0.14119620928309895
2045,-0.27188569836855997,0.18821700863548724
2046,0.028948811784528058,0.039973770125064458
2047,0.2538280036505729,-0.26623831526230712
2048,0.17612018793081752,-0.030954298461013462
2049,0.063530132589944319,0.0865033680420354
2050,0.10508278328729308,-0.19780224972748822
2051,0.15499147725231027,-0.063572346476611696
2052,0.028143285771632928,0.014202668526323585
2053,0.090818082377019382,-0.071511915244640831
2054,0.02877821962023799,-0.12261663406464379
2055,-0.27316366269859665,-0.10276276356047202
2056,-0.21758007130110957,0.031688540501760988
2057,0.012891855236681078,-0.23309095690680168
2058,-0.091618017270731225,-0.10077382236803097
2059,-0.061911153816125879,0.36535231295629428
2060,0.18067572875495022,0.19210599322314911
2061,0.0085188344541448115,0.1097264458318938
2062,-0.14440661898839191,-0.0036557190210849203
2063,0.0042311717694548589,-0.23787915885683139
2064,-0.13651229195380563,-0.12217201744819983
2065,0.05624703873492274,-0.0012779367275109269
2066,0.21958708797434318,-0.0088700413730226253
2067,0.020693757313476478,-0.018121408022297315
2068,0.1047952810730258,-0.063315505907663799
2069,-0.09571085370405219,-0.14726877619406264
2070,-0.34157769529886939,-0.065067155885496622
2071,-0.071647769490103874,0.13269725950853284
2072,0.087135728162861317,0.029098675997116207
2073,0.082558819070294123,-0.045076714526954595
2074,0.0085864498829326345,0.083428365417447956
2075,-0.2044267376380948,-0.12126606990400568
2076,-0.2420945644589298,-0.13267594939274582
2077,0.02420218080733768,-0.14163298861447507
2078,0.10757390974250861,-0.32038040657265926
2079,0.043931211656437069,-0.21733149617001396
2080,0.28377048771244306,-0.2046692677162901
2081,0.22651144170464346,-0.10754349582655923
2082,0.018437355804393849,0.16330849574312703
2083,0.13776842033825026,-0.12813530641655443
2084,0.056926807990258677,-0.34038490657831855
2085,-0.074185687156438834,0.1658686418866267
2086,-0.083207380595628821,0.24573245715427341
2087,-0.12417538633838635,-0.042178598173875051
2088,-0.048417014475814882,0.0047383014075880218
2089,0.08615806790322196,-0.1940389246141867
2090,0.35463906951994867,-0.30432466337868586
2091,0.18554827462351337,-0.12101916479451987
2092,-0.11807308005547443,-0.13691995800893209
2093,0.10039968565937049,0.13531044381335433
2094,0.13637320714773754,0.22390340234899761
2095,0.074608975862809665,-0.0039636998412981243
2096,0.048330651475539041,0.17145816707949194
2097,-0.18303332152719998,-0.10496707222146767
2098,0.040203554161850313,0.092369379149302475
2099,0.19259565772018586,0.57104431434285541
2100,-0.054953790198633841,-0.056368240540519858
2101,0.074084275811059391,-0.1951518614333205
2102,0.19674609578222935,-0.066668275569807242
2103,-0.017508780370028013,-0.24777031104374692
2104,-0.22381617475461058,0.15046430859751217
2105,-0.021449263690596073,-0.12074550935564002
2106,0.2287507904673988,-0.32385982518714901
2107,0.018332853019459874,-0.015785132553697925
2108,0.0056483859611806408,-0.33025696757463441
2109,0.028617381763242172,-0.27000838081646722
2110,-0.13799226348516755,-0.046885675122608064
2111,0.11027248908699613,-0.098584649329550744
2112,0.1299065199081296,0.13522452826468348
2113,-0.06559275650644647,-0.0073794042699771231
2114,-0.075171179990468878,0.00021277543338563175
2115,0.055007618108021933,0.077233403641125978
2116,0.20384609998303713,-0.26210238797670599
2117,-0.14954253351421867,-0.13236439616451104
2118,-0.27832982424348168,0.3169451307171175
2119,-0.0017512529968194482,0.18289684908925014
2120,-0.014074404946868723,-0.043604692190465755
2121,-0.082723876528088366,-0.12740458347142589
2122,0.0023822489563749358,0.18037293383336864
2123,-0.014532714880992167,0.022762029128379387
2124,-0.024195623917407316,-0.3465460627999189
2125,-0.098824338093520911,-0.16884438723296233
2126,0.20044964615430025,0.066597938111216504
2127,0.24852538913323968,-0.11622172699255166
2128,-0.14747746236339657,-0.098594714219809546
2129,0.021972560882931744,-0.059753773151666904
2130,0.19091808335646973,-0.030578413488441862
2131,0.036405398889285998,0.15583176181209091
2132,0.10598615537889913,0.086102736417673423
2133,-0.22955598969649191,0.087378068204416418
2134,-0.22990525838540543,0.042152104530866819
2135,0.052803860104389908,-0.29422918991528579
2136,-0.20808654865763609,-0.071444409073365689
2137,-0.028151862204957967,0.30127591603220916
2138,0.23530715479773306,0.12862234429419067
2139,0.032341900991083694,0.054821632297753324
2140,0.036456490984153267,0.14345078907955636
2141,-0.087541675038899092,0.24619554158650267
2142,-0.22673010891032158,0.16570526808888697
2143,0.07613136477503045,-0.26287745353056585
2144,0.11402354841177734,-0.45626053943487899
2145,0.060671174907345693,-0.012783206009886132
2146,0.12924057596260555,0.25755876607482264
2147,0.13293390380533848,0.18676658108194119
2148,-0.0085210133849436195,0.098090962055094988
2149,-0.10225295552697693,0.090338158155154127
2150,0.31861466110260062,0.048861764253507529
2151,0.26923071304529472,0.052730022725678193
2152,0.044639006072155915,-0.086521750527126295
2153,0.3264178788150382,0.018889850420854785
2154,0.19006801872736007,0.11599220768665652
2155,-0.050650805152153922,-0.077177871715583587
2156,0.22622709473339839,-0.13835279819504095
2157,-0.10565861654569172,0.0065098507702469402
2158,-0.34588629857746578,0.1348817312776048
2159,-0.030792151264077888,-0.17245131579319239
2160,0.14089680097803919,-0.10144036111292799
2161,0.014863271959057317,0.15197388492473379
2162,0.021669373850370523,-0.29581373145629047
2163,0.21971598496630909,-0.22346513252453659
2164,0.036361462998142011,0.031066239280258021
2165,0.089129932100092818,-0.24468619054368418
2166,0.17272030287463222,0.099644358157261956
2167,-0.15910120072300316,0.17801560245063805
2168,0.080773378595120418,-0.17331546130982156
2169,0.22108644350178319,0.1569769195487187
2170,-0.1962783191223906,0.11751842343496681
2171,0.016543937783648332,-0.10993209102070595
2172,0.057258792973997136,0.21567025830267286
2173,-0.031265598902358499,0.03225459934567719
2174,0.10292155782523552,-0.28837600988764545
2175,-0.14319887616279825,-0.20485810116044637
2176,0.0096528844424075382,-0.10648606287333383
2177,0.17468281657707549,-0.051301270945659949
2178,-0.31308961800508406,0.13484473486267071
2179,-0.0098202177086479745,0.21709998584904153
2180,0.37799705072435996,-0.069869280624994104
2181,0.026525449600684606,-0.098790399772703721
2182,0.03897436025123642,0.078140072825612764
2183,0.078877722676281195,-0.049425123270708263
2184,-0.14262450657489589,-0.20631924552488332
2185,0.022858149555260207,-0.16574436864710021
2186,0.03176815373669116,0.12389885762836865
2187,-0.2162160496481908,0.025527473395804443
2188,0.015364458605263673,-0.11920025242227643
2189,0.10509333109371115,0.25670432538839688
2190,-0.073340773253424932,0.18525482510909946
2191,-0.034751563585873349,-0.1235065243829354
2192,0.17304290012585799,-0.067463935315066281
2193,0.26649970690442071,-0.0083357840798299991
2194,-0.046072738092214044,0.026674237864144735
2195,-0.15840856183382526,-0.087116041494219254
2196,0.21207682351976628,-0.06559329553712856
2197,-0.071018439325379157,0.12797706979863105
2198,-0.23560476996321114,-0.17737495378544488
2199,0.21514456917452415,-0.18405771352483505
2200,0.16785500164655154,0.10758247072654724
2201,-0.093098273015856534,0.039577323693990543
2202,0.010882307273363763,0.00068555793245469359
2203,0.19593680254718021,0.062021639771116542
2204,0.031450456852724261,0.094014050633220769
2205,-0.096353238332360577,0.093424118304100634
2206,0.18763869304493108,-0.023081927894399001
2207,0.31069265921555389,0.0010693094475143529
2208,0.12365606994171516,-0.0074470560905046789
2209,-0.050553553479007703,-0.054472943226385635
2210,-0.2063968772807814,0.088915830588427128
2211,0.01159294002888217,0.087889939628873287
2212,0.17478043015335648,-0.064669653596277188
2213,-0.18542267093920883,-0.051306126648492462
2214,-0.26170222188480835,0.087576448138491289
2215,0.15311281280224293,0.32554421049829974
2216,-0.028414286285143149,-0.010468998508759335
2217,-0.14675234627997799,-0.14977431468534952
2218,0.23518367473385285,0.1518204304382455
2219,0.13896512845373488,0.068884609145497183
2220,-0.035128891301530497,0.0033728503019143149
2221,0.19703878594647009,0.20131834121996695
2222,0.36260377921729131,0.091832129276231592
2223,0.19865457572018988,0.067995551787944475
2224,-0.11036115225800015,0.0172306017726746
2225,-0.12729987586471669,0.032924647041753886
2226,-0.050968955427966582,0.34162593855655538
2227,0.097586104530518081,0.46213076724994195
2228,0.065559396664685868,0.28095658665111717
2229,-0.1692290863439565,-0.053792612997682898
2230,-0.15746321077864117,-0.17128129099291214
2231,0.18338534713621296,-0.039529750397475708
2232,0.14882391883131349,-0.17843794876166211
2233,0.012798912195489244,-0.14870859496497885
2234,0.0024481008747428146,0.096313787476165577
2235,-0.17845763273288653,-0.042872518663872664
2236,-0.25527088995982816,-0.16098222914407023
2237,0.025802368181417963,-0.095258522909478463
2238,0.090266651969086301,-0.083829406505751089
2239,-0.088310238387837289,-0.024667391868100907
2240,-0.12873354835687167,0.015380393607723824
2241,-0.066237408289472388,0.017518218566640792
2242,-0.12503581456206123,0.070315660468763627
2243,-0.17134227105363087,0.083440727847183205
2244,0.1487844027249503,0.047190272732340763
2245,0.16184401310067487,0.054936083593966303
2246,-0.14933784969713054,0.11476738002271634
2247,0.047719862784423146,-0.013619188594149432
2248,0.20336477976288733,-0.2420148630027506
2249,-0.01775363794113791,0.019072391423184013
2250,-0.14524048902608216,0.21541225094571634
2251,-0.12432068439425571,-0.21485574713852892
2252,-0.17550532427022633,-0.081400151719433475
2253,-0.23203668808825167,0.24804121847889496
2254,-0.0005705587621635394,-0.03956836349858002
2255,0.010443104045419184,-0.043423617639751062
2256,-0.14311362164452482,0.019697279737736807
2257,0.097561625234643234,0.016850394497522632
2258,0.38465561929229014,0.11465788063880925
2259,0.29059979630433674,0.025099939097246633
2260,-0.14561046580480427,0.0099992181209829032
2261,-0.29098204370789815,0.044865753320951392
2262,0.15051642916389885,-0.075159494700647964
2263,0.2411103241061254,-0.050676619398543357
2264,0.072363254692357548,-0.039251680810781626
2265,-0.0056451393172236861,-0.041071701415355502
2266,-0.11541521349472939,-0.063980252425158812
2267,0.21525449068376021,0.12584366671695896
2268,0.31504146350031748,0.2707791116003021
2269,-0.29695108067143394,-0.26679464311130346
2270,-0.31489847897196493,-0.092433101869562717
2271,-0.15213372908599646,0.24124969381060976
2272,-0.017822527144869045,-0.14642385677980657
2273,0.0058186934974587988,-0.061462774151791875
2274,-0.13542048467691861,0.043421599260437843
2275,0.061385028771406995,0.0049396079611716322
2276,0.077584555884479239,0.25219969997317154
2277,0.11789237447271116,-0.029701606879916277
2278,0.38997945259198008,-0.054029317098029855
2279,0.090544260769155158,0.14899689647027226
2280,-0.085276722846955436,-0.18384699487895359
2281,0.16233973240542679,-0.14003075081096944
2282,0.10079735717941471,0.065260154355315098
2283,0.057817257184218845,0.03577613782982296
2284,0.13587384253251455,0.075673410291029891
2285,0.17006743719381204,-0.13557188835206846
2286,0.15735298493960115,-0.143706095827252
2287,0.045533510468773582,0.16827442855101901
2288,-0.23010302464605159,0.050314495706197178
2289,-0.25799717910887143,-0.05794838117999758
2290,0.097823660734259632,0.13009606032564841
2291,0.12345542005847179,0.042363608617480619
2292,-0.045431985901242172,-0.034589231100835796
2293,-0.032917264407661469,0.050450544983493509
2294,0.021649967529118425,-0.21687523676492476
2295,0.10846316969946247,-0.2089853879645478
2296,0.023626796957922407,0.016875951384756154
2297,-0.1172052358992573,0.094116355871109572
2298,-0.070378899488266811,0.16395732442288916
2299,-0.022732919251220667,-0.024735334406446215
2300,-0.12055758340598156,0.047348948930563295
2301,-0.20551423983016257,0.34307990085734552
2302,0.022577303328823684,-0.17635619615812481
2303,0.070425902438782217,-0.36694899902562145
2304,-0.053378678645355879,0.14158621787604098
2305,-0.091839208237755002,0.13998118188279832
2306,-0.19753948884414529,-0.15126586007976597
2307,-0.022007708522480143,-0.10189597368396458
2308,0.22041870901634744,0.054709401702820723
2309,0.21165572544207467,0.1349859197412045
2310,0.17819108303806741,0.24899728453582404
2311,0.046392815774292551,0.20917775968029437
2312,0.12549130953913229,0.12132690492606689
2313,0.17838403013999751,0.11211216419847844
2314,0.0019923090235253165,-0.24067321942250752
2315,0.15333035464767741,-0.076684734490062689
2316,0.1890363051040416,0.14736861106568414
2317,0.1996950651568721,-0.052767170169035142
2318,0.2454178832862797,0.22586992251712573
2319,-0.12245564433317327,0.10735621912156396
2320,0.070709382797773696,-0.2993415909943497
2321,0.1236243366174346,0.12471246893131196
2322,-0.12768617086271972,0.1194758869619392
2323,0.010848863763364842,-0.24138672587663446
2324,-0.2173278581125509,0.012897733568253657
2325,-0.22326491012485886,0.063329260061548764
2326,0.13343396212015537,-0.060338227944405791
2327,0.10442485632168902,0.019681632770005581
2328,0.14236985529210749,0.074561769793018304
2329,-0.090691109922172913,-0.021071843474004173
2330,-0.15168756152950799,0.069785508750827396
2331,0.0100449162467175,0.12025846693157648
2332,0.0023657274953713036,-0.10552119955955551
2333,0.21177168949270023,0.095892395672941819
2334,0.25556978075867481,0.1930049061514395
2335,-0.002545143252669177,-0.12010218249118346
2336,-0.10710326611660217,-0.038566096281448352
2337,-0.076602878980515904,0.1140196353345041
2338,-0.008715861427862133,0.088438705478799992
2339,-0.015629147602685065,-0.042456499505219396
2340,-0.038794565276684269,2.8831095493398774e-05
2341,-0.049754825717684387,0.1486976498393891
2342,0.0098053602892513511,-0.20311883935516414
2343,0.056852262549834866,-0.048888761382335999
2344,-0.092488780897315048,0.15127269503516813
2345,-0.18174795595006701,-0.22466439209657632
2346,-0.048588374157825368,-0.044950074132697998
2347,0.0063855210925956099,0.024411781086529909
2348,-0.11799533127875536,0.16445880640202501
2349,-0.12658919832169402,0.43695758079264058
2350,0.22398736978708134,0.055708284045838885
2351,0.15988587023112866,0.13205432612449031
2352,-0.18276537567154846,0.26583991601501744
2353,0.11514474101211908,0.14865397212782791
2354,0.17044007857860463,0.35609719950920549
2355,0.031105325411279278,-0.13305319138245914
2356,0.10758283714931391,-0.46259357509787591
2357,0.1144498861468341,0.024192960612342607
2358,0.20511706991645606,0.13002675946590087
2359,0.058576748173636249,0.16214114794882789
2360,-0.05916289802233924,0.099046062372993376
2361,0.033297361767035925,-0.072605746815880154
2362,-0.18932367321097998,-0.040813055413198754
2363,-0.028671154483076011,-0.1537751107669437
2364,0.15436464303613534,0.077280016793271705
2365,-0.095002085773822686,0.15356808746888725
2366,-0.050668386375492411,-0.082739260887448832
2367,0.051438861924739003,-0.059260517549008233
2368,-0.042750688197363579,-0.27835115479874667
2369,-0.083674089953467576,-0.30789847972580714
2370,-0.048109390687331298,-0.037765835187751701
2371,0.071928675287388555,-0.27893632530622386
2372,0.0010125574700326802,-0.18613136407673192
2373,0.031206304026366,0.25238854253876475
2374,0.11264666450220902,0.13744741567112093
2375,0.14474042639953416,0.30459543073160905
2376,0.18998463484591654,0.33850027068177563
2377,0.088662092249131186,0.0047321150784478336
2378,0.085115100516016284,-0.0038822024005384717
2379,0.17176270801179247,-0.0052436559100704841
2380,-0.069341916754993516,-0.011084944145145312
2381,-0.022330386997239091,-0.078476462182865928
2382,0.086707792744387585,-0.0078018876982745358
2383,-0.041927316073814794,0.29496880008672999
2384,0.072536447017250455,0.022930169654011321
2385,0.03184274301026048,-0.11934060544436595
2386,-0.21586057963581995,0.24741334972001555
2387,-0.1268289600532152,0.27524124655658677
2388,0.027733093076357827,0.081734477707628886
2389,0.080417741778362625,0.093132242670402571
2390,0.10731172378877807,-0.11190232579355588
2391,0.021438931981877005,-0.017658203963878617
2392,-0.087888503078735136,0.14265338339206074
2393,-0.23512127261431762,0.091865445722659034
2394,-0.074754437887850314,0.16350151472472996
2395,0.11489548197093595,0.1395095552385221
2396,-0.076892132614304221,0.020227163138624327
2397,-0.067203372511671133,-0.051163012140190679
2398,-0.0039126177666273815,-0.049044805796597209
2399,-0.055776857539921197,0.0097756211144764682
2400,-0.057602275818020375,0.018463756952156716
2401,-0.038348939214067672,0.029032087004647229
2402,0.17557319871344623,0.13663372387969219
2403,0.16933846615220582,-0.11001775371561787
2404,0.013927952141349738,0.066867164860004644
2405,0.1072244321304997,0.29995672579850552
2406,-0.044563512557541041,-0.21477554208705121
2407,0.11076473450204855,-0.11412721902258613
2408,0.2057518121275303,0.46579093072017047
2409,-0.20797134468576617,-0.088643774877453729
2410,0.1151161827820571,-0.25420661308130371
2411,0.2980961212517434,0.18934407471730147
2412,-0.1723431283646949,-0.11247205516052838
2413,-0.049489158801575145,-0.0057699221182832446
2414,0.074792077803363055,0.27937754269609755
2415,-0.16264532151443425,0.15109560737812883
2416,0.026049543875174417,0.36153952670207667
2417,0.1164542855813467,0.30071749121600833
2418,-0.096923603971655961,-0.022496716412245717
2419,-0.10903722070703631,-0.024369770085615576
2420,0.12035596886687772,-0.23256265935521442
2421,-0.055089820774524824,-0.20583955888064145
2422,-0.089383546628790542,0.2361628068530508
2423,0.097022588576269109,-0.022541517815048508
2424,-0.18030653458936866,-0.3296834638282754
2425,-0.042249512956899479,0.022903774395214252
2426,0.37998916896359058,0.1246335479222626
2427,0.21594708478516164,-0.21515426233367552
2428,0.096699779098237848,-0.15702242989508783
2429,-0.09950448410204861,0.039152541094888513
2430,0.068958710544298599,0.034481272814040946
2431,0.43796614123219929,0.091471173421337232
2432,-0.12061972483623483,0.09311450685741067
2433,-0.38041352673694101,0.082453865951813005
2434,-0.0033235737768024425,0.021621908553296036
2435,-0.12497946324055791,-0.092593739145433507
2436,-0.058283399090508822,-0.22041860888744425
2437,0.18653282956114731,-0.33947109847220341
2438,-0.080706981350108828,-0.17519770425554221
2439,-0.24569027707917859,-0.10359456378006621
2440,-0.10464899280668408,-0.1484698704839465
2441,0.04395561787215959,0.021530814311270179
2442,0.12282549142555894,-0.022799135877418331
2443,-0.082964227036666727,-0.17395372932765515
2444,-0.13870397805372098,-0.121277316768541
2445,-0.05350798470064172,-0.1425407565261515
2446,-0.10794267223928143,0.091013006259144727
2447,-0.063727991726905436,-0.019698899151856637
2448,-0.0010807782544292686,-0.4004953680367625
2449,0.045939918581893543,-0.1611989574748702
2450,0.12488634922175681,-0.1870445112613966
2451,0.018556234924656002,-0.41285048106869549
2452,-0.21750820509258706,0.036485066345223326
2453,-0.035759289041925713,0.19266049082284178
2454,0.027995080298204997,0.11454956287045955
2455,-0.062701937489586648,0.25552994276200014
2456,0.039593256858795542,-0.030075071613804086
2457,0.22321586571611082,-0.19849893419725045
2458,0.054862703219085811,-0.097707649008239916
2459,0.058792684327495459,0.010407397156064598
2460,0.22381211242733395,0.20344902879759688
2461,0.18924074736741139,0.24126040253951642
2462,-0.045279274332899508,0.16041888649477901
2463,-0.24057241165338458,0.048605240381458456
2464,-0.15456357659883446,-0.29278514751568768
2465,0.13957011969130564,-0.17767114303076492
2466,-0.040370591489396854,0.17871111204933612
2467,-0.31452485763703886,0.27226447493945544
2468,-0.19011057219210456,0.21549215698891194
2469,0.066010800869033659,-0.2137694838647056
2470,-0.08174026986806808,-0.25494856367217167
2471,-0.30722777735593759,0.15511678457149597
2472,0.022919235262782878,-0.059331426248964633
2473,0.14829594592599879,-0.16861274043811655
2474,-0.14399967431410135,0.22374051305935097
2475,-0.036116364634009926,0.12501925248417753
2476,-0.01585403543473949,-0.0082013138065195543
2477,-0.16997251788405157,0.19798924754375158
2478,-0.11218446514511053,0.35434303187222954
2479,-0.02427265150087345,0.20014576944298129
2480,-0.031193745448276678,-0.13850199956094481
2481,-0.045947907426405178,-0.17822892404895113
2482,-0.35703710265149113,-0.047530721473398943
2483,-0.47643403179897797,0.059133607651357216
2484,-0.27440178653032976,0.048625649259577117
2485,0.10302578050432894,-0.14604413944265757
2486,0.18117401017620174,-0.1253976253384721
2487,0.031326628748882188,0.19459062710045288
2488,0.17558918036837223,0.14685584242070696
2489,0.10145762586469481,0.006711263127248606
2490,-0.093223043580406728,0.01758254997569374
2491,0.058638703101840807,-0.16586144952223691
2492,0.16714499166121694,-0.25225166567626156
2493,0.083049466451371873,0.026705153082399902
2494,0.10477816141850968,0.10542887036247084
2495,0.0071167617682528278,-0.069112995759454066
2496,-0.028873124579201201,-0.1030432310845773
2497,0.022696840297407855,-0.048298898397827181
2498,-0.093403618697849897,-0.11444436066801501
2499,-0.073275065137272416,-0.15426443708762116
2500,-0.059080172156160189,0.13155580093009656
2501,-0.16779496540918082,0.26156401905024795
2502,0.15503421424229727,0.12499499070421891
2503,0.20054190711240086,0.14578043338207733
2504,-0.031818670173701255,0.091342368129684687
2505,0.11929973973239118,-0.15407751688767427
2506,0.013508092674323065,-0.028559453387634146
2507,-0.07628182489910737,-0.16637467145811094
2508,0.16518150352428071,-0.12137595636905787
2509,-0.068192204042762605,-0.047306203056491199
2510,-0.26447400397983739,-0.18223713915991846
2511,-0.016330670789991848,-0.13742469778449184
2512,-0.0074240195773725114,-0.16368252588293869
2513,-0.1676361338021386,-0.063246111950049894
2514,-0.14347935062036421,0.13446241368613415
2515,-0.066506540493052546,0.05901506684904672
2516,-0.16694702757815716,0.13951665537456912
2517,-0.093635232040267732,0.10430130974865394
2518,0.029857724615643132,-0.017941984997098141
2519,0.10092956645396892,0.048553184479806437
2520,0.43639198564274811,-0.09050047314195403
2521,0.22514202488767879,-0.012341909455175312
2522,-0.17360850310972439,0.13627285857087354
2523,0.022009130245746265,0.06781751580837081
2524,0.16202515755061278,0.017258280627349208
2525,0.058715346459275342,-0.049199830263694289
2526,-0.056306480179385769,-0.073205129307597386
2527,0.12579503806069353,0.090565671706679493
2528,0.14785149432372377,-0.002143061411921849
2529,-0.1786442278603084,0.13959703142946617
2530,-0.16410792309363151,0.26220207068143397
2531,-0.028469831317914522,-0.21034714469919552
2532,-0.057413115607559295,-0.044846326804108508
2533,0.049709943357932163,0.21877880516912934
2534,0.20204613383188205,-0.21040228883015993
2535,0.0067154824850973582,-0.035987069503950794
2536,-0.13925720508601211,0.035151086404162736
2537,0.089690070741207273,-0.29163168565781789
2538,0.19280464354533533,0.063306233524103528
2539,-0.13502562428794576,0.03178696310346011
2540,-0.23801645002659425,-0.21452003451320395
2541,0.16929635478510308,0.050360281667870557
2542,0.36919680298591862,0.013159445900189803
2543,0.14960420530823657,0.17265766205570665
2544,-0.070410460622815987,0.050687777586763669
2545,0.031304468715780825,-0.13914343717279762
2546,-0.046379590526695269,0.16709878127586764
2547,-0.12195395298585553,0.12687589754847733
2548,-0.062082224872013196,-0.13497916218866407
2549,-0.043601710735134247,-0.12077726623446355
2550,0.028527228663293804,0.085931878916156709
2551,0.31741225131238399,0.33579400560805073
2552,0.3668740336523435,0.014141948250582681
2553,-0.024140275129486514,-0.06453330805509111
2554,-0.34484147683831684,0.27807180470285081
2555,-0.047639610128343404,-0.040547436412764093
2556,0.042043743523452456,-0.21816987366472509
2557,-0.059343353354303435,-0.16623485624578482
2558,0.15426699291226909,-0.069828536458731036
2559,-0.053233098560529983,0.14952320215576603
2560,-0.11236361685628152,-0.053336661890840041
2561,0.15125436675071136,-0.062781125663615184
2562,-0.17913860087419853,0.1270981979586176
2563,-0.27176651073213981,-0.057186541977047693
2564,-0.083825290596755808,-0.099430726830475213
2565,-0.16149000656662815,-0.092634539159638457
2566,-0.070371765942519898,0.090630376071290167
2567,-0.081338536545078735,0.24657072487093379
2568,-0.14655630255064811,-0.22614204290806844
2569,-0.085928249025976275,-0.13510330188599012
2570,0.041435991291836054,0.16199997385772691
2571,0.044200424662371098,-0.17693556417643319
2572,-0.16297791442793511,-0.018313714071622619
2573,-0.15630540927922099,0.1466595251506006
2574,0.087193436422099813,-0.16292184312255956
2575,0.065696448453102713,-0.1400264038269613
2576,-0.0055140513060771461,0.06622133072373243
2577,0.080972932984088447,0.15648604559706453
2578,0.30207018606969305,0.055071739574696098
2579,0.21126884478360539,-0.073389782736505038
2580,-0.11725189275433266,0.057936065646334793
2581,0.021494506034579523,0.029849454342455339
2582,0.15904020855854989,-0.079930866954835825
2583,0.080459268774984855,0.037849934873748312
2584,0.10983749716928103,-0.0071964528520170844
2585,-0.0083768768209244362,0.055510425961736845
2586,0.015136838055268555,0.21616499853561022
2587,0.025681095315659534,0.082029236073058731
2588,-0.31355841396205836,-0.10596770552497574
2589,-0.25431320543475489,-0.21661155660313622
2590,-0.047154512022930341,-0.10752851624210133
2591,-0.17473687515328898,0.073527025833497045
2592,-0.12621610350589454,0.24348269234814973
2593,-0.047139375283662605,0.14189045052132018
2594,0.094251418115377711,-0.022508578844719646
2595,0.23478728288552794,0.067025709801993572
2596,0.0027511343126733097,0.075051715411093275
2597,0.078336013733609169,-0.16287821741985453
2598,0.11314137638190004,-0.17934343472606104
2599,-0.19359352110713396,0.017866854435385743
2600,-0.037062820759686213,0.15631611858119562
2601,-0.094694162117327008,-0.020038367788745404
2602,-0.23907276932268529,-0.10293296290328963
2603,-0.041788307859655774,-0.080772807563388421
2604,-0.24603083196292044,-0.15717263601641357
2605,-0.37833945810166802,-0.071996665670697249
2606,0.045733331982830611,0.27383221877101277
2607,0.067661695671286021,0.34915133917670943
2608,-0.091255357552236141,0.003350309985723993
2609,-0.080789455272570643,-0.21966098675393492
2610,-0.41156621779911745,0.14076770591412649
2611,-0.14123832464097102,0.18430309337395651
2612,0.093371423843202864,-0.11413867860953761
2613,-0.21009419286709818,-0.12360331699503267
2614,-0.20077485860386388,-0.0036097400651570449
2615,-0.22149358718105047,-0.088145931429377919
2616,-0.051832656147552544,-0.15109749619185744
2617,0.25573377419929061,-0.026417185701914911
2618,-0.056293166752213034,0.027246903338394565
2619,-0.098672853680552022,0.0097947159403818217
2620,0.14970944841423042,0.16232507538034954
2621,-0.081699306474232902,0.11497391364892703
2622,-0.0094660656948262582,-0.1418265174654923
2623,0.049445107757820649,-0.14396791456074728
2624,-0.045511826219450671,-0.085423463473658312
2625,-0.16734333169883994,-0.13201978821014843
2626,-0.29780100757144257,-0.23920395425659002
2627,0.0344143080518962,-0.22168163007295014
2628,0.17047481052086277,-0.070314274987354847
2629,-0.032225067415503246,-0.079373766892662581
2630,-0.006198805799169687,-0.011608152097247866
2631,-0.14729764583111485,0.057164052522799678
2632,-0.294719009460853,-0.021361390026352213
2633,-0.12489723706613823,-0.12757745908165766
2634,0.069091140600673076,-0.10770328272204825
2635,0.11612109562761583,0.083663210964869048
2636,-0.078954509803581291,-0.016852295223389869
2637,-0.22769923437268461,-0.10091746092870416
2638,-0.06685938573310482,0.23477152098314769
2639,0.18949770693084472,0.15908302514823333
2640,0.31804464130427446,0.037516354478574182
2641,0.063053256986273634,0.27561902243721942
2642,-0.17408128795475075,0.20082368692338023
2643,-0.31672606283200855,-0.054804599473920725
2644,-0.37776127800316245,0.062627749386487241
2645,-0.079020820978518119,0.20563205960284722
2646,0.082092299155622717,0.038742900185906856
2647,0.21797770449066239,-0.00043273546946928643
2648,0.079537334835665344,0.22464419866102309
2649,-0.12652818830904167,-0.050165298844496969
2650,0.15769168160340513,-0.26725233958724026
2651,0.073141881191958302,0.071267832996787767
2652,-0.039573065142048516,0.18474196992407219
2653,0.053445772256076461,-0.065267241264741399
2654,-0.1489872661898626,-0.11994759843818753
2655,0.17267906157132018,0.052377103027671019
2656,0.27509755637843636,-0.087437305664400611
2657,-0.28780995366135431,-0.2086530109237916
2658,-0.051473935131287091,0.14805700795975915
2659,0.35130221836206416,0.16489555141113293
2660,0.083255642491435744,0.13202220726743893
2661,-0.077128183241327697,0.18115654904012526
2662,0.082376674754477797,-0.048877511530831232
2663,0.24518984484679315,-0.0063420896763948121
2664,0.14914985360821659,-0.098354190430317984
2665,-0.022372156181290029,-0.21458705798293498
2666,-0.20495344074168148,0.11666212798950074
2667,-0.21100532381612597,0.067249637081298108
2668,-0.043446284339436723,-0.042442823504151794
2669,-0.054876386017462836,0.01883101766270415
2670,-0.064441566053008312,-0.14505418461912659
2671,0.056471775394714666,-0.036047611504220464
2672,-0.013260240364280805,-0.040603091052383536
2673,0.10549946713314771,-0.012217262177041343
2674,0.11563795438607791,0.13377121213164295
2675,-0.13351893351005986,0.020087782117783753
2676,-0.043109589946529712,0.055090285335486829
2677,0.015003953192962141,-0.040043927051749403
2678,0.014784958146048157,-0.085157936390490907
2679,0.10452593550428944,0.23035068850005497
2680,-0.091863128283451917,0.0024322213767264816
2681,-0.26992121362693844,-0.2271604394722955
2682,-0.058143301817227176,-0.13212192310440951
2683,-0.073731079197213389,-0.10805160694295622
2684,-0.077475887828176937,0.078287881355295949
2685,0.19507366482274524,-0.06448851468192443
2686,0.070096636185627503,-0.52195643307560358
2687,-0.055967150232929433,-0.19566636008196864
2688,0.0035417217574407571,-0.14118583988729999
2689,-0.15105813649924135,-0.40512579794610959
2690,-0.12158215614222245,-0.0021971708365773439
2691,0.0080258231026223755,0.1004146893991521
2692,-0.24620797594971591,-0.060540473028573835
2693,0.010524709791276298,0.080063006981893753
2694,0.331838994569291,-0.049497092444730037
2695,-0.23824563648071931,-0.16089251080599609
2696,-0.30392977226111445,-0.08544670963808218
2697,0.27254881376596934,-0.011463407780606241
2698,-0.10732514516235743,-0.20591090800581638
2699,-0.16941409956403597,-0.40996786207379138
2700,0.272297434259621,0.17328398181883814
2701,-0.17048194380574788,0.22111381770618196
2702,-0.1341320808300768,-0.012451770884691189
2703,0.22085952711571516,0.30380073264074192
2704,-0.074579701610964153,0.17765444825521431
2705,0.069405615188725789,-0.10097094595423582
2706,0.21946402552010635,-0.021176310740330755
2707,-0.25873614226577052,-0.046724381131706669
2708,-0.22299358504390457,0.017743085742459617
2709,0.22970127542315469,0.079506754093680354
2710,0.20390287024691034,0.21131419400685222
2711,-0.27038830603079023,0.24023609486654224
2712,-0.27092055941460241,-0.01050038198826111
2713,0.043743442089452335,0.085096166575585802
2714,0.029350267077576552,-0.014413760860418994
2715,-0.16690510065246511,-0.075361961968911151
2716,-0.28197692115455303,0.17497937826071056
2717,-0.20420189961893054,-0.15811602363252161
2718,-0.016265566201509141,-0.26752944313067695
2719,0.1261070867554421,-0.086899685479371241
2720,0.13825312355761471,-0.01967699589296901
2721,0.21752698985287017,0.16950795833684579
2722,0.27045792421760906,0.13345399954022666
2723,0.081592722912549293,-0.0044609726162839133
2724,0.022286228581970956,-0.060763251639485025
2725,0.1243233151669012,0.037350946545957282
2726,-0.19967554285821554,0.065358175038809196
2727,-0.11401305741339571,0.020680884973100427
2728,0.17822891465377122,0.10963494927038883
2729,0.1052847239520624,0.040993107930746051
2730,0.013112072455519003,0.16964133904102899
2731,-0.32320533085869013,0.098734012830291262
2732,-0.18369940463535142,-0.22482508552820107
2733,0.18255336199069588,0.18586563785023985
2734,0.042708229543616923,-0.050797297534184313
2735,0.24368570717416208,-0.59383541129579875
2736,0.16723617413489408,-0.047583027857732919
2737,-0.28731814059613248,-0.016768687853612047
2738,-0.19819747457265854,-0.11763865336774948
2739,-0.12855269464592992,0.36990782584251941
2740,0.056403449083857748,0.28903274447130656
2741,0.16716295329218731,0.16597844971140449
2742,-0.16486174803651388,0.150053507976491
2743,-0.3151882537280053,-0.052165610972507902
2744,-0.14049702490645444,-0.050616536610092328
2745,0.19422028337615682,-0.095080811710947774
2746,0.13022481137278535,-0.063073435526542695
2747,-0.068179557568894961,0.13824593471047963
2748,-0.0028752531724029404,0.060674133918979391
2749,0.0074563137879611798,-0.11100508391451631
2750,0.0073447440668297191,0.17508607297756368
2751,0.0087075254507316176,0.2397155107469055
2752,-0.091836159503158446,-0.1011587208591922
2753,-0.1585839085365445,-0.011555762193666264
2754,-0.14857310881310271,0.28410715273725284
2755,0.0004765106467589271,0.26533940651357074
2756,-0.13754398756894926,-0.032972404657154619
2757,-0.29095277340989911,-0.19257417716919947
2758,-0.085942719535520823,0.16498385682322705
2759,-0.1844141046817305,0.19651603548175206
2760,-0.05242943210059408,-0.072878372848861769
2761,0.14434434456166947,0.093034873729198303
2762,0.069047266537240332,0.036901722497688708
2763,0.16312780215863132,-0.099193240806637967
2764,0.13664630084391233,0.16517116531921644
2765,0.06852519983934853,-0.10704332033056912
2766,0.20273053037286304,-0.24360642049266845
2767,0.14313539889651522,-0.042193795608365378
2768,0.1741208436437966,-0.026734451465452398
2769,0.0062468021480889015,-0.1602089726320447
2770,-0.11064763710458229,-0.13586132693429034
2771,-0.021165879557507278,-0.046701063187776816
2772,-0.15367563872510712,-0.19532813316565426
2773,-0.078253686031664493,-0.097763304032065484
2774,0.0051096149821600635,0.011127399892455729
2775,-0.077636423900248552,0.086070328653054445
2776,0.10155053111479138,0.4497307887711175
2777,0.030451798851538311,0.22372871108650458
2778,-0.098364492514961335,-0.17386955431426715
2779,-0.033038662286882549,-0.0020543635694660715
2780,-0.017253559715626445,0.18577268825381635
2781,0.033826529552213727,0.018268565476814741
2782,0.048382347541197732,-0.040730162948646405
2783,-0.077017253140486672,0.089774508313128318
2784,-0.0074784622683135146,0.14627924068766907
2785,-0.12643035107804129,-0.17233546287055743
2786,-0.27333537675632341,-0.18549537520797432
2787,0.19133927744618351,-0.0044903245172916492
2788,0.048050071770566784,-0.076787917688840676
2789,0.14895712050930351,0.12379898071632486
2790,-0.13014044115008552,-0.012663805603311512
2791,0.006526182838118226,-0.040194478720068601
2792,-0.039987077177844839,-0.13638691117805266
2793,-0.16554871073973781,-0.0062160337904800123
2794,0.12353550288433826,0.14762199956334282
2795,-0.042822870338049601,0.078270224328449489
2796,-0.16925670712006552,0.082449674531544573
2797,0.035338955966746952,0.076371567404732707
2798,0.079252958406211077,0.078965213930353745
2799,0.072828559988229305,-0.15880054066590643
2800,0.13482403472097582,-0.27540737014022615
2801,-0.004886768924157063,-0.058449367538236589
2802,-0.11220394370840191,-0.14734817856719903
2803,-0.23059077781886722,-0.033745485757776583
2804,-0.30786512491048346,0.05916183456346915
2805,-0.15219336033013811,-0.18150770442796743
2806,-0.22830195371887388,-0.017610506092343561
2807,-0.3005414904787212,0.10291804425012702
2808,-0.12943211428266743,0.099130372316483556
2809,0.029958169025252536,0.31647665611355968
2810,0.20423466741029178,0.069869134962195725
2811,-0.0068046472956206274,0.031891625526150477
2812,-0.24238594877145125,0.21451476625332239
2813,0.012061824593234741,-0.061540151363948498
2814,-0.19883500936617221,-0.11108575185639388
2815,-0.14071430184920156,-0.11337033644002294
2816,0.22518975798202101,-0.12599099148926129
2817,-0.25628389003548341,0.037995324278816502
2818,-0.20583110202272265,0.080193047646777191
2819,0.24043155013959866,0.074854714182278084
2820,-0.030554251961576864,-0.15179816474776683
2821,-0.11009971689684402,-0.1260704915723698
2822,0.12132935743459131,0.31760060431399978
2823,0.10862083948990833,0.25042308820502268
2824,-0.084159553722280858,0.14032114893460609
2825,-0.29620407126048165,0.12763609719478941
2826,-0.12310499344889296,0.11608180835714214
2827,0.11608841916313725,0.25905082973915045
2828,0.0059749770345078152,-0.16083732141765528
2829,-0.056346397210309547,-0.3423642145798263
2830,0.13695709051038935,-0.043543257672869047
2831,0.26285002528068008,-0.12080502629168155
2832,0.16526071195757344,0.017249557626594053
2833,0.18521445834252706,0.083231522917104672
2834,0.12005532181377292,-0.40700784501085108
2835,0.0019385683524994982,-0.23449220597121267
2836,0.18698765762017699,0.26840768431984702
2837,0.084283290452480536,0.11317412373874594
2838,-0.23958932223646817,0.19113455551502739
2839,0.030626621113519662,0.36857225374114716
2840,0.25885473964851236,0.06902144943965742
2841,0.0808638838147311,-0.13234488724769949
2842,-0.053052586962471948,-0.023858336941876584
2843,0.002546769589352179,-0.10018681326338252
2844,-0.065794494653824462,0.065036488796301056
2845,-0.199420793485035,0.16113130307057488
2846,-0.091010669047599357,0.13949805709740321
2847,0.031091672418448537,0.069815143820630726
2848,0.0039327468914166263,-0.024391021130956227
2849,-0.0055031849551341865,-0.0050965855877231521
2850,-0.10330344427770263,0.12296484499898487
2851,-0.12344982369729032,0.17961855462973531
2852,-0.089859597849463055,0.20369456348885925
2853,-0.11432785676331549,0.064486224898515285
2854,-0.1361329298415225,-0.041755485555814584
2855,-0.067834717481268278,-0.029599965517297638
2856,0.021562618874822442,-0.07968907277048734
2857,-0.064419895135981189,-0.10792364580865747
2858,-0.16746074692837756,0.03594075511384702
2859,-0.18127343089684059,0.064198170471519544
2860,-0.22395613574161544,-0.27870161823287154
2861,-0.028260758965324317,-0.082190161150743749
2862,0.11773947388983635,0.37670059199729422
2863,-0.26343725133305246,0.042084743862181015
2864,-0.19779676899777132,-0.20059360611178847
2865,0.10713272498457779,0.30920912072932588
2866,-0.26064116115843355,0.24278535797389345
2867,-0.15949154555107323,-0.096690406059204426
2868,0.15064531718502888,-0.014338357869424601
2869,0.08644844991548567,-0.12492651070491126
2870,0.24174665371432275,-0.057017541754209373
2871,0.22534709940861827,0.19129060959701064
2872,-0.0048467931126329571,0.062517224063047383
2873,0.037917028287561952,0.031455393999821155
2874,0.010784760759082346,-0.0056976431326889732
2875,0.051835850969649058,0.075691931670497245
2876,0.045606563439906836,0.090909444489252436
2877,0.016332873196988024,-0.2673691704934214
2878,0.17491785617072647,-0.072911304931409224
2879,0.20242558760676577,0.2312323440475981
2880,-0.014436163610607965,0.13674276763676685
2881,-0.19515263941526242,0.22339724941020025
2882,-0.21427123931395403,0.066936379002234869
2883,-0.060897885183726283,0.13900629618202193
2884,-0.19977604660908799,0.2045773723169288
2885,-0.13878936510395867,-0.21323644618177215
2886,-0.055050437743304176,-0.2042890629374533
2887,-0.23472562162165098,-0.040839166922790188
2888,0.041145316439322607,-0.11691839354766412
2889,0.28459949813172913,0.040005530741312259
2890,0.22802366800215287,-0.0051709964611855574
2891,0.12832727417701517,-0.053245321830002162
2892,-0.11500677241773036,0.021730765362872655
2893,0.029254746309145069,-0.079482877385566239
2894,0.066670489959869572,-0.095297948863890578
2895,-0.12027805701163352,0.013071659496455158
2896,-0.079452116866539635,0.18996619481569005
2897,-0.077324276711535592,-0.018222974603780986
2898,0.32045619325027591,-0.3573064850113456
2899,0.25566738051973437,-0.032916991444510796
2900,-0.41452297905341834,0.0044481570938540854
2901,-0.15403266109181235,-0.04187961874784854
2902,0.23435733224422187,0.22324337628030808
2903,0.073625252740836256,0.062300133158530516
2904,-0.081004492694637248,-0.056273117384973835
2905,0.011443875642360223,0.06734824103138877
2906,0.056179714146234988,0.070509434305308774
2907,-0.085689453052832723,0.032252065709441974
2908,0.0082856074196173118,-0.044830978644543197
2909,0.15039789800597006,-0.19709859450067613
2910,0.15165545505558548,0.081710301103195909
2911,0.1729422473107681,0.13917048477710595
2912,0.024730522489494165,-0.086536049524064199
2913,0.00025533269961416352,0.18739974980049359
2914,0.095250806665367421,0.30385662948933839
2915,0.12773817883252686,-0.014751118577647718
2916,0.2340380996110277,-0.026039280417114667
2917,0.0684538957517805,0.040938117719896867
2918,-0.17648541203433749,0.071607474043886343
2919,-0.094902098250648562,0.037877487831937152
2920,-0.0072378135675929545,0.14806877090906442
2921,0.049208308526567698,0.3125171442172156
2922,0.14565924063262248,-0.15482161654667634
2923,-0.051106258350783126,-0.26188887611036488
2924,-0.068899943357941446,0.18221159431963155
2925,0.2118509486995411,-0.059135845098468462
2926,0.058325478528851712,-0.097839542010564023
2927,-0.17038811317250072,0.20469571240370965
2928,0.044355694884986419,-0.0035582393535762234
2929,0.037611899260207061,-0.093345244770944399
2930,0.019096016399088311,0.014274705043366842
2931,0.21982798407094881,0.1922518813608852
2932,-0.022358165284634399,0.043167633657610519
2933,-0.18204304953676667,-0.2344021030225778
2934,0.045362879247225284,0.099828970484211799
2935,0.16625371770436814,0.2997916647477783
2936,0.18329821936730487,0.20010094370994827
2937,-0.064168227917577786,0.10279096243776292
2938,-0.015089122599509152,-0.21216355111649224
2939,0.12243160939765399,-0.11021341637559287
2940,0.019618206398136259,0.069943633823520202
2941,-0.22822915481919953,-0.010028763707917379
2942,-0.18906444559709371,0.1537217557263138
2943,0.34359463461206852,0.27355890716070835
2944,0.12245934218352689,0.12530312697262638
2945,-0.32739714229300138,0.04003952071961632
2946,0.092337422142729358,0.22315466702282288
2947,-0.045229592225502997,0.12038388508979909
2948,-0.22804932141563292,-0.34209265326691812
2949,0.10010211020576699,-0.19903614994193447
2950,-0.071246612022717759,0.082404969515439644
2951,-0.039720317528321517,-0.0084259716119921176
2952,0.084909318713389026,0.034514671015995743
2953,-0.096581886918306423,-0.072273474397527127
2954,0.010308906872270089,-0.026514176343317521
2955,0.20632147903063539,0.0094632812313231902
2956,0.15113239415182883,-0.30880678601501899
2957,0.043821498840084031,-0.14352915505160785
2958,0.17934619684413108,0.093907308374184192
2959,0.38463527443535078,-0.11279176856389622
2960,0.0058835259984758165,-0.12253584062260031
2961,0.062780543983201195,0.086626946394614393
2962,0.35407530689141553,0.026070338152466337
2963,0.059585021427428421,-0.042190554065564857
2964,-0.15092644714883344,0.072412367374673256
2965,0.024166818472161632,-0.068143063342356341
2966,0.13033161644805188,0.029784155219462274
2967,-0.030687570945750659,0.42228320380174883
2968,-0.096001889677736069,0.21390532963690961
2969,0.043742268310355624,0.028762898242456321
2970,0.12601015760375611,-0.083654074759029487
2971,0.10737454498565503,-0.34990891603794533
2972,-0.12664838841760992,-0.26175433803453624
2973,-0.14748842245756014,-0.067917951703932791
2974,0.13808867077384884,0.073648886917094453
2975,0.29450369737706061,0.25547947291998879
2976,0.15238440762921659,-0.045639875276757932
2977,-0.2126323444462703,-0.19038351202381071
2978,-0.16169212896195054,0.020840379751190106
2979,0.175459072057492,0.11488375339804566
2980,-0.021617746710302803,0.00019646510035942547
2981,0.028999829877087921,-0.14941976855924227
2982,0.1325903641587706,-0.10293982261913878
2983,-0.23137359910012653,0.093104707547812082
2984,-0.14725615788926522,0.10694914670223403
2985,0.079777390336498499,0.14624644786219634
2986,-0.0662315532099228,0.38068978789338709
2987,-0.052596554798575113,-0.0052927650187957857
2988,0.026921301573190826,-0.24640822750526081
2989,0.050649682024639799,0.26927480968330186
2990,-0.027363517546872884,0.162029680468078
2991,0.018239666067933893,-0.095876594516532021
2992,-0.020591301549240056,0.16401120972575745
2993,-0.17317965425774823,-0.10730708275054103
2994,0.0079215004659749788,0.0054941707119540266
2995,0.099323550289711127,0.13491790880448551
2996,0.088257866766318666,-0.16039086677221295
2997,0.093772902514148562,0.053614782114716479
2998,-0.093250145244712299,-0.036930678193982144
2999,0.05132966843161603,-0.30881906658323793
3000,0.36790914420654375,-0.011545325469155586
3001,0.029685944708209542,-0.013211996920548932
3002,-0.39445113417047267,0.080413794395791965
3003,-0.24617926227967987,0.16381449484891075
3004,-0.16827589462690321,-0.33795994001388036
3005,-0.1512879184370195,-0.26678898705821447
3006,0.12243103613214873,-0.0088924213036798982
3007,-0.016651740571184962,-0.037409135160871687
3008,-0.13819515116935349,0.023153032107929419
3009,-0.045368903513265245,0.01927806808993323
3010,-0.079337456195388081,0.017129910374807593
3011,0.15635512218007647,0.08988429128784016
3012,0.084383108747802985,0.11803386696244561
3013,-0.23158799629469753,0.22172518179434755
3014,-0.20599719270238553,0.29665308405396262
3015,-0.34823254789775521,0.17924895450113293
3016,-0.082110921587020116,-0.077967057726378339
3017,0.25335660166830221,0.058132665701641079
3018,-0.13118786570444485,0.22429511184161066
3019,-0.015121131565555626,0.25838199450115679
3020,0.074021464303373752,0.39503129931542219
3021,-0.13869929673243991,0.21407030133079494
3022,0.122633844318205,-0.14639182937596812
3023,0.12623834956916943,-0.26820597395134205
3024,0.021443289822593244,-0.32205087786762659
3025,0.17802068509443517,-0.0099730565457554973
3026,-0.050280408486369853,0.092699797157113295
3027,-0.20387117951474412,-0.13579122205938871
3028,-0.020862890815718273,0.11222995517997743
3029,0.044863159524103274,0.28698972600405948
3030,-0.11177309219743667,0.043453273774474721
3031,-0.077734138676524775,-0.033118327186347232
3032,0.29624731820432765,-0.073574885495667125
3033,0.068652457146231874,0.076865918244749865
3034,-0.21116979677406639,-0.031573186610051783
3035,-0.050191182945555822,-0.10381007294596345
3036,-0.17225914989407773,0.11145977602944378
3037,-0.13455149866902877,0.057216624178390005
3038,0.15852611940546485,0.067784396340491215
3039,-0.015487684881750906,0.27389666803507862
3040,-0.091677695410030097,0.071948707011501731
3041,0.17991352668327307,0.1249744238440723
3042,0.32004311468444951,0.1581825841208051
3043,0.12418148147018754,-0.17245719394490855
3044,-0.17336465782890209,0.014050986105387164
3045,-0.13078085830497191,0.15252968272272927
3046,0.022407884575241479,-0.14609709222929027
3047,0.038718292138778775,-0.027006692277852358
3048,0.14663379809682958,-0.068574641306794734
3049,-0.026837792466931236,-0.10406946996547173
3050,-0.15423210751796132,0.14789668783859342
3051,-0.079607443940082262,-0.021072720106242598
3052,-0.07337323855823534,-0.19012313566301245
3053,-0.083415197847673817,0.04101104398154326
3054,-0.072943240692126876,0.10197796081389993
3055,0.13019273755497185,0.047678957783594961
3056,0.30257772046758474,0.093726013083192214
3057,0.089792240870565337,0.029431133817448642
3058,0.12534398746375797,-0.10523091997301123
3059,0.063123684798624166,-0.28124132101249444
3060,-0.058510532980893759,-0.3236797301923382
3061,0.2018933890387731,-0.13457914305482571
3062,0.021385728787526523,-0.22305924598180785
3063,-0.078502107467242288,-0.32379724899625101
3064,-0.10702836609053085,-0.13390905550764326
3065,-0.32447125266680693,0.0094309174352504785
3066,-0.067475861633593578,0.21811582724209952
3067,-0.061845094958749736,-0.016310225798507209
3068,-0.21888544715769884,-0.19748779915104958
3069,0.072109807232561246,-0.011533803697498245
3070,0.10716539851447547,-0.20060052757331126
3071,0.085215091858840561,-0.17032448479567205
3072,0.1511367845419522,0.23602466855781518
3073,0.017715796216851269,-0.23127792604594782
3074,-0.069934989457450664,-0.23083533981778787
3075,-0.064094764382943814,0.2656786534403266
3076,0.14204102117304437,-0.0094238044365475785
3077,0.050787431886205145,-0.15722027696103694
3078,0.15383760449514677,-0.075709390002035151
3079,0.0013501467798713519,0.1011322503812411
3080,-0.0026007935867612339,0.019367557487663507
3081,0.0030060091686426853,0.10126555080505803
3082,-0.0015876057888462598,-0.0097332362842478225
3083,0.14727266435889821,-0.049421999000513021
3084,0.014412363119949669,0.040465307025134865
3085,0.13504493155162617,-0.018793379302915213
3086,0.32236587842071268,0.10296323011799405
3087,0.053663682976078861,0.18476976761812872
3088,-0.11778745606093168,-0.048580661027328199
3089,-0.21734911095610485,-0.081263719873839416
3090,-0.28675853880126062,-0.067394009381479686
3091,0.29529545078474317,-0.17359023182209127
3092,0.26601798433502799,0.021406296806975821
3093,-0.063798354141488434,0.070131295009650874
3094,0.19197269228703098,0.12423558144244032
3095,0.21644073770038366,0.02079429877391073
3096,-0.018970654251626536,-0.15630357934899983
3097,-0.053612110152343143,0.0079257288792427757
3098,-0.14993195409852383,0.0026186558381919092
3099,0.008586857845116317,-0.096295968828826822
3100,0.031634045675956762,0.2596855213362082
3101,0.036404951807577801,0.13889379992994214
3102,0.0096927836635438743,-0.11384451768479703
3103,-0.28254533939599663,0.13379844907532487
3104,-0.11262708999435091,-0.15570900917382852
3105,-0.0025370859232516198,-0.42971166637291724
3106,-0.10260410679209583,0.056532906836210733
3107,0.19614846126463087,0.15947985495728234
3108,-0.068697293616786795,-0.034823298106896126
3109,-0.34321717884568997,-0.06896965972553161
3110,0.15335240243272066,-0.17933296499674298
3111,-0.0019762244570743839,-0.25567982400114797
3112,-0.39745013927081707,-0.0098064535100276171
3113,-0.32039161591718895,0.079952715242673791
3114,-0.12366523341852094,0.057807143361826616
3115,0.041165650950755417,0.052910489223828995
3116,0.12859757893662344,-0.09096497719789097
3117,0.011595882144705437,-0.010660150492937542
3118,-0.058867129121085916,0.086283671596195516
3119,-0.17278105573703736,0.099740311608225413
3120,-0.33028533699067925,0.18782769111686357
3121,0.012670844202366645,-0.003576599701811704
3122,0.38407194348359175,-0.10960728040270909
3123,-0.0339090035608723,0.00017140604042550911
3124,-0.13601251680741519,-0.20365794787838234
3125,0.18185849489082828,-0.25138678589056312
3126,0.035590412972471647,0.086239017766813267
3127,0.093310354400774884,0.16558558400844803
3128,0.12796986936155963,-0.18692421402898757
3129,-0.097612511205487196,-0.28530085349379708
3130,-0.0083659999828845678,0.09466214236724238
3131,0.020697880839958285,-0.080389971112759209
3132,0.079678925984455903,-0.21328717691948365
3133,0.071045134636505941,-0.1225126133269623
3134,-0.14203464425146001,-0.18130635215949603
3135,-0.089208037518809041,0.13584736847091108
3136,-0.13033234183022213,0.19272883330559101
3137,-0.12631623878022136,-0.018687418591898357
3138,0.041719268246295141,0.25976814602593212
3139,0.0036154860372161271,0.21600439774262759
3140,0.031469444287935577,0.21762759548054872
3141,0.26042697364834078,0.24018575640892345
3142,0.051937306719840245,-0.26782139324048876
3143,-0.23173159097406207,-0.15247980786055215
3144,-0.22976259875089053,0.025785713808866333
3145,-0.010557927267369602,-0.19188434255861408
3146,0.059178221381564838,-0.18743725613069345
3147,0.02160413210469669,-0.12630200536802511
3148,-0.015168413232263415,0.18211383238813508
3149,-0.049840419480864595,0.23033218096457692
3150,-0.11082938866604673,-0.015576815210710443
3151,0.016577276661125861,0.097957481702515475
3152,0.069902945970858082,0.12290906562350458
3153,-0.068119551047249094,-0.10941940518824753
3154,-0.16004726919800485,-0.0063238375450434155
3155,-0.23561714303954684,-0.059100541181348797
3156,-0.20590017564671656,-0.29861342569895366
3157,-0.10308508146426454,-0.23453471348281646
3158,0.026172173026254686,0.0074851785849187336
3159,0.31726786535137907,0.0081926769783628936
3160,0.2218889909452649,-0.11268101379402108
3161,-0.10933712335897965,-0.050019231198369596
3162,0.026132897877034073,0.083058538126761852
3163,-0.0041836828903624012,0.049796987216593709
3164,-0.11497985082442136,-0.001017624017866761
3165,0.1367150497635265,-0.032312700199370645
3166,0.25793274754437023,-0.087055889661900671
3167,0.2903809564051667,0.013506569219560106
3168,-0.093132122913296977,0.23110503885859746
3169,-0.25087968841051472,0.16654235681009563
3170,0.29327656828462012,0.059599484308599175
3171,-0.1703779974779516,0.10038145970852069
3172,-0.63993369589924576,0.17914996023069713
3173,-0.032356294665762245,0.10208073894521716
3174,0.057300922111124496,0.034656188518405746
3175,-0.1686467049492387,0.180952458798806
3176,-0.05168432294206092,0.29877674872287241
3177,0.057332367555920444,0.16364596912065399
3178,0.057178279841360438,-0.023913631738772569
3179,-0.08551405203882527,-0.22203885045108562
3180,0.019439075183923991,-0.070277221064057385
3181,0.17287923368104474,0.16018501600343066
3182,0.11351076984577824,-0.092104743776068254
3183,0.13695226993670168,-0.2299643411888278
3184,-0.17355422858616742,0.077958175534916394
3185,-0.38194878478828342,0.07433741947110864
3186,-0.036281589053822311,-0.11751051445832378
3187,0.087304444891387153,-0.044964529494715091
3188,0.013858576494085277,-0.092248345422195399
3189,-0.069390504608800585,-0.27222099056704452
3190,-0.099176293771159302,-0.19858688432321339
3191,0.16577278639724269,-0.012337547873607597
3192,0.14061463365446625,0.0018245464719893571
3193,0.089925629222892059,-0.098730424407875494
3194,0.0061135099741758316,-0.13506060305456905
3195,-0.092145671388959627,-0.13161832204121868
3196,0.12303722544000628,-0.15468642918774927
3197,-0.16563492387792036,-0.16263678477427077
3198,-0.19435158764167301,0.068328466214701372
3199,0.1161874097734794,0.15239187388945497
3200,-0.33013208953361867,-0.22719981134797534
3201,-0.28122791777514244,-0.018543300790790692
3202,0.052292134062229989,0.28569388592984829
3203,-0.21560407885037428,0.011414454691737096
3204,-0.068368120274886188,-0.06782439496917736
3205,-0.15070852130309226,-0.18235960353462316
3206,-0.074100571071466476,-0.11768872494664145
3207,0.38331488244272699,0.24337395968408634
3208,0.085394451233672536,-0.18676724922878496
3209,0.056700799179088809,-0.25966501754701471
3210,0.32043779023526842,0.27120948939943929
3211,-0.086271041577984861,0.12638021755047968
3212,0.014969467651144343,-0.023487041978175041
3213,0.13418922634707336,-0.033225986479194287
3214,-0.21980631040603796,-0.16012644857249295
3215,-0.033971495302784718,-0.21809523562313413
3216,0.096172575076365438,-0.18814358164525211
3217,-0.025343188534353772,0.15302435215018081
3218,0.0012238936069614726,0.18019531308468703
3219,0.12911875748168028,-0.13956331500498803
3220,0.26592149587886982,0.060591632866342497
3221,-0.033724480730378883,0.18248977622793069
3222,-0.31305244705299334,-0.13715334481256594
3223,-0.055548327713155515,-0.148874776136594
3224,-0.098358128881585197,-0.047601768495926115
3225,-0.092981678337025975,-0.067528231061010691
3226,0.26851095020185478,-0.23170344048999084
3227,0.0059097305213448026,-0.10806942724501556
3228,-0.1725236592559414,-0.0095720331874834495
3229,0.12861667207663155,-0.16428213083146681
3230,0.046667062784887088,-0.05528089712870466
3231,0.12283047062134168,-0.083684706860583019
3232,0.16643044070468155,-0.05258162599294916
3233,-0.23722290179659927,0.25031808622925378
3234,0.027006205468553049,0.15217965603680411
3235,0.26671945536678127,-0.12956158666063228
3236,0.040020999072088712,-0.22208757310655539
3237,0.21060149751210958,-0.1128099353583181
3238,0.14300685415508063,0.041340522086275366
3239,-0.28162429638766939,0.064441620643250735
3240,-0.25250369062847033,-0.07762854970562684
3241,-0.070992550472412819,-0.12682875406099192
3242,-0.054584209942034376,-0.12707881743038393
3243,-0.099224028691810434,-0.25612925289488842
3244,-0.081062318664716665,0.012055223991387606
3245,-0.063601552308644616,0.26666324698548599
3246,0.011958170359353208,-0.011354422325778411
3247,0.020624894912873042,-0.20013138170891689
3248,-0.064720476009331868,0.034750513958152818
3249,-0.047383122394940587,0.1004084825338466
3250,-0.14296859075435722,0.069664878860769636
3251,-0.22058219125600587,0.032096081145317111
3252,0.0048914637603900604,-0.032606513575669127
3253,0.16452984359896133,-0.019002810743489359
3254,0.15486266324783732,0.2491807359589723
3255,0.062684315368331647,0.41101273329301857
3256,-0.057546494874223829,-0.23583720728287944
3257,0.0047092626807224321,-0.20897913652475858
3258,0.02608102378283228,0.28817270317848315
3259,-0.034057383311727626,-0.087529502948243992
3260,-0.016104055117195606,-0.09224160664636738
3261,0.042387559942235975,0.0002380780963433586
3262,-0.11426477443543151,-0.26574037137291645
3263,-0.3479586313792099,0.015503000532982944
3264,0.024371646420131232,0.16162404551532727
3265,0.33860671951312094,-0.084368847960565624
3266,0.068675617416330853,0.053492032377301747
3267,0.11850958938082526,0.074741919066661194
3268,0.20816845847859591,-0.095133949351774424
3269,0.14642319684910574,-0.1468611750463151
3270,0.05367267384601266,-0.086233182765213703
3271,-0.22183113789314418,-0.046270183442356123
3272,-0.099017868654871263,-0.060263730880687837
3273,0.071127685642495844,0.13280462825659811
3274,-0.052394661203408827,0.25681140906149297
3275,-0.031527687374053814,0.092595688105238008
3276,0.038709127793714271,0.082758501494067271
3277,0.090586730306533136,0.21777643733384872
3278,-0.032817780129875893,-0.01553611279393214
3279,-0.15290731341595085,0.087783524159724208
3280,0.023519368829058772,0.36204810338417709
3281,0.088420933342495206,0.03463363660493065
3282,0.0019778583905448142,0.12417077719067098
3283,0.031408990262835348,0.24070080325345278
3284,0.1053796500085073,-0.1828182812583736
3285,-0.038552977195402467,0.12503552031186776
3286,-0.16936932791250092,0.28400327643670698
3287,0.041260213429474529,-0.04563121796935303
3288,0.14887059616762974,-0.068996263628478355
3289,0.078768206369438473,-0.19838180329962377
3290,0.1462595116816521,-0.13045205089638273
3291,0.14808574536091582,-0.019275406573989629
3292,0.13827507820036139,0.024238429988639402
3293,-0.0044165186937010379,0.038001177124103558
3294,0.099361062288941621,-0.1307578127664244
3295,0.1681856302575184,0.20759902701106625
3296,-0.0064022900741709981,0.31843015803938113
3297,0.073994587250078986,0.059452296580920438
3298,0.032329770244906707,0.15141164060439624
3299,0.17868668435391713,0.098541305188779627
3300,0.29687736273730486,-0.031178050167982765
3301,-0.17370075458077019,-0.11700510494097761
3302,-0.051369187149819487,-0.2484213487993992
3303,0.33646168594979237,0.10198436534471167
3304,-0.054819013949564378,0.15515729197690831
3305,-0.19045237607778251,-0.15823397854039639
3306,-0.099316259318111347,-0.24180425343321035
3307,0.088694280862344349,-0.20326177214378174
3308,0.54320569430980403,-0.068167515616555402
3309,0.30861025767853639,-0.13571164247373979
3310,-0.21091483236886677,-0.14131555371579357
3311,-0.17117421458610205,-0.12622868048957089
3312,0.050200649845905942,-0.23148180385734704
3313,-0.020442093982535596,0.096794782307747698
3314,-0.016239827571922768,0.13884867201990914
3315,0.24350944785735901,0.035306051977108947
3316,0.092417173046644527,0.019713808855946618
3317,0.10949695260950558,-0.16695502702894441
3318,0.020726737329706025,-0.016605631394095592
3319,-0.26611400531752977,-0.13755515308407668
3320,0.082469758405760582,-0.28941297627364848
3321,0.18673323947462028,0.20542769671134095
3322,0.033928164565817286,0.034550051233519577
3323,0.33518740412087594,-0.054364051632529067
3324,0.17053717458623138,0.13931530504143116
3325,0.0060922248185881541,-0.10933211177971822
3326,0.091157521619414539,0.054144920898179148
3327,0.0025134750868963836,0.50212885764983783
3328,0.074686559345507567,0.18263677349648555
3329,-0.026570325757367733,-0.11952399298645215
3330,-0.11568453730861242,0.018059841758234586
3331,-0.077539831430593009,0.04118618742843335
3332,-0.045016885989264427,-0.091806204610746178
3333,0.15754919107597967,0.059247922870339122
3334,0.058699735955258334,0.16063882770806662
3335,-0.072922729897798161,0.014792993663035537
3336,-0.057039659548671753,0.050347179009624612
3337,-0.088295079577300317,-0.019080952139317837
3338,0.011933260423588122,0.0031037888799788447
3339,0.037907316130837879,0.17404232306456055
3340,-0.047741047004311678,-0.0099317401502908506
3341,-0.030543505509151414,0.12088493245269703
3342,-0.081284900572568444,0.33843137365086728
3343,-0.17764563851459311,0.055311681088145034
3344,0.045081515966613299,-0.10153446940688859
3345,0.070221123190272253,-0.26071385997365448
3346,0.092347516513119593,-0.22948134559042954
3347,0.18270127346522824,0.32346096376047612
3348,-0.015561947001990463,0.26708276864048597
3349,-0.11836996006209841,-0.11522064699543853
3350,-0.10376941419776009,0.21888895695527352
3351,-0.03537347112282227,0.21674722906711849
3352,0.15693256738829461,-0.029296332042006466
3353,-0.02803343667745762,-0.053041101824542712
3354,-0.029434348579484997,-0.1669089024862126
3355,0.1363891404589237,0.019417595481780556
3356,-0.23620311196507823,0.0226941024223501
3357,-0.11069619464594548,0.01111409591339876
3358,0.11664252405717818,-0.00065450250233359394
3359,-0.13557650223253478,-0.27232904793255341
3360,0.15091633790585257,-0.080065197252642939
3361,0.40906555449760945,-0.020129229004323512
3362,-0.062738936067951806,-0.10446988961305903
3363,-0.17071831020110362,0.16594407390952395
3364,0.059010654497409526,-0.076520965663444823
3365,0.2589899024993183,0.061226494668746217
3366,0.22731103069420786,0.044984180908708066
3367,0.25694375344682019,-0.026295861962224144
3368,0.19036493545109623,-0.061871253528653115
3369,0.14987156557109851,-0.14155534248044976
3370,0.054199958975953491,-0.21307881301629922
3371,-0.18609649022527774,-0.16296997874821126
3372,-0.16500994268524555,0.014817819630206595
3373,-0.10317026462639921,0.23988575930410858
3374,0.19620443789279352,0.13319199388254943
3375,0.25374534118881725,-0.097270831035316002
3376,-0.25739261201896374,-0.18440702467479497
3377,-0.075515248946586178,0.17219055739339664
3378,0.19005351098733614,0.11200652062240556
3379,-0.064779638071141663,-0.23703111078103417
3380,0.030551013042686877,0.16349041278221813
3381,-0.001743485780913098,0.058090365215020964
3382,0.040936710585159568,-0.18641476717839711
3383,0.060196885963941855,0.22882906433500289
3384,-0.15651933886439215,-0.053393629857662925
3385,0.090966717709296041,-0.18772225420279762
3386,0.15382171446655188,0.24648699101493293
3387,-0.2046492762703051,0.058825717562034877
3388,-0.1096819025695781,-0.18859477151512963
3389,0.16928740271672027,-0.11352265540823435
3390,0.18334694258834333,0.12067334014564844
3391,-0.010625180460745877,0.24479476543527115
3392,-0.19520794626132046,0.14039046028616653
3393,-0.21212738121464067,-0.0035095330077603033
3394,-0.17851947637379201,-0.09805264491101659
3395,-0.087518464717380673,-0.20390945994092544
3396,-0.015655903229601399,-0.19701004650495024
3397,-0.0067831816704091944,-0.1954940786963586
3398,0.021462538805309905,-0.22572858059915754
3399,-0.043906350230783965,-0.2049818474808838
3400,-0.10830298857280922,-0.15628780139973641
3401,-0.19245121028175619,-0.098182819840920005
3402,-0.22617717166307022,0.049070320203044776
3403,-0.17762839076460091,0.1962466525811275
3404,0.046456722430464684,0.19176130682267356
3405,0.20148213715394098,0.10154303968687851
3406,0.06726934871265082,-0.18431012902468005
3407,-0.16782393932438497,-0.16157251441955964
3408,-0.17118548453031582,0.24877357161382915
3409,0.20771285411073023,0.070322282859703322
3410,0.03849834676235777,-0.15518049537188108
3411,-0.22773951148301705,0.029202599764359641
3412,0.18532058752103023,0.036290040493038175
3413,-0.049244295580115581,-0.03105107077978108
3414,-0.13909844258827653,-0.057732874930270288
3415,0.23491405762777676,0.040011699310146656
3416,-0.16787327758118728,0.12662642340497987
3417,-0.11682166646930353,-0.16435040078870089
3418,0.29746323139710368,-0.021640778345100534
3419,-0.097919474072074825,0.2365488302198859
3420,-0.22521207585522973,-0.038731243660783926
3421,-0.030107536115175842,-0.21542348979209219
3422,0.13253481712208884,-0.078553920861087784
3423,0.20870225447513391,0.10576561173220392
3424,-0.043340935997436991,0.23849683361967366
3425,-0.14665997266345432,0.15685726236930797
3426,-0.18542711387001906,0.013949932619223081
3427,-0.26393396736325947,-0.042154505508587535
3428,-0.17402631324598361,-0.087800640097264612
3429,-0.21661114141936022,-0.12192646499457747
3430,-0.20580645411394816,-0.12336504407668654
3431,-0.19726041754059032,-0.088208600434219686
3432,-0.2430659948408001,0.009740351427597169
3433,-0.19570041927289031,0.065372225147362004
3434,-0.11246122949197401,0.18646651315234383
3435,0.03576558891317954,0.24096558157599354
3436,0.21488075548482929,0.007274538134026301
3437,0.10941274941883533,-0.13733586756213265
3438,-0.086609540924535849,-0.21614643558413127
3439,-0.20460147335565293,0.035179697332322984
3440,0.052672625621054778,0.24081439517721187
3441,0.20966115184540707,-0.18348860301264547
3442,-0.13618180285586778,-0.12312994330535332
3443,-0.10380545668913105,0.16023943556791675
3444,0.19648336890530702,-0.081965266309624876
3445,-0.14121089351104105,0.00062959453492728544
3446,-0.078827670553947765,0.029180401539402701
3447,0.17606006497025617,-0.12411973391408203
3448,-0.15364016548422485,0.16473339905333839
3449,-0.1126389663425555,-0.15229852258595444
3450,0.24031555356904757,-0.15463254599965912
3451,-0.019381568041635829,0.28777311328089511
3452,-0.21026132344585538,-0.032174410852172097
3453,-0.063945647812350695,-0.2455100023927019
3454,0.14005767351435838,-0.11565138365324185
3455,0.20782445269985902,0.019289158838228494
3456,0.034316168747920449,0.22667906111875802
3457,-0.079284141064154004,0.13826414250522165
3458,-0.15367764478172349,0.045329406193150609
3459,-0.25024475078232111,0.028066566283203594
3460,-0.17087098121059827,-0.11479721686008391
3461,-0.21674576371145007,-0.098203014447234893
3462,-0.21913787565825488,-0.095325088256156681
3463,-0.1952479427651489,-0.097704917689043352
3464,-0.24540359065803738,0.049613074045707709
3465,-0.14494106036279766,0.064670346584596389
3466,-0.073467739454839753,0.25049034820470817
3467,0.13279230064122846,0.16848159323527787
3468,0.27548676121292309,-0.032454730298115755
3469,0.11182655927405923,-0.14157244165262503
3470,-0.095339537082063289,-0.21640969279645428
3471,-0.1930330195464155,0.1341315245536481
3472,0.10811956448227973,0.20709606810123565
3473,0.22274106849669381,-0.24179761510129572
3474,-0.21069972902001355,-0.01550626506979496
3475,0.027169819074179435,0.12267824041013285
3476,0.2033688074017071,-0.10327033126501406
3477,-0.19292593740202721,0.026891752292744465
3478,0.048545755177006281,-0.058745596222535425
3479,0.1932600487543126,0.0048115987333736312
3480,-0.20674601416019456,0.10952960228658296
3481,0.059015015324913968,-0.19388754943720615
3482,0.24171389302039528,0.049491159067738572
3483,-0.11622957952842364,0.24573879247964539
3484,-0.18055183716780182,-0.17264797302263687
3485,0.057619351134082356,-0.16553037022397984
3486,0.24066013721113919,0.01340513913530399
3487,0.1668066151638995,0.1098544399598117
3488,-0.066641424673330299,0.27536237022421661
3489,-0.16243562958352298,0.088762946969999423
3490,-0.20781192719657093,-0.0060522166598415399
3491,-0.18926604509952333,-0.071860135455997801
3492,-0.099359237864811309,-0.18336946102036542
3493,-0.14859924938970287,-0.14447864724981208
3494,-0.088745886815957631,-0.21065752607175181
3495,-0.13945478194856673,-0.15386838063248498
3496,-0.20909974906548473,-0.044363230381163951
3497,-0.18111318961906003,-0.0027242798133919541
3498,-0.20336852107655806,0.19186642595417741
3499,0.03761379776971642,0.23377328058985344
3500,0.18386092989829556,0.12829897217889477
3501,0.16856531529635432,-0.045789270354133528
3502,0.056631774901450438,-0.25267856982869447
3503,-0.27679681142618673,0.048218470091999865
3504,0.0024124463525521493,0.22670028183361973
3505,0.28431481562461297,-0.0181489405705463
3506,-0.19856803529928266,-0.11147459057284428
3507,-0.0096989473424060335,0.091340873798544664
3508,0.16013927288838412,0.098884391662471205
3509,-0.14381276790066641,-0.13172197165878149
3510,0.11393314985959956,0.032863341666547766
3511,0.0061492186533385904,0.16158008223932671
3512,-0.15027221174107114,-0.16709211615694813
3513,0.24382916458913845,-0.0018080354818604642
3514,-0.023899118773012797,0.21766912339881622
3515,-0.29557712249439305,-0.097396509662226932
3516,0.10364008671526616,-0.16550525580613523
3517,0.1605612767040106,0.013853100634397741
3518,0.058449190370147022,0.24535661606380385
3519,-0.14672402060628978,0.19460805663944383
3520,-0.25693353268301294,-0.029744641509455105
3521,-0.12084440466059941,-0.097085250056560934
3522,-0.05821235619833099,-0.23840034468931498
3523,0.074289916826979621,-0.19991048755900878
3524,0.14431685866481098,-0.15641996275445857
3525,0.15673146427882698,-0.13562200467248589
3526,0.167992115087159,-0.14440072647646038
3527,0.099157196646292411,-0.19411386306854533
3528,0.056589266747719476,-0.19485581280446493
3529,-0.065681152584079971,-0.18408286792047501
3530,-0.20515069548976667,-0.18939929322197169
3531,-0.23639468089842974,0.072503169546686397
3532,-0.11256903066519273,0.19834992831923429
3533,0.10474351845781557,0.18372609695132328
3534,0.2171992094583447,-0.00099978091969743998
3535,-0.035958307609171646,-0.2750977083129984
3536,-0.24387655089252563,0.056908925376041558
3537,0.031731418357816371,0.22767416068464544
3538,0.15051492868856334,-0.19942542932255655
3539,-0.16571895344977514,0.0095518844511943424
3540,-0.090035718365049741,0.1124918228650848
3541,0.19638706895484481,-0.11728134984477193
3542,-0.13909671615760291,0.11242838406007354
3543,-0.12455618587999076,-0.046917433302163018
3544,0.20442893514236493,-0.097841562043457259
3545,-0.12114681237318053,0.25436665828282501
3546,-0.16335604446813706,-0.15781952289066042
3547,0.1700201472753575,-0.16147990431020151
3548,0.088754394651663349,0.22155898082378339
3549,-0.12972095240586121,0.098124032958410295
3550,-0.25031784619731073,-0.035086888636218186
3551,-0.084654251879534181,-0.22601775726814125
3552,0.18132642704628266,-0.18966121800577584
3553,0.15010969151504697,0.0020524683322490009
3554,0.21863247201365366,0.070298225180475349
3555,0.092458159634519588,0.17252186972914918
3556,0.039271427543555816,0.2285730983742533
3557,0.046910507129113641,0.15912892209235294
3558,0.019709791128402154,0.22762418440229626
3559,0.095995728361578284,0.1972060145209589
3560,0.18202047102341684,0.12125462857604156
3561,0.1509138712798363,0.092458356697396687
3562,0.25845693017582017,-0.087250718337158265
3563,0.04284079522070821,-0.21006916342837173
3564,-0.07765352307898947,-0.21015503758347603
3565,-0.19145678068627098,-0.01215858187312518
3566,-0.15234980343327884,0.21449652012628165
3567,0.27889173963468028,0.073297221739187374
3568,0.053981677820283763,-0.24793055312742199
3569,-0.15913773345460705,-0.089323611684620358
3570,0.064626963851891706,0.23134198287121061
3571,0.032590497889158118,-0.15900858896582465
3572,0.021079321460323645,-0.061863787633560409
3573,-0.062690879606485811,0.1590130018010818
3574,0.083375408398015008,-0.20306345782929869
3575,0.081076061078680345,0.10946484191380773
3576,-0.17040366954525277,0.10749042266793557
3577,0.091381250184571647,-0.29517650163777642
3578,0.20361398268366038,0.13530240323174147
3579,-0.11736245617633287,0.18588433254553516
3580,-0.13253104710323138,-0.21861079502490197
3581,0.10048477178747273,-0.18317956992074064
3582,0.2561202114112035,-0.027032732496154406
3583,0.069061398772990695,0.16419117672503186
3584,-0.12899100394159335,0.18042403942025137
3585,-0.13744779533852003,0.013040076676036261
3586,-0.25424040794177938,-0.049749251827422618
3587,-0.11654246212106389,-0.17106084563152316
3588,-0.10868429607550519,-0.18669632745357667
3589,-0.12695725604406674,-0.1974515414222878
3590,-0.011618007903106499,-0.21550349320172357
3591,-0.17017175933917578,-0.19502154698413077
3592,-0.14788153474451371,-0.12816074552848053
3593,-0.19303382329777125,-0.042693168586844243
3594,-0.23748846654393352,0.10888314404084204
3595,0.031049627880839509,0.23746869273731028
3596,0.09970261585542145,0.146633564171672
3597,0.25854293381008647,-0.034084392024966409
3598,0.074640193806209926,-0.19641036222490552
3599,-0.23552970637980472,-0.12915951333283149
3600,0.031216359066863628,0.2886600429354837
3601,0.17627835486697546,-0.016036888997786242
3602,-0.0049873899144073051,-0.23666715909442454
3603,-0.070509339183541131,0.20925527503025498
3604,0.059542980118546966,-0.038042170062939612
3605,0.10379979106989318,-0.086664471394729936
3606,-0.14062183072606357,0.18834871737993142
3607,0.021747706652547868,-0.16174925551714453
3608,0.17964720482970115,0.045092803994494279
3609,-0.17650036249851306,0.18821042751193712
3610,-0.068240750904397102,-0.24222317613802949
3611,0.23894645797556169,-0.037285600283826187
3612,0.077386140164497685,0.23876828636474323
3613,-0.18466767201599607,0.12463924873831954
3614,-0.15202441941477748,-0.10448844227961852
3615,0.078459448473974097,-0.196231235697541
3616,0.20343625147802935,-0.036443780978539932
3617,0.19955333457949484,0.074675373985406399
3618,0.18889917307945925,0.19383118172098721
3619,0.053139861693864476,0.23664668559032345
3620,0.021259409013705138,0.25585586934143001
3621,-0.067796326880590882,0.22794180940071795
3622,-0.029059019768551946,0.19589069221854974
3623,0.0069863572114569686,0.25267484818775998
3624,0.034267783729673693,0.18402986033627694
3625,0.16739028426865107,0.15986304178054392
3626,0.27031830344104246,0.039742283170256486
3627,0.1494514901865433,-0.16008249361157539
3628,-0.0088899787445047337,-0.1317859074240379
3629,-0.22269896650810039,-0.068814874324487685
3630,-0.16282885591690155,0.18237059458541688
3631,0.13307842407974338,0.23435897726423652
3632,0.18470126417755001,-0.22732000891136131
3633,-0.20406462175034032,-0.032867545735027086
3634,-0.11083774210134992,0.19151979067885863
3635,0.23475891575863725,-0.046792023753671766
3636,-0.17053865105131522,-0.0051135248154419912
3637,-0.028164340412253311,-0.0072694091122664714
3638,0.1792239047231452,0.025241343783160019
3639,-0.24663349271788929,0.031511461202206395
3640,0.040345614845794256,-0.10803631724628937
3641,0.2096508749838375,0.1128415995907539
3642,-0.2571217021538702,0.16694911185806011
3643,-0.08363218832954479,-0.21915090477852844
3644,0.1723212209143502,-0.095589128370441784
3645,0.082303350129995581,0.18130087787703889
3646,-0.099249004184588971,0.16498278098656977
3647,-0.27597425089703614,0.017843672254542947
3648,-0.15992379248137109,-0.18177385669304053
3649,-0.0071069993597497605,-0.20639569502075708
3650,0.12161134313435727,-0.1846686032154839
3651,0.16751227817136791,-0.085281519880929343
3652,0.20487152464154751,-0.022605831489669749
3653,-0.03271357718745551,-0.12450035573758461
3654,-0.19882822200809036,-0.065169560346035285
3655,-0.11651585564762781,-0.14349836924539547
3656,0.049693842294029456,0.068916614378868882
3657,0.0053378845572507223,0.034619494213518967
3658,-0.091908841611440667,-0.063846523437401381
3659,-0.13913355460432181,0.26842110454342083
3660,-0.087716955877085279,0.13266093569774604
3661,-0.00057505372769815245,-0.12533591989058471
3662,0.20333032015493505,-0.11408274877378222
3663,0.1348508083010953,0.021992711965479479
3664,-0.35280977234706773,0.12234796933813728
3665,-0.34730441838356946,0.10649650934226368
3666,-0.017155890352575889,0.00055411572171373651
3667,-0.077348432056190519,-0.092322426294476637
3668,-0.078606031012011926,-0.24274579473378077
3669,-0.08106083029914897,-0.3264585383075217
3670,-0.037101836069369926,-0.15373476940250488
3671,0.070444559174238752,0.15711460505001187
3672,-0.10910704405870995,-0.022394455144919882
3673,0.071239735777984495,-0.10137932175673868
3674,0.18693650166442721,-0.011850726347328231
3675,-0.19825131205905011,-0.15329182189070387
3676,-0.098492210705568781,0.20517692852098823
3677,0.11499553683888973,0.2369185692306261
3678,0.044117248809835689,-0.1794953508073619
3679,-0.038320056903783879,-0.0051771577418729519
3680,0.060810736348008473,0.18238333050339825
3681,0.023992389186987165,0.032850911903670468
3682,-0.14792998278795133,-0.13517902507083604
3683,0.03226631176339842,-0.25364384528360095
3684,0.31258102863347398,0.10624366987963704
3685,0.029595638193108016,0.10399469264945711
3686,-0.11994503369394992,-0.16213286643177147
3687,-0.051914529009850413,-0.17315763931677114
3688,-0.24338884695173874,-0.17273236930626867
3689,-0.076549214998502937,0.039495811181921719
3690,0.15932723664346274,0.14751664831008179
3691,0.011848655813450883,-0.062490327969602397
3692,0.046920717683056702,-0.062265725477328095
3693,0.3519560069511618,-0.13892529204289353
3694,0.12347610294574049,0.05149965964345489
3695,-0.31309142770578396,0.13243694477690574
3696,0.19229437557780796,-0.32632094216723362
3697,0.37385358886647996,0.049358310228799301
3698,-0.13037518582117291,0.24936050917642325
3699,-0.012289743944590027,-0.1902348540396179
3700,0.13693707567606267,0.1516517073771102
3701,-0.15141345116186089,0.29718447997186143
3702,0.12275727742113247,0.072023170841473513
3703,0.071741493237163972,0.059504373202236595
3704,-0.035436479561353901,-0.11204671879701272
3705,0.14825797276224717,0.085086222857433752
3706,-0.14801814134911984,-0.010160293700571742
3707,-0.19987881170851321,-0.27693183661043558
3708,0.11523743685599748,0.031022946566455926
3709,0.11699122326034031,-0.10418806031274506
3710,-0.063572106687909566,-0.27440237524609273
3711,-0.073860346280709296,-0.072081395132130452
3712,0.13833552390370593,-0.089570383797925965
3713,0.02222856540926843,0.092882312846713375
3714,-0.16232441923603377,0.10070463180944098
3715,0.20670725794972056,-0.037175331211676883
3716,0.12610332282185327,-0.0015049798230934996
3717,-0.15825922159796885,-0.10001348935795031
3718,0.1572912551478933,0.13475824297961578
3719,0.13539313658326382,0.28181125956509895
3720,-0.09469523696079106,-0.068209208093999635
3721,0.10248728112523366,-0.15673811932832235
3722,0.16050577418889392,-0.32845653985857959
3723,0.20726792021381193,-0.22471103970062539
3724,0.13915324781735561,-0.066666452520934824
3725,-0.18839883120389964,-0.1783426963999141
3726,-0.10906205155863087,0.16236458335955339
3727,0.14263737550098027,0.3073090899752024
3728,-0.06241061022780342,-0.072793329321313285
3729,-0.19925391278476204,0.23405567077339692
3730,0.071619315791394828,0.46845821206033683
3731,0.21318948188926984,0.098127536490134976
3732,0.22418121652044704,0.07268432250691062
3733,0.013369281564091125,0.2007926260809216
3734,-0.20894952374849141,0.02985757203577357
3735,-0.039685907188886316,0.10955108890653838
3736,0.15267878326036932,0.27562550484172821
3737,0.12923786615120658,0.21795781858390495
3738,-0.078855604054935663,-0.0082929977161560735
3739,-0.30937789976366958,-0.061749205340982168
3740,0.023446283936331604,0.011857025811774649
3741,0.0760463555469751,-0.043082207488128119
3742,-0.14657848499890744,-0.13807669746501255
3743,0.0052677745721713617,-0.039485169190520079
3744,0.23041084127157216,-0.057993849305340073
3745,0.16545814611331666,-0.06710399126293555
3746,-0.028125606183582841,-0.27006955941139754
3747,-0.1064348209354835,-0.24264024477146726
3748,0.060306073473166383,0.1766702944648359
3749,0.023849469341454335,0.04020130114475956
3750,0.055648934982313741,-0.20636679962937696
3751,0.32121264461517968,-0.24265006492431346
3752,0.19855415754378519,-0.15978027663444386
3753,-0.12370429991609055,-0.10090866669999779
3754,0.041842172865038246,-0.15497541820379057
3755,0.12378815906718008,-0.016853612221836498
3756,0.082742172429316793,0.25438647508121881
3757,0.13341980216411806,0.29918006657020096
3758,-0.1197961867377477,0.20301416977966641
3759,-0.069087981352328562,-0.055398414586511138
3760,0.28494861078391021,-0.33258088005703773
3761,-0.066857041677738982,-0.17283486721416577
3762,-0.22390540946268028,0.085842305631748425
3763,0.084249692254017697,0.24264457145044011
3764,0.10009217418325558,0.10623310957436102
3765,0.27692996017476451,0.036537199181594787
3766,0.20690398950895544,-0.25597208785017334
3767,0.070173317540351957,-0.45671473890567243
3768,0.10491050016876383,-0.09121590053850967
3769,-0.0088985502288595388,-0.061681615025886212
3770,0.2186492658136065,0.0096793288253678913
3771,0.27994823290766768,0.27975881121010504
3772,-0.12645220116374953,0.067824166222437726
3773,0.011087116006882081,0.027680604583988626
3774,0.10238166576423852,0.048850827945693537
3775,0.05156371702990175,-0.15842180075961282
3776,0.11230074687585832,0.03213149335878137
3777,0.14629160821379789,-0.13793637807194972
3778,-0.025482151570754001,-0.043408626470439735
3779,-0.093598547592847164,0.10770573462708523
3780,0.140342579392052,-0.1206352403907312
3781,-0.16538464663511343,0.096842708439528913
3782,-0.23418809039863489,0.10903791682563642
3783,0.3234622037938128,-0.33558291762497655
3784,0.16170591064983741,-0.27262024668682594
3785,-0.057902198479457316,-0.018921472341975241
3786,0.12825595594399028,0.038253101364787247
3787,-0.13178790689441536,0.15385575034408308
3788,-0.14855778351527688,0.2567907613399027
3789,-0.010514408674571853,0.042363117073708378
3790,-0.27660701574362556,-0.18883113032082427
3791,-0.14116471076593651,-0.093272402060329523
3792,0.16701243047786224,-0.1426640451702029
3793,0.11405036675640394,-0.17779111863139285
3794,-0.19425951161366287,-0.28589706294127049
3795,-0.31908992659649826,-0.088648566610858695
3796,0.00030582020046943104,0.36701371775227665
3797,0.20266485014172406,-0.055427592022593911
3798,-0.072273743498263349,-0.14018063350795112
3799,-0.26225836902691668,0.39556954356735247
3800,0.025822870854006339,0.081029369242001242
3801,-0.11970144356238514,0.043329787972739592
3802,-0.17285002071271557,0.24786863177380394
3803,0.012047741759897292,0.056819038653520122
3804,-0.16012135931596211,0.13952642686496705
3805,-0.0057316708561750557,0.037652910236985568
3806,0.12090769625726563,-0.072353759237370321
3807,-0.22169490967831551,0.026591334846532751
3808,-0.019261532544974293,-0.079028073096095372
3809,0.27100143651756281,-0.0037100319773023041
3810,0.1634626650989727,-0.033518591435669723
3811,0.060362882845765062,-0.079083887891777532
3812,0.016731923205331969,0.04152586464531044
3813,0.22221547368205799,-0.11184828412491594
3814,0.29071114055862229,-0.1805231136736114
3815,0.08616846379826211,-0.012804756100253799
3816,0.027975937945083063,0.010039306705993923
3817,0.034098583022265073,-0.1293787746082436
3818,-0.10892229279382706,-0.063670004389395171
3819,-0.34064116326837562,0.053070888334888468
3820,-0.043301026956218923,0.18902689503549966
3821,0.1264733453503783,0.22770100079505423
3822,-0.045627457117271349,0.12646216049473255
3823,0.16969411557182243,0.35380726699919984
3824,-0.095631115167766428,0.28076229238510891
3825,-0.21447298626446945,-0.25015059910054099
3826,0.31574214979539122,-0.050088914407103259
3827,0.18499937392447,0.087271766209881974
3828,-0.0060429322063169436,-0.12766033294945267
3829,0.08786498087542495,0.053195837817946956
3830,-0.26327923127382946,0.12601861369278539
3831,-0.17473756178830369,-0.083067462353963867
3832,0.21644666298046739,-0.067952965067327564
3833,0.1765986814700132,-0.010596821330982598
3834,0.058332480924944322,-0.035931487480589955
3835,-0.047149304327490926,0.071118841499068441
3836,-0.11551851953244313,0.12778320120952574
3837,-0.11393074386655842,-0.10132084516499083
3838,0.041759955444239896,-0.092394691226125536
3839,0.069753423807518034,0.13270698069270917
3840,-0.059680807099745353,0.066371486593287593
3841,0.13267733717373376,-0.011605032142328112
3842,0.11906815357866359,-0.10935314248932787
3843,0.040393835112887626,-0.23467626052478963
3844,0.12321316474037801,-0.021201391438471572
3845,0.040582537235740575,-0.14310808984387519
3846,0.067957815045768505,-0.15421606229771267
3847,-0.10667835027242567,-0.01164135455947039
3848,-0.19619952256287304,-0.17246937688328792
3849,-0.038687829588825717,-0.0747680341742685
3850,0.022699862283851058,0.057952799519491484
3851,0.05728845658789105,0.0021449198822674244
3852,-0.059143039294042098,-0.014622616455393115
3853,-0.099513760362998901,-0.061123999845894214
3854,0.17384736812620993,-0.030075028256903766
3855,-0.00080179180625215146,-0.16190399122024227
3856,-0.25239450555995635,-0.21903527221752933
3857,-0.043496112036290342,0.0036484203857510234
3858,-0.043133952910841052,0.027265396686896426
3859,-0.10615723040792836,-0.0052839905423113821
3860,0.17743524467131505,0.053375862401435978
3861,0.12724901410455952,0.035618169281073989
3862,0.098316090498874659,0.032956839962541819
3863,0.1477797683671048,-0.052810545330798583
3864,-0.0017468013628445071,0.067598547905969822
3865,0.17917082449856858,-0.039192693550399574
3866,0.23371154377153774,-0.17906262289506264
3867,-0.044035020966664187,0.14221786245319165
3868,0.067135397330922469,0.092234342401145156
3869,-0.078610410292708544,-0.21301923247588986
3870,-0.13461315868382895,-0.087300384279422105
3871,0.2014729459489786,0.0010798440679452535
3872,0.11540858058267875,0.073150375242731769
3873,-0.063309317507836887,0.14226391984701178
3874,-0.084222126510354572,-0.1908877038258093
3875,-0.0093690910855272723,-0.077206212192393681
3876,0.23565929400324867,0.10979659514810708
3877,0.25812450989613261,-0.21836114512235152
3878,0.027233369643374063,-0.11088956703929852
3879,0.069746893703692969,0.10625657922553372
3880,0.12600228756104334,0.054560903232177368
3881,0.056730838384829431,0.04148098865149924
3882,-0.13519367020540593,0.0016840913430473253
3883,-0.051283215458145584,0.20182876750612866
3884,0.096127843844583838,0.070740568448755745
3885,-0.15403355946147657,-0.14792781867044102
3886,-0.25271652547772089,0.024160225494171711
3887,0.21774342256885665,-0.20461974475583439
3888,0.40308403497108736,-0.18045489162805547
3889,0.23706791594976487,-0.041056105912860567
3890,0.13696084354912752,-0.24428826529043376
3891,0.089297968084378496,0.007751477144452984
3892,0.12354449941031068,0.083684603895559137
3893,-0.063405992769949529,-0.096974286800250845
3894,-0.38646241424774547,0.060908635743842345
3895,-0.12286358625782259,-0.26350045375801895
3896,-0.061380458366476438,-0.30339551022918954
3897,-0.32449996610246828,-0.062097738775088396
3898,0.33053398508951393,-0.14462394823215191
3899,0.26229596635024199,0.13406747167725011
3900,-0.37133904185906197,0.022169129625251451
3901,-0.16777877295728394,-0.22893965141562803
3902,0.03334185967832963,0.12189360025773181
3903,-0.12519227255668883,0.16044720777155624
3904,-0.14820695358070723,0.042985050611431812
3905,-0.31674977447344821,0.032870646585912107
3906,-0.39886979737378081,0.0055665182381758101
3907,0.0031642624109619521,0.066584495573889776
3908,0.2862927323658272,0.13711486901024852
3909,0.11261158247251957,-0.057676806351966287
3910,0.077791410018516513,-0.17984663214716756
3911,0.18194960655825515,-0.086113153062745584
3912,-0.098412575424603382,0.053416423908531123
3913,0.00031692504760424609,0.031874330786979557
3914,0.040374231843687512,-0.10509343140770436
3915,-0.27248346744787938,-0.13398018514429527
3916,-0.15473724930719471,-0.096271094264256438
3917,0.11338171915312316,0.002663962891015682
3918,0.085913800197648174,0.19476294753928725
3919,-0.017415914018292691,0.15285132568391793
3920,-0.12916130801295261,-0.32012681663737769
3921,-0.076371893598806667,-0.33911434941793794
3922,0.026252798358685225,0.0035093324408155104
3923,0.12882543627591059,-0.073779474288529059
3924,0.26598411207876538,-0.082135193551679642
3925,0.3310186250956153,-0.096334337445845866
3926,0.15679808674287959,-0.010988252941724969
3927,-0.14038345900574187,0.044666357584263766
3928,0.034291609181059439,-0.10630753947494616
3929,0.12592922727606268,0.066740211490517065
3930,0.02783072408703504,0.17350146171947489
3931,0.13909748729801796,-0.19905335308905284
3932,-0.17025454478591473,-0.11268859581729818
3933,-0.20801004079937108,0.1454644530569266
3934,0.20955831179208076,0.01469616912455031
3935,-0.0093439818797705736,-0.054871334391431929
3936,-0.17276492653390446,0.039563872924930681
3937,-0.014816236667846816,0.010035120050931252
3938,0.15437205364161649,-0.14575722167419022
3939,0.23198798884058666,0.025396515898623063
3940,-0.089546358628855266,0.34293559964289211
3941,0.2325863456283819,0.047103668075703556
3942,0.34407666918252378,0.11186945948128298
3943,0.14606115144609644,0.11623329811849722
3944,0.011576012990278713,-0.18399785345021319
3945,-0.1481525791899182,0.070065783975478413
3946,-0.1604618154123178,0.077183126969200877
3947,0.1023252909915749,-0.023300270657721042
3948,0.15784254609471329,-0.005497346171580958
3949,0.099389708794826961,-0.12657974328833344
3950,0.057835162055517163,0.15492804443146305
3951,0.22214009661159895,0.16203890061617685
3952,0.19176476309843318,-0.29995015030828559
3953,-0.23689502626627607,-0.055226619615896928
3954,-0.052822814253890522,0.28606437504299476
3955,0.11482659861997029,-0.13087414297771124
3956,-0.12735143306007429,-0.33295883992856484
3957,0.037505174659700706,0.052832355469039208
3958,-0.17654513539221242,0.11838298425791938
3959,-0.44385455158369175,-0.14675110066282909
3960,0.018966943596349175,-0.078187107375592799
3961,0.075140676573281384,-0.037118780865729756
3962,0.14058264694371717,-0.30307607145286342
3963,0.16727488894991699,-0.29244977615098611
3964,-0.079661952176762474,-0.17597332793783838
3965,0.099047402955323577,-0.27673469288439523
3966,0.07709754616290028,-0.22592463442739974
3967,-0.13096660221518872,0.21272091094424447
3968,0.17284452820042503,0.30733539300222018
3969,-0.067243970478239962,0.045427769006224361
3970,-0.32922038330534731,0.12663427194966834
3971,-0.080836461507272486,0.17393458335144166
3972,0.051343942110465106,0.065868295327754081
3973,0.2016068288320278,0.039662956911771789
3974,0.20440284905480724,0.073424497430343974
3975,-0.21856742738861876,0.020856092958739095
3976,-0.19273045467156594,0.0045086106740166755
3977,0.055131741100000339,0.10224747645581428
3978,0.10449241448285747,0.067025368895682835
3979,-0.13771083897769867,-0.015411460280084607
3980,-0.27185204188625994,0.0040608914608300829
3981,0.068915954329725373,0.14934369729543795
3982,0.083294303119102756,0.15169839265310101
3983,-0.096122148870542018,0.0040319047845099347
3984,0.041679639112033227,-0.3008001518882793
3985,-0.10691577892593765,-0.1193644378829231
3986,0.0490385410722807,0.15767734036716205
3987,0.3595290592068483,-0.076892873130540412
3988,0.067361347481699169,-0.24128803412434865
3989,0.16429485833226043,-0.15658792327167959
3990,0.060007883710873094,-0.15133605648462553
3991,-0.26151814597221418,-0.11077933809193773
3992,0.026830756166522536,0.003224477455068011
3993,0.00539155915520316,0.084123178144420899
3994,-0.13295701470631685,0.20652746806602615
3995,0.10645067709455602,0.14041019833639573
3996,0.0061809481623611578,-0.085168091825814307
3997,-0.0083532546788839465,-0.043090644644632983
3998,-0.095012988902857753,0.21830666805268475
3999,-0.068156212813406447,0.10540114081612591
4000,0.0087890400268881771,-0.13509958389750443
4001,-0.26811297121524019,0.048818934630166136
4002,-0.032440465973564356,0.031810176274972998
4003,0.15712909925424934,0.12802035799932934
4004,-0.22431089356340597,0.33652668026605359
4005,0.10819840805391916,-0.053325946013463008
4006,0.10897419569433589,-0.26462390525221802
4007,-0.22911803276184825,-0.063064694432557897
4008,0.029130631829707088,-0.102847051565763
4009,-0.26829914450037068,-0.042448101933263219
4010,-0.31676266749019261,-0.11998156057343455
4011,0.33824263407207639,-0.29693646009119984
4012,0.13382799689095354,0.057203879096039453
4013,-0.25511997033955863,0.1057630130376651
4014,-0.17956909899755047,-0.11036273681752432
4015,0.035948481217749281,0.03982742467092458
4016,0.18882487649526905,0.026813606536761046
4017,0.049553778551313737,-0.083839699213999308
4018,-0.23718154882491188,-0.031425754321270441
4019,-0.25465329586341479,-0.17301974801115999
4020,-0.10872924565661712,-0.088835629038736277
4021,0.20299155718577128,-0.036942819690790392
4022,-0.044822117845146794,-0.24542798012550984
4023,-0.10938015304121214,-0.117870499632
4024,0.24620993233121541,0.20721821394007134
4025,0.036768912051257166,0.06004072947725652
4026,-0.13143358060562629,-0.0051315423309097746
4027,0.061381387000392112,0.10205631119882051
4028,0.19337939567434279,0.12328395657003889
4029,0.2296694850997387,0.20898428464067259
4030,-0.0052855680352119384,0.094531413636672779
4031,0.12113706521781319,-0.22891104826071598
4032,0.271502426514937,0.036240935496847412
4033,-0.088067445525755156,0.19338751101067239
4034,-0.22488267312735674,0.035548091023660772
4035,-0.1536432525876241,0.19120941135054789
4036,-0.10515560907502559,0.12669207983298258
4037,0.2747946657764827,-0.096468783180436127
4038,0.23804413760530385,-0.13139572698563642
4039,0.082650362643018643,-0.024464108405000323
4040,0.025007643274559094,-0.02059142186881224
4041,-0.046184925722733645,-0.15238656648609064
4042,0.062078806636088127,0.16700615927955101
4043,-0.028782768179412617,0.39184358861932228
4044,-0.068776810234311453,0.14511593973213163
4045,-0.099966427112809175,-0.062634684880739616
4046,-0.36549890144475938,-0.16906771272231488
4047,-0.17647733334206497,-0.20693993741779199
4048,0.0026441317197805798,-0.14738385305411314
4049,-0.014899193014834947,-0.10243869399761302
4050,0.065880273036714662,-0.084474997846826161
4051,0.12008437833058733,0.11088740128651434
4052,0.095395072939745085,0.39900842066041153
4053,-0.036567216811989545,0.17409786079615469
4054,0.11144544699516576,-0.0067540849971238857
4055,0.23813640681184226,0.25716348858761651
4056,0.10897039369711604,0.12008416993120552
4057,0.016170077203027131,-0.067663043258488723
4058,0.02234257469670127,-0.17190977960801665
4059,-0.032451618598736347,-0.27469753741555442
4060,0.0083577620962013779,-0.030167917655357993
4061,-0.022402410735287866,0.20936229609079013
4062,0.049001756408819874,0.04069969557988045
4063,-0.14784747606677229,0.088649605968089504
4064,-0.24709982680962816,-0.16393335674614745
4065,0.021327226192390684,-0.26939971946983149
4066,0.036614184759151215,0.014340968109456257
4067,0.001095204256005654,0.0088131872252736072
4068,0.15628677115892378,-0.16835328581886616
4069,0.096939205145127938,-0.021013522816959573
4070,-0.0056397603202941668,0.29025604259857057
4071,-0.034302538927556775,0.21625194355924252
4072,-0.03466758111534271,0.038623280644495606
4073,-0.012838264005133961,0.17312684578888834
4074,0.030175238361788162,0.24933572953139765
4075,0.16113849992849241,0.14103483518317039
4076,0.25048051479373179,0.26989487357478981
4077,-0.040056180160516264,0.30022533924958289
4078,-0.15513818575441132,0.078650479967693754
4079,0.16555242335540787,-0.024971027972057819
4080,0.038245201884926999,0.170278628557373
4081,-0.055167217370309475,0.19599153086999699
4082,0.29217589383177495,0.077841716566388025
4083,0.17618090078952195,-0.034471982428730466
4084,-0.071878337485373339,0.24170270471635444
4085,-0.0034765505494987886,0.37798685660804038
4086,0.1127256861173028,-0.03211952136533662
4087,0.13894048694955052,0.056776860621827671
4088,0.012335818960805264,0.23847132037088498
4089,0.15732995695107937,-0.16304180899322065
4090,0.1652275622907774,-0.11438648555172838
4091,-0.071883699319825412,0.076977275828970029
4092,-0.014204766170691318,0.024084051377764801
4093,0.030658646393490394,0.063978004190835769
4094,0.055873833543148767,-0.012164244111061252
4095,0.067384111985701364,-0.034765394398484292
4096,0.040019861996855539,0.026230511028646795
4097,0.16099891095231439,-0.087651824550243215
4098,0.089439751424050654,-0.15789567005660343
4099,-0.053118781990111608,0.17191778616626102
4100,0.077444829643185734,0.40784233195076874
4101,0.057824816108487664,-0.075917340515488721
4102,0.26314093325014842,-0.16494243879462345
4103,0.27497819046547128,0.069325209462049772
4104,0.086171578246458228,-0.16165606463179302
4105,0.05697070413330535,-0.11040511487280361
4106,-0.014442018123454754,-0.074162511411680856
4107,-0.04363753186801788,-0.022630639005216058
4108,-0.13504976556133813,0.056731935353788301
4109,-0.099103548930698337,-0.39517942992877186
4110,-0.040745744806304329,-0.29041574722063945
4111,-0.11112312639916039,0.11913999131735975
4112,0.1271946585591916,0.15929936661191099
4113,-0.013461198266170388,0.30641247950033584
4114,-0.2634146733853498,0.14108963005624445
4115,-0.1335614259563295,-0.043330292804793745
4116,0.10963645223920312,0.13405055471717961
4117,0.48568112237487032,-0.11499922862314207
4118,0.10707185623205535,-0.10028392373668005
4119,-0.29345931658408514,0.15372058616777667
4120,0.03186230201214138,0.038883077606045258
4121,-0.00012080700995656737,-0.26566875702619452
4122,0.1266017663414685,-0.0973506409487402
4123,0.15559900056520856,0.13187886381763825
4124,-0.087659880013618102,-0.22353128955830992
4125,0.20146133444995021,-0.18884647437018695
4126,-0.10070886968238049,0.094541410060909645
4127,-0.33854195572997131,-0.14015085280926168
4128,0.10877115125683216,0.0040320144101372805
4129,0.051273637625155341,0.054846651488705461
4130,0.091866049313123629,-0.022987217359659803
4131,0.073593671925539728,0.035424542810235923
4132,-0.2523818740738486,-0.0032015348456272408
4133,-0.10590102246794508,0.15112510214249883
4134,0.061764355908322188,0.14489380879598648
4135,-0.0055701934855332943,0.13894606828799114
4136,0.17374369780695409,0.33708433834712037
4137,0.13791586631391711,0.086111884795929391
4138,-0.11649198477578387,-0.16877848109442201
4139,0.10650139345606775,0.049858197228634396
4140,0.35831285125386442,0.176044518796133
4141,-0.090710183693419544,0.02306193486988246
4142,-0.21705779635132744,-0.16369951002836958
4143,0.0048958108668673232,-0.019912854892791786
4144,-0.15129956118454568,0.093830034338916637
4145,0.1174312866750257,0.037792097991077689
4146,0.35028421472892207,0.011059867921387176
4147,-0.10732153083297424,0.016471979028448349
4148,-0.12718247191796311,0.092794854551903977
4149,0.12825152932613457,-0.028820467589633698
4150,0.04472668792956222,-0.013485242859335979
4151,0.021466076053967102,0.22123730728334123
4152,0.20195635334660561,0.27389854159874644
4153,0.06876183367201702,0.28618288485502469
4154,0.0035774826595495616,0.073239317825403244
4155,0.095131134380858684,-0.08885640180797269
4156,-0.28022990592241115,0.24222867840885956
4157,-0.450531187212447,0.072517212404762554
4158,0.017267185694753141,-0.065711738960488972
4159,-0.077510371178067181,0.19211023696691304
4160,-0.3761749662912901,-0.021539600958873847
4161,-0.14021022920439519,-0.15576316128560438
4162,-0.10944821710163481,-0.01401297386179166
4163,-0.095468246787095715,-0.014166481186281547
4164,0.29012876441729646,0.17344108155564081
4165,0.13011407861048879,0.043667107225958887
4166,-0.17893188432691098,-0.0025153050742979695
4167,-0.06696797808078217,0.11567601854349079
4168,-0.11339023142578986,-0.080963747258409269
4169,-0.10353365101644403,-0.078256825086050016
4170,-0.057264722320924742,-0.10333075145349042
4171,-0.084086351258119446,-0.10852756021327914
4172,0.1715461263659839,0.18235077927448648
4173,-0.088130466912939881,0.13297039458482804
4174,-0.2001374166455091,-0.056697233958688052
4175,0.36005583751989534,0.092353236310874401
4176,0.18881265578824658,0.0025118882792494364
4177,-0.16993165381299496,-0.16943126993681953
4178,0.1754415814789064,-0.0020421533261927929
4179,0.12722890056769026,-0.11246207942377834
4180,-0.03253814393027675,-0.26162027827817602
4181,-0.042229548159937777,0.067698045895289855
4182,-0.099145311390275812,0.12363745561565664
4183,0.26069768424739509,-0.17861384691185503
4184,0.24170398014310301,-0.12250199989189907
4185,-0.15843350615678062,-0.028997175283146139
4186,-0.031694533450953952,-0.17214264629043938
4187,0.025474759067994374,0.088829545571472796
4188,-0.031030535641814926,0.19354900665351987
4189,0.062319429739011202,0.030550202549359175
4190,0.067715374029484382,0.16704595749764029
4191,0.051403589362116919,0.15496983938580189
4192,-0.20469702930105826,-0.13669859228112385
4193,-0.30216775894383541,-0.12450488177502932
4194,0.25935286094447457,-0.18283152514985435
4195,0.13610404929020958,-0.29894969257883408
4196,-0.25026184639095617,-0.11377126861816897
4197,-0.060151519277423668,0.25933169783898941
4198,-0.10200582051200102,0.33263675030941825
4199,-0.10130210231727639,0.15538687492434022
4200,0.12870487216436,0.019610161510781463
4201,-0.054173509212280771,-0.13653264395208875
4202,-0.070215969717150301,-0.1626635512682405
4203,0.00072392372446078435,0.097446517288839157
4204,0.0081964427667807656,0.17450616023168875
4205,0.15424306623806894,0.12809264741336016
4206,-0.10697796711106497,0.065151324356504337
4207,-0.15729081026619529,0.22396976329578172
4208,0.28719092204080243,0.20237109622252994
4209,0.06046042814831927,-0.23677046662492454
4210,-0.31600683196850199,-0.030594845736219147
4211,0.13248214181613199,0.11907354330994248
4212,0.33632526213474756,-0.095830927744860628
4213,-0.064734642933628073,0.05538054753452936
4214,-0.14079408210596114,-0.1640021414204709
4215,0.14350280509194607,-0.44678691662260794
4216,0.087557781328728851,0.0081633050626062076
4217,0.045815931058795376,0.082391597102931619
4218,0.3192373771326571,0.12641731088956754
4219,0.27374012612889936,0.16802937641654808
4220,0.17074593786865902,-0.11543327047532687
4221,0.25337269674133273,0.14079355808407001
4222,0.18831261075081468,0.071792271165188881
4223,-0.19236815333499116,-0.13936629274308335
4224,-0.33215381952331147,0.18999843483108569
4225,-0.053978035944296773,-0.08407232032682066
4226,-0.10442420081491351,-0.33557734788949573
4227,-0.17336655603486517,-0.069263648891845331
4228,-0.07718328664323354,0.050010698398556264
4229,-0.27856287378477557,-0.26367780752156061
4230,-0.24492710026353848,-0.10705301609065135
4231,-0.065179733769886977,-0.094155207291451049
4232,0.19165119167228578,-0.029418043051269882
4233,-0.09661350124246651,0.039452975837576183
4234,-0.085230201810520767,-0.21536176320707121
4235,0.079110632485163576,-0.074669984372288389
4236,-0.14820106553506276,0.25319777124408399
4237,-0.07324275297806275,0.082421851617674041
4238,0.095146260051754583,-0.10045843108617525
4239,0.067442476369779597,0.045346631219894275
4240,0.12810726647929593,0.082004878812239015
4241,-0.14973963816611566,-0.13684027404093158
4242,0.064388500827698592,-0.0942143117647294
4243,0.19208822261728864,0.096297867789253158
4244,-0.097097853831610417,0.34315763895730722
4245,0.043836042091249638,0.35931662611216403
4246,0.047700596853737127,0.025539474995828024
4247,0.041426104470994894,-0.11987612784241836
4248,0.27183956735508402,0.10503237717929505
4249,0.11742868179736149,0.081671593001065898
4250,-0.12009830953340631,0.12534545448155066
4251,-0.066524139396294285,0.18469205359003585
4252,0.16980411163395887,0.079703752692784874
4253,0.16317858136598667,-0.070482658110838453
4254,-0.12493120119245249,-0.34924882575812194
4255,0.13811396346151236,-0.22563040031125153
4256,0.17554888374141464,0.00049709473235507416
4257,-0.27252837960932891,0.14918234923052986
4258,-0.0090614321422557032,0.41285352077456261
4259,0.18494805645464962,-0.0028675177619680837
4260,0.015996887973224138,-0.17510300775517462
4261,-0.098448998358369483,0.040167389280587343
4262,-0.18966382891944852,-0.24560247324711407
4263,0.051529039854474296,0.040927345806140665
4264,0.2746424720938262,0.31275870984488052
4265,0.15211593175921648,-0.15782017025508943
4266,-0.018640525227800783,0.079243071664022613
4267,-0.065334400177152419,0.41187317864947331
4268,-0.07111413508962787,0.21456216497554825
4269,-0.098363835424995008,-0.0075080645289618553
4270,-0.083229401368841438,-0.21560666941719434
4271,-0.15059123347809628,0.010185249206480937
4272,-0.2520846136382055,0.38884739779472793
4273,-0.071587204013395633,0.21752562790711447
4274,-0.14462890734499037,-0.11134147290446722
4275,-0.24951914099203901,-0.1238658654912282
4276,0.22619994460905066,0.043297318705386001
4277,0.14919897663355361,-0.11098920306949439
4278,-0.27122622918155365,-0.34830940931758581
4279,0.063828117580463695,-0.27390139232989452
4280,0.28580395181159302,-0.11705951923813462
4281,-0.067577801615437028,-0.010500011188401692
4282,-0.33721468526051873,-0.14448006696632576
4283,-0.33593303749407089,-0.18997962340793664
4284,-0.079773220983280671,0.1586338910525405
4285,-0.039311988815731919,0.12732956854029101
4286,-0.11228815853216444,0.098363235209827538
4287,0.1352105459634789,0.37474290552183914
4288,0.14587496427969382,-0.15459816237768273
4289,0.050800732404462715,-0.35286859414778116
4290,0.27137878288661443,0.14142211646365996
4291,0.20393697673437647,0.046138462657640017
4292,0.015717697970373156,-0.048666023015896391
4293,0.043648992215282206,-0.042806163361682456
4294,0.11587472050012133,-0.29010499898524583
4295,-0.073858894033991651,-0.047575213627995785
4296,-0.14365022800356358,0.25778219748063924
4297,0.028381676288750643,-0.055832927974952075
4298,0.25811201049714777,-0.17560645555247142
4299,0.10734665242896299,-0.10501713127485111
4300,-0.056074546097444944,-0.05282961540769774
4301,0.046003720518219791,-0.14705311018265332
4302,0.030884231231663773,-0.1890108661754564
4303,-0.16598428254862527,-0.12297313972433027
4304,-0.20966046353427129,-0.0083173989325875212
4305,-0.040310349456713704,0.23361267955671122
4306,-0.040291511145827581,0.30013053494428038
4307,-0.17130943334818,-0.00070581548738247492
4308,-0.063531292257379759,-0.21871470066439921
4309,0.14310285330150577,-0.082978928552586359
4310,0.20735346321604819,0.024080664295264266
4311,0.05980192532627103,-0.17003008545657755
4312,-0.065386530433745649,-0.10215148662054384
4313,-0.20570904073718724,0.13202024648823241
4314,-0.095544578460738147,-0.0098800797643805796
4315,0.092625594428572072,-0.076884681785206854
4316,0.19510193366437603,-0.22530703413915318
4317,0.20245464945771283,-0.1990758573359821
4318,-0.0073596173977355812,0.15500610774743448
4319,-0.067955528974817714,0.10661688863253857
4320,0.1587753782223682,0.0039221948936385871
4321,-0.031362420519290848,0.16198221584453165
4322,-0.087250010239573628,-0.051209650493994452
4323,0.16932609354618516,-0.087663077024037001
4324,-0.015530328143156039,0.016083591602524868
4325,-0.13013940438317032,-0.045575517273020325
4326,-0.039186805876192089,-0.020476234164102679
4327,0.097997284098568407,-0.15557680860382916
4328,-0.022574221204156482,0.0498791068677054
4329,-0.26827060809298381,0.18332198497576421
4330,-0.18235506340343924,-0.014143486494833638
4331,0.09986865555795911,0.069762544218563816
4332,0.014461752674527616,0.058672643403038675
4333,0.013904857569339095,-0.21499061155120236
4334,0.089011851892448576,-0.18044867607890452
4335,-0.047276756295601643,-0.056814826578345003
4336,-0.051466533122574702,-0.056712039220902094
4337,0.0030440637782291873,-0.035343828752518208
4338,-0.03113639730794068,-0.16396462642568371
4339,0.14949372718574808,-0.14896728776458815
4340,0.066446467878087043,0.021324398800466993
4341,-0.22320596880351892,-0.10115447626243879
4342,-0.16801116102852812,-0.17557207681976308
4343,0.056361174143293495,0.0093250177965370547
4344,0.062304363058432788,0.06510941674418981
4345,-0.10671217962241736,0.090218602642501894
4346,-0.15055728871661533,0.13950298196646058
4347,0.0010584556677363619,0.20688364811531545
4348,-0.32109107665552566,-0.022162793076138332
4349,-0.2178070715451933,-0.23285887980287526
4350,0.10080446213390838,-0.13349852326046496
4351,-0.03736455200374774,-0.29326842796983305
4352,0.16053550078954368,-0.4005776599913663
4353,0.09100192542639185,-0.044585003885106209
4354,-0.088436336695568607,-0.10596494793367235
4355,0.16481144296150041,-0.24592620669359322
4356,-0.012999914706712403,-0.075129155769196362
4357,-0.036660026156754996,-0.016044878122386877
4358,0.27174152752103969,-0.10098460962583319
4359,-0.093543157215866937,-0.15039379081112758
4360,-0.11385769839125552,0.13650344023531705
4361,-0.047315468875675087,0.093783740630444964
4362,-0.25657492553547767,-0.041157492593856274
4363,-0.036459773250721889,-0.042131666685033285
4364,0.067385879928474279,-0.14859225604951992
4365,-0.12361713698755623,-0.041334075916241622
4366,0.1806620325126482,-0.17673871480552769
4367,0.100778458903607,-0.35632500907099379
4368,-0.26787745109017064,0.13481856861441788
4369,0.10870984627929833,0.094894998463856406
4370,0.33079556632903762,0.033984741451933739
4371,-0.032917747586549299,0.2487960277890881
4372,-0.17120534542948329,0.10047020541685305
4373,-0.21720649470476894,-0.0014239873640628192
4374,-0.10159906709632015,-0.20956146164432082
4375,0.050127593373767453,-0.10934535913858597
4376,-0.20970344460117676,0.11787781506332805
4377,0.0099717169365347354,-0.13428351462835045
4378,-0.095067647577105813,0.10000143848436764
4379,-0.24029839183103202,0.16433311556635896
4380,0.21902154762693715,-0.18185799478444983
4381,-0.093004655000147929,0.11650263631443754
4382,-0.37863492030727347,0.17703622765671098
4383,-0.064995366769865545,-0.19904207676493607
4384,-0.23183685416297262,-0.12432702466397876
4385,0.041265344830722035,-0.0020924072227209304
4386,0.17552092517321846,-0.064233434467840397
4387,-0.04405037022465743,0.15254987490992511
4388,0.0525979968887864,0.239022382102691
4389,0.17450125919012913,-0.020768951552755738
4390,-0.027341382835520053,-0.075314887158107219
4391,-0.046674143141860892,0.044768106992948781
4392,0.22756203328579863,0.060664018127765104
4393,0.10855628432363573,-0.0031547421256617678
4394,-0.22130068260529936,-0.047427120749943819
4395,0.1235380207030011,0.035612040878292908
4396,0.28940035490525967,0.067793205086874433
4397,0.060533118767355912,-0.08528495070727965
4398,0.32820793975425805,0.17347694642884404
4399,0.28321723563258616,0.20137887075989885
4400,-0.069194236762619155,-0.12650739474944211
4401,0.011741490651745541,-0.059780384043597513
4402,0.064616069503643833,-0.13008848924507727
4403,-0.095656885990186513,-0.22403475968518061
4404,0.12588909899611936,-0.079693374589199839
4405,0.15990682242538237,0.043439685019463721
4406,-0.11364426011061514,-0.0056621489299053633
4407,0.11414825309996358,-0.18305869602647257
4408,0.26824039398687388,0.00037638172416093463
4409,0.055708655090523869,0.00057910619539923338
4410,0.17528732170958103,-0.21413448020887343
4411,-0.14396491806918846,0.058123261243041319
4412,-0.29761847297584271,0.20146792864915286
4413,0.043184397180612039,0.10084891553564188
4414,0.057817637251093734,-0.043691155823869919
4415,0.072961788843180844,-0.24290188709390231
4416,0.230493554445834,-0.24351486562225155
4417,0.088312840759632888,0.065756273625512118
4418,-0.011761668082527437,0.042110021010217019
4419,0.056751270291848815,-0.22802920852794117
4420,0.19887713953988809,-0.10915230887185139
4421,-0.051533720777409406,0.076982186037558492
4422,-0.10957660781906495,-0.25881398602448002
4423,0.14720092984759653,-0.2012105986340233
4424,-0.023183043319237408,-0.054605831167768945
4425,0.096654107104309647,-0.12075109814739796
4426,0.12332953302150744,0.16163962251890446
4427,-0.22512482343442086,0.050686781276927828
4428,-0.04634619793026596,0.13796589749851457
4429,0.11439719889525218,0.34248653403845075
4430,0.089867424538233376,-0.037288948026144214
4431,-0.14527732132279575,0.16852329842857358
4432,-0.31702870483657597,0.16127239846852962
4433,0.089682785078952026,-0.28127957973097156
4434,-0.10269410752414775,-0.054280321796470118
4435,-0.3443786915889126,-0.072039281783491255
4436,0.21081506880991049,-0.29491676072922157
4437,-0.04462978901051913,-0.053960934929754102
4438,-0.4323333415864018,-0.012485458437798941
4439,-0.21349000012622785,0.0087034635457659913
4440,-0.099045151399722545,0.034800821471994606
4441,0.064665809524208376,0.069175699804914711
4442,0.077600881419997769,0.10960505566126907
4443,-0.0044169821369828867,0.15695393539704988
4444,0.016132543561924388,0.015294277031711941
4445,-0.14666832724451584,-0.26255981627056563
4446,-0.038496485909711164,-0.26081651414131146
4447,0.072583682088209853,0.012608769338300168
4448,-0.094556017499182438,0.15477066779275722
4449,0.06221662138079246,0.013934943323344157
4450,0.21389543991217805,-0.18579166978470862
4451,0.069519983039661476,-0.28623698440482187
4452,0.10437096816337491,-0.087149312632753231
4453,0.23620156658341973,0.17053203417508028
4454,0.068175125292875755,-0.040078831593445705
4455,-0.16757456255449465,-0.28802147189643273
4456,-0.03883849276606223,0.15240465604226666
4457,-0.0087443918016215458,0.33098654469822741
4458,-0.15811874434572432,-0.019778522426095214
4459,0.048442633410264072,-0.15961842854999311
4460,0.23888036079232744,-0.14859603994051929
4461,-0.014232569600859529,-0.10359160836456742
4462,-0.16208053414317408,-0.020511133704471687
4463,-0.068977890664478403,0.093146492256057339
4464,-0.019572765047110294,0.054045910961422805
4465,-0.041051579685822653,-0.14527929456102567
4466,-0.18226499693988513,-0.12653157489541469
4467,0.033929690568883709,0.048453751990499595
4468,0.11714040402040195,-0.03100782848370038
4469,-0.12993813807903651,0.0047087452783933139
4470,-0.23165115283381388,-0.012438649302314968
4471,-0.17748536136115683,-0.07697738381178057
4472,0.02684863776254558,0.12390561067541851
4473,0.24188889460962262,0.047604324678475196
4474,-0.23395703720633113,0.00023504806951417032
4475,-0.367644050074099,0.24916940659333914
4476,0.031296992521630929,0.16582127617389994
4477,-0.20702564565634307,0.23054214067169199
4478,-0.28332351822926982,0.19535280298486946
4479,0.14524089266388721,0.0047653914803673725
4480,0.14359531919423152,-0.10630069744015634
4481,0.020337841551039248,-0.18640232677763255
4482,0.04390564964153227,-0.0036808836824518414
4483,-0.05406146591395776,0.21293974810793243
4484,0.1308763575439727,-0.11118888145152891
4485,0.27919158680096312,-0.25868801940560404
4486,0.1210826820765312,-0.28256809130183691
4487,0.061204066929849164,-0.068651158189501821
4488,0.040450441547234928,0.16823843369194955
4489,-0.037557579206878813,-0.12336075939056514
4490,0.17016322662317773,-0.08433518526372398
4491,0.082211418412423715,0.069019237621172652
4492,-0.23842065682516547,-0.18563239746274593
4493,-0.069489749549919155,-0.032364175153929982
4494,0.10702821554417721,0.075615737807124161
4495,-0.0537932094788603,0.11504556912967226
4496,-0.062413255471212507,0.10132394871578883
4497,0.13502652565026069,-0.094448079387999512
4498,0.11645000872149608,0.069234732241060415
4499,-0.11636997806291335,0.15725020922848268
4500,-0.2959645138317103,-0.12028163058918658
4501,-0.39585189060393206,0.018397580732947838
4502,0.014727690708465656,0.033779896345377196
4503,0.08050940029240862,0.034367372171654975
4504,-0.12549291912689725,0.28086330078647659
4505,-0.10745383391703871,0.07708772989734522
4506,-0.13073871516189603,-0.099983176285629624
4507,-0.19699801258777344,-0.099283071937307718
4508,-0.1180945339142474,0.1344041073700239
4509,0.049858691228093222,0.16305429494365367
4510,0.340368891851827,-0.14153576668195214
4511,0.22176454823020264,0.14229408328558019
4512,-0.0012262428779970516,0.13081916077511646
4513,-0.16834071753736368,-0.26504633055405319
4514,-0.42169758190966256,-0.0045096898449397179
4515,-0.011965658145275599,0.17187249313685074
4516,0.18342932720949964,-0.0027633984475318139
4517,-0.0040999704713537491,-0.083399202488309274
4518,0.31684132597475401,0.18724627703307659
4519,0.01523209321416337,0.28420040768357246
4520,0.070751481909109903,-0.12449190490157996
4521,0.128915169359822,-0.077220952905329363
4522,-0.078805760693925364,0.1598893411450526
4523,-0.041081159129152001,0.11451178362278729
4524,0.0096876111298470156,0.16765565613220137
4525,0.04283570443589417,-0.067919483526601557
4526,-0.02057235854090533,-0.17605448534188017
4527,-0.13603710529096749,-0.061495072578152253
4528,-0.019595760355259284,-0.15793713304395712
4529,-0.055773676969970362,-0.027354572881079991
4530,0.066303080447189092,-0.10951575996720904
4531,0.34522430873551346,-0.17460106263502667
4532,-0.02986921535383847,0.010912686139357674
4533,-0.15982084789896198,-0.11014267464035724
4534,0.29158863142485164,-0.099499101355846511
4535,0.17429083675172397,0.094134377193367855
4536,0.059119378165753578,-0.086527573756454021
4537,0.12718636442903164,-0.089771365467969683
4538,-0.049922422121166071,-0.10034522352743516
4539,-0.13087220156908216,-0.051115964273541287
4540,0.044604804114785596,0.1397607642119057
4541,0.27285470875753914,-0.011521455393979115
4542,0.19326850667656825,0.0097721601324556404
4543,-0.041551606087114772,0.06596831409365865
4544,0.0067702203147762766,-0.12038676885336963
4545,0.040288508966435085,0.079341828756895882
4546,0.091653609655474075,0.074364102198333823
4547,0.07102545188552245,-0.072079198230440109
4548,0.20231818113201089,0.19461717493278205
4549,0.29508923977761342,0.13890661409242874
4550,-0.012026194739477133,0.11233957150457918
4551,-0.14775115208497785,0.36592363739362244
4552,-0.048394619567237146,0.016434366231290107
4553,-0.025800688597997869,-0.13722385734911369
4554,-0.043376315708312879,0.014396095926565093
4555,-0.1476175181289465,-0.32030432195670117
4556,-0.12650430969421292,-0.24951084937543982
4557,-0.10112152141454696,0.0095227038972794144
4558,-0.22254133889878486,0.020853953631881639
4559,-0.10516682363319306,0.25000196041684958
4560,0.015087094494072403,0.10622816487510575
4561,0.0097511608900366364,-0.049158074096708852
4562,0.0054672334968513259,0.05250912070034279
4563,-0.029613292059010025,-0.005779002989371302
4564,-0.057333167985466102,0.18404822094779044
4565,0.13354331562783736,0.14507598762692966
4566,0.18862592620605445,0.00020974787852145712
4567,-0.086303521311003412,0.12159159295695918
4568,0.085642422293286183,-0.30011100697394089
4569,0.52346697117891094,-0.25188535772594889
4570,0.2512241720223628,0.10090213271260187
4571,-0.22151864633156654,-0.11715600572553719
4572,-0.33848044486508672,0.12504991642301883
4573,-0.12380250763657513,0.21708516586317056
4574,0.16080247323603286,-0.039214817205742582
4575,-0.050634984119175289,0.0075952434485435771
4576,0.0049191999063856982,0.1063705584763304
4577,0.23743302793174967,-0.015887450009733475
4578,0.023239261137981301,-0.20041663044531713
4579,-0.095493632230409631,-0.097454727497689228
4580,0.20883148387792619,-0.13543534153992876
4581,0.33366076919276483,-0.17079425482937671
4582,-0.11081010062870074,0.097716642656819494
4583,-0.1612917082549756,0.27225440524105082
4584,0.14346456018482667,0.31950059094268224
4585,-0.18525421936515404,0.031906013503823515
4586,-0.12028461332875812,-0.3090639428317753
4587,0.21762321664599929,0.030793677586105021
4588,0.02611817029565695,0.065856270983216073
4589,-0.13557094959164179,0.049701258530087479
4590,-0.17991834526137893,0.038069407195743442
4591,0.040996548437160753,-0.27857398890612833
4592,0.065149774707220859,0.10617552999106222
4593,-0.19347923550310203,0.27329761815986631
4594,-0.03851980237685447,-0.23366540348816967
4595,-0.028028187428270155,-0.05506043385762327
4596,-0.1029233230593493,0.24976265386691843
4597,0.064277874611404398,0.11629774602805598
4598,0.026665594460185495,-0.049872559375200548
4599,0.093425419451328082,-0.16855834083842641
4600,-0.10136342056925993,-0.16101555436552795
4601,-0.2427443751818098,-0.14992415585303914
4602,0.1318757869000646,0.057601295201651859
4603,0.12459020683231543,0.26870846703284912
4604,-0.13709729781365138,0.14512097002096994
4605,-0.3353959821880147,0.083728680773751549
4606,0.014411395054858788,-0.08661593416891078
4607,0.16439877747268511,0.072412004310992151
4608,-0.32344850549781262,0.19186245174990213
4609,-0.073963415565579435,-0.052621032406173301
4610,0.04198742347833273,0.056463302842898265
4611,-0.31013588604692172,-0.015035501495448885
4612,0.11396910827119981,-0.1125687859428815
4613,0.074395554726336285,0.16897439086583946
4614,-0.27824917280047695,-0.069856995852313447
4615,-0.10166088812895439,-0.17895883533618162
4616,-0.16348776118507238,-0.073998105476348164
4617,-0.16084192263660835,-0.2414017147241109
4618,-0.057108441830623177,0.026307169470160489
4619,0.056593660085896523,0.10172014770322355
4620,0.202109579268588,-0.14003285725593112
4621,-0.15496038166823786,-0.18726801285556074
4622,-0.23927394980164804,-0.17993692738853184
4623,0.10912870593677396,-0.14878751351257669
4624,0.010563286329446114,0.11999914021809971
4625,-0.17814081971041104,0.15174213425278754
4626,-0.1229274604041808,0.14346113717814835
4627,0.19670699021389013,0.26205245156458401
4628,0.24558149259468909,0.087439829362143909
4629,-0.058872797004162133,-0.055538190871669474
4630,-0.19453903612943485,0.23715827790683516
4631,-0.056027257905380747,0.11730572433966137
4632,0.01699132856029429,-0.29545655168768725
4633,0.080049047366755666,-0.15123613172247907
4634,-0.11275444168700749,-0.17297518917454241
4635,-0.090263160553222685,-0.25761711041374358
4636,0.15640052040890551,0.023597221035565434
4637,-0.016307981873808518,-0.0072334259245133295
4638,-0.4491741159365904,-0.2553549101017229
4639,-0.23261567713893505,0.058088662628153057
4640,0.15131543859531613,0.015300990993031739
4641,0.036321260228059218,-0.38980904578021913
4642,0.034859222009370812,-0.14370950207860722
4643,0.20783471589214514,0.045959609519323319
4644,-0.28813420137396384,-0.15172632731233018
4645,-0.35197372555859036,0.13872251965408561
4646,0.18138084292293213,0.087324463754701404
4647,0.1233176573089553,-0.33778806853316856
4648,-0.086091765491901256,-0.23045494711302617
4649,-0.015848454337521335,0.15054240984371517
4650,-0.11885471577084539,0.28831107259645827
4651,-0.048320002802002,-0.04707897907596463
4652,-0.066919352172413973,-0.029554906885282669
4653,-0.070795341816509413,0.2991723784481729
4654,0.11998206112983292,0.15018399854049316
4655,-0.023561503583789386,-0.068121265865288327
4656,-0.023479633203478744,0.046293188103585722
4657,-0.0022181060880346517,0.036311133296314607
4658,-0.18299478224278903,0.069612100856446688
4659,-0.089149293302678734,0.21980055713380489
4660,-0.097795535007804718,0.12762970319825115
4661,-0.087735735214159505,0.06462263725560792
4662,0.079015477267403364,0.21083432751230854
4663,-0.16602220233520232,0.19244675822931703
4664,0.095834027980176678,0.20015327760017088
4665,0.28286042995833693,0.076220210404059241
4666,-0.16275176664817892,0.0092410483085767041
4667,-0.04388391325177813,0.071608400421639268
4668,0.026275920193535716,-0.11656784166962871
4669,-0.019005173804557539,-0.089355275588862498
4670,0.1090778381764929,0.098031375025734974
4671,-0.060075676667933731,-0.13577753534024883
4672,-0.14211467006130746,-0.21069130619325499
4673,0.070624747859996409,-0.28332686798674511
4674,0.056832562410879299,-0.26429724445518182
4675,-0.30072735233179271,0.10743197908666592
4676,-0.29144133674698569,0.091936837248456846
4677,-0.025632903289317069,-0.062140545528390698
4678,-0.19432599856913399,0.012493463728473306
4679,-0.16266607965448929,0.061856709727241943
4680,-0.1071169044653898,0.098582888022087908
4681,-0.37521929744183596,-0.069828994902064359
4682,-0.072219063889297191,-0.27330450516760058
4683,0.13689141726522797,-0.10725471699919122
4684,-0.24386051006901546,0.0036174611233040447
4685,-0.13057271147414656,-0.035993807963872027
4686,0.024487373349334107,-0.0069965689227943365
4687,-0.10035062431047471,0.10590519848703452
4688,0.1427062715608596,0.043608600751104093
4689,-0.030621839322604122,-0.27670616161786504
4690,-0.35859702878260225,-0.045483025044548979
4691,0.02435067327949704,0.11241254553974334
4692,0.22246221501426747,-0.20492626690019503
4693,0.0082060075640896929,-0.17127045511631109
4694,-0.13422158394683056,0.11633790077836466
4695,-0.12805582276438818,-0.0071932356918787133
4696,0.099075072184437799,-0.19125818409604095
4697,0.25720458236964627,0.094021165515443691
4698,-0.014966261345450356,0.31099192748630572
4699,-0.18310711262197271,0.15131990373027468
4700,0.036659014734248319,-0.067722723985180838
4701,0.23878497042327324,-0.033442856268385432
4702,0.15516520955245261,0.15546914015995114
4703,-0.017675882465246408,-0.060298483328588115
4704,0.067557470652461676,-0.025906143262320835
4705,-0.11622684585869635,0.22153006052094348
4706,-0.36265211507832373,0.10530463501999081
4707,-0.10599785445092523,0.14337065774178764
4708,0.02258941044467162,0.3111704958846539
4709,-0.036315973089301359,-0.21521972405326908
4710,-0.035594380171879388,-0.11921937390869328
4711,0.082014800190672421,0.12321289738038048
4712,0.24100924852675182,-0.29564231986443434
4713,0.16976706564096788,-0.22159190012264299
4714,-0.043193182451168544,0.070301065338900764
4715,-0.081773028353591043,0.059501039859094107
4716,-0.0242005544610479,0.19325118271473105
4717,0.24826418282827109,0.41731994812639445
4718,0.10135889656970579,0.23341856010782441
4719,-0.09195524414617437,-0.16689402368932907
4720,0.085718069316678608,-0.25532419467370876
4721,-0.04085650861280643,-0.10492388257494312
4722,-0.026158481696002329,-0.0031584281574095034
4723,0.17195702241284877,0.14544246439553171
4724,0.12156030903205435,-0.050458392787546762
4725,0.13338301739589919,-0.19572609467023122
4726,0.010229803717050146,0.028583247318389952
4727,0.0029853640672210299,0.021010747312638977
4728,0.068752616314264631,0.050040742967759136
4729,-0.049152156823198109,0.13582962199967585
4730,0.020414765342566938,-0.19412608415310115
4731,-0.065456070588432239,-0.23683101263952985
4732,-0.22438330452041588,0.13428480167088752
4733,-0.022062665155337675,0.086156116838093308
4734,-0.051535181002121511,0.11066248230520956
4735,0.0045371397605390648,0.14134664185569468
4736,0.25642397949488177,0.015165955776435319
4737,0.11931018830833881,0.14631647420293592
4738,0.06072411931205339,0.015296505885930199
4739,0.18374257605986413,-0.16858892252288821
4740,0.02310673965889978,0.090888386248549821
4741,0.01494317825828002,0.065202851311310844
4742,0.11314068366023479,-0.064070123671812751
4743,0.003679787395918073,0.14555507179537167
4744,-0.0038664541712984044,-0.16799766533471608
4745,-0.1706227708895314,-0.23184739133691892
4746,-0.22647842432630508,0.20716621000706736
4747,-0.12313374651377436,0.022309295191520091
4748,-0.1757136142831357,-0.28298223289132551
4749,0.14159771025077997,-0.19299543286675069
4750,0.25846945103481439,-0.16673754135317095
4751,0.034711272321206348,-0.14777527227030604
4752,0.24863255423916103,-0.14667412328692822
4753,-0.0052631276556948381,-0.19014612607622389
4754,-0.41389837972644994,0.086675241939113301
4755,-0.17131439479104393,0.22223747942195493
4756,-0.11183473635418853,0.13493660350657954
4757,-0.34080977037922316,-0.02609460094205792
4758,-0.16359219447679355,-0.14855778177009993
4759,0.030563679796012901,0.072357987242289021
4760,0.096785998741280979,0.15854236922933207
4761,-0.058457259323022252,0.060432700662942353
4762,-0.23892775128844088,0.30969164352188155
4763,-0.19764904638673975,0.12281916055316816
4764,-0.025869331809402606,-0.31437385541303747
4765,0.095910323253046229,-0.1567223395764123
4766,0.097950387219030377,-0.15177350299198578
4767,0.033520687109101374,-0.16517959319237219
4768,0.083283916907401556,0.19797397159857405
4769,-0.0087866404191953695,0.049442481668339935
4770,-0.18987407027133416,0.030357982894458034
4771,-0.21373440990606174,0.13151567716656065
4772,-0.069595273246714634,-0.12601704707579925
4773,0.10202214841373544,0.01458368260331163
4774,-0.21059931948768337,0.28224127410467786
4775,-0.31504559191564779,0.040930121086513852
4776,0.13975052822250886,0.08893186319374749
4777,0.06187589472591698,0.12698577889949159
4778,-0.16996141329557621,-0.11388579676448893
4779,-0.13527620792724454,-0.075165094158305634
4780,-0.18345678562718992,-0.037822858777321132
4781,0.047040025290245882,-0.012103316311235221
4782,0.17988111215206121,-0.0058472011858273446
4783,0.080851763318299769,-0.13608744216671673
4784,0.15184477437929517,-0.034134114124239834
4785,0.03380557619473077,-0.037216059758156353
4786,0.052473161414731198,0.067274832532939741
4787,0.18319716429706978,0.35534159772499258
4788,-0.035829811096568215,-0.048132571445564681
4789,0.11934649126216776,-0.1259739583731965
4790,0.075875300336930282,0.2724165107418362
4791,-0.10901300876741284,0.13024200928586349
4792,0.080821605119763343,0.092427723325364766
4793,0.094571500063919886,0.10976197783260563
4794,0.089386500606661534,-0.055243969797309105
4795,0.046172306596219889,-0.099334702523547147
4796,-0.13622713346904844,0.017837662893375548
4797,0.0011849628081710695,0.26554784756170208
4798,-0.018764903097879995,0.18016491559385425
4799,-0.072720353328353526,-0.02776974248258595
4800,0.13561941657938967,-0.031581130587083298
4801,-0.037452850932124054,0.0074706442469084644
4802,-0.065647671613496786,0.086552428201513931
4803,0.079734085732284216,0.092156310357591711
4804,-0.1927665269306606,0.17086327447864724
4805,-0.14774015914710356,0.069595323090111405
4806,-0.10652164490815386,-0.068236902252812023
4807,-0.23948104964513603,0.071639522010837467
4808,-0.28813714423241227,0.010760615194649513
4809,-0.25503640704005076,0.030020829741160826
4810,-0.23312657031915887,0.13537700208014533
4811,0.046945116641242263,0.1108351066145226
4812,-0.018738367450195893,-0.023267065410161738
4813,-0.027299645745419397,-0.22893397149162931
4814,0.17717966193251333,-0.074716739757884953
4815,-0.016856359496672746,0.13932816043192769
4816,0.059712338844623986,0.13305164103036241
4817,0.12950272631610696,0.096670961906206831
4818,-0.16719345298498248,0.12376092604439798
4819,-0.012631796914553919,0.13944424474471401
4820,0.1217478145034228,-0.10015743262656022
4821,-0.10505416073215913,-0.056117714855784602
4822,-0.15820697531396494,0.18077521314380354
4823,0.031234421967186992,-0.086917684687155577
4824,-0.041572686889358779,-0.19664341071092564
4825,-0.06599718999019423,-0.099991525842191176
4826,0.039339677336330064,0.18572618810236513
4827,0.14332316494318734,0.15242371896160714
4828,0.10057214650835353,-0.23152907347288296
4829,-0.012077187956950893,0.18282273061007942
4830,0.09788855612725203,0.37143308371884282
4831,-0.0075696496627615526,-0.075540310724512547
4832,-0.19336079223052835,0.14976336934772311
4833,0.10227803507072661,0.32345448193527243
4834,0.065471591628844625,0.13815856449335917
4835,-0.17114716868100391,0.23615814516138048
4836,0.18771264029564258,0.0010518111897225408
4837,0.19145110484597544,-0.15551397910384504
4838,-0.12733219961364445,0.032787829652270346
4839,-0.10401908291071624,-0.055025041991187365
4840,-0.18171850376878554,-0.15642658352669106
4841,0.060592479083803802,0.046585769786782839
4842,0.28278392865878466,0.015528483369752114
4843,0.15145398657542658,-0.17992062373052517
4844,0.031339535750880096,0.10271460302616704
4845,0.014266621112704438,0.2440902104843265
4846,0.172705365840162,0.10096350749111557
4847,0.12249735384223162,-0.018617001409038627
4848,-0.082837157383414878,-0.26294982322996147
4849,-0.067044498012606188,-0.18061148457207302
4850,-0.21125016370986191,0.18611611559532684
4851,-0.114474429460873,0.063063522458758958
4852,0.23518285250824625,-0.10301439905634058
4853,0.17847912494337098,0.05534609085842343
4854,-0.02579176654455171,0.056477647925972839
4855,-0.085354680122003312,-0.12663977088692552
4856,-0.0013401616813957496,-0.036715788315146908
4857,0.08171702594260305,0.043505724691770463
4858,0.11478207473547403,-0.14506587398024706
4859,0.056221242808023965,-0.20809092045963373
4860,-0.21403188670141732,0.025920864269074737
4861,-0.061985015483145757,0.13077641956047836
4862,0.1400979319153341,-0.034141045069020146
4863,-0.011911277311494137,-0.15934541134963257
4864,0.015334593808295306,-0.11386330861539089
4865,-0.073738856795330959,-0.17359553576640413
4866,-0.23872560577816584,-0.19949677292055862
4867,-0.076679103909320506,-0.0072757743042220074
4868,-0.11065837588806485,0.13872589057255114
4869,-0.11913326821460954,0.027220634817356201
4870,0.04378444591401652,-0.042044783568843051
4871,0.022371994468905927,0.047943037174295142
4872,-0.041190565433509289,0.038122542197550346
4873,-0.040655399659800279,-0.035014016819691726
4874,0.023379341019447941,0.067340529493907106
4875,0.25172274799777933,0.10523808747634397
4876,0.0073531726907007438,-0.015960217257284151
4877,-0.12177290420488904,-0.11041777425976734
4878,0.21385975196014209,-0.056446149532595469
4879,-0.067690376558457249,0.16334850515375376
4880,-0.170796175160805,-0.075082708079288074
4881,0.29612531404443571,-0.16357961003058272
4882,0.090239385617933682,0.16020137395876377
4883,-0.04328477202553857,-0.062728402109602552
4884,0.19324693088520875,-0.11708239020268199
4885,-0.14020587370531029,0.14997005582228307
4886,-0.21625355735533583,-0.14735536165521534
4887,0.20096365777157024,-0.19469063229755246
4888,0.048257170317519332,-0.12803783047960396
4889,-0.10219302061931457,-0.10046986665904759
4890,0.099007368154846731,0.23977261538849851
4891,0.097114415349319388,-0.030104907516000309
4892,-0.10332718757126633,-0.4660192360809427
4893,-0.091495802268745596,-0.05021030034896852
4894,0.026028533551850287,0.17546979026628495
4895,-0.014373802560191046,0.079807388792534892
4896,-0.15306526223213365,0.0077026630792024261
4897,-0.13069439172078495,0.014252153514991501
4898,-0.14795465768688443,0.19727591740493616
4899,-0.14822460364429638,0.071136093347905216
4900,-0.084956729825463678,0.078908603847974573
4901,0.040886822895286869,0.25832622795918397
4902,0.1591697533052491,0.085983905618630813
4903,0.025624134295730371,0.015688671672814288
4904,-0.1257821555320025,0.034340408260729878
4905,-0.19965893079334446,0.01553902545141336
4906,-0.033260248828107228,-0.051548048082743478
4907,0.20446047915150878,-0.094489826193135923
4908,-0.052025491651324175,0.36131314549739912
4909,-0.26175015531175483,0.27205264626800207
4910,0.04333606403029653,-0.42361982716256169
4911,-0.023940671497699635,-0.1411766082339061
4912,-0.021925630422020288,0.38778820258968483
4913,0.034010088784896766,0.19630239266080973
4914,-0.1965067469753865,0.028364077441675028
4915,-0.011069951645128974,-0.079487943843985345
4916,0.24763221196481044,-0.069097658480143792
4917,-0.02893624944480485,-0.015894428487513081
4918,-0.076954075434370689,-0.024205147902039113
4919,-0.12225968337155674,-0.16425575246202265
4920,-0.24257520696667681,-0.18066762297782202
4921,-0.11424988484454829,0.097154716260824794
4922,0.054316695831920017,0.1876817761035085
4923,0.033800607830599072,0.17699742287144793
4924,-0.11735935035612091,0.25916363733635572
4925,-0.26487424303096863,0.063136493083890466
4926,-0.29628998974257031,0.069333404261733053
4927,-0.12174104832636211,0.23657493591997714
4928,0.17170929746995267,0.20993068184473071
4929,0.094356386985394169,0.053838168405027885
4930,-0.080627860846419333,0.060752259556100016
4931,-0.16512977906205528,0.10661497843115851
4932,-0.14131332347809955,0.020288909434882388
4933,0.074059673539972573,-0.11981902874450376
4934,-0.16113820093405931,-0.20304827330114994
4935,-0.29225139478334516,-0.1176367196119889
4936,0.029236482142330315,0.16893981695038163
4937,0.078160990427964899,0.042634782972945671
4938,0.05255672991396082,-0.38563283168144741
4939,0.20211497632082578,-0.15139103621478217
4940,0.15546534639321741,0.086811219909371601
4941,-0.20531623623165532,0.055291509992694332
4942,-0.29568381958537415,0.036813153015978005
4943,-0.13167960267663537,-0.14049959644499108
4944,-0.24540749757665628,0.051273746799189855
4945,-0.0141116234384564,0.14303744645427291
4946,0.31796832044138651,-0.077837478889664774
4947,0.029212781512940256,-0.10895356360226133
4948,0.066247530117797826,-0.14493415233648227
4949,-0.1072268821565308,-0.23470827311895823
4950,-0.33580809413062457,0.038672774379577314
4951,-0.023687310243647793,0.20290684651546056
4952,-0.011907022704871527,0.061454842687362572
4953,0.1031643357497298,0.095185210585997437
4954,0.15891749248990988,-0.0050512846091138154
4955,-0.1947144265230962,-0.19928798550039312
4956,0.048792902418462791,-0.031034257892055512
4957,0.26321200157177005,-0.21288046761986018
4958,0.092299498043988168,-0.089224816674393706
4959,-0.030452729638339275,0.1692176743814873
4960,0.076414530279286144,-0.19228681791059438
4961,0.20186688699022909,-0.061834024629589139
4962,-0.21205722049392098,0.19823650969978468
4963,-0.20487889248890523,0.093418346679646463
4964,0.12424401270724056,0.52634830229539953
4965,-0.16008590656612232,0.26934546701954809
4966,-0.067635697492914787,-0.1039607250634758
4967,0.071937662322552928,0.28944959597528946
4968,-0.36557162544589222,-0.051471916374337554
4969,-0.10619966457794217,-0.26632528886854329
4970,0.11296781435004384,0.19855475542731821
4971,-0.041503530983808302,0.32715914375885174
4972,-0.075258617179595158,0.45644641330089358
4973,-0.25664471804516631,0.27906790133339432
4974,-0.21609085654800902,0.13994022087939453
4975,-0.18952344194975007,0.056576119228165578
4976,-0.27853733337137077,-0.28331784990152697
4977,0.12456887133892915,-0.2107194031707976
4978,0.25188399604761047,0.14613206636930179
4979,0.068293615031969734,-0.043363940226404947
4980,0.033565163659032574,-0.075889589136930585
4981,-0.12179889384369892,-0.16538142298351807
4982,0.13164689791772544,-0.15339313904000676
4983,0.24128625883298147,0.089164873448502366
4984,-0.20836342028328728,0.32895308859132955
4985,-0.21323926582343891,0.23901739044122525
4986,-0.10203956840065599,-0.0079735838168688723
4987,0.014328699292488816,-0.031518531821061582
4988,0.090444963108909454,-0.030668672617186449
4989,-0.10461242888137708,-0.13273707097584805
4990,0.14594567386471885,0.024331493226842669
4991,0.38312415145891376,-0.14791128243952206
4992,-0.02960838029896757,-0.35019333211176235
4993,-0.058040470818169876,0.0020533555509664944
4994,-0.070258894078145423,-0.14412346407480381
4995,-0.17101187722825456,-0.30822892707887706
4996,0.24159204023129077,0.0081426564092741197
4997,0.286585274618742,-0.10600004464386124
4998,0.024293753665188961,0.12323958536475438
4999,-0.08016021953582346,0.31373298472271338
5000,-0.062560505751111037,-0.056455446738801825
5001,-0.020407154598754682,0.087068693507018
5002,-0.088988272475206548,-0.017823550961358653
5003,-0.18341807589515999,-0.21059900491573566
5004,-0.067173727190564914,0.088782119624510047
5005,0.04772217179599926,0.14552030162199386
5006,-0.12470654415116149,0.25535911168691661
5007,-0.23309874222946003,0.17365481416046677
5008,0.030629814934114739,-0.062999973923872271
5009,-0.20076586447777353,0.12295090081695875
5010,-0.38276524470990247,0.064321214454598125
5011,0.057710967575993907,-0.13224649091896229
5012,0.13856345552105367,-0.045272063020929884
5013,0.17968082432637347,0.0012147622495407911
5014,0.16721065102763286,0.065191150667036957
5015,0.038340912718326618,-0.19021913099976218
5016,-0.05015417089201344,-0.17549746764743185
5017,0.0053205289839909561,0.0099176148450143432
5018,0.044337746783827257,-0.1499631854926777
5019,-0.14098709674365423,-0.17838227280133689
5020,-0.078313768357229779,0.14159951921761627
5021,0.11131505014250206,0.18096591263086659
5022,-0.095381760019089573,-0.032110814752148296
5023,0.12668798850014723,-0.028222993842410327
5024,0.13384844305216564,0.17705371442388873
5025,-0.12653389794883069,0.022016545670319885
5026,0.23742456056982369,-0.031750954065811854
5027,0.24958346694862621,0.0251020137828167
5028,-0.030091225833993384,-0.20112685683755127
5029,-0.041938940839722223,-0.040074529837432593
5030,-0.056912343724650767,0.16238726215877722
5031,0.22515434123083788,-0.098177518152401042
5032,0.063001479571587082,-0.13522100032670528
5033,-0.31406569343477225,0.055349511656056727
5034,0.020251048963545213,0.06924537030908727
5035,0.075323869066650756,-0.17157592937234759
5036,-0.29263311996284092,-0.045824949046172708
5037,-0.20149574462742983,0.20349041059501036
5038,-0.037992939535499468,-0.11881303742518409
5039,0.10162022171170672,0.0025807994251669658
5040,0.094687456300990486,0.048058411247785579
5041,0.014985100609800593,-0.31678365514898588
5042,-0.0084885024766737475,-0.070854585061174438
5043,0.089859382156417353,0.10157635027010356
5044,0.38234881219923594,-0.10000270977607689
5045,0.22581468311606678,0.057887643061712075
5046,-0.20792946708055118,0.072159848105028748
5047,-0.043967415828834212,-0.29920031627012478
5048,0.26827142916949626,-0.33703800078602603
5049,-0.10253605296889201,-0.069324730729326281
5050,-0.14328988465701784,0.018564121335474176
5051,0.26743638286025123,0.26184955183280589
5052,0.20487371894217485,0.23001081870037418
5053,0.080661195323269055,-0.076263579755464397
5054,0.054023524740753989,0.076179290930100521
5055,0.12851765739497512,0.10528465436728085
5056,0.26571692014365589,0.032967948175388867
5057,-0.12012353479118243,0.078150240187492281
5058,-0.033584356806450652,-0.18818186507618007
5059,0.32651892298708496,-0.080868304920986303
5060,-0.063690796323499138,0.058320315398192178
5061,-0.073872079003999808,-0.14797777269059798
5062,0.085592497157004774,-0.14242133106438634
5063,-0.081644047417371773,-0.20941536560685639
5064,-0.02185316406690662,-0.24700837516031249
5065,-0.04602453322373512,-0.27222112255984404
5066,-0.13470135563579394,-0.25966821482147051
5067,-0.12467927789606416,0.069466961738662861
5068,0.033243444135466156,-0.01201315789646917
5069,0.24788325138538614,-0.050011489706266711
5070,0.05334673908469708,0.15176730097904328
5071,-0.13581101794586703,-0.028640651149072854
5072,-0.12231271279169786,0.089411938924635725
5073,-0.10227999905218256,0.12807434780191976
5074,-0.10456974579681468,-0.18524030040654524
5075,-0.12700909157242204,-0.045870413439282567
5076,0.10481798165858934,0.13858238751588414
5077,0.044259275315800962,-0.11944633982537277
5078,-0.16808435330395899,-0.11602190903863484
5079,0.081513069928664,0.045957032971286421
5080,0.1895221210449432,-0.036753886940882982
5081,0.13697180590635291,-0.07661259766926147
5082,-0.17769344145386137,0.039370747467700452
5083,-0.18234213444208486,0.11653316053463469
5084,0.23183682697164076,0.13959233755914172
5085,-0.16662593754857358,-0.029658005611386373
5086,-0.40284924234518416,0.10018874299785777
5087,0.057623005529425439,0.029566757069372323
5088,-0.15137366757103016,-0.2453533593543282
5089,-0.29973950573812647,0.071278426143091531
5090,-0.11061744210591509,0.074314220538921949
5091,-0.25883811163482479,-0.18187529231108537
5092,0.0041992509208091449,0.21021307556144481
5093,0.19305035869005827,0.10195951496135267
5094,0.031595044456264626,-0.16347310020853456
5095,-0.073760931621445244,0.19433887140681047
5096,-0.071068991457351571,0.041194583068158312
5097,0.23686549912367058,0.055180540588708304
5098,0.25766164800944702,0.27309456609413402
5099,-0.20302551128678503,-0.2016941976769541
5100,-0.19898848753640697,-0.18177237707730728
5101,-0.043037269324618488,-0.047584866718450296
5102,-0.19060930575419169,-0.15435571149196681
5103,-0.14176639008877212,0.24240531531521506
5104,-0.021249950832885726,0.071082736601037394
5105,0.040636091392185623,-0.12024110159092213
5106,-0.0097850824026388429,0.21622540331171552
5107,-0.084111575714467937,-0.099383560127181261
5108,-0.27762691425518404,-0.15399031728365539
5109,-0.40333194467778782,-0.19214790895545864
5110,-0.082221376635529766,-0.28839888875686931
5111,-0.11250651411795498,0.19792893784467966
5112,-0.20611257362438701,0.14682301919818247
5113,-0.05111408575807036,-0.20084633077770556
5114,-0.24865043987246063,-0.19381552244000899
5115,-0.19208750308565506,0.13217928494216058
5116,-0.074969784654934077,0.23300101389467165
5117,-0.0168987779972611,-0.078753040245852113
5118,0.26101536249084956,0.11552065217353986
5119,-0.0065230610065499951,0.19493584252529261
5120,-0.21471930703956582,-0.12990770044464417
5121,-0.15996369010902595,0.053312400293244876
5122,-0.015782823297413887,0.10199024430303492
5123,0.157399073157864,0.041089050896589763
5124,-0.086419850252760305,0.051653158921785972
5125,-0.17543225440702021,-0.123490086586398
5126,-0.044234778375673293,0.31314461194760568
5127,-0.095823402752082731,0.18453821717051461
5128,-0.044281202239563479,-0.31360919108710383
5129,0.055425692912552685,0.013357511462345449
5130,-0.1392593029127345,0.15070038256302148
5131,-0.20876904086175591,-0.084920673387812159
5132,0.038993791144902049,-0.02888654771978896
5133,0.10942297759697736,0.07553543478043323
5134,-0.073067011097686263,0.085183800312202962
5135,0.035494996978857447,0.039524302688379573
5136,-0.083222389059260216,0.14131985843774497
5137,-0.22476005452786821,-0.044092268887448285
5138,0.16374954148972248,-0.20666310682908151
5139,0.35886679046210679,-0.054797521191567083
5140,0.1160948589992216,0.07355850343506995
5141,-0.10874894668808735,0.0943504145028978
5142,-0.00686412468801232,0.13614522507235322
5143,0.12871461640522586,0.1482160925210694
5144,-0.11652568555714142,0.20267852951326934
5145,-0.0027605144266796963,0.06041599473626251
5146,0.092059295333683608,-0.001460661464588486
5147,-0.17840166575221036,0.10900012612225561
5148,-0.13332006678986591,0.055929862378007282
5149,-0.12226762543946805,-0.098079186640701227
5150,-0.17573460679519029,0.085882214087461106
5151,0.26450224441755216,0.15229971290471994
5152,0.34975169277154999,-0.2455887848217449
5153,0.0045480714462499596,-0.21188447193472762
5154,-0.09675088345377611,0.35188390751201348
5155,-0.0071083153200653566,0.17460955264385161
5156,0.068909613516927232,-0.28847408144571268
5157,-0.050005672504991112,-0.13981016456102258
5158,-0.06747502024751259,0.06759541108995136
5159,-0.061345289987659563,0.073676505383579005
5160,-0.24083953303114472,0.064744215408815156
5161,-0.097541416397813038,-0.031605739870115737
5162,0.26038818419788357,0.10142848124361051
5163,0.095061726756180479,0.006775464239750284
5164,0.02262359923724714,-0.14752710080772241
5165,0.1771472256857948,-0.016301540550589553
5166,0.0010757236483367636,-0.1970976709570243
5167,-0.1808047326288367,-0.35520686708957711
5168,-0.027993083307458148,-0.14750613714957969
5169,0.12918724851185218,0.076692518450337838
5170,-0.053146136547485082,0.26176946879366242
5171,-0.22135423755553246,0.13976029123727118
5172,-0.18352135512717191,0.016445904462500407
5173,-0.052554635695189394,-0.02165741667418021
5174,0.047842497814982843,-0.068713539038860919
5175,-0.036940244825546462,-0.11980182626121572
5176,-0.0078828179404766552,0.01224671404867474
5177,-0.10917183939705574,0.054706194829423523
5178,-0.22967213301527445,-0.020111176700328522
5179,-0.21037963464814896,0.072626605584135737
5180,-0.27587796665023684,0.15555023247165017
5181,-0.079349934354278978,0.08162928093737673
5182,0.4150035155864637,0.13626138689093295
5183,0.33533748927981516,-0.03985752079052339
5184,0.0071672092210010724,-0.24223667144118272
5185,-0.071339445638501461,0.10213530346916802
5186,0.037248738797575016,-0.01463658738394358
5187,0.12925945400265099,-0.1584911097905197
5188,-0.010386203514811163,0.011303113130361709
5189,0.098393469386351851,-0.19223761814791332
5190,0.15150639239678346,-0.056430533479642851
5191,-0.11672613343266172,0.11529470658293089
5192,0.0072814325971294787,-0.095501590081323723
5193,0.0091462862977565104,0.10272885245435934
5194,-0.10274502376034372,0.083958405893507032
5195,0.205707986184233,-0.12499784330853181
5196,0.051585791416350453,0.23209317639828422
5197,-0.32862151583845589,0.25454266435768713
5198,-0.055084122831144992,0.0070869741342247175
5199,-0.080278185354162174,-0.046583955754004973
5200,-0.097001470628614236,0.082726504543861545
5201,0.018516036277935046,-0.066967471105188969
5202,0.23149387079723369,-0.17355542867126389
5203,0.37660398041978366,0.12092328522034865
5204,0.0081841423694250653,0.083471810080560177
5205,-0.17499880502844184,0.13026170705356735
5206,0.026442133431006279,0.37340697848006249
5207,0.095612341508123727,-0.066388549584141046
5208,0.028344004219879225,-0.26710555011804044
5209,-0.004472064363964811,0.21995952037894251
5210,0.10843356871650515,0.1279633303465802
5211,0.10932212530945244,0.078581998205323036
5212,0.042798119473869897,0.33098585857780738
5213,0.099044272310727641,0.19749602762685187
5214,0.16041604402163306,0.041171073514764213
5215,0.19946232073271927,0.14520235255478622
5216,-0.033152212065316426,0.074470721254582345
5217,-0.29053123967193906,-0.075505937697906228
5218,-0.19333012113267536,-0.26201417502713997
5219,-0.23921713486697907,-0.10252840783413304
5220,-0.14075428585958344,0.064525606339087868
5221,-0.039523157730268772,-0.12110056299317298
5222,-0.21815167559667917,-0.05784155703630868
5223,-0.064112433895998064,0.14530891401750959
5224,0.2792045709610968,0.079200774444925334
5225,0.27213325178156722,0.028532079214350033
5226,0.22652706123827401,0.064155442536346807
5227,0.028038024127874331,0.046846105358345401
5228,0.001574183525990154,-0.065405616301733749
5229,0.16451211377021507,0.10970529546394928
5230,0.040702239637629881,0.36297177282245147
5231,-0.051754874392543462,0.043558522013613515
5232,-0.072073578584695791,-0.20193233162030255
5233,-0.17445975839459962,0.023648296847336235
5234,0.053323330105329698,-0.032349127502083366
5235,0.21685746912321432,-0.19234474002129279
5236,0.17070713612694924,-0.14766796494949325
5237,0.10317440830030872,0.018196583141068833
5238,-0.25194632897851027,0.18641986265691671
5239,-0.23985902190181169,-0.11145139270451637
5240,0.14295070854674014,-0.25712480021683543
5241,0.069355003877034527,0.0058275483099447366
5242,-0.20448287540286275,0.1445155647795866
5243,-0.29037429962797029,-0.23523349895388662
5244,-0.34341859222543536,-0.38616474248387356
5245,-0.18613409090666375,0.0073616835814060942
5246,0.089081015524177257,0.18213843777313943
5247,0.15234984946243091,-0.098829183552193653
5248,0.027597241910091799,0.074343263260460091
5249,-0.075473649814995811,-0.012168823294593938
5250,-0.13224261080765992,-0.17248003769862147
5251,-0.10017546673069798,0.088776244609405863
5252,0.1305521673965043,0.045346933833853083
5253,0.032349335349447658,-0.0056361058192566753
5254,-0.21181810195484002,0.040548767533338595
5255,0.022929740523032937,-0.023155751115151661
5256,0.083461107176071858,0.054034593769760927
5257,0.053617595788584313,0.12385464011838776
5258,-0.18306607610153713,0.11142807000054618
5259,-0.18562176702517419,-0.05091724295463302
5260,0.40277912385480408,-0.13210117509756572
5261,0.095896735543642544,0.081245343336653217
5262,-0.12253565290309516,-0.0038282297737811644
5263,0.42690580526832067,-0.087262787414728843
5264,0.19623599910515926,0.065221353656588141
5265,-0.093822619908247598,-0.055624902980827208
5266,0.15813307838112306,0.027518843913722685
5267,-0.091663165628127874,0.2342450313949983
5268,-0.099318770014818369,-0.11806554009255797
5269,0.061682326529123185,-0.016484169130774846
5270,-0.0050008150856415204,0.27938798841592122
5271,-0.069877231836192488,-0.014117393290321446
5272,-0.029293189150655732,-0.11798795442037997
5273,-0.095908255709388157,0.059535075096975691
5274,-0.092479548462197997,-0.003396126393884643
5275,-0.13927787979022396,-0.058295562824853556
5276,-0.19831520779945641,-0.10599266429494909
5277,-0.23623482144509386,-0.13753148458758241
5278,-0.081934692389718483,0.0084105579393371644
5279,0.061769163457328941,-0.014332469939138021
5280,0.048129895253051877,-0.034025586728005902
5281,-0.082998966737144561,-0.10553207454346744
5282,-0.22370888087584828,-0.072593041483021162
5283,-0.090921228287691405,0.10109387632345912
5284,0.1814923294065634,0.038959206534533497
5285,-0.046945423684661661,0.12787680164990389
5286,-0.24527721013211209,0.20709548300714634
5287,0.074613916838456265,-0.12528281028172719
5288,-0.019811473597991437,-0.24371732532189389
5289,-0.10135384912685397,-0.0096320274373364739
5290,0.2802607512442748,-0.030294424013412098
5291,-0.12733064932270677,0.021336163941265363
5292,-0.24405885645246356,0.21715462910299899
5293,0.32153787993980443,0.19471018578996371
5294,0.14539141373189673,-0.050412274610538668
5295,-0.00053717028147078159,0.118297328622105
5296,0.13620892683113792,0.46392083823033242
5297,-0.15212243204178361,0.20898006728000396
5298,-0.058892786280782171,0.011287153744609618
5299,0.11092315775035441,0.087502288396904299
5300,-0.27693394025514245,-0.037079229171472279
5301,-0.20973114746897453,0.063684463700504276
5302,0.19147567692708545,0.16776860976097355
5303,0.22911359746375448,0.070274671984027065
5304,0.14150422566255419,0.096706310857824648
5305,-0.15890103258527274,0.1912947476364068
5306,-0.28089183262288192,-0.071027947781728468
5307,-0.17514808323489031,-0.22024597987078223
5308,-0.14569572178247478,-0.01959322894584142
5309,0.098992183290758401,-0.2139974739016087
5310,0.16461586182038307,-0.33813101336387252
5311,-0.11785423501128456,-0.036018503170375943
5312,0.23722457624772234,-0.017432560741898216
5313,0.19173500450263589,-0.031798676128589089
5314,-0.22526889779637982,-0.05987771143939289
5315,-0.073318929373285852,-0.1480699334939099
5316,-0.241532096996038,-0.0503129477561505
5317,-0.21605755984919103,-0.078086635972269669
5318,-0.091658853755871392,-0.041877841393817769
5319,-0.16298051135801001,0.18525906657440744
5320,0.19933032625585992,0.047749359596910138
5321,0.16867506810280614,-0.18798049944463291
5322,-0.20293513270127961,-0.098470606159365717
5323,-0.010498056993602817,-0.0060035166100410355
5324,0.073315679107827103,-0.19359409027619662
5325,0.19344893449422212,-0.16591337107228235
5326,0.12626758067470972,0.10582369163309058
5327,0.049248650046445165,0.035648127501287326
5328,0.2944091686523731,-0.18756612704404374
5329,0.16449496509897901,-0.26245853108522105
5330,-0.13159618559999078,-0.18349956742188045
5331,-0.14435882688195328,-0.23529929318212425
5332,-0.16830798710431047,0.027812678913541486
5333,0.030999824536852648,0.21448934043013279
5334,0.047424106407789171,-0.10452618283463898
5335,-0.029140778631568706,-0.0048867221942996523
5336,-0.26421389411601642,0.11192531543490639
5337,-0.24098862946503205,-0.13106358842973947
5338,0.26210019751124342,0.085435325637837567
5339,0.18193287474429581,0.092045021773807717
5340,0.064040573382733126,-0.11498107970901605
5341,0.44420415523405665,-0.028685515931697426
5342,0.25373983213757278,-0.29788595512914318
5343,0.016240809101417203,-0.17764246251272423
5344,0.079660263996146563,0.16373431703609026
5345,-0.24268696974849452,0.077730629359384587
5346,-0.03555397395385923,0.070854090412382734
5347,0.2416992854875713,-0.12347466872818232
5348,-0.20386188468665048,-0.065132404461741261
5349,-0.12610483189607127,0.1812140857392949
5350,0.14667407887769895,0.030828880905848201
5351,-0.19093660677040991,-0.1142340677553295
5352,-0.0105194658128277,-0.038283064906930064
5353,-0.044293971407542272,0.26263264295380351
5354,-0.31224663293260985,0.24612483865239321
5355,0.22068916934085131,-0.19986967709334738
5356,0.17588331605228991,-0.17583404146015913
5357,0.025007190602567109,-0.059439373767668793
5358,0.15584494275421873,-0.18116528571113327
5359,-0.27050307206770507,-0.1375963556136614
5360,-0.035311785478357782,-0.021694682289233849
5361,0.11482226661707852,0.041825632288294015
5362,-0.20371190564014638,-0.015130876024227694
5363,0.087583379222470406,-0.047586877735252914
5364,0.13640269366711158,-0.25092369707439716
5365,0.18342706746902918,-0.38410635341031674
5366,0.27050411073881825,-0.049310787640670282
5367,-0.15746238694595757,-0.10905866550474887
5368,-0.15629528707346488,-0.22569498024578458
5369,0.17740272962037187,-0.072738428337093833
5370,0.18818107558762609,-0.22885785800710978
5371,-0.12222890574484212,-0.19485420501789821
5372,-0.25097774225059344,-0.073740149738123498
5373,0.059040895091097882,-0.016879026856929599
5374,-0.13242661828718455,0.20521261178544711
5375,-0.17167714695541958,-0.0033719042282923041
5376,0.16324550235907606,-0.23899748812728408
5377,-0.06464346032211192,-0.17358287116403037
5378,-0.10511810133161076,0.012516306797430472
5379,-0.067976983553360126,0.15537674492885714
5380,-0.020253451763551911,-0.072451305045893283
5381,-0.012245191369560851,-0.077747329954072866
5382,-0.066909762284704521,-0.19185449330265905
5383,0.071380410022802557,0.08624891168567192
5384,-0.14301548313240428,0.41744216956770036
5385,0.016029684778442084,0.12947419809851252
5386,0.21538886608849445,-0.012033542527198893
5387,0.013944593870470194,0.172584860616911
5388,0.21037217683732251,-0.094910938214511006
5389,0.21871429851661719,-0.29420052927581941
5390,0.038688208180131564,-0.35171530862065387
5391,0.034997160282479255,-0.3117483473078646
5392,-0.13107837253894669,-0.23833552713282299
5393,0.021670679250653919,-0.17184925888375185
5394,-0.016411390146226647,0.08238092274932679
5395,-0.20542573520384785,0.22092198525805903
5396,-0.10860921761537833,0.16795935991307454
5397,-0.025346278581391064,0.18970168707854879
5398,0.013060833660431849,0.27759535529462931
5399,0.075866992649752982,0.14388572547857104
5400,0.045500238903356451,-0.13960331671620849
5401,-0.26852933284894231,-0.048208261079046327
5402,-0.52322212907659482,0.11636404011765096
5403,-0.29663333610681109,-0.15129690502529305
5404,-0.29070476833890391,-0.28048244718078702
5405,-0.39140339102446053,-0.15283959452652732
5406,-0.04612927734362391,-0.22109868133056915
5407,-0.16104567879838497,-0.27844519927975669
5408,-0.15989508661474858,-0.1589109392754067
5409,0.26466403446705644,-0.060801198722397608
5410,-0.10475141300213457,0.08941258773197136
5411,-0.36411535620503571,-0.11167444172718992
5412,-0.11665416982982234,-0.17898642813152391
5413,-0.071103972997820078,0.25899888308551217
5414,0.051712255855105874,0.21422387035312007
5415,0.13412286930486991,-0.222264531180312
5416,0.0099476101099614366,-0.033389391016986805
5417,-0.13915579511817014,0.021446630217998232
5418,-0.098446747231555054,-0.021211502909289255
5419,-0.065788453473096808,0.3595762261618855
5420,-0.17015899259431966,0.061315790365980838
5421,-0.1418725274849239,-0.11229062169750093
5422,0.031489565060669404,0.10224058423247051
5423,0.048561926347622728,-0.072582901289881346
5424,0.2000812560215684,0.053479932432416818
5425,0.51838028558940208,0.17694364995413764
5426,0.1649306263388455,-0.021660908538634747
5427,-0.44220695227123596,0.11741297999619091
5428,0.011549917115820476,0.25262834137750106
5429,0.15645344097270997,0.027055514438307792
5430,-0.22968325823118538,-0.15640433686402236
5431,0.051423141392905644,-0.12544222876755692
5432,-0.10194059102395339,0.12222280512294627
5433,-0.20648011882260064,0.2754126507100409
5434,0.078936114181254541,0.20506756180678934
5435,0.058187205726430886,0.064962137632863667
5436,-0.055916106592834199,0.23260264168650119
5437,-0.059225526436150831,0.17826568357617276
5438,-0.039250209974430045,-0.08560566496097978
5439,0.015185413645274561,0.028812285447371723
5440,0.02458888188931755,-0.028719208775739045
5441,-0.095420665245143699,0.079488601750881654
5442,-0.22215516156773699,0.036353408349552183
5443,-0.14272841458051233,-0.32061742436927709
5444,-0.20105740023354587,-0.063146897246204953
5445,-0.15749088656662866,-0.19394318181626308
5446,0.22914100715611982,-0.25222364257614233
5447,0.14156380980462294,0.16556979250417334
5448,-0.14320768358636993,0.070946228107271636
5449,-0.1543288616366586,-0.076571585327556174
5450,-0.24484329303962638,-0.11484166715790678
5451,-0.1329681211932161,-0.08931905539656837
5452,-0.018869060964290859,0.20975128785680214
5453,-0.16159466219652294,-0.088081328195599606
5454,-0.30891685813454683,-0.19563811923651178
5455,-0.16475912185643035,0.19194338989689855
5456,0.10757653625990288,-0.040460602969377195
5457,0.1124187147593676,-0.031410143903089674
5458,0.2198233139331143,0.1824399610715792
5459,-0.014353493470275489,0.0098675128527348308
5460,-0.19730975531940811,0.21296791413114552
5461,0.11316936683191287,0.27649914571407602
5462,-0.10304078433061191,-0.24576230203847682
5463,0.0071716439570651928,-0.18038923157749981
5464,0.35835284801024675,0.12151295484493668
5465,-0.25584857663475297,-0.054959210579364697
5466,-0.25929633454366097,0.065588048010985917
5467,0.23499228895824628,0.027452966040206011
5468,0.095155423847846074,-0.22292074981399407
5469,0.088350469068245188,0.31756816534578503
5470,0.06680905468605558,0.32895766174455215
5471,0.083994970598548088,-0.27165390726630934
5472,0.13078271219524812,-0.03623571315641122
5473,-0.14520036679516374,0.25328199182664723
5474,-0.0637793228853238,0.12736517705758379
5475,0.016161084355028561,-0.01117588425427803
5476,0.13605195953702842,-0.12168125938237245
5477,0.095290267545388649,-0.058439892398457975
5478,-0.29675992544517282,-0.086995017839409147
5479,-0.085449776787571846,0.066528138443568294
5480,0.049339032995207914,-0.1268662461157502
5481,-0.19816218789402265,-0.36732204443490413
5482,-0.077646238484881711,-0.062205606215249842
5483,-0.016865022788163528,6.3989771247706731e-05
5484,-0.080530314641907366,-0.037093442509124358
5485,-0.087692157674427645,0.13139923764373054
5486,-0.088269861277880904,0.14583155200505665
5487,0.13200629981211062,0.25057009697243071
5488,0.055819391600596756,-0.013645512698919303
5489,-0.0950088080158598,-0.13883054969157138
5490,-0.12775013945640973,0.1106787114814434
5491,-0.16558191016031318,0.0065176788440080534
5492,0.072695813268351367,0.16792799671487885
5493,0.08017808831421111,0.21495355060548965
5494,0.02149807786018141,-0.22737687077537067
5495,-0.0080703433634540904,-0.11608855900364197
5496,-0.21728679207770707,-0.20319852993327095
5497,-0.044103826577818112,-0.20498180214267581
5498,0.19747478497107077,0.37903906897671913
5499,-0.091150263313317978,0.32855517139356039
5500,-0.2200163331500718,-0.10044002960844747
5501,0.0095937225971161073,-0.21307236022423576
5502,-0.040590709117793701,-0.36438868349604214
5503,-0.08081710945257245,-0.092630292060966235
5504,0.08191801453830358,0.26273658845713338
5505,0.084989559530857114,0.11696464115794503
5506,-0.019372609465641448,-0.050541945477424112
5507,0.12550912320065674,-0.009738767474750323
5508,0.22742968238260444,0.0047880922227103205
5509,0.079597504180100767,-0.042172880057845204
5510,-0.061591938540631844,-0.15515968980895911
5511,0.0065285923373096209,-0.090309192060649454
5512,0.025469439085659934,0.063524357738723405
5513,-0.12681689857044751,0.3128180674959718
5514,-0.11386160005907162,0.25557606721579118
5515,0.018202040170796168,0.010418998941188161
5516,0.15730776252597053,-0.058744957788903054
5517,0.21112250640656838,0.072419869850769009
5518,0.11383160757513719,0.0065911824444724321
5519,-0.0088238030697355731,0.074099988542641063
5520,-0.080026304794435718,0.19761348630851946
5521,0.0015098040042788707,0.13193803449191857
5522,0.14698248410604967,-0.046805631364867498
5523,0.029323526735641973,0.14372461430248837
5524,0.14736652395403294,-0.057611371009645793
5525,0.32266544735794195,-0.27403705977664922
5526,-0.054827275082360252,-0.0019874694558771862
5527,-0.022719332772727481,0.052209033479097555
5528,0.17212745257406414,0.055322345671889379
5529,-0.042986684692249852,0.096442687297251584
5530,0.16109717804565413,-0.043833031255402388
5531,0.010380389336239309,0.063626058529892143
5532,-0.29848294774484185,0.010718430533563212
5533,0.20792607237848215,-0.18185444739926623
5534,0.34401783657195445,0.03788951990540379
5535,0.074606687184311543,0.061194420744189008
5536,-0.021050273253176946,-0.040410641815411208
5537,-0.22982804973010051,0.06511702613761014
5538,0.096412169222548569,-0.0492008641658905
5539,0.2712754755723476,-0.18991732591998925
5540,-0.054707800096711008,-0.074663672821925209
5541,0.17271436348985347,0.14153035787919921
5542,0.069991726835213,0.011666012028016672
5543,-0.27430189454127857,-0.11078481891990896
5544,-0.02566871752265007,0.054986724675558575
5545,0.040154340978720497,-0.170529629811217
5546,-0.06553352160057041,-0.25699545044920197
5547,-0.087802017806644261,0.22533490204501064
5548,-0.11466669717723775,0.21815408257222921
5549,-0.077066317755188768,-0.079027689912751484
5550,-0.015017380120064205,0.025450911244574465
5551,0.12817309043718189,0.16466093306423962
5552,0.098466164480279048,-0.042683288915510244
5553,-0.16419970725888888,-0.19353594079224271
5554,0.0061554421136297971,0.19438467991145028
5555,0.11165692381568752,0.26426059255362006
5556,-0.089827850270013179,-0.12569801971868963
5557,-0.042415532753137135,-0.22403722964399325
5558,-0.00057104364715676592,0.020794142299503431
5559,0.1071888488984058,0.13997648015729586
5560,0.23988233333284259,0.011502789807382651
5561,0.12597900368118836,-0.048532765617584177
5562,-0.12911893568831698,-0.13241881915620912
5563,0.01784987507349407,-0.11054385079615404
5564,0.084315109975543173,0.16346832849719933
5565,-0.087590600641381314,-0.074656281082021311
5566,-0.11739948899599284,-0.17113548498555234
5567,-0.18533757512435903,0.23170692285362457
5568,-0.11493295133296699,0.039514310679783643
5569,-0.0032655031801404541,-0.18025083398273495
5570,-0.11408637829772152,0.10146009457008912
5571,0.038512389112305624,-0.072098043793705546
5572,0.19970310773381614,0.067260087042972205
5573,0.032064883781609821,0.13655891393182631
5574,-0.10558002414487931,-0.13154984222588376
5575,-0.15828741652725242,0.11043375446474746
5576,-0.24090934319680046,0.16798857199715186
5577,-0.14847749568617138,-0.27123911578642135
5578,0.029771881495775407,-0.078984585335594756
5579,0.1347336199929679,0.077960149259661091
5580,0.20869191451653654,-0.013922531696057727
5581,0.15848038553313007,-0.17981594127463804
5582,-0.0035619511401323075,-0.1434347986917868
5583,0.044732484650153823,0.32477476987136566
5584,0.069691786677177153,0.21335826609289241
5585,-0.04613516622746458,-0.3000518675256883
5586,-0.16942001835972784,-0.051818953562255396
5587,-0.022872623186579882,-0.049326797449179664
5588,0.03467169054802894,-0.22078634891543192
5589,-0.067722233455836708,-0.0067595582583079919
5590,0.049002666866304792,-0.1831089053481369
5591,0.17565399258648973,-0.2068043100726073
5592,-0.059357221602638607,-0.12676559523106037
5593,-0.074419492987225638,-0.19976933106231332
5594,0.14906040302369097,-0.041878151743844703
5595,-0.038325238319109223,0.051970062359062916
5596,-0.14830401509254415,0.111341017121459
5597,-0.083441446607047248,0.076817814219630687
5598,-0.032962001165931905,-0.051142243465097853
5599,-0.0054835492677395683,0.0033705546770937522
5600,0.060117592877401704,-0.0041931373766575623
5601,0.064357225725988107,0.047247159425097142
5602,-0.21218816562401985,0.1547346090529178
5603,-0.088587948336283792,0.044302570581628155
5604,0.21059275827716362,0.19540324351302432
5605,0.076965470814021858,-0.005215218624068596
5606,-0.089641084623570094,-0.17134521514373391
5607,-0.049436727144492564,-0.10731592796725252
5608,0.017487921790443332,-0.22240409765997399
5609,-0.079744223283631205,-0.043416575520348499
5610,-0.35324565117565027,0.16497069910253534
5611,-0.072618553752540838,0.19003356325500911
5612,0.058606432083878487,0.2728495586656452
5613,-0.14724556332464581,-0.28616088757940034
5614,0.019745385828620871,-0.24269401358458861
5615,0.10489848642904494,0.411350170233301
5616,-0.19752967888590561,0.15658290398940536
5617,-0.070945949922552959,-0.097848418124987124
5618,0.32595865832216342,0.0053702090833644212
5619,0.15868108393173222,0.18665763778822347
5620,-0.29373622294958018,0.2986715054373002
5621,-0.11432751807956887,0.10238235860399363
5622,0.057443253716596324,0.23125733949250907
5623,-0.14851747561765136,0.30533732145654274
5624,-0.16609952017459445,-0.087653840057321034
5625,-0.02781190039665021,-0.076691653595499149
5626,0.01767721906563724,0.033227398037412675
5627,-0.0043148583337980755,-0.14952291319381325
5628,-0.040152682710277082,0.020506218244986336
5629,-0.082475221721840353,0.072102720014670885
5630,-0.047232730079873581,-0.076240013105076776
5631,-0.024833280305143784,-0.19401183712739586
5632,-0.1494775219898854,-0.18507971676582205
5633,0.023712042576206564,0.064506917186984411
5634,0.14595355048612951,-0.10117220639079677
5635,-0.063204242615774731,-0.23134786977877209
5636,-0.10175955199278036,0.077447910485837559
5637,0.087989855099654124,-0.021794965145978326
5638,0.22991034217724587,-0.034719653368615794
5639,-0.054341614663000956,0.051509274496088303
5640,-0.40046031007496563,-0.1459825534808244
5641,-0.11709042511519765,0.010777790094997568
5642,0.00012546256073252098,0.216361610591636
5643,-0.16947156263199051,-0.013391238023805777
5644,0.07469569295545439,0.17631535627978501
5645,0.31984983562001607,0.22834269342921434
5646,0.33383662854952578,0.041202927993592424
5647,0.27898835332282118,0.042654130998986288
5648,0.20345161018924202,-0.11021647639655849
5649,0.18396369545214425,-0.0028952990984619231
5650,-0.011921545349309011,-0.041948957432454678
5651,-0.19703796777832969,-0.24544930406056495
5652,-0.16719000984668311,-0.10020767816452678
5653,-0.16882382865237838,-0.0098629538674565812
5654,-0.29676692126052334,0.036728527230994991
5655,-0.14250709744828913,0.089995513881618985
5656,0.14783552890906507,0.038452339944466021
5657,0.057618263929429619,-0.28375733275451037
5658,-0.10676489601828319,-0.53697167652016675
5659,0.14681618436970487,-0.28780556769468135
5660,0.24224774019135664,-0.2711100384966813
5661,0.11798220291112099,-0.40012203811117736
5662,0.24361058092459054,0.0084733679097051921
5663,0.27721352966552282,-0.16645489511698203
5664,0.14486117968803833,-0.16779893225338405
5665,0.042887109126687209,0.24179779753288799
5666,-0.051246046947694947,-0.096135205911956095
5667,0.083338319116375223,-0.36666465788863806
5668,0.20098919302363924,-0.095630821918425299
5669,0.021997202700191315,0.25490306873336127
5670,-0.087623306887484168,-0.014580305303981965
5671,0.10102025896615237,-0.029443059662788783
5672,0.0054442981831088703,-0.069226503023786343
5673,0.1571820320382431,-0.16943203993727141
5674,0.12390641608269212,0.1502512432994223
5675,-0.046833687119977728,0.16704845759531392
5676,0.079677034597550614,0.17418974162298442
5677,0.045052314802145471,0.27117045113443516
5678,-0.066618365867921164,0.05820933444981103
5679,-0.32110879148994431,0.051537177392297205
5680,-0.046907532465717099,0.078466552917929477
5681,0.43444441644678677,0.16571811091817407
5682,-0.0069457910533193504,0.045210341310218699
5683,-0.37233507493646084,-0.12283524732987389
5684,-0.18196829617724081,0.029807313992522018
5685,-0.031627339593098644,-0.13424701366253308
5686,-0.10664522429317341,0.042201970189721993
5687,-0.04041866322230276,0.32980354097070352
5688,0.36643575409259493,0.015571226384783001
5689,0.17224519229392213,-0.15396417239932145
5690,-0.24692100202621833,-0.19397450530716792
5691,-0.19987307579018754,-0.11238767776130318
5692,0.062767497678556661,0.11189897766649742
5693,0.33102265822474075,-0.015691827984687393
5694,0.090819609466854953,0.14755865562846551
5695,-0.16974917784761254,0.36096290497367411
5696,0.063481435411629969,-0.045999063801484705
5697,0.11756394233011083,-0.21531834985781798
5698,0.024971953542946238,0.16057960720911685
5699,-0.1746395987890319,0.16911379147066785
5700,-0.15138315099973532,0.021231253897395733
5701,0.1618001351004657,0.30653998245237229
5702,0.094996675541374115,0.24072019546831111
5703,0.10277432366161088,-0.12987625675933864
5704,0.13532387118940165,0.019541073229883375
5705,-0.1436642306353737,0.086342927534750022
5706,-0.050199259455518022,-0.025695246089971167
5707,-0.064366939191476527,0.053213386382210265
5708,-0.16228688832165161,0.27407871088868607
5709,0.065209269339853798,0.19204252758720311
5710,-0.040858525584473705,-0.1394734104704026
5711,-0.16251176035033824,-0.11919166197025546
5712,-0.061269136847464524,-0.021770899617496283
5713,0.029770579886360247,-0.1530826083739352
5714,0.0036367974318804201,-0.11195741946975221
5715,-0.0095357147073553868,0.22491017096079485
5716,0.076144232055416081,0.38766211712747162
5717,-0.00074341745424285136,0.13414639561021924
5718,0.078649675593411031,-0.02138231359540068
5719,-0.0042838517592106908,0.16986044502093242
5720,-0.11587710831623176,0.078842316207975854
5721,0.041073789388928902,-0.16420222991049951
5722,0.15143099469694543,-0.15331125727163547
5723,-0.10018649339169217,0.016039518664820462
5724,-0.062019619535288922,0.10311242393502135
5725,0.11573950427304744,-0.044071783707547364
5726,-0.0044136987016544331,0.032494798348265491
5727,-0.024039543498984697,-0.157119088387567
5728,0.12651611432000781,-0.23570570645099445
5729,-0.23244756787546952,0.30247998963879619
5730,0.005821432425466181,0.17699860176787915
5731,0.22343549695951342,-0.093127901522558024
5732,-0.23812774467846867,0.037742435421872403
5733,-0.24325794396630823,0.035903017853649917
5734,-0.061705810501698571,0.31789661932120333
5735,0.092386882408025228,0.11180198068691127
5736,0.30056049977941207,-0.24780321436519639
5737,-0.11970589341299821,-0.091122515238582127
5738,-0.13907639838456926,-0.24739123590597162
5739,0.2349041084383848,-0.1417484291040986
5740,0.0238072665886973,0.052782954154650008
5741,-0.10814219797290006,-0.23855479660260956
5742,-0.12377092916168883,0.012134623308815344
5743,-0.1809070972632392,0.23491668363214488
5744,-0.0029051292806177211,-0.00062611868166408471
5745,0.10576635916457527,-0.15094909146990051
5746,-0.039785231827836526,-0.23633619454201646
5747,-0.22987257696295096,-0.23305815681270792
5748,0.047913455426248863,-0.091255255656320006
5749,0.17675638746200137,0.036618219158911683
5750,-0.082738294475357257,0.081870427833311915
5751,0.10124959771540594,0.016978063004931689
5752,0.083471404149143683,0.10886913504567874
5753,-0.19569735954826434,0.12749931018423785
5754,-0.098678403055622976,0.18996982886336999
5755,-0.12236107822271422,0.14940335746396363
5756,-0.09368750801388645,-0.067597952053904856
5757,-0.051674696583049698,-0.026643313186359992
5758,-0.22976325456422975,-0.00048217168901433689
5759,-0.091136351352451211,-0.14138363840418428
5760,-0.1788174020344675,-0.049221313078490758
5761,0.035422747913095451,-0.0071541505034083373
5762,0.3956701912359557,-0.15350516727371127
5763,0.055114475076455595,0.077481975898565217
5764,-0.15662081342278145,0.19389476732895078
5765,-0.12950002722963064,-0.014319399393531357
5766,-0.059571006665419923,0.16387126738525531
5767,0.088271549648332351,0.1433627775331176
5768,-0.11285540061051302,-0.089415007506085692
5769,-0.24877104425747212,0.29552353803426612
5770,-0.061125891123484995,0.20780254237402282
5771,0.00016658773117938196,-0.15517423961550783
5772,-0.083209651107691129,0.1311240558835203
5773,-0.14200345199138698,0.350692269977744
5774,-0.27083254470618939,0.095889423193873363
5775,-0.24207325429871712,-0.01407842516303286
5776,0.051493295632009051,-0.051416186929338116
5777,0.14112534377810296,-0.0093986751846678596
5778,-0.015749636098022927,0.16261708496416419
5779,0.00054252082848082941,0.20003679539682617
5780,-0.17513867290187352,-0.15054571781874024
5781,-0.11801311388792241,-0.19140300205016494
5782,0.30607298280072481,0.29745954432135618
5783,0.029543102867001386,0.11309811096422515
5784,-0.16779900953309679,-0.10600505575153552
5785,0.16306679466837989,0.051112921829476875
5786,-0.14213450611383471,-0.18041662052084489
5787,-0.41272990069558579,-0.18465659921513863
5788,0.088447339569937375,0.089840453038219983
5789,-0.065726114559097659,-0.057403783635144971
5790,-0.11241936594096896,0.046140196132880604
5791,0.20300754707918631,0.13426431755422027
5792,-0.087395877628959867,-0.078014192556093903
5793,-0.17081913296078449,-0.029834769397281396
5794,0.15950606518294561,0.09567818913850476
5795,0.07532916730774035,0.085462013980809964
5796,0.10956412973001188,-0.198152961070237
5797,0.25455094261129108,-0.18942528582897677
5798,0.25837934634281406,0.29222928830818357
5799,0.073549048021476493,0.30154074281599125
5800,-0.11986796846454206,0.047689032111085758
5801,-0.17357587023952784,0.05583300044250443
5802,0.083942915913071625,-0.097824712666114491
5803,-0.023824864620170451,-0.062640030062791091
5804,-0.13480848130700263,0.13071996809556422
5805,0.091002851268892293,0.033628353742622491
5806,-0.0072710775607024349,-0.0053040761614417831
5807,-0.022305538876599862,0.050801133338280353
5808,0.077015069551010784,0.23350954436269275
5809,-0.21331166631389936,0.30322672592690131
5810,-0.099804897612584154,0.22077312080442194
5811,0.04289991391093969,0.32909588880988938
5812,-0.15033319311795124,0.080889664149418034
5813,-0.051202635071108428,0.0020504691259700947
5814,0.026861818802699514,0.07594669077265534
5815,0.095880513326956407,-0.26140475425718035
5816,0.16187677075334389,-0.059458868728072017
5817,0.061390576247325267,0.079927200590978562
5818,0.071526699845818317,-0.24597101736721463
5819,-0.32070526648722175,-0.012779094759824004
5820,-0.23413924318136922,-0.0089131077855589113
5821,0.36039803693630862,-0.10034293583168502
5822,-0.0057804476805997998,0.049531565370001987
5823,-0.08199176840934054,0.038384411374322004
5824,0.22081065900579877,-0.18705824915532873
5825,-0.087233540653378683,-0.24330278411197684
5826,-0.074444939296120158,0.058062592097418854
5827,-0.013650528521448959,0.18409584943659452
5828,-0.12878178010314453,-0.088447273305507279
5829,0.10331541080747139,-0.085413490819036764
5830,-0.25322175578488532,-0.14650090378551522
5831,-0.2416185045510931,-0.37229193510935482
5832,0.22238688122730713,-0.11595833940982167
5833,0.10264905682107031,-0.058276560844807132
5834,0.11646643178054709,-0.10195577438813036
5835,-0.0020527564956091338,0.018740557922695446
5836,-0.30998680095568443,0.20904015168503637
5837,-0.079548319450207322,0.22865834680374331
5838,0.048307408537424323,0.025490714166257596
5839,0.13656343982081334,0.10118886132920343
5840,0.47215852146426268,0.42203471925173802
5841,0.18460075288890765,0.2226239153123783
5842,-0.0030981965548628476,0.049750865307384082
5843,0.12953549037787909,-0.048829057215403329
5844,-0.045595134688244693,0.13869215490888331
5845,-0.052002593847270538,0.20073207955854147
5846,0.14502288109094333,-0.0034410143416264147
5847,0.081537778294756919,-0.021313444503761558
5848,0.17575803817111546,-0.090534875065941864
5849,0.22521455141649921,-0.064527524573691
5850,0.15763238650092729,0.24163721787005887
5851,0.14216123280979637,-0.059874497625158035
5852,-0.10392467292373846,-0.19929297168409957
5853,0.096308122807623686,-0.0010029146745831035
5854,0.42571940384236412,-0.27931465548359241
5855,0.085394992393031943,-0.16570742035501487
5856,-0.060326149470821294,0.19221685257188628
5857,0.13477955892746263,-0.081973950768721549
5858,0.091988696004784404,0.030551632626515685
5859,-0.023317254453480672,0.24829222752410304
5860,-0.056027704184899454,-0.093759104341401209
5861,0.048945625765284724,-0.097078642824382652
5862,0.094939957985572157,-0.093257584662724047
5863,-0.039735418425593846,-0.18371213176700263
5864,-0.044264632578457905,-0.045554458171321553
5865,-0.034469367058460813,0.068706227703072761
5866,-0.18599382414218985,0.14968852821090928
5867,-0.026319014105628848,0.15165582926981314
5868,0.055848530941370662,0.05269690442959387
5869,-0.17543425718092617,0.020201919065140104
5870,0.016907363082655828,-0.05817432419053517
5871,0.19243349567665788,0.0041186138177841539
5872,-0.13503101627238448,0.26908996849292038
5873,-0.15944577367371812,0.072424877930646794
5874,0.18451954773850032,-0.21972712039215561
5875,-0.045318577496392974,-0.10064469504064154
5876,-0.19661300237390383,-0.090627922608315648
5877,0.2054667468526577,-0.050041968282365089
5878,0.14868495424711908,0.18173621722697203
5879,-0.20897458445369793,0.054966673662396034
5880,-0.15022129899585068,-0.11436089211583023
5881,-0.12068758462865976,-0.05508793162906233
5882,-0.12153541892658579,-0.13302356650737868
5883,-0.083008556759852303,0.0015105007598792998
5884,-0.16190008904270681,0.15917346440765701
5885,-0.067530016213117799,-0.035711146338627618
5886,0.0059039572060869995,0.019507878860044753
5887,0.021584094114355752,0.13857790224583602
5888,0.070889319898374686,0.036214735503522957
5889,-0.067554306512876486,0.16048021764851864
5890,-0.18274966319522989,0.26634741220214342
5891,-0.13395897572097315,0.06344981503289801
5892,0.016837419635293158,0.053917977821654604
5893,0.33608227393685436,0.021681521275263953
5894,0.018468292087022713,-0.32914902718556588
5895,-0.22229502214128832,-0.27088950657170807
5896,0.22137032103053206,0.19080241714098198
5897,0.079202483387048772,0.19767007404628262
5898,-0.20928464007541817,-0.023145333477850881
5899,-0.049041508132474751,-0.1479326635927338
5900,0.23880476819285504,-0.11049957468878915
5901,0.24332271718658305,0.13234243871885665
5902,0.067552826484641892,0.053486220742556274
5903,0.034046084854079027,-0.24682073259743484
5904,0.27865997892668626,-0.05805001586075105
5905,0.067076581284270784,-0.1286739786636692
5906,-0.36302717043730143,-0.13908699292942153
5907,-0.23754441805539833,0.17478389708952638
5908,-0.071683219927867886,0.2130079341296966
5909,-0.1616404317039746,0.13745150719123578
5910,-0.057006162868760014,0.25848743078486797
5911,0.10391820871345042,0.14487758931913972
5912,0.10043394981284892,-0.14607715274155672
5913,0.033431787805347057,-0.068231585671281389
5914,0.079168676288692993,-0.12229656059704055
5915,0.35927310875041435,-0.33684462492751355
5916,0.28198305392085854,-0.077694316180375159
5917,-0.018594747371160725,-0.090511658710344542
5918,0.16745188184975038,-0.17969479659342111
5919,0.024080884773725303,0.044292178935099166
5920,-0.18378641759233222,0.078702790182016646
5921,0.010747046243238453,0.25118890515858183
5922,-0.10254326184409383,0.16306533898857165
5923,0.075389105241265922,0.020577345411688226
5924,0.026483326728545906,0.23274212999864699
5925,-0.2554951608365067,0.042530017609641188
5926,0.032942659561771455,-0.088055160984434
5927,0.034862878743122744,0.085419726279592087
5928,0.058120205039710174,-0.0050348896469734564
5929,0.13946040452252317,0.15068078292914611
5930,-0.1664370024759079,0.1136430302779247
5931,-0.17462028111715219,-0.049254358171116709
5932,-0.18593741337889974,0.066919062310346111
5933,-0.24135495607644666,0.054133155021486593
5934,-0.071892094211169572,-0.059340198778323625
5935,-0.020795390293811642,-0.3144243925051321
5936,-0.082631895710474787,-0.074324271899738947
5937,-0.18138343582960395,0.43064669992891014
5938,-0.070467778459812683,-0.0055912900474841742
5939,0.14211367208646558,-0.36197787705930062
5940,0.0081199623086804767,-0.17360315398313989
5941,0.13985392815024381,-0.00017371873367940868
5942,-0.047297549681606439,-0.10424500090366071
5943,-0.34595884399792132,-0.06316401136371369
5944,-0.051778083076890892,0.34024933516048644
5945,0.18497284390118932,0.16306657273951214
5946,0.17526925700089821,-0.24679637087511358
5947,0.12299738710508576,-0.17971119539427383
5948,-0.091905705983125183,0.067280640121191462
5949,0.026756116766270197,0.33446738712731561
5950,-0.14557940572418102,0.12101260106402674
5951,-0.34143929546807089,-0.17744342124153867
5952,0.076135414500225346,0.079754997173020703
5953,0.19455771999861762,0.13549317727116489
5954,-0.15257732350782802,0.0298243640378325
5955,-0.1578912669774068,-0.14145729230350282
5956,-0.044662876994157261,-0.15708022395967927
5957,0.085389845505190076,-0.2208851402347328
5958,0.10748481534371372,-0.22361724620296494
5959,0.020915132008696186,-0.26613548479677707
5960,-0.046078188434795025,-0.22142736032893509
5961,-0.13172702611936016,-0.19881256602459835
5962,-0.24084603823543899,-0.12658312067689137
5963,-0.18061512488343068,0.16459529393176367
5964,-0.022126610288844835,0.14625002735130038
5965,0.16733791678607449,0.12878067982119737
5966,0.18009927731619885,-0.14327739390368227
5967,-0.055726346192064222,-0.23729238089388394
5968,-0.24162901357971311,0.16170679766471671
5969,0.17952306659603734,0.11063845525191665
5970,0.12791875088716648,-0.15562026191622944
5971,-0.24612395549167176,0.0052822388038540231
5972,0.1589981789069955,0.023847140641219174
5973,0.035464530726554352,-0.0022341970838376801
5974,-0.17420482428921361,-0.059315661754931935
5975,0.2375417600465769,-0.011883236023417995
5976,-0.062525670994054053,0.125512246241367
5977,-0.15267593612045821,-0.15001414978961317
5978,0.27859918695009961,-0.10295227863677808
5979,0.056224277770021494,0.21722855055501025
5980,-0.21877446280308371,0.029217561482994668
5981,-0.068501602885123025,-0.20862468504665602
5982,0.10444873846120779,-0.1783976890569296
5983,0.24531058125539371,0.036239764171425153
5984,0.10047963340725589,0.2328000439577195
5985,-0.04960346964910968,0.20361031423023332
5986,-0.15219165416021369,0.17630159899552328
5987,-0.22863428382619308,0.063095134441309791
5988,-0.19828755757209546,-0.021834042101105882
5989,-0.18605652453314081,-0.017965051526479207
5990,-0.20532234952747519,-0.024757207639684239
5991,-0.22799502735570071,-0.0067337511619704471
5992,-0.19160363062135444,0.064113985742165563
5993,-0.15324181124784225,0.16405111017353136
5994,-0.031431147178508631,0.2250480844243713
5995,0.15248744709655046,0.18220228872569158
5996,0.18576272908396599,-0.038182974083844301
5997,0.1390667759843579,-0.18396267133118016
5998,-0.1689385507924262,-0.14268367999936016
5999,-0.1770218126112019,0.13123851725209421
6000,0.16913217524039689,0.19945149667159498
6001,0.10002686030139071,-0.21375258583290366
6002,-0.14971472417203668,0.00030588497969256945
6003,0.0045541678335929946,0.22257861600439297
6004,0.066217252246330127,-0.17728560676627542
6005,-0.022459417436448446,0.055194655843568349
6006,-0.067225159795552797,0.16221788374234369
6007,0.090684280980217052,-0.23869791832311785
6008,0.061221874821094757,0.19116210689619495
6009,-0.20352756856933452,0.05706299385904922
6010,0.052960109985480175,-0.27504413969385033
6011,0.24113754012606148,0.16436742842627314
6012,-0.068697894847686986,0.18587029411558004
6013,-0.22761176877241082,-0.042745982209681906
6014,-0.035314611398884602,-0.15027187444684617
6015,0.14511214468493017,-0.18825589718856739
6016,0.21746522465481827,0.081990661192297185
6017,0.13437760981843191,0.16884523633199527
6018,0.037583788980020044,0.19993330881242213
6019,-0.087678514632469409,0.24178839964332144
6020,-0.15163426012441009,0.15776975894880985
6021,-0.14550190972494106,0.20107070393607432
6022,-0.16799712762319666,0.20028294217342232
6023,-0.12944993480302827,0.19373139000534917
6024,-0.032439954444290278,0.24716019744837309
6025,0.027560296971620261,0.22645667681122708
6026,0.17682124109384004,0.15236061844885038
6027,0.21864470791570048,0.0078881355377124259
6028,0.11466331287959489,-0.20340113863979459
6029,-0.1311634223593014,-0.13784125702898936
6030,-0.23484087599884421,0.028792979447200169
6031,-0.0039707130064832279,0.23009827750283623
6032,0.23536252096289426,0.0084253298439262297
6033,-0.11275169852672413,-0.23004129506744811
6034,-0.12889575630489861,0.15155979913263048
6035,0.15595546246564362,0.098426205280543799
6036,-0.061295513612301726,-0.2330722863104977
6037,-0.0068960030483599163,0.13357569914821124
6038,-0.040347156943226284,0.04918448957980523
6039,-0.070591369825146646,-0.22634427946936631
6040,0.13647275660474389,0.18241373129031305
6041,-0.16343118428068373,0.062525885049270841
6042,-0.11677461989657156,-0.27221557534401575
6043,0.29675425274659362,0.083585145199050651
6044,-0.051824046089288631,0.20317734398374443
6045,-0.23814854453329046,-0.0064908491312459307
6046,-0.057805312208309534,-0.18024729529820629
6047,0.054602392397975361,-0.24125579618027118
6048,0.24008486130025586,0.016552446065078472
6049,0.11374368292852224,0.12323241246536194
6050,0.030035428161224047,0.17916186363274694
6051,-0.019310350784851261,0.25936794759364667
6052,-0.11369471509481865,0.14950917400082456
6053,-0.085836618713185403,0.20712518159225371
6054,-0.13329439658586986,0.14348206267411187
6055,-0.10501223799102123,0.17948343672818504
6056,0.0010560613589321276,0.24032888281304188
6057,0.044037314605692254,0.12686020979404794
6058,0.21607515593451893,0.12625661879082734
6059,0.21185144329192729,-0.082251825891507577
6060,0.031843783322012188,-0.24688012433760695
6061,-0.097693984104595052,-0.10787950984543332
6062,-0.23237572519171487,0.065052097688948943
6063,0.072472874063702841,0.1910092460111889
6064,0.22737934135185978,-0.054033898925427953
6065,-0.14247519533367964,-0.24854652494253424
6066,-0.082367558919618653,0.20267443290213227
6067,0.14368509825222925,0.015587406659752166
6068,-0.038673156611587642,-0.23897519219033092
6069,-0.021578618029840756,0.20456499243538068
6070,-0.025339482145378112,-0.06987568766225101
6071,0.033380286315975373,-0.16812744512327965
6072,0.050614540121458024,0.25163633244509187
6073,-0.18729990920491843,-0.082109680730684309
6074,0.080382451467234356,-0.20991820458007401
6075,0.23606588878606327,0.18828246384660713
6076,-0.19335811539877537,0.10688484143385067
6077,-0.1711102587944977,-0.10232365817721598
6078,0.082282910217758118,-0.23528521445967565
6079,0.16183943779104148,-0.11836952110856257
6080,0.23890070505816205,0.12554850672988727
6081,0.034254386466782277,0.17121877512932812
6082,-0.053946042333432954,0.18637418128817868
6083,-0.11007740191400936,0.17763579314826591
6084,-0.20117019106112846,0.088036377357227857
6085,-0.16637586604577248,0.11389851719119333
6086,-0.17997614041666299,0.04792702218908871
6087,-0.16113524107139304,0.089290442207190998
6088,-0.11380452681123802,0.18201759183901364
6089,-0.066523369128338047,0.15774540042149113
6090,0.13494989987423514,0.23257851567553811
6091,0.25181175563415054,0.035047846958452825
6092,0.19360527636371441,-0.14387959233450065
6093,-0.026630585441829183,-0.16793610325119698
6094,-0.23762485578585688,-0.094664970853624353
6095,-0.049093299315784711,0.26139534189841507
6096,0.23488751706980415,0.073510255685065723
6097,0.034992513011958749,-0.31040933513480468
6098,-0.17868873519377312,0.16173215076581934
6099,0.095074381048850104,0.03343260908079989
6100,0.14366876044189544,-0.1297762010491699
6101,-0.16469551624678302,0.1128098858559118
6102,0.077160404486091974,-0.089889453014756954
6103,0.13300808786036936,0.052922865365024441
6104,-0.21513685308025984,0.1587728358451557
6105,0.066584582214600577,-0.2303437568762009
6106,0.233826008291561,0.07111982322661585
6107,-0.13251998473140253,0.23116980666192569
6108,-0.15180103414987497,-0.15974790690188312
6109,0.086011580797097087,-0.18281937315345356
6110,0.21984902237099394,-0.0065343157375263947
6111,0.14021801906370682,0.1570184512734093
6112,-0.063475542195981782,0.23896945379839202
6113,-0.13147711464949047,0.095036852178397482
6114,-0.24790448052967468,0.013952471301533712
6115,-0.19046310975899636,-0.11360133243277887
6116,-0.10854940241978467,-0.16862288910296486
6117,-0.15456609916931138,-0.15212361331645488
6118,-0.11439468995108465,-0.18388059307481117
6119,-0.13229784296320865,-0.15881507186480115
6120,-0.1931730146627387,-0.074958825277794461
6121,-0.19363438029811342,0.029840787440862576
6122,-0.20079410569680034,0.16182453804565061
6123,-0.0047558646699280404,0.24133154790706215
6124,0.15351649182447785,0.14468164721043028
6125,0.17984375600338262,-0.092698562452899758
6126,0.019991960748466861,-0.19235071214160288
6127,-0.29551403903742179,0.0040207171294177908
6128,-0.0010044901940233948,0.21641913654530795
6129,0.23547721115435793,0.010405770162857569
6130,-0.15181862061897355,-0.20493551534884263
6131,-0.018285299484608143,0.15109621153620667
6132,0.11025254370258798,0.073464533544429403
6133,-0.073799216944209767,-0.16499586424707793
6134,0.09869311511986649,0.15652574656037818
6135,-0.088315869840696046,0.076613408881701553
6136,-0.063546719957328524,-0.24622910739667353
6137,0.20592257493928165,0.19259178338389193
6138,-0.19042712181035154,0.12860724976117385
6139,-0.1487746456188265,-0.22957726044766352
6140,0.27144616136193095,-0.051276709883433955
6141,0.089838117184116786,0.15336966784033762
6142,-0.12405104717085697,0.22184040981773742
6143,-0.22440769696467969,0.026702273804071107
6144,-0.18410777493587457,-0.20594640646234064
6145,0.047437244187127928,-0.17780456842137143
6146,0.068376971010382245,-0.20106614120136537
6147,0.18372573277266899,-0.066660672514985655
6148,0.19672466594382587,-0.0018151792820085455
6149,0.1987030439423208,-0.041365940507654006
6150,0.21679181719398227,0.042544992057304977
6151,0.2067550972257699,-0.065727390010437037
6152,0.16409826560211746,-0.11502052305539155
6153,0.098105139802861591,-0.14824949626109271
6154,-0.04402259465743992,-0.26229562813656221
6155,-0.20715769009969928,-0.11184446287249272
6156,-0.19808616200650225,0.032912081475395427
6157,-0.039174248016199745,0.1813876019467906
6158,0.15995063983918303,0.16080594393204381
6159,0.18716880825073229,-0.2495290187127289
6160,-0.24351277787988879,-0.091472392464384752
6161,-0.1224316811068641,0.15173337254737601
6162,0.22491900959169037,-0.058741401352296295
6163,-0.14584720826077233,-0.10057250829407345
6164,-0.079189970932143305,0.011289346607274717
6165,0.15351067139771463,0.14705331085146195
6166,-0.21424736201503519,-0.11902121068383101
6167,0.11356546887811621,-0.086461986809808253
6168,0.061759486503964518,0.22335245319966651
6169,-0.28899009357719968,-0.17252381014716073
6170,0.19065596179812902,-0.15824709834220857
6171,0.14475557525778293,0.1530072120392871
6172,-0.23623842117658908,0.082803303973827555
6173,-0.14363338158443245,-0.1328768348188458
6174,0.016686491363268195,-0.30268143834533734
6175,0.23340865252513823,-0.054816195058009089
6176,0.1728052896804087,0.1527719491299257
6177,-0.0097425100629720748,0.17157887309012029
6178,-0.085758454396327635,0.22588740764755313
6179,-0.15945491560262978,0.075863763609996415
6180,-0.25118092952014381,0.065222404174838336
6181,-0.19937761876069726,0.050760813273178149
6182,-0.23063376656667167,0.0024320216291411206
6183,-0.21319275075354507,0.11761141543061673
6184,-0.15945487158917612,0.13141475983027184
6185,-0.078460127301221871,0.20071758808929172
6186,0.049421171586009283,0.27172986986853326
6187,0.22176724346693422,0.017827595094240978
6188,0.13534841909654272,-0.060861468189977709
6189,-0.00082888959699015108,-0.22864888020575333
6190,-0.19968251209276791,-0.13688952178544508
6191,-0.18200348825629684,0.25364959062913633
6192,0.28732366079844796,0.015674682385209152
6193,0.0054391389775530243,-0.2009664107620196
6194,-0.22969726429749646,0.0038124929910999545
6195,0.19319182864087459,0.13088089683079115
6196,-0.061072399233756777,-0.066352209547723154
6197,-0.081802099903503206,-0.11088380730145393
6198,0.15387387170128683,0.16852705759193107
6199,-0.18654562591729801,-0.080173066778194829
6200,0.12196897319251318,-0.14040999118939901
6201,0.1715074787010937,0.23456540882477772
6202,-0.26105409454252604,0.0056244459988426662
6203,0.022668173657416781,-0.22728426270763655
6204,0.27193205789891589,0.0026273296228356054
6205,0.066667288799769325,0.19637517554888878
6206,-0.17937685468096615,0.15828179503246695
6207,-0.14716241425712251,-0.11192947365908536
6208,-0.062655232606061428,-0.21739608435913152
6209,0.10380051629665991,-0.17124493160222135
6210,0.19369603680527286,-0.13346143615184131
6211,0.22563834853926867,0.043365181625611683
6212,0.22957989449608709,0.040581398541745764
6213,0.24722031113162332,0.063334280016199465
6214,0.19906976467448598,0.094785056715985819
6215,0.28796787672883511,0.047354430306833305
6216,0.16676414412443899,-0.023834426785106531
6217,0.18705054109181685,-0.1007572276417264
6218,0.10084077817579873,-0.20242313398486719
6219,-0.16492406238220128,-0.19226709506209538
6220,-0.1411282025510722,-0.012893018242573329
6221,-0.16137083174834133,0.15957128231510362
6222,0.14550316387587675,0.17771393656570561
6223,0.27032159637367958,-0.059834865506211747
6224,-0.1717823520033554,-0.19948133711044796
6225,-0.063607342646657641,0.18352812346486153
6226,0.14020571783614041,0.1259556464623737
6227,-0.021112698243799063,-0.21935570985847436
6228,-0.027385434514019834,0.17052080864056654
6229,-0.0047433992362400281,0.054197551786268464
6230,0.072554031738394587,-0.17833288618820758
6231,-0.025996526059519121,0.21925296070993833
6232,-0.10836788629778926,-0.08098780753942901
6233,0.13439322298280551,-0.16421002856018793
6234,0.085862259073577946,0.30325368717234547
6235,-0.21841619085660102,0.031697331161635839
6236,-0.089134514605681919,-0.1984641630345195
6237,0.18896645096792333,-0.086071969668020859
6238,0.16057068071535319,0.14799218454176136
6239,-0.066719316134904394,0.27171366234517663
6240,-0.186222935787868,0.097567457299079396
6241,-0.23845127556158524,-0.050820530659895495
6242,-0.14425547615389456,-0.1443809861468896
6243,-0.074565728861228753,-0.2053346337797011
6244,0.03198995086388276,-0.21531499920646477
6245,0.091606743805228139,0.022099065764256021
6246,0.095030534235942321,0.049409641610512853
6247,0.078938921300395301,0.020978069334186302
6248,0.16034109685552206,-0.15654841438499531
6249,0.2887387691406279,-0.19296945746177815
6250,0.060647799229891643,-0.17896403435004246
6251,-0.19247181389822912,-0.18660416861380524
6252,0.0046901801313653539,-0.06264387131601494
6253,0.10918441030428484,-0.052924692565116324
6254,0.01212826875649795,0.020769059080569606
6255,0.010661387973297229,0.10514494429419553
6256,0.030612895480367289,0.13061397468514507
6257,-0.011530812524120714,0.16637638289480702
6258,-0.154903817253529,0.22119821644649817
6259,-0.046376233362995574,0.081336267862794021
6260,0.019068114107985562,-0.073176844961440071
6261,-0.25064796754563218,-0.057658401400619536
6262,-0.22960255941913765,-0.111375465886903
6263,0.12916972767731044,-0.22352497313952402
6264,0.048515120659757757,-0.14297165969624159
6265,-0.05054066816370166,-0.080993728863261699
6266,-0.091202985004454368,0.091903366406767203
6267,-0.13430855205715059,0.22614035897492882
6268,-0.10957999605969512,-0.16363021539248165
6269,-0.18255228601436288,-0.22351061109212753
6270,-0.010108897684972896,0.27215135809824648
6271,-0.050328476616661316,0.088289228618816634
6272,-0.12027079803321158,-0.2580165887170458
6273,0.18021732535601717,0.089583826419893972
6274,0.054531309258517298,0.056210429478109149
6275,-0.042815188446377488,-0.10642318309201487
6276,0.11122564083288887,0.25089528123497984
6277,0.088315209271071921,-0.024772270049949321
6278,0.27724594416743159,-0.2731757337689219
6279,0.026182086792730392,0.013720100115468196
6280,-0.30500578785079596,-0.070871760791779537
6281,0.017402611221861018,0.020692950828332918
6282,-0.18546570442543808,0.12791529897698117
6283,-0.2435481356920568,-0.034651951354332876
6284,0.074356150648777417,0.0077781374770381929
6285,-0.18843571762005085,0.10572389074387675
6286,-0.045733935274317364,0.22455977019348486
6287,0.057785335939743776,0.078285836081851093
6288,0.080846092231060249,-0.22362875364474338
6289,0.26199830090419535,-0.096878048242957565
6290,-0.035462416060504792,-0.0069118916477784592
6291,-0.076021622064990135,0.10124732770887586
6292,0.014054070740029812,-0.086469835535510117
6293,-0.16182317113608574,-0.36499043604206766
6294,0.021468909997635441,0.046503970537208505
6295,0.23031388732973587,0.099032491014801882
6296,0.22623220870957697,-0.22784601842650259
6297,0.18458357539666914,-0.17653407965656503
6298,-0.15833576389167331,-0.28926690486255374
6299,-0.10689605351139737,-0.12228089414085935
6300,0.29353852688592025,0.064337037941204128
6301,0.11143338571453443,-0.093486227751391537
6302,-0.25649024989578145,-0.046840317938928053
6303,-0.24079946223204979,-0.039597262368580459
6304,-0.15547201337302302,-0.12088977675224757
6305,0.038373725561125456,0.097293308145760607
6306,-0.053116598316820515,0.14571336540288379
6307,-0.17303997695376033,-0.069638517668115074
6308,0.23521961233516467,0.019154982308595581
6309,0.13998475076712999,0.19295922696350976
6310,-0.095822328025787898,-0.11955614702205102
6311,0.13428246317413531,-0.18012563267785475
6312,-0.043365045514623515,-0.024490033741917799
6313,-0.22002098449367322,0.087770239537944314
6314,0.00091901371764769452,0.5360974974495446
6315,-0.019743074505783706,0.26333923501892231
6316,0.10981385992408664,-0.17285691181513174
6317,0.15281195974483314,0.18785715252977903
6318,0.11868788184327102,0.064860004945307914
6319,0.082522522693238121,-0.068305973410568793
6320,-0.32487236873673769,0.2745847502724536
6321,-0.21896546780068471,0.14679211261159664
6322,-0.076201596240656505,-0.019928987476102843
6323,-0.3434699324723739,0.017720663010374144
6324,-0.1076759794441664,-0.012589285930649782
6325,0.14155731152314854,0.12970305008482882
6326,0.168380810252411,0.16970136142059736
6327,-0.042038524960506453,0.016123587157137603
6328,-0.062899809213000771,-0.10182062364218619
6329,0.020646895534168538,-0.12693708376028703
6330,-0.29088936409884181,-0.28459813536854683
6331,-0.18087025892040814,-0.12180062226006433
6332,0.025659948611736594,0.18968662873521103
6333,-0.20389176190800107,-0.082323906321260673
6334,-0.1750412511965716,-0.27511276270293544
6335,-0.19099105761964097,-0.18298365222263205
6336,-0.38907100348951046,-0.22881158958400705
6337,-0.26027069619447096,-0.081257295159627027
6338,0.098750123482965649,-0.036354604121891385
6339,0.25657161826622621,-0.032958077219580689
6340,-0.01158469463764434,0.14672515742667624
6341,0.058211753528773932,0.019493543895593907
6342,0.21597018937200835,-0.066997270197707334
6343,0.11967553672837354,0.031822359851422635
6344,0.13968843964848138,0.26668453567828032
6345,-0.077299564447338001,0.33834891936870259
6346,-0.11382662214758886,-0.1408129757952738
6347,0.12441875775387744,-0.29563416748993832
6348,-0.12932622069248076,-0.022241873823995523
6349,0.0053835856069500282,-0.093549063891708417
6350,0.28532313538897386,-0.15400909088988687
6351,0.11931876838753344,0.050826293361411347
6352,0.068763486274216495,0.1161394151591196
6353,-0.061737216281589263,-0.096362713135058342
6354,-0.026801960824093862,0.035423973603722687
6355,0.039711662487556663,-0.063794981190937489
6356,-0.15762749981358223,-0.38707567518483643
6357,-0.24249748116565961,-0.13750366899401034
6358,-0.13111709105941396,0.20787069557929513
6359,0.1211918297744802,0.069723672868123768
6360,0.14309289878603909,0.0061251037282515283
6361,-0.084224333500247842,-0.047429216834632547
6362,0.069956803001686857,0.1099610728737838
6363,-0.059904706816457313,0.044178441250337867
6364,-0.23438174155867672,-0.16164390053156899
6365,-0.0039422944781723939,0.028961417314110838
6366,-0.011892496200801687,0.055575854232426496
6367,-0.13986453758721376,-0.082759759141890515
6368,0.045852847629147611,0.026508362371437083
6369,0.086747772252095665,-0.10748958632704664
6370,-0.046707879431748964,-0.13194904328369525
6371,0.028372873141947405,0.11742787925005209
6372,0.18145566468583743,0.051877434159356597
6373,-0.047621683635155836,0.0321393250165267
6374,-0.21957712803261115,0.15659906129679735
6375,0.036775119317315114,-0.029275963840403131
6376,0.097062044624318319,-0.11637855115411369
6377,0.025324013307263762,0.13689667188253446
6378,0.24596030587945114,0.22384846774799447
6379,0.0011806186776184002,0.24114776592247672
6380,-0.1398104054094223,0.3349786374694772
6381,0.10519888363843188,0.22022650618955061
6382,-0.13718373658507715,0.14284465538891161
6383,-0.18956091298027111,0.18640609265785751
6384,0.14355113742171599,0.085744094912866831
6385,0.0013779636045252932,-0.05080033610371687
6386,0.12927123902735632,-0.24173912057077712
6387,0.29421345257504994,-0.2220589721109773
6388,-0.060010284674054906,-0.069042174405930981
6389,0.2079462049336489,-0.18965440416143908
6390,0.4055825274282811,-0.031042038526061033
6391,-0.0013357046834076361,0.19005909592588963
6392,0.076627504644236483,-0.21680611202786657
6393,0.24589052852673338,-0.082096760101512026
6394,0.20084197266211448,0.064422217127434997
6395,0.15153036956462221,-0.060818073551312045
6396,0.032376908617172531,0.26812217968466806
6397,-0.061257107838394512,0.31467640779615424
6398,-0.073164544387261679,-0.026364716522316759
6399,-0.11687694623347457,-0.080272504067070483
6400,-0.013358697377498775,0.11274264754787609
6401,0.040311617947501426,0.32615687880885097
6402,-0.16593589356881921,-0.0017613148888218771
6403,0.039929174531597472,-0.24171057063011367
6404,0.27889536761487155,-0.046755983842461248
6405,0.034965600756894165,-0.1642942042892388
6406,-0.13348819951827925,0.14182231571695436
6407,0.20171943048191168,0.27688443388192036
6408,0.10715091979450576,-0.14100644728019296
6409,-0.23106944997854592,-0.099219729171877477
6410,0.16391255094366053,-0.18528756241982525
6411,0.26189107392433431,-0.28898626056729698
6412,-0.24818795680932065,0.021570044750090701
6413,-0.017246707160423973,0.0058273301971008828
6414,0.094066736524961447,-0.13877986487118993
6415,0.11564615342756343,-0.14697813778105295
6416,0.11078621196205479,-0.220916810673838
6417,-0.11096162323801201,-0.085663130869178677
6418,0.087073386069205144,0.025924863501477113
6419,0.27843580945028906,0.13424392894852641
6420,-0.034076911446935712,0.0078275811117129133
6421,-0.061277105418437838,-0.17069221599107209
6422,-0.0072904942786151689,-0.046803283741333981
6423,0.12676086517800642,-0.1008949319950156
6424,0.10740139528034598,-0.14936351530658831
6425,-0.22673561385531357,0.021520721376934258
6426,0.088669438400761705,-0.079896125664380327
6427,0.27127365078762317,-0.053897681081552837
6428,0.049827632467796659,0.1009772311399986
6429,0.050748091695943062,0.032104540501459979
6430,-0.24956381748580414,0.057367251532554175
6431,-0.034878132361171189,-0.024371811229726224
6432,0.42241209160005094,-0.12352699797284615
6433,0.097090407807276929,0.11449883388432522
6434,0.014049917144172676,0.027182419878241597
6435,0.086482509553819309,-0.49604220818209022
6436,-0.073283539887676302,-0.29816970842745283
6437,-0.022735991858560886,0.25441946679250627
6438,0.062460846615378596,0.13182000602658089
6439,-0.036022065400303303,-0.071035498064441635
6440,-0.085538759005468465,-0.017945379791702333
6441,-0.041304571493831238,0.081372145821191386
6442,0.10650494258768436,0.17999899676902542
6443,-0.041805686796229868,-0.088363375768557406
6444,-0.23143093189361424,-0.27485722813150698
6445,-0.00057687019009170122,0.11529536212635735
6446,0.10568287638357854,0.14829126088846278
6447,0.096473080189091676,-0.12765557312801534
6448,0.21624192544257989,0.089419974137479458
6449,0.070854781258986782,0.16810152061780598
6450,0.015683670249925341,-0.016618923588371283
6451,0.0019601916240851967,-0.034520894295260333
6452,-0.28329915935291744,0.082541969337664181
6453,-0.15704991717700992,0.3589622744655977
6454,0.17758154707106122,0.27717393174719357
6455,0.08515858598748309,-0.00072055101114535183
6456,0.12042812148631547,0.12491256983690226
6457,0.20284137094658208,0.0010506775187380767
6458,0.084695206299107956,-0.17754764734655007
6459,0.0069562516405566495,-0.011284452676332799
6460,-0.036289921143375162,-0.18521175760723585
6461,-0.045996378079179445,-0.013027463410869636
6462,0.14689346535014736,0.31840099031407182
6463,0.24196193705377583,0.064024733215936408
6464,0.090005344999478112,0.1176276756690174
6465,-0.081192229569142377,0.29017898764112476
6466,-0.26203613811990323,0.0059438203427903714
6467,-0.12958311138206061,-0.039004123816705788
6468,0.33529714268185828,-0.031307145138982168
6469,0.21402020487387596,-0.29207241493782993
6470,0.023607490177679744,-0.10322347675201206
6471,-0.0051924925409525136,0.21359567271010518
6472,-0.30203860022774731,0.081425131116527716
6473,-0.068727631334745076,0.024522022859888089
6474,0.27764633834704155,0.15832979462443281
6475,-0.12187822393427017,-0.14748241605258186
6476,-0.058114959712619541,-0.26206173201185279
6477,0.31807444923857364,0.070812841238094087
6478,0.17559873513051116,0.20813950511413748
6479,-0.15843351578600892,0.088695593476890836
6480,-0.063695118059690539,-0.15350514788183947
6481,0.15914857924269837,-0.0082311148515212228
6482,-0.22760167968476713,0.045413178677409551
6483,-0.15687756189875599,-0.23808610763332932
6484,0.43965789700068025,-0.081886367046847958
6485,0.099028743571197397,0.010775930692853744
6486,-0.34746543405928015,-3.6651280379843432e-05
6487,-0.17917750498928209,0.15289935593973114
6488,-0.0097333971808610878,0.0041266717690017825
6489,0.042617852119772884,0.015324340833253578
6490,0.15287752017016915,0.19636358665071224
6491,0.1858991456701721,0.024364212643359202
6492,-0.036147200802529658,-0.002831467119566753
6493,-0.16530898287283258,-0.082369590597613077
6494,0.062590798954066579,-0.050087291483602872
6495,0.096950114328185663,0.050819330863020713
6496,-0.063222085068231126,-0.13359456986073853
6497,-0.13641569775679105,0.054128040718042628
6498,-0.15031649100402378,0.10416091610773792
6499,0.052378643495703175,0.025143190144800116
6500,0.046762607565994978,0.12367266906833144
6501,-0.031870925351175208,0.052834372041639779
6502,-0.024061411314875741,0.095748330828801506
6503,-0.025574974372307862,0.11299627971783721
6504,0.16826418761899742,0.1258250396667151
6505,0.16869425280153921,0.34212809219381407
6506,0.18095825925641182,0.028673824047493201
6507,0.15922614840772237,-0.21520843841756643
6508,0.048216707774278694,-0.0096191352239444802
6509,0.077134619051911921,0.11352107586209154
6510,0.0022354663646144569,0.010266232714363362
6511,-0.10192588673101308,0.014180068073182624
6512,-0.089838983918474238,0.028674355464276605
6513,-0.17090215347375726,-0.003318876664319053
6514,-0.22989170617264643,-0.13956664326158594
6515,-0.068120627545118467,-0.076023315816881487
6516,0.10344002160574672,0.040203798850822758
6517,0.057385823579270176,-0.25560063825372914
6518,0.14280657360831997,-0.21280455131664502
6519,0.24717421926317806,0.096803712668302316
6520,0.14537218676977021,0.095858211235367891
6521,0.064677515145253314,0.00027338290734918447
6522,-0.099893996703114302,-0.11334443426888108
6523,-0.19819410882711516,-0.14712009782842547
6524,0.15293591754783653,-0.12958633188033145
6525,0.23507652882910735,-0.14517480774505376
6526,-0.24879094860441359,-0.014090298934420141
6527,-0.10019562339268066,0.0095219582038809716
6528,0.25134348750072605,-0.080331503106311153
6529,-0.11391427886494257,0.17125447874505492
6530,-0.053541339250369469,0.046165338921315927
6531,0.092064469554059211,-0.064373848759295943
6532,-0.30762755988516866,0.10636441087988542
6533,-0.086743125301653054,0.095226965252586782
6534,-0.1664450796049434,-0.14559368040557485
6535,-0.021226966918521366,-0.056654939476105032
6536,-0.12097489406432406,-0.1300922044529452
6537,-0.081247181709229899,-0.37427893861501649
6538,-0.12907938361099072,0.14162521520104318
6539,-0.37935758476179848,0.021291997489481979
6540,-0.13857914434165444,-0.40274115686965134
6541,-0.13748922186496318,0.014954078349112755
6542,-0.22840084619893747,-0.016507765598862963
6543,-0.010403017901636398,-0.10774938246594427
6544,-0.0063160599750735477,0.029770877870178524
6545,-0.039347211940362004,-0.0052062513708158592
6546,0.045671539232873072,0.12546596594919371
6547,0.23321283812500709,0.016652950358735836
6548,0.31154777276083945,-0.095281564195264679
6549,-0.0069071087221109157,-0.052986195640840617
6550,0.061612496767174903,-0.32552252980643986
6551,0.14261750946989457,-0.19356429840731607
6552,-0.0456001546774615,0.23919680215859376
6553,0.020068540577562785,0.27755161532184708
6554,-0.088927006427525879,-0.047484440438306998
6555,-0.27769977374535004,-0.33201102197130405
6556,0.089199505350330749,-0.18479220032826088
6557,0.071061425815665671,0.073510636181840006
6558,-0.40884413012006404,-0.27694899304736298
6559,-0.054726581689412468,-0.23770825800261428
6560,0.16194239031949498,0.25972248527693603
6561,-0.17291419322565896,0.30453553155023488
6562,-0.08791232649307798,0.067243483910519583
6563,0.091847917153184147,0.076185641402421789
6564,-0.10085920866802553,0.072920843158724796
6565,0.047138436694997773,0.17186297737144099
6566,0.13404233305285201,0.12655654583589751
6567,0.067445588352675306,-0.034877506057208525
6568,0.23169266584236575,-0.026447671333701947
6569,0.019232100235441061,-0.049215233460891454
6570,-0.21680277997375477,-0.26062742747785728
6571,0.059520034551763842,-0.23269915323350299
6572,0.15151700966269732,0.033875305668946677
6573,-0.096010112062729774,0.024567086691920842
6574,-0.065964280333719469,-0.23369157384955186
6575,0.12750890210236523,-0.20756014504451589
6576,0.020786116021155224,-0.18224001375501891
6577,-0.028481114488668059,-0.22044677757961792
6578,-0.062355278977068468,0.09429610671930623
6579,-0.03204515362423347,0.1571015739039486
6580,0.18252583132466221,-0.020242916384694862
6581,0.08464060203916475,-0.15771329459810252
6582,-0.067018039504929197,-0.13808851974265515
6583,0.068692157891832792,-0.020111573406998103
6584,0.087634686038621595,-0.050596373461553004
6585,0.18887883829613358,-0.11276372865871453
6586,0.25045907375841397,-0.052197331447724135
6587,-0.14707810247332281,-0.074182474583724817
6588,-0.3056558958185987,0.099983550490525847
6589,-0.14985061720791185,0.12273056738440108
6590,-0.040427744905312812,-0.096020339218237286
6591,0.20201946359938044,-0.048311553779850788
6592,0.26906957820486488,0.1850137112637206
6593,-0.10122369917019129,0.45312409240393742
6594,-0.1874788714904761,0.27607994836974475
6595,0.14860350441348999,-0.063055245413025318
6596,0.0081406968676222425,0.04566061553562703
6597,-0.30548609757964329,0.25730855213053827
6598,0.019632076539128556,0.11290774958437139
6599,0.12435086193379169,0.0061387801962422637
6600,-0.094755380635199254,0.087629230363940672
6601,-0.029734117205000028,0.1254751892265355
6602,-0.089549916225044893,-0.095920809666230414
6603,-0.19321818039699906,-0.024961736596286588
6604,0.086284415985383542,0.023160349724571188
6605,0.29799595409882024,-0.06752279596478912
6606,0.21152660821315034,0.17267284510340894
6607,0.26474243306756223,0.16119490330221695
6608,0.26750995396950694,-0.043154329147372265
6609,0.076782065178357464,0.17625593990624672
6610,0.1750093208270049,0.10634753864673196
6611,0.23632986744335166,-0.29568500896967864
6612,-0.072682605589005495,-0.25203466310175249
6613,-0.11233441308187343,-0.026978650873549261
6614,0.1763687499651326,0.023092737227414208
6615,0.13106283785015235,0.19006119694778678
6616,-0.03769894133764233,0.15701493978083492
6617,0.057770014165092962,0.044091251184792637
6618,0.11287560786584867,0.1058142777405134
6619,0.018150041648690191,-0.078363817641267638
6620,-0.13070475895303621,-0.31369223842498434
6621,-0.32285709654576428,-0.2149262331067541
6622,-0.15675769285336222,-0.13948255352350655
6623,-0.031160648721729564,-0.25574797771245861
6624,-0.1505444265357529,-0.17429949779692336
6625,0.061172921625265518,0.11373596441068573
6626,0.060754484986800986,0.077465260711143333
6627,-0.032302059538796703,-0.058400790814770336
6628,0.0081100564742237063,-0.094897866713896578
6629,-0.11172229652731343,-0.090384911758818923
6630,-0.17975195449178372,0.13113003102006079
6631,-0.033947927753619121,0.032253583402203814
6632,0.23001336612536313,-0.21476116645711768
6633,0.14962652947829727,0.019233550098898766
6634,-0.074048128753016224,-0.010638641919181742
6635,0.037227506208008507,0.11128351457391211
6636,0.01152357658647017,0.20334331614607953
6637,0.18085024994720703,-0.27450312303958618
6638,0.31555869872437903,-0.24640826766405746
6639,-0.2041833156595009,-0.039058859893769733
6640,-0.31097856508566224,-0.13380415327577844
6641,-0.040151333997311231,-0.21738106431315835
6642,0.31778472008944558,-0.14163018623666912
6643,0.24864088846369609,0.21491765773373939
6644,-0.32134847533817718,0.052038852774756006
6645,-0.099279548076088325,-0.12852660623257314
6646,0.099001324560596057,0.22464523626627209
6647,0.085836301711459603,0.0074414155223925665
6648,0.46926377115248002,0.011042317481228543
6649,0.087629325869906016,0.22810297950470762
6650,-0.21165759449004493,0.13195874176413014
6651,-0.0034879766990728893,0.056408540419213407
6652,-0.093290194169469987,0.040276201316335178
6653,-0.20628092392165967,0.16750271599182032
6654,-0.1152814911737549,0.11353807707804166
6655,-0.084750441275486976,-0.18021000334353995
6656,-0.12568336882833125,0.060746208511205713
6657,-0.14720905009639126,0.12603063502283529
6658,0.079729036060867953,-0.035232092454171172
6659,0.14292890463516542,0.028597296332900736
6660,0.19890176136659155,-0.025963025367838496
6661,0.084625595619089167,0.0024635898613013761
6662,-0.18670836648976119,0.056702853682895245
6663,0.024295195942261243,-0.046082456573189344
6664,0.14044944019495212,0.036787755071891907
6665,0.065742497484683776,0.12143041198576252
6666,0.07862829071554947,0.10080847166457174
6667,0.061990513318466806,-0.16124106243928971
6668,-0.10218890652680654,0.042658504066804423
6669,-0.43720355362838698,0.28147588882756785
6670,-0.2801556095482724,0.070895690697212563
6671,0.10576609032863236,0.22949912206816364
6672,0.087841494741334306,0.083770125658458872
6673,0.068921882352234565,-0.13919549184929098
6674,-0.077827492090937922,0.14077470391112198
6675,-0.017335377377505051,-0.066873444657350428
6676,0.21397873358197728,-0.24682005696511536
6677,0.088440306014353931,-0.1863794453933387
6678,0.11106230719519324,-0.17031766783405525
6679,-0.0066975339385403386,0.17463342942658969
6680,-0.20125839509656665,0.33004446143489635
6681,-0.15306939512507803,0.21149017843552265
6682,-0.22835665099181499,0.045338954101765465
6683,-0.014672685343084715,-0.12347293265581007
6684,0.13451750694503564,-0.12957426581907017
6685,0.084796114081435059,-0.20024329476743252
6686,0.20330562109659608,0.13865845188611206
6687,0.044281255032729769,0.29326861671964666
6688,0.0082713420323748399,-0.14133970671102886
6689,0.1187552940202809,-0.028064731508329353
6690,0.0063685428915866704,0.22229313908041959
6691,0.078561524025807489,0.17331905126043581
6692,0.051187409892337561,0.14024543150899554
6693,-0.22149306394123869,-0.054251343562993819
6694,-0.16724146899082057,-0.09511092446258046
6695,0.035264810599266547,0.020327628299561064
6696,0.10675701664902747,-0.11265057654942776
6697,0.090431457853099528,-0.099275447432611685
6698,0.052291547100616349,-0.098891699196769142
6699,-0.11774468112569904,-0.11209262742468673
6700,-0.14403117276965274,0.067801279544081175
6701,0.090088753457429893,0.0036925769925185876
6702,0.18411583839462844,-0.10990553111694962
6703,-0.11662038601684016,0.20701559561734353
6704,-0.22162662918916567,0.2252388851530267
6705,-0.00040537133850300673,-0.083934965115410168
6706,0.038125070525658826,0.082282838549134776
6707,-0.049654616885953587,0.13607233470513555
6708,0.20203906442032382,-0.12288108276804527
6709,0.038128900511860082,-0.070655958378603112
6710,-0.29059805417864276,0.11353598529659689
6711,0.1756480502160806,0.0073669616397680267
6712,0.27083304897503024,-0.067176734865725174
6713,-0.076889092282142676,0.059531324669851476
6714,0.061607070674811679,0.25101704595588203
6715,0.081875831410657643,0.084061709961259126
6716,0.011078127947023972,-0.27568252378419733
6717,0.048373768732326253,-0.02708363931891369
6718,-0.11131483413110033,0.18877204637192091
6719,-0.17036059203101322,-0.12324465398306372
6720,-0.0023534072583094347,-0.11449217483234289
6721,-0.10824127998538229,-0.10165061215408641
6722,0.0057637060932621102,-0.41392948587659029
6723,0.18758670208197753,-0.18494422469444574
6724,-0.0056547035500205799,0.13721686836577218
6725,-0.15875794263484719,-0.11965170800856322
6726,-0.1423445910844931,-0.069510148529540197
6727,-0.01380108714444866,-0.12146566519228111
6728,-0.024355305175141458,-0.069294215830633915
6729,-0.13902763698799731,0.32618495021283211
6730,0.13285242192556446,0.23384682958568395
6731,0.1614179078783603,-0.060734965623354523
6732,-0.33691271614813117,0.02213792805207089
6733,-0.13130465985866677,0.033465003173142535
6734,0.31277089695501231,-0.036413489103979846
6735,-0.016685314314272073,-0.097594517701453221
6736,-0.21090799668616861,0.067938361814169304
6737,0.31470172172259192,0.28180076886658467
6738,0.31947552956791242,-0.074422869290555319
6739,-0.087695414824607271,-0.10918998580136924
6740,-0.20285747296804144,0.066100219997583892
6741,-0.2273126524425165,0.12755392570189003
6742,-0.041255601812040313,0.046987841656482343
6743,0.12010650290713931,-0.20541065303379363
6744,0.093709198013033554,-0.081445419220323431
6745,0.10764221471463238,0.1003724099405871
6746,0.062228031375685049,-0.15115750262056735
6747,0.02504301358605808,-0.07759636548679924
6748,0.091687789544050116,0.018511621945680179
6749,-0.15411566478375599,-0.0045799565995510117
6750,0.03465477453551892,0.16633250549327347
6751,0.35758688916686937,-0.12861745872798019
6752,0.15486707153226537,-0.17686436704200906
6753,0.21341670491109346,0.10272697016036654
6754,0.19733657102022026,-0.041512898006437302
6755,-0.0058219859423532493,0.088667163514897784
6756,0.26833547274761588,0.14401908794744714
6757,0.10100499493828556,-0.0022367575152814128
6758,0.043431932710585319,0.37026534321619142
6759,0.18387837426871984,0.21110930257466515
6760,-0.08720453619014798,-0.19532966909850141
6761,0.14385727869005291,0.13039402051875365
6762,0.17127523190470206,0.0028908629648683607
6763,-0.22938343024452473,-0.002023235498928458
6764,0.18990037340187929,0.28242253997172523
6765,0.19720362468397493,-0.097230942902369347
6766,-0.096129407090937452,-0.18806818981251053
6767,0.19554437743810918,0.042032060382193905
6768,0.03698308618000562,-0.18498611174992025
6769,-0.049165696070509773,-0.020050527871190126
6770,0.11575573617327435,0.19896497176830349
6771,-0.13757972270203889,0.12684591859346211
6772,0.052530273741913727,0.15945395670655979
6773,0.19095244008095585,-0.0048473301793679827
6774,0.0086570683155643043,-0.18987360418246974
6775,0.065698564171743287,-0.086097256328987001
6776,-0.089805487710678825,-0.10518444595544865
6777,-0.30698660027667968,-0.080109909106750601
6778,-0.057488762775753682,0.087900482158864812
6779,0.19218024176740109,0.056865675657251133
6780,0.11859483967033577,-0.051006417320251546
6781,0.072801479900495847,-0.12978146733271728
6782,0.32492005155834236,-0.13006109307820288
6783,0.083482181291724314,-0.14512792192276427
6784,-0.27086606640721755,-0.20696795334075171
6785,0.11778148767109169,0.066701259032322865
6786,0.16469243216134577,0.065205213705424842
6787,-0.082781266386295793,-0.16532042620477685
6788,-0.068052784779663242,0.027066995715957824
6789,-0.089418479071884382,-0.03661942545780196
6790,0.11033632252126618,-0.16245759827145922
6791,0.026549451634301755,0.042023534166137924
6792,0.11669102922328031,-0.12164898427995836
6793,0.37431322597024136,-0.078552070589069253
6794,-0.15134440715027128,-0.12622311102985462
6795,0.0006019034452759153,-0.40255545054407277
6796,0.32798162328619063,-0.10670307747675858
6797,-0.049089980229235324,-0.1250605763673551
6798,0.0079749270813260775,-0.22825784039460636
6799,0.097278996431651499,0.024018210765816488
6800,-0.082139178024710685,0.0024779597475821508
6801,-0.032293274513502002,-0.057208908940819467
6802,-0.14940709367457614,0.033401258442455888
6803,-0.018350816111689962,0.21584221163165218
6804,0.12284276985938777,0.26333461282747367
6805,0.056457698297155259,0.01176623613680379
6806,0.34880294289291536,0.049893492203065222
6807,0.20256428569483143,0.17883172926601346
6808,-0.24233249989645611,-0.0558468058705908
6809,-0.27023856857860029,0.023990871018924061
6810,0.021961671797116795,-0.081686751203642466
6811,0.30310867175705281,-0.27791084994470433
6812,0.13025056186836756,0.089323286310846059
6813,-0.054150511927240297,0.068629440993344434
6814,0.29023177191791161,-0.40354800178264216
6815,0.25197638527471822,-0.076962369797691249
6816,-0.25830401503621447,0.21331330543028881
6817,-0.33292290828200027,-0.22544582532912791
6818,-0.072601808107193827,-0.10302643117743311
6819,-0.06018999299805159,0.097506624479353182
6820,-0.08516186279980674,-0.12493931385866615
6821,0.13199775419584056,0.1100920837669294
6822,0.11235871812758651,0.046328773563603078
6823,0.41862109173443557,-0.20282247510741452
6824,0.61034112894909254,-0.098781018418625882
6825,0.16472930172717659,-0.37919748082677107
6826,0.091321568997564398,-0.41591367494621806
6827,0.53790899283693872,-0.063586638365513676
6828,0.46645994504035587,-0.0069074992337474763
6829,-0.21076863381304589,-0.025048504643231578
6830,-0.19100194434134696,-0.043059671368487741
6831,0.12251985481375584,0.023050123859610722
6832,-0.17633057716803968,0.13231084602729931
6833,-0.053353196438787762,0.069872621314592792
6834,0.0602030121050285,0.032146558124020806
6835,-0.28708409079938951,-0.029745481438524561
6836,-0.067362619952896163,0.024086133509889272
6837,0.13773468038419834,0.063861018005216333
6838,0.04326124696504384,0.0013767223378671894
6839,0.12363558796008292,0.071982528941243823
6840,-0.033992243634138553,-0.13658640047676776
6841,-0.1407527507126764,-0.18354472596688434
6842,0.13106530543702949,0.17292770670879568
6843,-0.04094759280194385,0.02450379276863535
6844,-0.21994263911105891,0.018733451777925937
6845,-0.023679814553288402,0.16384034805039116
6846,0.14333510280782039,-0.067145799955090762
6847,0.15878936490954215,-0.062157159674458132
6848,-0.10254624866361343,-0.074374149016452382
6849,-0.03721677902520415,-0.30064024564196684
6850,0.25408606692210489,-0.022996089962308175
6851,0.15079014882562725,-0.025279238587269187
6852,-0.034536750455391181,-0.23394672215914497
6853,-0.19375066499265842,0.024919283221259299
6854,-0.050875715371213534,0.033192202762890879
6855,0.20916261494745989,-0.060925997345376619
6856,0.026822498785480695,0.2386114765055552
6857,0.13470628873808549,0.3640488668893847
6858,0.17849568997175219,-0.05661725641916842
6859,-0.2487124908099955,-0.30741423535576506
6860,-0.079567009046012022,0.079529154407328911
6861,0.18561239324990836,0.12428890188057685
6862,0.228346738432462,0.0026685234005099506
6863,0.19382581302750485,0.02041367138778442
6864,-0.11613722087620633,-0.16404670017175743
6865,-0.089574640830962185,-0.003817124072221869
6866,0.030772865396455025,-0.22818042099162636
6867,0.062498175106548079,-0.23698161655822331
6868,0.1737633261167652,0.36993061638264263
6869,0.26048616856861284,-0.0031785192717595032
6870,0.3477307193894551,-0.240155262055854
6871,0.016431384197748582,0.25596059581146313
6872,-0.2606993631561344,0.030411329781200903
6873,-0.079744537680159627,0.083209771293412615
6874,-0.059668856756191019,-0.044797656492953711
6875,-0.076070919539742266,-0.4091965861226588
6876,-0.073581772026158954,0.038674539287574972
6877,0.059802039923643358,-0.093561898151750547
6878,0.2881792550814094,-0.18957394549994103
6879,0.19028999945020178,-0.037451608619055082
6880,0.030549812065284697,-0.31999568786134258
6881,-0.19483106920200713,0.12850755459043683
6882,-0.27753236588742131,0.20282013805247009
6883,-0.084384253107364471,-0.27651406913817761
6884,0.0032531859692027931,-0.020685233322607653
6885,0.0067986357549337448,-0.078989626232762053
6886,-0.01390146704139103,-0.29312237043453043
6887,0.027027218348665699,-0.065314054142710604
6888,0.01263440212627394,0.04705127526242564
6889,0.032322447185764526,0.16451165462717315
6890,0.18772854853961973,-0.023990445151501786
6891,-0.11462788921034618,-0.061602354293219891
6892,-0.31540456297944186,0.26289925679126153
6893,0.085632349498123719,0.273187853052759
6894,-0.053648085367393912,0.050141451721508079
6895,-0.12898983410604797,-0.012224199680733469
6896,0.21426498059261762,0.034856298863489579
6897,0.087046265702100251,-0.036191553730792407
6898,-0.030167362812045448,0.00057559241020435116
6899,-0.044458461653593795,-0.062658907367118738
6900,-0.057339370544638148,-0.19448508943406317
6901,0.063670138293241238,0.22843880170054667
6902,0.24747401993099077,0.30646312341044857
6903,0.33214082381979904,0.036820360750185493
6904,-0.092477532402556184,0.08663803810661562
6905,-0.15952161865677331,0.023434614484398965
6906,-0.073105080137869566,0.031520434151557399
6907,-0.34908377224225901,-0.010342089403604541
6908,0.04786324462225422,-0.29820931121540334
6909,0.16154691074754088,-0.067633013927337352
6910,0.027931168040846936,0.089944709456012364
6911,0.30288744416879937,-0.13416788686477607
6912,0.029698070688159578,-0.13328287150134857
6913,-0.12087006815166247,-0.092846816691196293
6914,-0.0062255583317618289,-0.04877052937941416
6915,-0.023454560264713372,0.14627494486997339
6916,0.19073945356583452,0.021023270712018434
6917,0.13054643185877088,-0.30470503410601985
6918,0.012305917434297368,0.26685275059984204
6919,-0.0085031165593794748,0.44514644818783744
6920,-0.22505633806856498,-0.14148118495087186
6921,-0.058113082816002817,0.064455284338454835
6922,0.18027329512202978,0.15020748185779201
6923,0.013268378191783139,-0.03857758669003522
6924,0.04604064443910405,0.26434784976779929
6925,0.097245708566138539,0.015442436160782872
6926,-0.0082677596787811905,-0.2229840910153591
6927,-0.10922326285314055,-0.025137573044727635
6928,-0.046731212775640435,0.090325913405413058
6929,0.029990739024886307,0.15133079376759004
6930,-0.037253360755284896,0.14297812039032709
6931,-0.031393590134440728,0.097376652938621605
6932,0.15829679188560991,-0.034788291109995123
6933,0.12128038243022185,0.011780083281998567
6934,-0.065535626240846412,0.15795516526768574
6935,0.19518296979522237,0.038547139473436395
6936,0.19294735222546053,0.17970659878192752
6937,-0.086058788861242255,0.16402132679290732
6938,0.050994787534066867,-0.18361930517148861
6939,-0.063238818624906074,0.058483788451100895
6940,-0.1437666109596222,0.12904082215933027
6941,0.26717315904266248,-0.090319193394472114
6942,-0.19081875714572982,-0.006666378780716924
6943,-0.36280010169501642,-0.16162709414086179
6944,0.14826788553655224,0.052306168246126272
6945,0.07369755595128305,0.27145523414089895
6946,0.031110185736094125,-0.049464905847365348
6947,0.0012854078650562607,-0.20983764309177097
6948,-0.11877348406132139,-0.24667139456557552
6949,-0.077278518081498632,-0.22238573788497099
6950,-0.15568410538951402,0.11337255012266023
6951,-0.26093796247308587,0.30118246823084915
6952,-0.16615483508212803,0.12012708091845274
6953,-0.034148632401002674,-0.088749208817023084
6954,0.11352723715882305,-0.024176818906589317
6955,0.032503896538480639,0.082455223291561866
6956,-0.14114786735967255,0.1023605088877664
6957,-0.1124301681283536,0.029159474139855111
6958,-0.16674571864603824,0.0078550508898859225
6959,-0.19854429267887586,0.046669232744490946
6960,0.0364306728123725,0.016171877033460201
6961,0.062149906821392084,0.1206848027023119
6962,-0.059198200488972307,-0.0097962830935811561
6963,-0.069025713319783147,-0.13846380623826524
6964,-0.26645331283326784,0.088139195907996057
6965,-0.15557937252396967,-0.042059936342977194
6966,0.35385654847088721,-0.20094912502908846
6967,0.13419649646355891,0.16252196302473498
6968,-0.40436090890825882,0.08958944000838244
6969,-0.21188362409614259,-0.14803923857750267
6970,0.085808862347609594,-0.10668733275247291
6971,-0.0058001702594159647,0.044709074546066499
6972,-0.2094311904807406,0.075744029790516434
6973,0.011899164442951913,0.07507704725527968
6974,0.18427957329498307,0.33603004631924632
6975,-0.1407655538366924,0.23711067694474561
6976,-0.13768077321060571,-0.058806935838680623
6977,0.11385285251312355,0.047605710585614039
6978,0.16416927445124702,-0.067518938381503121
6979,0.19562842241106229,-0.26433651914024409
6980,0.15005380006887747,-0.12305609960298325
6981,0.040422739457050119,-0.082222858424054593
6982,-0.14551643061016892,0.18214553164933495
6983,-0.060751729719267691,0.29536489817939943
6984,0.3066408115389373,0.069309693418852542
6985,0.32485747041792307,0.058002731955675693
6986,-0.045957629267700313,0.1167840042859504
6987,-0.16019467052700612,0.068307023292392591
6988,0.067864480286416423,0.12495883399345328
6989,-0.018922212039749507,0.030176623888211122
6990,-0.14618386408677334,-0.049315303635228333
6991,0.16553580377693589,0.039723346307862853
6992,0.15167972185478798,0.053289164499320779
6993,-0.079384980980908224,0.15255415926801486
6994,0.097257186198461257,0.14915496031192069
6995,0.16861820475720621,-0.081167861604298522
6996,0.058083784292507067,-0.17298284582937551
6997,0.15548263510269347,-0.079721796287139518
6998,0.10429338270786895,-0.21177656481002272
6999,-0.069387155100322867,-0.11615138640779406
7000,0.023297837420790449,0.1770550807079915
7001,0.13213705294638592,0.25029771769163284
7002,0.025354590939500765,0.060209242224765813
7003,-0.088050209435760529,-0.1309724292885745
7004,0.10507825227917021,0.16049805339736284
7005,0.1491978346484675,0.19052504073659302
7006,-0.26005083456450567,-0.15036332089864599
7007,-0.27811511644140757,-0.099378129590991002
7008,0.013559553920429545,0.15176379750599275
7009,-0.17117892354452691,0.1111002893220949
7010,-0.25765274584921549,-0.0012565498317795368
7011,-0.048077746281642117,0.11726781151510977
7012,-0.24170232894248611,0.023300682484609342
7013,-0.22646590823773988,-0.18056913805651909
7014,0.14534975307461001,0.078393202665027473
7015,0.098531942309252718,-0.023603430460892548
7016,-0.17984745193711288,-0.19341122375496889
7017,-0.26691880091369125,0.042871409604082963
7018,-0.089096800539840759,-0.056141586585107733
7019,0.14229990362712286,-0.17142043848629607
7020,0.027664606433841478,0.055902721011378088
7021,-0.019578280910254105,-0.0061302040347100406
7022,0.075172411472285802,-0.06058653057507301
7023,-0.091474960653201778,-0.037124971935467467
7024,-0.065886922985470664,-0.17589226383760392
7025,0.096037665807222672,0.029525139904994977
7026,-0.10670936207428669,0.11781259827434759
7027,-0.025307788289676284,-0.12531810506066399
7028,0.15500238704492786,-0.028650227430177175
7029,0.023007541205866198,0.012845162869553237
7030,-0.086848989355270662,-0.033154874749352595
7031,-0.18004032012795301,0.12068625130961227
7032,-0.21321300322050263,-0.019353656220658214
7033,0.12606415887936401,-0.20856792267375859
7034,0.096684998069798828,-0.062877777613265337
7035,-0.022656592614402934,-0.065189234230633511
7036,0.016402800665876544,-0.092353467368316372
7037,0.13921609599623896,0.086986020086878266
7038,0.16852559277007367,0.12775830105412686
7039,0.023904794373865612,-0.011953914278503636
7040,-0.04321120959806906,-0.018163745739589739
7041,0.083604874076378274,-0.17814393248380025
7042,-0.090951354197701964,-0.34330750050767561
7043,-0.091829077084462904,-0.096079309301307411
7044,0.012725539907784369,0.15741066555618044
7045,-0.15618014066497388,-0.034726377821982693
7046,-0.062141008253446817,0.059358744135421304
7047,-0.14953289482559204,0.19717140457244584
7048,-0.19181191438645023,0.042708547170521791
7049,0.15425368283138077,0.068504086761204869
7050,0.18028319138431162,0.023127153530006123
7051,-0.089530863895359025,0.084305350877949672
7052,-0.25750344814562531,0.15284121282062796
7053,-0.21242084631000602,-0.075704428067927473
7054,0.079368593558411984,-0.010149458209614876
7055,0.254959163976749,0.37674061284172394
7056,0.0081693495133312796,0.19518325753179888
7057,-0.051859359239682774,-0.15148756458653687
7058,0.050121920130775897,0.084736519934794891
7059,-0.033950248147853329,0.18739147660876801
7060,-0.2111984934830603,-0.063708725663834342
7061,-0.32681465235490914,0.057523614882548896
7062,0.10977432542451883,-0.024488091101971254
7063,0.12218005470335956,-0.37133867847827456
7064,-0.22081741663329263,0.024111136073533837
7065,0.17502487319502424,0.29775958697527644
7066,0.17069881717721919,0.17372007832345668
7067,-0.32445263306188271,0.18053023575162297
7068,-0.11361133378925029,-0.079044825412021916
7069,0.16922883853535137,-0.19744490431718598
7070,0.19235778886215352,-0.027316168325817933
7071,0.07146588424662717,-0.073046222996778293
7072,-0.15440987244033433,-0.27281697214291484
7073,0.050021703599470932,-0.098202270652916354
7074,-0.034728982299299042,0.03321518879031899
7075,-0.099914732061994319,-0.066353729911249854
7076,0.1204693819477546,0.037017933133273076
7077,-0.13709170712734484,0.17081576033229764
7078,-0.05311320981869172,0.11899882252123963
7079,0.18628978267156157,0.39108622694520856
7080,0.083622092185143534,0.60262723359655546
7081,0.35445585705798699,0.18928679515188748
7082,0.37272765150110582,0.094468618640036583
7083,0.040381153740209598,0.52813440534317602
7084,-0.0031188037158141101,0.47656518161485228
7085,0.02996906581640171,-0.20301075618534281
7086,0.036687624191364648,-0.18645886463055439
7087,-0.025893919484081755,0.12714482900269897
7088,-0.16873172080540783,-0.15888375327705836
7089,-0.053748251041242159,-0.090587037353932753
7090,-0.048839543698842386,0.041236132675566119
7091,0.0049238155425901844,-0.29585824209869466
7092,0.0026357438034144177,-0.074756528538670361
7093,-0.053293483863126545,0.1213419097335624
7094,-0.0097053522625087756,0.030247433437258754
7095,-0.053366437083098114,0.12453163553532134
7096,0.15003991070851558,-0.036162559592746613
7097,0.14623726669164516,-0.10720728374931861
7098,-0.1730288659294367,0.14020950615131542
7099,-0.017121500663778787,-0.030626567069579141
7100,0.0025425695283117292,-0.19521634240022173
7101,-0.18414371237788796,-0.030551028648017124
7102,0.062253126663899261,0.12523807894696534
7103,0.03722949943229549,0.18226895634998638
7104,0.060868055175080045,-0.10381129147129342
7105,0.30578369231479408,-0.022342301582853535
7106,0.012832058308065577,0.21695863545868549
7107,0.057881261943180093,0.1154371537715544
7108,0.20900584749818604,-0.033746551590914699
7109,0.28746715118998234,-0.090734907571332138
7110,-0.11638502506111492,-0.049661927328119505
7111,-0.24580129145599855,0.13553834883885152
7112,0.21350468912154749,0.090334158409234658
7113,-0.038790109676133902,-0.023584516297693574
7114,-0.08493077744573331,0.12088019294348426
7115,-0.086667699309250265,0.10926869281255487
7116,-0.30584093140690038,0.069627250798128759
7117,0.015619037252933309,0.15295714415829881
7118,0.070448566362999759,0.0269759118456252
7119,-0.11508759621590761,0.052827418621497702
7120,-0.087741138278316352,0.10093388728018846
7121,-0.2736569903940802,0.025606603566617283
7122,-0.24010194256738482,-0.012262206342948816
7123,0.097374248487164583,-0.086449311734987919
7124,-0.14470749424295454,-0.015252114975501978
7125,-0.38887441837600928,0.088581081821289237
7126,0.065620111031808787,0.10440289229583995
7127,0.15633643842838829,0.36712309193601256
7128,-0.022514221426707753,-0.13559998892105815
7129,0.018574218132615377,-0.53980458243350438
7130,-0.01799086741853366,0.04728488981430886
7131,0.16631585692031109,-0.079848817984069564
7132,0.12675834803066191,0.053656916750033784
7133,-0.17361159841521229,0.33556221508071604
7134,0.046802365617876804,-0.11046522166544898
7135,-0.055150636054513896,-0.092351965860832899
7136,-0.15528030724190717,0.085031148338004209
7137,0.17468684733454021,0.0074586697270104989
7138,-0.021082933316835643,-0.01172263746033826
7139,-0.019608408627277103,-0.076992314017675326
7140,-0.03037568429033484,-0.058217873064688036
7141,-0.17699041381701636,0.016697391869846295
7142,-0.039509085705459239,0.13587900437473185
7143,-0.042901129056439002,0.076127795288819453
7144,-0.005743573392055789,-0.074698197061883298
7145,0.00092283747789710657,0.16102705747468374
7146,-0.081626144286758975,0.12306778920969121
7147,0.026131743136715423,0.012364017594588262
7148,-0.16834337000088609,0.20899390320949751
7149,-0.033088309617543957,0.090146940046145763
7150,0.13518866750971861,0.065156486714414125
7151,-0.23666815342393779,0.20602275539440326
7152,0.067968193746332409,-0.03602074652527102
7153,0.36535124398076679,-0.18505133710173211
7154,-0.19371872748744262,-0.031481787317576046
7155,-0.17864670633618096,-0.11681471827903414
7156,0.29472418946517098,-0.18966260101271351
7157,0.16676129971874884,0.1160212768189977
7158,-0.082535446034551097,0.022712477164267292
7159,-0.027383817416012077,-0.069067978156767448
7160,-0.081813652150707211,0.24184174371796188
7161,-0.2423096037986919,0.19405554920671914
7162,-0.16107660363620541,0.10887707971017899
7163,0.051765652775359799,0.24660032669791818
7164,-0.082599789604727247,-0.16197118973441643
7165,-0.13129895368222044,-0.3094076315989579
7166,0.15173171755148021,0.10763258875480836
7167,0.073867920518700364,0.13875392402659711
7168,-0.053521567340338208,-0.19614239340418571
7169,0.32698241254850247,-0.26412247911917847
7170,0.29912291833117266,-0.015709471068731461
7171,-0.063209508232776657,-0.046859486074425846
7172,-0.022611356853827935,-0.07226462446853768
7173,-0.18340656641524694,0.02453536248378407
7174,-0.098206286448900365,-0.1673375526652926
7175,0.24648927742891319,-0.13670203976579154
7176,0.16869016928865851,0.17054704981627139
7177,-0.045822445799519648,0.08309717890694715
7178,-0.19625856731303917,-0.037171238947277779
7179,-0.11540506169946886,0.085842480857349759
7180,0.091740575548291639,0.22314796121325306
7181,0.031128213214441151,0.056702109255568532
7182,-0.020697201741885652,-0.093465089228132112
7183,-0.010373884301630394,-0.16419678720122555
7184,0.033045619981638151,-0.086804650694170274
7185,-0.15481051328257753,0.022693064373865889
7186,-0.026432253842463286,-0.19862461487811706
7187,0.34035697943676585,-0.22052702279796019
7188,0.14222134391079547,-0.16346363638434286
7189,-0.22034359424939826,-0.19454726775725087
7190,-0.076584175493318904,0.10947905904399198
7191,-0.033361430815972405,0.12509800416655845
7192,-0.035720759673385158,-0.060414793163000094
7193,-0.18608948575598286,0.15351503314519097
7194,-0.11651265553490482,-0.12507439585615934
7195,0.20611210951543654,-0.33230440529414168
7196,0.052301269748010241,-0.014827857887654788
7197,-0.088539451293005833,-0.25469893064109
7198,0.043195805684358546,-0.30488453505731972
7199,0.030737556867160565,0.11782657449787752
7200,-0.075947636147475725,0.024063548663505255
7201,-0.18684829192820282,-0.056354809654565928
7202,-0.063771138638352209,0.013254722735704983
7203,0.34764173628996103,-0.086099448912520998
7204,0.043403960383231209,0.20100855318024102
7205,-0.28171692099625301,0.24932821344111816
7206,-0.22938569976005477,-0.073846506035195464
7207,-0.15488886373842584,0.31783345689482023
7208,0.18784466734670455,0.42848196912329312
7209,-0.010576277299647389,-0.093116007382360311
7210,-0.41256778762630958,-0.22314214643298544
7211,0.012072279346973859,0.10341538850304324
7212,0.13152216540396461,0.13385701471661152
7213,-0.083635503539671502,-0.08821459517139392
7214,0.12680125965066233,-0.15928512270986039
7215,-0.16396204016797108,-0.078529018786373986
7216,-0.39864458951823373,0.010760953698644144
7217,-0.05980350848665747,-0.025568333519671072
7218,0.11684295043695946,-0.19077388961490893
7219,0.11891924059540331,-0.031623858796213322
7220,-0.11720899217684702,0.2057576497560917
7221,-0.10874786745529089,-0.061469853294096113
7222,-0.018904125145066297,-0.0073621095114502003
7223,0.019852775559400931,0.10219836941853203
7224,0.20254804920374295,0.020090998588739029
7225,0.028460625134111933,-0.027327260987310475
7226,0.031960851594217118,-0.014921235529618434
7227,0.25065515876366851,0.1388710712062721
7228,-0.16488515742464732,0.16863451659223047
7229,-0.25867824433285741,-0.035953716408651047
7230,-0.19792771305082202,0.1341277245192283
7231,-0.15402765877695579,-0.032351765030614058
7232,0.14425679723721371,-0.29300845463678177
7233,-0.049463310623608106,0.10364510024444348
7234,0.023902543623404562,0.23153763178706097
7235,0.17515121206261333,-0.124890204184935
7236,0.015645244199148423,-0.16710869097222356
7237,0.16857870486264756,-0.011517233265279052
7238,-0.10191703558828596,-0.14562741377566105
7239,-0.11292505225790872,-0.36654603439245459
7240,0.41792329388732141,-0.1562750480736749
7241,0.24951986506770524,-0.027164858200006192
7242,0.027552860902277852,-0.082826578818859325
7243,0.18838904961293829,0.012813057081503909
7244,0.19352643902016214,-0.022794991368852248
7245,0.015581405618141383,-0.20961717923607964
7246,-0.15991854331696553,-0.13277372444468613
7247,0.20400983672326692,0.11824035086652594
7248,0.21697401136062683,-0.057543764269022926
7249,-0.15403633722677881,-0.24671355391646207
7250,-0.023049391910831878,-0.049952431697717362
7251,0.039320972736486159,-0.24745736308552654
7252,0.01714444248441286,-0.23339630935108938
7253,0.11782630410681123,0.16750321951441871
7254,-0.025941286596314218,0.17853534055919998
7255,0.16370771327864805,0.23488800555644695
7256,0.18084582586396314,0.046664649666691427
7257,-0.016090725362085164,-0.34206118690754395
7258,0.2853761085107262,0.2327271153103635
7259,0.21852908447333574,0.55297783636122244
7260,-0.067620461746302638,0.16052683932475503
7261,0.034495703712475838,-0.097447604252550724
7262,-0.17805747458694535,-0.20199306209075599
7263,-0.27274013669157704,-0.060408971726508151
7264,0.02343398968925714,0.0015058692918227916
7265,-0.022777804756599063,-0.18744649831836352
7266,-0.11734224965057648,0.036032992069965714
7267,0.1874288467000747,0.22093743654801001
7268,0.22632195716775727,0.11137620787177914
7269,-0.14118994537263166,0.091231275976743548
7270,-0.34342837957006972,0.16617623664512873
7271,-0.10232573030414935,0.10642718687910355
7272,-0.11776059503335286,-0.13394527276867579
7273,-0.05480951554615425,0.0015409913267198268
7274,0.23395780154475232,0.094126626789465512
7275,0.2886667802313625,-0.1731616124190091
7276,0.037558763695469628,-0.31468720113107446
7277,-0.00083269013444140384,-0.180050287752928
7278,-0.01818366454976527,0.21653277667813248
7279,-0.067307455804419769,0.23505236308586214
7280,-0.03997569625903806,-0.17614020496809799
7281,-0.04507807377601443,-0.08706539713115978
7282,0.017116866857967986,-0.0079953609757359261
7283,0.038697958719977124,-0.04013143752667276
7284,-0.099791147143903317,0.27642723239257172
7285,-0.2024481180253386,0.21952288491190369
7286,-0.072297234480629025,0.030625054012755143
7287,0.16103511281787541,0.016829679984390656
7288,0.29170976327569076,-0.077596900594291668
7289,0.2126415433803176,0.067652214046246745
7290,0.15055159695445255,-0.11743812897580724
7291,-0.046502312463349738,-0.35587660822385581
7292,-0.086471493637957239,0.13521888913471536
7293,0.040687577287738114,-0.0027776557719948781
7294,0.17176204164973102,-0.14677268718736838
7295,0.16870270414964514,0.30902682166654893
7296,0.30941974857519883,0.20983972983945895
7297,0.29411484983788916,-0.078071403944945689
7298,0.086871636116509138,-0.28145744015943985
7299,-0.046434047773235301,-0.49593482040870784
7300,-0.029650643660906258,-0.14452656208114095
7301,0.098066809753864032,0.12025752835103398
7302,0.06351527766101385,-0.062219003296803244
7303,-0.27701777136352906,-0.035588350190691717
7304,-0.30112258866322578,0.055641020599195033
7305,0.047298631268358524,0.022551617948567505
7306,0.090079003375445152,0.26591368267631771
7307,-0.18558166850066815,0.17120628466895266
7308,-0.019887388522956934,-0.07938567476188936
7309,0.013979874848584779,0.16588198488862246
7310,-0.18240448815370761,0.053256176011884274
7311,-0.015115692595313066,-0.29179236274825548
7312,-0.1017808584647568,0.044403794766090382
7313,-0.1314868362325031,0.053504566528498519
7314,0.10712875454394098,-0.23417488446038534
7315,-0.11143079347384903,-0.097419069332159436
7316,-0.038492216056528646,0.060903136856759292
7317,0.32445402695854791,0.0044014474093723027
7318,0.29285595418917937,-0.017546271027823444
7319,0.27248158992749005,0.037501666102649177
7320,0.16190046184771023,0.06661477435457519
7321,-0.10287230613469302,-0.18233820237903317
7322,-0.074747559817529063,-0.064137064950047534
7323,0.061698599048623029,0.1844465194984182
7324,0.021659251166918123,-0.024104294167269207
7325,0.023903930781338734,-0.082288787745249059
7326,0.29224607585951845,-0.0068471730444556907
7327,0.34992279126139419,-0.0062373023186764135
7328,-0.073791607358217964,0.0031049247465147686
7329,-0.09145788326044596,0.061506524651784314
7330,0.12414217643218133,0.12784450351220325
7331,0.00051024836437354288,0.047924217812243514
7332,0.11269236770163105,-0.12638326513345866
7333,0.2027300414243586,0.022498409219606684
7334,0.056797052102719514,-0.037110815274116381
7335,-0.0018030557287862913,-0.13469378880097957
7336,0.1829387038602599,-0.061815477417202336
7337,0.12077965549404812,-0.012147564516223234
7338,-0.039952608465717972,-0.068494979496232164
7339,0.024420291276023444,0.03989311741981523
7340,0.012072141215151837,0.019446180199791226
7341,0.010395837007047241,0.086846622985681299
7342,-0.097337855136586673,0.13933425574994962
7343,-0.15380763776867595,-0.14732347140452479
7344,-0.020457809275785398,-0.071004638472560735
7345,-0.056955914830368853,-0.12159496819299079
7346,-0.088582828873677702,-0.38255015544377885
7347,-0.059986290656298569,-0.11397979735325769
7348,-0.19120379755669209,-0.04893899831979838
7349,-0.15969686881477779,-0.079896169283527219
7350,-0.21033799533336259,0.15491553231753313
7351,-0.063763435240227873,0.034714907881047537
7352,0.18510513897550265,0.0033290274824465853
7353,-0.029396183327035662,-0.041118095996639036
7354,-0.10379383192740146,-0.06471814303867944
7355,0.010963478208510794,0.073764867193043218
7356,0.011093811841975023,0.058127498271911646
7357,0.10833505003036342,0.067683761594674541
7358,0.16929778820792957,0.029683307748804545
7359,0.089509963057121805,0.076175000400529824
7360,-0.085968445081734124,0.14706058866378155
7361,-0.18318838127714809,-0.10040791985605432
7362,0.17805469770903867,-0.081602261547300173
7363,0.16134548677138996,-0.21197924286041087
7364,-0.027827891107725593,-0.21635469539643842
7365,0.045827317256897537,0.28959070151433558
7366,0.048242092400074273,-0.10215919193474576
7367,-0.12488441642572722,-0.25166647496262068
7368,-0.084754479308142269,0.20688114032602739
7369,0.029062283942918522,-0.025357481626692064
7370,-0.14440685125222746,-0.048887192870948559
7371,-0.11508979585620556,-0.06094562411196338
7372,-0.067066773636843172,-0.34010664767040455
7373,-0.14080575464361972,-0.008465931469211669
7374,-0.018519646130848635,0.088517030697736324
7375,-0.075341016582573986,-0.12854522744789984
7376,-0.12299167556636484,-0.044200330531650664
7377,0.0071270348541818788,-0.26951160970732591
7378,-0.013533058799424045,-0.25026507839905721
7379,0.11229436398935456,0.13823149226116344
7380,-0.025549634248941057,-0.1215104826009108
7381,-0.10266507489275895,-0.38295200625991493
7382,-0.13198674053748921,0.06054925992439178
7383,-0.39826143501312905,0.1766495419547065
7384,0.13352255173270752,-0.0092216080463747227
7385,0.5538131595398581,-0.018907351003240244
7386,-0.052152264783934671,-0.026340137598841708
7387,0.092109110652082424,0.1850904405015561
7388,-0.013431906664053946,0.11129280362745081
7389,-0.33747623829108614,-0.23571255278153203
7390,0.060012097227409328,0.050395880384557334
7391,0.070527904408384162,-0.093046557726744375
7392,-0.080132989702651328,-0.14199000774082723
7393,-0.020540699578397936,0.16357588390470923
7394,0.01691572853404294,0.0050844180657361477
7395,0.072436000686254262,-0.051421795923463909
7396,0.040784602996823176,-0.020363810686042941
7397,-0.15697825618559957,-0.11751008178919296
7398,0.025207868537611856,-0.069477339907220603
7399,0.030143257632196975,0.16751943615259024
7400,-0.15298488289743817,-0.14174820712769812
7401,0.25185309026993219,-0.32608709820871301
7402,0.072879039035297674,-0.019002064502940636
7403,-0.41206237582205424,0.011351702263750655
7404,-0.034832791071527612,-0.024722954629828087
7405,0.065860548699564148,0.047873681678949731
7406,-0.28547311798618535,0.025247248027479692
7407,-0.18890339983227405,0.058585101010786442
7408,0.26365502335561186,0.095413491769790526
7409,0.1163512174896514,0.15179795905058224
7410,-0.28124879591499236,0.072912371821315311
7411,-0.09579559641396658,-0.12317403187509315
7412,-0.08973734186080809,-0.059934435415083087
7413,-0.13165777212535576,0.027996815642044211
7414,0.27165980069280099,-0.14006783693673508
7415,0.13300796329296746,-0.16958830153135254
7416,-0.013778911270393854,0.057966670192025206
7417,0.18750322136448477,0.14123959341760284
7418,-0.073490095591323898,-0.11363894952153053
7419,-0.22200019551969719,-0.1822281437475079
7420,-0.039649538152944919,-0.16465960556346668
7421,-0.016175450684541837,-0.1023118911574761
7422,0.0035887302136224293,0.051289548469476268
7423,0.02601859272335208,0.0035867968630113409
7424,-0.06121670172020699,-0.11244770136337799
7425,-0.21800537778033627,-0.13641712134663228
7426,-0.099187370062629565,-0.11497231636956712
7427,0.21462347942210389,-0.30004455600837904
7428,0.16989806925675618,-0.24351394860345305
7429,-0.027778324874304157,0.12694462014412397
7430,0.026285573691003809,0.075027099100732131
7431,0.10010567945692522,-0.0082650634418958389
7432,0.15446764708273963,0.1235562297036424
7433,0.06080489064597492,-0.0084434099266319871
7434,-0.12220006698213398,0.13813092263365753
7435,-0.0040903413900705704,0.18054368422945508
7436,-0.17670982180896863,-0.18806664238735579
7437,-0.3162399039624188,-0.23210852199548479
7438,0.051766615915839587,-0.14250616847245343
7439,0.14393363156386146,-0.21216072790718635
7440,-0.094671714943065047,-0.0033062559631619505
7441,-0.094289008325662851,0.18754694909773503
7442,-0.21210554259194481,-0.0062988445194939995
7443,-0.23649146165888033,-0.026695945641875433
7444,-0.3988579107676431,-0.091281002937163278
7445,-0.49886674107893753,-0.14552766010119303
7446,-0.12914084337307474,0.15846739349650246
7447,-0.076972489199975527,0.14024420692788775
7448,0.062616746325411116,-0.28710389158417976
7449,0.17164587836731915,-0.21027042044718586
7450,-0.0095486780895923523,-0.096824953416750209
7451,0.031654702493651793,0.12198633443308755
7452,-0.069251330904115435,0.44450767051970913
7453,-0.065356147639373557,0.20812016958738838
7454,0.18471348381023356,-0.070762110358969399
7455,-0.171231360994338,-0.055826593628472629
7456,-0.19462854208070013,0.049578978985486813
7457,0.058595719520177329,-0.0095021210810131984
7458,-0.11040209916854236,-0.093307412567681519
7459,-0.040782540195052716,0.28748835422278168
7460,0.073690036540353776,0.38388740866148313
7461,0.24178347564965863,-0.15691150025738868
7462,0.22207453568573751,-0.19679553097503524
7463,-0.18780695897061508,0.07212284744079786
7464,-0.10123079159777797,0.059813300479730561
7465,0.017351151502956946,0.067436429862246738
7466,-0.048223799009790486,-0.1970334359740574
7467,0.15292658251116728,-0.14933916970811245
7468,0.093747633874935635,0.20465889377692253
7469,0.076956346290451436,0.061214787834145343
7470,0.082178357532996654,-0.11129520854606829
7471,-0.16428879324819148,0.064737443826516056
7472,0.086857911675854202,0.049500146601084004
7473,0.13151431627639382,-0.11418697684388662
7474,-0.23662935601030291,-0.21241584124700302
7475,-0.20654563425255945,-0.092399249577688136
7476,-0.16490087669445821,-0.080007463167928131
7477,-0.011133668856035893,-0.057151770955567976
7478,0.0062915311009048742,0.28684812950805116
7479,-0.16485308148702854,0.16770267383571577
7480,0.18072855587718351,-0.2965515026059885
7481,0.11805109416858875,-0.21240622058724362
7482,-0.049768390544798841,-0.043432941668243207
7483,0.23899387293715105,0.016997682847238349
7484,0.028371854287571649,-0.024717845716731909
7485,-0.065766423423868056,-0.061279104913079994
7486,0.014158507672000189,0.22597845739011838
7487,-0.25991256472794649,0.12503050161229701
7488,-0.13092301003655549,-0.022433413925183839
7489,-0.0065652534897815478,0.25570416354216574
7490,-0.016327693501912731,0.20304578819880892
7491,0.20783541832719293,-0.068004149961826466
7492,0.10332422521694504,-0.044242885023955895
7493,0.062050124510746131,-0.065622083554909699
7494,-0.085292148275028887,-0.012409491558638965
7495,-0.40715638378669355,-0.06501307772983933
7496,-0.029680844134123644,-0.21021084299223661
7497,0.16356512777756496,-0.13171807038385089
7498,-0.11445311332963368,0.032170220116825257
7499,-0.048183236277230507,0.17344448683657676
7500,-0.10135561360233143,0.17709918373843916
7501,-0.18226716712616961,0.01110170795816544
7502,0.0022928542452543207,-0.35484811109483844
7503,0.038224708662593143,-0.21891743559571231
7504,-0.045000162212761194,0.14216319575669131
7505,-0.025160894956550082,0.13833300626382433
7506,-0.068713934778644153,0.15689895110017274
7507,0.034967659885827979,0.036585546016831741
7508,0.0052336160974245025,-0.26860298451282433
7509,-0.074078076530092282,0.0029949813099968093
7510,-0.012669811098540916,-0.13773816007677717
7511,-0.16989070957835803,-0.37156917519916383
7512,-0.26242174543019114,-0.047148791515245057
7513,-0.088340034067690448,-0.15559126321243139
7514,-0.3470528569489606,-0.06883915946417124
7515,-0.30964693321271053,0.22933339095352079
7516,0.23302179916860286,-0.14510561686917547
7517,0.039626456160502352,0.064469409193585667
7518,-0.17643811924101394,0.38910276191172083
7519,0.10071087620706069,0.12253865255183874
7520,0.17973691611788462,-0.099522970500522487
7521,0.12508590576202785,-0.0026526337982221929
7522,-0.18510454142813709,0.26325412555265632
7523,-0.087254040106270289,0.19535372173375259
7524,0.30566441291865803,-0.20763141480288944
7525,0.097751762703950043,-0.080412479662269234
7526,-0.066581621323886425,0.23590163089952682
7527,-0.25601826695494218,-0.022807131619814961
7528,-0.50918677285422964,-0.073221993400506502
7529,0.078892775430703721,-0.012264587566178676
7530,0.17407250166833474,-0.070930011926136446
7531,-0.16212331124825011,0.10635165326358806
7532,0.079017829587865032,0.068931285147938504
7533,0.18058800056701768,-0.15615291270862597
7534,0.20846599293923007,0.059832203971075464
7535,0.04745561665717267,0.04213350416794736
7536,-0.063640374252256854,-0.18315912404125162
7537,0.059433293750068845,-0.13788259911536374
7538,-0.034965176742917548,-0.070210183575087279
7539,-0.10184741175815712,0.084868970707582633
7540,0.14231149882972666,0.15330780260769841
7541,0.0095488004964608651,-0.085458602143145157
7542,-0.12842687760214819,-0.12004982871444059
7543,-0.0007499934764890314,0.025085923321031524
7544,0.021971230020387176,0.068029246747784988
7545,0.04620974547721346,0.016470354466634782
7546,-0.051674071836238004,0.068614498239979727
7547,-0.010103442948026802,0.074736558241646461
7548,0.2339235262190803,-0.11360579945365346
7549,0.078335820333219938,-0.087353238557257878
7550,-0.017026962352613379,0.21293544810836865
7551,0.14180684928971599,0.086313977712042786
7552,-0.0053030953186587789,-0.31277215292534316
7553,-0.03868749511118777,-0.37928672525597912
7554,0.11434345450813577,-0.097000873945747745
7555,0.13195682081455828,-0.026141039878858068
7556,0.010893365976463678,-0.14902952762395225
7557,0.17145604955781568,-0.079921616085721861
7558,0.29424610150334435,-0.18642627641992185
7559,0.087615148495862605,-0.32025955052485766
7560,-0.088648102337171422,-0.022024706244521866
7561,-0.17240264508999037,-0.13578002280928367
7562,-0.12222268309070751,-0.48506659169971084
7563,0.080244586234916843,0.060396882803402156
7564,-0.068448822466786532,0.33670753451906987
7565,-0.093130291247646407,0.058992559087733792
7566,-0.081782697452736308,0.05160665537032038
7567,-0.031391682920863737,0.066457478747444357
7568,0.19328501233574785,-0.093273401969964989
7569,0.20136757502557662,-0.20474930560289561
7570,0.14537591692097721,-0.0158139001252776
7571,0.024960169248029462,0.3102571074262932
7572,-0.19372491096180705,0.12024566452430738
7573,0.10929220118020103,0.093981428654031349
7574,0.1022796281238873,0.10523345550452021
7575,-0.30980442370550376,-0.26451975115196869
7576,-0.23803609234529138,-0.056848245773540286
7577,0.066946541364751158,0.093282362450981732
7578,0.12370265872682439,0.04467436769379772
7579,-0.027560447945627495,0.060108067530504898
7580,0.13365878081342872,-0.15898346978537625
7581,0.16822904844578293,0.05896531154801319
7582,-0.14338955144848989,0.1921056410498331
7583,0.10222514531440766,-0.21097584258431845
7584,0.26741832601264381,-0.052460388911858821
7585,0.050661002884580253,0.040473689606328363
7586,0.067602292813582932,-0.0062383715286486244
7587,-0.13629747837635778,0.075040385526605469
7588,-0.060593035819569409,0.03336701726704603
7589,0.18557162504805286,0.14147566056617453
7590,-0.057281638081597232,-0.0095179428950700092
7591,-0.1264700343940752,-0.19221837306787293
7592,-0.004903798484844072,-0.10522519573535771
7593,-0.090063316154026379,0.058219933150949907
7594,-0.051945677600427592,-0.069790012781459285
7595,0.063833481224781385,-0.23567471513958346
7596,0.067546779644155189,0.13966959332985307
7597,-0.036674582521786597,0.13264907218984756
7598,0.00095375630441759882,-0.21558494930451066
7599,0.039671371595688044,0.23428085321644324
7600,-0.074310308823061472,0.21971233934154322
7601,-0.11158629594752903,-0.10740189103180386
7602,0.077331368788255264,0.26581234454974784
7603,0.11024516200338998,0.053553629842680653
7604,-0.13961362356699417,-0.15544875751265713
7605,-0.12095467532059664,-0.015307626898122333
7606,-0.088066800659555036,-0.14729759392088543
7607,-0.35056126275550842,-0.18530216049466697
7608,-1.486937031019292e-05,-0.060446037865751687
7609,0.19762719870404474,-0.025349680639320679
7610,0.0023646333195742782,-0.10058691028200775
7611,0.10692263568707032,-0.13597337622210226
7612,-0.16033674690883318,-0.038841628320806162
7613,-0.028502675142947166,0.098338812262629721
7614,0.43403960206844006,0.20856820010833174
7615,0.087699788857328112,-0.15307264323926711
7616,-0.098607627318254842,-0.20885112929639957
7617,-0.099141758491644305,0.22738480997351598
7618,-0.068125724745178792,0.026390543017156588
7619,0.076969762455260951,-0.10896552133661662
7620,-0.051169300676299267,0.22771329707194007
7621,-0.13836508401301242,0.035346542814659015
7622,0.021948964972412593,-0.05859034389368302
7623,0.16424358475461404,0.13788582327313373
7624,-0.01052342005417232,-0.11004590475737805
7625,0.018537975657343164,-0.30157288345987082
7626,0.16675758709719218,-0.012107934480323344
7627,-0.18467436239196111,0.10062364295740323
7628,-0.06853012856372781,0.17060835048735087
7629,0.15757787763589298,0.32823624422909181
7630,-0.09239322401981033,-0.16407193566192319
7631,0.20281642306848685,-0.29914045763319769
7632,0.28079640044473797,0.040454936196411981
7633,-0.0053753526959960107,0.092924937734246815
7634,0.28302753688544513,0.15576167528387178
7635,0.093090449391872374,0.025642241856057811
7636,0.060974415479787158,-0.087813096361812878
7637,0.40886390911446469,0.20835988353361479
7638,0.21799469330274754,-0.099340487445460549
7639,0.039644195934894662,-0.30516341837899918
7640,0.028036230684257927,0.016740439923607933
7641,0.026833259001093436,-0.026081509808951658
7642,0.082254527719421683,0.027203557515140919
7643,0.11459637016772481,0.25152707297388094
7644,0.21264597915883726,0.25932195032980798
7645,-0.032408729217779202,0.32693637886822874
7646,-0.089905199720777429,0.19208944633197042
7647,0.12941842633989742,0.093734419443141356
7648,-0.074423797611895909,0.24519512355104317
7649,-0.24429727627821143,0.23115980575674444
7650,-0.098476508441920144,-0.0058338833351007586
7651,-0.022335255396677779,0.10866200456039704
7652,-0.055098674230519465,0.14490795522210154
7653,0.11613584137780322,-0.14281959665268629
7654,0.074209689611994048,0.026718111280244556
7655,-0.15661560626471127,0.024836949006809873
7656,0.16636551177802442,-0.19631626266218191
7657,0.299516807122229,0.24182702086115587
7658,0.0044915736886101502,0.069358712346842544
7659,0.0098935889225827654,-0.42197240707399808
7660,0.024865734195806545,-0.041358936666599344
7661,-0.046005931773615519,0.066309753018081619
7662,-0.035416347107626506,-0.26088385281314441
7663,-0.069291344983263697,-0.17109746757892746
7664,-0.11831274162851273,0.2208375106971146
7665,-0.15880941469465643,0.13354990610953493
7666,-0.099854905010475406,-0.28915055163749204
7667,0.13366060053116716,-0.10766419145203723
7668,0.039486866581103119,-0.072305165725070272
7669,-0.03883462912363176,-0.13991191474018008
7670,0.13925469355256834,0.27153336692038815
7671,0.18116911565912405,0.14096997209554302
7672,-0.07265180626358872,-0.011291917555807907
7673,-0.12346937190712946,0.18131960725936555
7674,0.10144124931638622,-0.049021352561693293
7675,0.19544787099895761,-0.20147834501708115
7676,0.17525572646434931,-0.05858830508392382
7677,0.074550084665765848,-0.033406901196597054
7678,-0.0085774203302303731,0.016709043247098456
7679,0.027625022927696974,0.051040198789644192
7680,0.1282532839412911,-0.078098219624880061
7681,0.096759701201445336,-0.19654708021985454
7682,0.12554433020239486,-0.10150541855646456
7683,0.29473361311928187,0.21808433806074673
7684,0.2733755942976831,0.16329697224552439
7685,0.051162532440215881,0.18380433578841007
7686,0.1941423237581254,0.18760803025055886
7687,-0.26176401344557432,0.033237217728278645
7688,-0.23037693253512664,-0.072353807756494692
7689,0.19798851890111771,0.2417009605396625
7690,0.028121184894102157,0.059135178864266641
7691,-0.030462780120287469,-0.20734911686166876
7692,-0.058036836094806754,0.063932730651423228
7693,-0.35826334528029269,-0.044715221293197639
7694,0.010457010492986942,-0.22673610884416659
7695,0.12138457385816186,-0.062739096486192678
7696,-0.045288791315781306,-0.088421273447038998
7697,0.19107072564055597,0.041784267965866095
7698,0.0081726551101594241,0.12644463914823376
7699,-0.12351263129755313,0.067819045247019122
7700,0.22514247720903771,-0.02093780695195295
7701,0.15381600213984581,-0.16261786777866172
7702,-0.091513305382953755,-0.062939744218977745
7703,-0.11003171944152526,0.086126949062752325
7704,-0.27471165576966738,0.022198151061273447
7705,-0.10336248818615498,-0.18710915582647811
7706,0.34269932050062346,-0.25838196317058232
7707,0.12852037098380925,-0.077274964569838775
7708,-0.20568481707868205,0.10952670679636943
7709,-0.010902474997738902,0.095579425491027326
7710,-0.077656541093097511,-0.057373920219099775
7711,-0.36274470078318755,0.061308739723620345
7712,-0.089826135098866,0.21107535118196688
7713,0.32056528350713653,0.0059707079584642199
7714,0.097924455795087129,0.080438187463621288
7715,-0.23281105499918867,0.20826241915871391
7716,0.10338612242119143,-0.12387214805618681
7717,0.33592474116933024,-0.072928084211621974
7718,0.14101493729223755,0.17547869556273762
7719,0.035597608958384902,0.056172499419884586
7720,-0.045120249607673552,0.05547080915054687
7721,0.086729075530508085,0.17458351016843249
7722,0.18340212732669839,0.15980610371871978
7723,0.087083018692443587,0.17642398434960349
7724,0.039674053173390005,-0.065568751271953218
7725,-0.10853374680329002,-0.15193669679591293
7726,-0.13939860184883601,0.016236364553520143
7727,0.14651761790445791,-0.09945682511648804
7728,0.36408441044816398,-0.032581577077252982
7729,0.27027326217760389,0.34568785681667757
7730,0.051332148592469339,0.17217393275473927
7731,0.065743071974077152,0.056891585427835144
7732,0.19590399367501854,0.059411151716541433
7733,-0.028838424412936429,-0.033373282685953833
7734,-0.2026635716729599,-0.018900800569547564
7735,-0.018974817937741483,-0.3081950961960811
7736,-0.0008079319448940879,-0.27763144257669575
7737,0.089157195587401122,0.11278425919242403
7738,0.13974790392890157,-0.018027417888808021
7739,-0.3822620306873129,-0.12499854481045085
7740,-0.53242232762480368,-0.039843547559648682
7741,0.23775523722517347,-0.00036034709028093248
7742,0.2201353922610092,0.13450585991007863
7743,-0.0088753227527130132,-0.08407209584797623
7744,0.28056791835098316,-0.23666935656668539
7745,0.27525939540067046,-0.092910499725062781
7746,0.03165478067880536,-0.010310104564092237
7747,0.040647222314872507,0.097381062607279675
7748,0.084504813763745176,0.17830338699431109
7749,-0.053313784376857527,0.21801384297279378
7750,-0.013116154041181223,0.048369468511851636
7751,0.15768236632552649,0.017892541922047193
7752,0.10096188104679991,-0.2521517071521342
7753,0.19091127275098546,-0.56207721148851753
7754,0.17314730732467379,-0.23053874220709863
7755,-0.064552696900918374,0.12754476569395409
7756,-0.04133475211847619,-0.0048834245470494829
7757,-0.10489075427600071,0.065019814583483312
7758,-0.20972923897420193,0.11821978912760478
7759,-0.065308462930457056,-0.16131224645185266
7760,0.067715087955470155,-0.21297968771549566
7761,-0.014917874709469545,0.11379062467813837
7762,-0.30061304853806187,0.12319429426531719
7763,0.063890804836584769,-0.15006266175029237
7764,0.27884379059026843,0.021400257028586885
7765,-0.34470670898491462,0.11241553733870173
7766,-0.46426738467924356,0.047033399752309218
7767,-0.03882544223346459,0.13302925359688803
7768,0.048214723217075997,0.19419793477240191
7769,-0.1221478749723201,0.18366932578264716
7770,-0.10864328464937803,0.083164500113019568
7771,0.31017922147917515,0.097802741859342596
7772,0.20506006734683957,-0.0060240513123638777
7773,-0.045515373749616221,-0.29860845805747499
7774,0.090458455368555485,-0.16123444550028496
7775,0.035804777571045179,-0.06601447208200649
7776,0.03281801005169855,-0.18547383217923133
7777,0.17397285023528331,-0.073037980681083539
7778,0.22768433231185078,-0.012197484972014755
7779,0.10401338309137628,-0.056843294940539385
7780,0.064520421599433345,-0.090320018971249375
7781,0.053886859380399457,-0.19261005514126697
7782,-0.073547841266760339,0.022293854433518754
7783,-0.10766434878923553,0.010985704339508226
7784,0.11579011345792657,0.071215864821559338
7785,0.012853222092521481,0.21386357622466637
7786,0.10498604826386548,0.18598175430352895
7787,0.12757986906707061,0.068920298024255477
7788,-0.056043872401372506,-0.13949636494498033
7789,0.16270994818987902,-0.062053302092878744
7790,0.14873195487489349,0.10454003666326682
7791,-0.049320914490410268,0.059335004127658686
7792,0.055590424065170285,0.25474526249041601
7793,0.069734419500580153,0.009814801741162494
7794,0.30093592512545647,-0.19503897742192244
7795,0.10204920411824957,0.022756234500844231
7796,-0.45593104150378605,0.0033039195678772814
7797,-0.134231244941306,0.19567815134662714
7798,0.033990546012691886,0.16638371565996121
7799,-0.22761455273354209,-0.044439224469139102
7800,-0.10329368567095469,0.099356110550277182
7801,-0.092154175636190022,0.077413863474665973
7802,-0.17194597158604058,-0.15729208686730001
7803,0.018475406873988399,-0.081374862777678608
7804,0.086236585229600621,-0.11398139819592747
7805,0.2222028306046864,-0.18125068992600429
7806,0.29407377829654041,-0.046895502202854038
7807,0.0042161579641715775,-0.16609654674286578
7808,0.15782111980325711,-0.13149965185777623
7809,0.28220841736665109,0.23438077108673611
7810,0.034516944172926639,0.18808652562897918
7811,0.14838359603058515,-0.0041536753192839993
7812,0.16895946539109086,-0.14034152162604699
7813,-0.0075194991433446268,-0.13722219668086952
7814,-0.10835832419168753,0.14759033541007716
7815,0.05949428399645041,0.051686847016690247
7816,0.19544356932053158,-0.1198507920737607
7817,-0.16247537271452936,0.13735563585031677
7818,-0.13878761652716409,-0.062608760325036927
7819,0.096655786004167188,-0.11207187132444787
7820,-0.10858515392342274,-0.045371865764055323
7821,0.065393186773913703,-0.30700552426354571
7822,-0.047397766999646006,-0.049397690172767107
7823,-0.32289860578537094,0.030354734377317144
7824,-0.058474966141147069,-0.052818320592671393
7825,-0.20602960199007711,-0.03141930948544959
7826,-0.19221965979960634,-0.37117495443668869
7827,0.0097759396433892247,-0.40551595654583933
7828,-0.14470948015993174,-0.015570855408670158
7829,-0.02511390668354628,0.024470537973605856
7830,-0.0025914872631121501,-0.02883180336414681
7831,-0.11599442917515848,-0.073707828331544684
7832,-0.011560023230945005,-0.040843353215860446
7833,0.021570643470034578,-0.011534322048204657
7834,0.17131226631899993,0.06872290633001274
7835,-0.14469288965022029,0.14897893491124767
7836,-0.11814106598977202,0.065941021498395896
7837,0.12337922855892243,0.053579220923143184
7838,-0.27731323538644154,0.17786531263124164
7839,-0.15207563132796123,0.14467350589947903
7840,-0.14971409979212957,-0.19431578845520639
7841,-0.42278530544539772,-0.36398064827633325
7842,0.10438973438745547,0.023832975859143315
7843,0.16432286413920802,0.16316501338326195
7844,0.098025125725770393,-0.1403497599930999
7845,0.2223387859662056,-0.10196325841541355
7846,-0.10357049805597571,-0.081626750602711712
7847,-0.002513942201901348,-0.024472783812021108
7848,0.062175611561231053,-0.019205006105814271
7849,-0.13800164908873533,0.19105505282749294
7850,0.17245087992277447,0.18338364891127845
7851,0.28770095442907928,-0.32313980871663839
7852,-0.033501403052593741,-0.04034924313325667
7853,-0.078474858395637295,0.16329010742775724
7854,0.047232049199084497,-0.17731655446035724
7855,0.099418422864348016,0.14124001794764487
7856,0.1427818578356615,-0.029907375181501689
7857,0.14619833942585841,-0.36332752868401053
7858,-0.085900695301428937,0.12832178590783128
7859,-0.11001526958962432,-0.045531203660844025
7860,0.013463120455124251,-0.24304780209305724
7861,0.010745775429194988,0.05581047398648812
7862,-0.016112676504572342,-0.10940471936517492
7863,0.0022396541813787408,-0.30246877009461542
7864,-0.034910469691724559,-0.083757094598030199
7865,0.022795713279022085,0.13277548097778255
7866,0.073509620839511264,0.16621459656792967
7867,0.017111070989256252,0.073108880789485867
7868,0.024878139202497717,0.0082736880810736785
7869,0.15731246900190365,0.089110696021846875
7870,0.032370725233024249,0.018909459202634486
7871,-0.089800608535333559,-0.043060180167106631
7872,0.087988447604794948,0.027051957034308263
7873,0.13206935205151085,-0.095441117108097356
7874,-0.060505748574531663,-0.16814984139804975
7875,-0.010469363478047625,0.11592383440328718
7876,0.16249020285391638,0.032877396126591671
7877,0.038554431149866467,-0.15050432561999516
7878,0.042679249582736001,0.017897053816159719
7879,0.10962612162479556,0.036100925485148511
7880,-0.11099277640806696,0.016305926473083474
7881,-0.12390061838918456,0.1210461865594176
7882,-0.017442456673222265,0.021616006938131628
7883,-0.28502028766548182,0.11209787387920374
7884,-0.18737257110923994,0.15193154544918225
7885,0.26557633761137711,-0.086035024498982787
7886,0.19017189253641759,-0.02610033442951629
7887,0.097049001095473722,-0.022204762050807132
7888,0.23192488775452705,0.018724441214522658
7889,0.17403865170456681,0.024617264915284268
7890,0.025438534343472308,-0.11172084237765112
7891,-0.2593642815034225,-0.049115758013224646
7892,-0.41258902240074369,-0.12167572879341761
7893,-0.12373250438729315,-0.13900791781819941
7894,0.044002891497751905,0.17344511560583778
7895,-0.00042095329176795155,-0.0143424979010812
7896,-0.20132948556409988,-0.089828363187578406
7897,-0.12195146317194017,0.15297637251074905
7898,0.13054400673204752,0.0064441106121047222
7899,0.065575672788864364,-0.070028026916737596
7900,0.039622883081078163,-0.30564434521091827
7901,0.13046844718081005,-0.3050816658535791
7902,0.062230103989846013,0.060616783991683791
7903,0.049136539955090729,-0.061740691174859461
7904,-0.11103037150282823,-0.22290823391589898
7905,-0.055209850359674378,-0.18441192227583617
7906,0.260023732206076,-0.33611571027569631
7907,0.10288817705893734,0.12582490416466641
7908,-0.039359723597223562,0.41741908100651676
7909,0.14450890864766686,-0.020263622887247344
7910,0.10638532449486868,-0.12523250752005896
7911,0.11132054843652739,-0.25084928985377813
7912,0.014975956810902828,-0.38347902053515415
7913,-0.087778740736019101,-0.059306859784541463
7914,0.046481033980260003,-0.069505821686863423
7915,0.14743542324085909,-0.093665194803965818
7916,0.040585999601033082,0.031274555573070489
7917,-0.10544918502359674,-0.1406070258114456
7918,0.089475971838939752,-0.073077348792886326
7919,0.1193119006405472,0.076430156634875804
7920,0.10229772076092032,-0.13141375326267954
7921,0.19630121727124944,-0.030158468649571259
7922,0.024120331695292752,0.15903970262214565
7923,0.16115593713490567,-0.07607048168558618
7924,0.092424481142503317,-0.14632593239250849
7925,-0.28192703890075249,-0.091889052719254891
7926,0.19222283517326719,-0.13014909896200239
7927,0.37670395142425267,-0.25182322281996916
7928,-0.27883604460927597,0.003924784136202758
7929,-0.15396954579328359,0.29266012662697599
7930,0.0011144877119824009,-0.052761878566004276
7931,-0.19524890358838487,-0.094261392525780946
7932,0.10365835628718428,0.24360912529705847
7933,0.14316088330482971,0.030936740876652657
7934,0.0051891133849708976,0.062665491769454115
7935,0.097175793424532114,-0.019647495637752387
7936,-0.051910296560096249,-0.30757837299421653
7937,-0.25122410643377291,0.0053908625320497824
7938,-0.080587359894144991,0.1754076287796453
7939,0.16412354219450734,-0.009138640498280684
7940,0.010946823088397315,-0.11583455848949119
7941,-0.11961617342550815,0.02088689929734525
7942,-0.1975406755715651,0.16092976869403192
7943,-0.030965788304921242,-0.26483737222527509
7944,0.081970644979101462,-0.24723081034965352
7945,-0.19944816140264193,0.22736682937684219
7946,-0.050034332506312958,0.0054763856521491024
7947,0.22832384091498542,-0.016064824619066942
7948,-0.060903714171449179,-0.072277856973319496
7949,0.070170791247982367,-0.35791916898575277
7950,0.18788900062809086,0.02014935961789726
7951,0.051902471120128121,0.13070040129784743
7952,0.081508897752137308,-0.040783181828712288
7953,-0.028020783632782702,0.17355762220118906
7954,-0.14766080732547748,-0.021923994299351227
7955,-0.095201859644600942,-0.1141368421731517
7956,0.028482406648214043,0.23362331835426781
7957,0.19066922677413228,0.14179607649787476
7958,0.076126719076710536,-0.09253396487413236
7959,-0.09234821308483368,-0.099750953413818497
7960,0.03472514264534346,-0.26879824993641421
7961,0.17939742000173403,-0.11685323639765305
7962,0.2195610704386991,0.35215458352399293
7963,0.10715220816497631,0.0932272588579003
7964,-0.11795871174183901,-0.19156436917389488
7965,-0.14620597599724719,-0.018738863086602199
7966,0.045199736756694489,-0.066161331712972921
7967,-0.054709513523880059,-0.34576361852875065
7968,-0.16166429632203852,-0.075731553043211344
7969,0.040580653893221123,0.34758763837945145
7970,-0.090291476454000846,0.10339527723974021
7971,-0.23921497907930134,-0.24293685147069802
7972,0.1070230727553807,0.14964822585987289
7973,-0.013533414828297813,-0.019135125925298795
7974,0.0023749341962369286,0.0069921045291455085
7975,0.0044414758823579648,0.023282426422626901
7976,-0.0049266157596437434,0.0039744240766289782
7977,-0.015719575247530055,0.014547277140012716
7978,-0.0038363253325107184,-0.010929826229580502
7979,-0.0050980012139590376,-0.0069334524926357175
7980,-0.010814095611644302,0.0081890390175896905
7981,-0.0078116858330446945,0.0028225572002089764
7982,-0.0065820276764357822,-0.003317606559308215
7983,0.0072146200477085287,-0.020247373789680282
7984,0.0069199719602390207,0.015646730191091984
7985,0.001149995143107806,-0.017349244138532709
7986,0.002780206455622161,-0.031472467373705071
7987,-0.0054274796713133355,0.0068053242564814018
7988,6.2125207334964443e-05,0.010798934311894217
7989,-0.0088187846285071279,0.038098140128238603
7990,-0.0188552114676898,0.003818999575113865
7991,-0.011101952904563389,0.0027328505046814223
7992,-0.020378580562957074,-0.023875330895473067
7993,0.00079708730336364706,0.014317747051477652
7994,-0.014590409812100882,-0.0089565640661564191
7995,-0.037358405796363979,-0.03615389612740702
7996,0.019207700891538167,-0.019751462424554361
7997,-0.0019760611471659477,-0.015985115346457864
7998,-0.030325609908951539,0.011728642661085049
7999,0.040382439331109965,0.0080371826808475801
8000,0.028466946897628621,-0.0040394235686946152
8001,0.0017276960569645502,-0.001087234250282519
8002,-0.020013076780520136,0.015136062627299749
8003,-0.0067327548469691047,-0.012392995113660365
8004,0.010249263378528438,0.0098022117190008345
8005,-0.0049014678723038451,-0.0047184683181371008
8006,0.0061839496263034867,0.0036841003930484393
8007,0.027491339756522258,-0.0030482184423977119
8008,-0.015619458455896374,0.016842723911682084
8009,-0.0077273865928385362,0.004154489142576997
8010,0.023700760399780668,0.011101909512697818
8011,-0.018229245770882283,-0.043088331037454256
8012,0.010863143832398751,-0.0069031074445465709
8013,-0.0064874164049091897,-0.017831026349041608
8014,-0.011998788237153371,-0.027122198785361075
8015,-0.0074079307471837169,-0.01404080373822582
8016,-0.016420492982895871,-0.0088311363455061877
8017,-0.0084939008787237903,0.010471652915660675
8018,-0.0010791556729122266,0.0019769169136363202
8019,0.0070286998236449702,0.02648203125626333
8020,-0.025103799317461366,0.016096635531120281
8021,-0.0066602239267069142,0.020547542728098469
8022,-0.040270981133136784,0.014771340866856371
8023,0.014735052805537028,-0.043219440829111201
8024,0.027405404723386661,0.027432029382676852
8025,-0.010767995192871275,-0.016739239530456661
8026,-0.014932307383298087,0.0018683237290510984
8027,0.020792137534988521,0.0043303892654883418
8028,0.0063060884368805045,0.0052581008690565489
8029,-0.02016584269304738,-0.040472225984442604
8030,0.0022321470923603419,-0.0087817477685362046
8031,0.0087398295970812535,-0.0073994731577295353
8032,-0.043207122936077196,-0.013675402864890459
8033,-0.011431958175714645,-0.015739616008240337
8034,-0.00084637656158912213,0.011331423632323206
8035,-0.010174161583098315,-0.035783072930478124
8036,-0.0066605479053048599,-0.020389641802499692
8037,-0.023001512265431377,-0.022441060035888655
8038,0.0099974772972023437,-0.013394743315266184
8039,0.017828867835540798,0.0035284823291352055
8040,-0.0019703019057699923,-0.0097631283688596558
8041,-0.014686074684418009,0.0083899036978309048
8042,0.0043302410424264177,-0.0066171682968360892
8043,0.00095737408833441963,-0.011009024641903899
8044,-0.024554497943270127,0.01486349322022342
8045,-0.014103996782700762,0.0094680719562852851
8046,0.012766656969606537,-0.00015582875468380576
8047,0.0096688168795341402,0.0065467640325802675
8048,-0.0038662544191840702,0.0088159311974659142
8049,0.0023219149412893347,0.0090583250073695745
8050,0.01901110849477922,0.013190065234919552
8051,-0.030182225051535699,0.0114282767027119
8052,-0.0030009557660519888,-0.026316120181422868
8053,0.010635874354355061,-0.0095636498748470043
8054,-0.015161607499728651,0.0058924366267799006
8055,0.004095060956961296,0.0081285568704029566
8056,-0.0085632574511678855,-0.026052883486339419
8057,-0.018179994387024185,-0.022144823914508824
8058,-0.00604825976177489,0.0031910185209031196
8059,-0.002661328211472557,-0.0036794730773446554
8060,0.01523968262500632,-0.027239919859225969
8061,0.011444030033862204,0.0025844693184958979
8062,-0.00959827389199743,0.0050456385544671847
8063,0.018538272717358167,-0.0019814117846265219
8064,-0.014073246590500146,-0.020410702152731129
8065,-0.02022709845325284,0.0074381239574716016
8066,0.035589899942330812,-0.015629559278236147
8067,0.00020826156823352049,0.0085149467743978555
8068,0.0060895362611214131,-0.01387477156797683
