sample,i,q
0,0.00086008825974395156,-0.019258818585659074
1,0.018535149997521472,0.0077699450754684851
2,-0.028694702050999145,-0.0056195384520304767
3,-0.0044666150160619931,-0.02959385032861302
4,-0.005901977870711542,0.013416307544120173
5,0.0038279172591919337,0.012478549238408566
6,-0.0071730946730003747,0.023081735598666855
7,0.00043511023536882897,-0.010449518168333706
8,-0.0029192950379580275,0.012138232563428225
9,-0.0099599632715444732,0.017600094174414074
10,-0.0035596945815208544,0.016075416445867352
11,-0.017684785965721837,-0.0092464041589208224
12,0.023772373761272704,0.006558472787845375
13,0.017733848731417326,0.0099655502233866235
14,0.0086045794607604968,0.014123774506978423
15,-0.0133814824943632,-0.017213933470626767
16,-0.00042204414448451875,0.014971957535284222
17,0.0091502895952105395,0.012577528374002294
18,0.009133205314057943,0.024817355509694952
19,-0.016533295482249466,-0.00096515125002349759
20,0.011568386091031476,0.013271156273887363
21,0.023155454482282251,-0.01056298203619865
22,-0.010404938143426115,0.0016466346144309587
23,-0.012553121939924949,0.0068180047335170257
24,-0.016605594521907557,-0.0045227365783966659
25,-0.0085945679137874754,0.0034054817464158108
26,-0.0050972803458511169,0.0013129479911845542
27,-0.016229562413193576,0.000642200692711322
28,-0.0078157654087069768,0.0090907280916988874
29,-0.012507909906975435,0.01764911031230712
30,0.004921699549441297,0.0039861369470206211
31,-0.018268050855846575,0.0079469589384015202
32,-0.0067255665038389225,0.021421414499005361
33,-0.033512249535086851,0.0023137849079469452
34,0.011577174128000469,-0.030480971100744464
35,-0.028844723925125316,-0.020246344747240418
36,-0.025243606675507659,0.011962035253121301
37,-0.099411602789617304,0.091648950882115568
38,-0.10215749178076598,0.019886059837865185
39,0.14198657582033741,-0.11119165791765256
40,0.12199783027825731,0.0081458665611470922
41,-0.19883995264120957,0.012102129349193885
42,-0.1769495769909247,-0.30348523300814356
43,-0.27011985315552639,-0.041044507741093965
44,-0.066907564665053154,0.043785273623525217
45,0.28218117467082399,-0.22859325524833529
46,-0.066774878399692025,0.080737847307154609
47,-0.044868153704935597,0.2782881975599128
48,0.2480283148823291,0.2561863990923931
49,-0.060955928366003859,0.17363806755537464
50,0.043188435227125073,-0.11168770980970431
51,0.15461186765556353,-0.10654519882957905
52,-0.052100343239192715,0.10561128018931354
53,-0.130132894689475,0.042580788555024986
54,-0.11820369081635974,-0.055487716143969149
55,0.18466558652205564,-0.0064903743705865338
56,0.096456477956199979,0.09030329134604731
57,-0.1311387595186928,-0.12670273948394759
58,0.12235993951888839,-0.33911824289928172
59,-0.14732941976391878,-0.23039971186704136
60,-0.069979010652789012,-0.01386358777606846
61,0.37937027255026989,0.077449575816843627
62,-0.090787576476719936,-0.0082117650842456393
63,-0.20359605547910828,0.16383641839736179
64,-0.0089524475315426108,0.35941176569354727
65,-0.15681876882915671,0.052556843480361173
66,0.12359181368416011,-0.042492485647674619
67,0.18773100280995153,0.048715064492615992
68,-0.10923609377125304,0.0015317399007200999
69,-0.13266867397765125,-0.091739243844934801
70,0.0063232518675012186,-0.12775906882390667
71,0.11491966066543993,0.16437944017046219
72,-0.036199509853686702,0.13464060962940971
73,0.015637828981386093,-0.1759545096717248
74,0.32144428569117084,-0.091812408272229445
75,0.069782317606006367,-0.2581085803369641
76,-0.014916431924137007,-0.096775918542141237
77,0.16900791567797233,0.36307751712390723
78,-0.019701539056952825,-0.087827396815961467
79,-0.27405011494467657,-0.077411823898555526
80,-0.30050854202089999,0.18746578008505196
81,-0.16208646828678466,-0.096980105731198571
82,0.10982094412905656,0.093461055332601239
83,0.068133705864415472,0.18709082924601361
84,-0.10596273869312389,-0.084657841787340232
85,0.0065273950015799194,-0.11510673597636691
86,0.070060719635615443,-0.07033517805818873
87,-0.085596185123922114,0.17100768631833937
88,-0.1002179773631183,0.061353123996081449
89,0.1902995175389372,-0.082841827184771885
90,0.27003863999608924,0.14188040561418927
91,0.27355426181630793,-0.078433879532229758
92,0.02402871203777705,-0.067382686011463855
93,-0.15543616725167414,0.34905122508750497
94,0.0021635027284385815,-0.080863739384558694
95,-0.10551868459494465,-0.25267961553408985
96,-0.31800287910917457,-0.11236626190474287
97,-0.04642768972485288,-0.2079865776441433
98,0.00028012875642353594,0.11703822118277044
99,-0.10552629116267909,0.17098159802017646
100,-0.017501841713336696,-0.1416112903752921
101,0.081634687947477358,-0.071666681743240146
102,0.16499069223970678,0.027203596518473629
103,-0.16734294381392531,0.076761506504502891
104,-0.13634927393833002,-0.021397950260402896
105,0.14451316760173386,0.036066914117571361
106,0.064265597890168141,0.34238850411371535
107,0.23494284760563841,0.11636476367795889
108,0.097210938048595319,-0.0041966787747463093
109,-0.37004020914509311,0.08459918611489492
110,0.076482213588578943,-0.020536030627632589
111,0.13485190128544658,-0.24643641808323599
112,-0.14114405243630704,-0.31862227675034355
113,0.092298681027789958,-0.12862203349073678
114,-0.10129786594533997,0.091537164274660424
115,-0.20502462346949774,0.0069133650994093604
116,0.12447289757815944,-0.081268737037165334
117,0.13958833034655344,0.047809702581373348
118,0.076600035990136123,0.084869403425316944
119,-0.1529955567427333,-0.10586095519484141
120,-0.050294377773227469,-0.12586287229025553
121,0.042540921246964028,0.18309612184007501
122,-0.22121210041317169,0.27861444992690371
123,0.056560581880995893,0.2618802358894412
124,0.085323862606234466,0.062816247393493008
125,-0.33133884605514025,-0.22839857306760569
126,0.050719840020883179,0.063733119937248894
127,0.28703477037517094,-0.05366767413057838
128,0.18452802809197749,-0.30460617157491526
129,0.18560993545888038,0.03515318810345909
130,-0.12501607183885607,-0.011032340345476378
131,-0.13204383879570131,-0.095015223644075955
132,0.092264770786873035,0.026073396239818056
133,0.047053777268770698,0.10226607782470062
134,-0.016532206521626045,0.14070973946373339
135,-0.024132987027102364,-0.17282422571851869
136,0.06209428933543637,-0.11062795137912318
137,-0.066124081686606023,0.15293742808436733
138,-0.33494977378069096,-0.0076922610845060789
139,-0.20796350051086557,0.21816572971695408
140,-0.00029002418375669904,0.058042158287854896
141,-0.010178390843412349,-0.37292945574128766
142,-0.010157208815700243,0.1127894500870929
143,0.18068761253114068,0.1850945716244243
144,0.36873010565211506,-0.06942648796549647
145,0.093673127151568031,0.13692396433749496
146,-0.0681846949809784,-0.095706247635311492
147,0.023698939039183999,-0.17817421208293849
148,0.035409704737477177,0.10850829599208373
149,-0.031218410084754795,0.13086976518171517
150,-0.088076846144672136,0.04167550450017618
151,0.12364914816869446,-0.14115545052918332
152,0.15816401843253572,-0.025949700648778162
153,-0.17982288586497439,-6.5974086593673098e-05
154,-0.20675761507232981,-0.2910658029404557
155,-0.29415182800993916,-0.010409951904512868
156,-0.060340769979917101,0.064042759877783614
157,0.26456672762840949,-0.28338973075830098
158,-0.071119514074853993,0.046591442072555264
159,-0.040335855036059916,0.27763090498188275
160,0.2636424803694829,0.23741150899560229
161,-0.054954195869780259,0.15675733286879406
162,0.042414820575928908,-0.1450637911540277
163,0.15893660033768542,-0.11001785006208301
164,-0.054460804675786088,0.066650907849248153
165,-0.091039750412093001,0.026773751270800582
166,-0.11024288202257347,-0.042929028587782421
167,0.14737921734892095,-0.02189803172066232
168,0.10614523253973962,0.062506794302971361
169,-0.12238262939674696,-0.13615518443057403
170,0.085176377319625435,-0.32029532750791728
171,-0.16846330334580134,-0.24131707183584752
172,-0.089212876375762473,-0.0032158756032345994
173,0.40431187476346231,0.030319875637287174
174,-0.080190591982346515,0.0072778387665006702
175,-0.19742812393281778,0.1600172296429429
176,-0.027276710385572136,0.34473747664075899
177,-0.18169614508194504,0.087360372181880183
178,0.10675419395446072,-0.061685095249509117
179,0.1731607642879158,0.065870353459329817
180,-0.10894136373390836,0.016869736962346712
181,-0.11340571535854584,-0.065497552461061828
182,0.0037707757089478731,-0.12261212240282497
183,0.12600151201234044,0.12211457658459154
184,0.0053535602077062743,0.15289253488828025
185,-0.017596311521281403,-0.18991822143133
186,0.30456595028173666,-0.16590925105370882
187,0.058600972973430719,-0.29150419385382037
188,-0.067654985541751755,-0.052152055088061651
189,0.20410332401946915,0.30165765860914023
190,-0.058976561856023457,-0.066890313959005493
191,-0.27064033482791799,-0.079470363047182704
192,-0.2815998794573345,0.22084161594996665
193,-0.14298831574825852,-0.060810891425320014
194,0.12049192516006733,0.05717611709250546
195,0.059586248004727144,0.18019713416594807
196,-0.094799710780516577,-0.085667110960836401
197,0.098295806259913035,0.20030815820235778
198,0.084367294640730173,0.20194347673250104
199,0.15089552879605286,0.20724141488613126
200,0.1524515425809374,0.12786961454860729
201,0.24100271064412604,0.037640439807553543
202,0.21850308759695669,-0.07008458956723615
203,0.035622695366003675,-0.23924274083091657
204,-0.073794840975949821,-0.11397545901266402
205,-0.21227654837201085,0.020128237619119763
206,0.005092471414895626,0.23111558988782357
207,0.23037028035131799,0.13848638368845598
208,0.038719181072478966,-0.28283337068458109
209,-0.18643445012186716,0.077707728223178174
210,0.017283008474677421,0.19130458148001481
211,0.18461676136177058,-0.16750640274928691
212,-0.12012970632809583,0.081308206776791375
213,-0.059935051654744803,0.030399278579106379
214,0.18143846971630456,-0.076308533204440337
215,-0.16274054719635606,0.1718265975203874
216,-0.056188989575766873,-0.146986975184626
217,0.24610422392551878,-0.01934906277097434
218,-0.11902489893881192,0.27399861622225674
219,-0.19417950407065748,-0.14213539539665102
220,0.10068680431586903,-0.17744874924790763
221,0.16369677449071368,0.11566465232588327
222,-0.0043101781635350549,0.20418952113713199
223,-0.180075419964908,0.13325528747603985
224,-0.20883639239398166,-0.062652322504846591
225,-0.12397393688477193,-0.16502250400994456
226,2.0131574215069645e-05,-0.18808076599099185
227,0.1021554136881816,-0.18975654168636666
228,0.13584615042904014,-0.14179239730128684
229,0.17651893819939363,-0.14095931964403063
230,0.15070969709687349,-0.10910529033126283
231,0.15266097978951029,-0.15462625157681284
232,0.094256830219589693,-0.2156865656486146
233,-0.00092841904242620815,-0.2011989098349122
234,-0.14438955165700912,-0.14236072445868125
235,-0.27412305977421858,-0.015238732982392549
236,-0.15406076970482999,0.1315564703816498
237,0.034452123950191718,0.20653011913516631
238,0.19993090426262985,-0.027312059991008351
239,0.036638907097550355,-0.21824871172499374
240,-0.2892979691229931,0.00053860997133708607
241,0.085047754905313175,0.2092124753846793
242,0.1407742769801601,-0.068943128134420981
243,-0.17866269045327399,-0.16750860073535989
244,0.033679700058200222,0.16348645266379519
245,-0.02691009099352925,-0.052760308691483133
246,-0.062506362492086104,-0.11832612369426607
247,0.095226665855233303,0.21096835118498797
248,-0.19887279218925075,-0.08164219312659203
249,0.04835956291969562,-0.22229281650892302
250,0.19350931328003398,0.22617782982543647
251,-0.30719167724819046,0.039826227074162016
252,-0.095295254645877306,-0.1863998388403417
253,0.17396489550782351,-0.15004943957807632
254,0.142224367082813,0.077719634408671898
255,0.031433621147008012,0.20720873865160808
256,-0.20952551973274772,0.10141092764567196
257,-0.21085617743106927,-0.0074687863433676067
258,-0.14842832635121128,-0.11314382010492564
259,-0.1152096002105478,-0.21961489616726931
260,-0.0074789119093046259,-0.2013776924378009
261,-0.020419564149218156,-0.25296501780044656
262,-0.018792103807810174,-0.22787365620423766
263,-0.037043679052296892,-0.222659725544299
264,-0.13361832214230682,-0.23026704034686027
265,-0.20638810634506377,-0.11998998616940544
266,-0.2532713221943742,-0.016013063875270548
267,-0.14451215442307616,0.14959897452803089
268,0.087867685451200217,0.16465206434650387
269,0.17791481338159087,0.03078428386927444
270,0.15204186704348507,-0.20700758393330262
271,-0.18749981167403224,-0.13496089623217444
272,-0.17945352756096439,0.17162754675991312
273,0.25890978872888476,0.052538334130004027
274,-0.01286438304676054,-0.19283518266699645
275,-0.18026012159274099,0.015599969059154499
276,0.1569599004536909,0.10527674705102881
277,-0.061853555627500272,-0.11491806841902853
278,-0.034720053364440381,-0.070052566192035856
279,0.18346335089557944,0.15115537979402294
280,-0.22655831368110929,-0.054529998343297761
281,0.080073294448776186,-0.18513779908837069
282,0.23775345140205367,0.12714954912342177
283,-0.25561992759648361,0.13778655658247033
284,-0.075372150900699125,-0.19195069522298297
285,0.15990907436295615,-0.17985775654019351
286,0.15659267288422732,0.054665850758523774
287,0.10999118538904083,0.20655336239545632
288,-0.16808172550467962,0.18520856915557074
289,-0.15531881220404942,0.015958287560131915
290,-0.14445703462135887,-0.1460726795485828
291,-0.1761931177948633,-0.15905878004527313
292,0.0225155682345154,-0.2228375702840035
293,-0.095826976300066494,-0.22346154278808125
294,-0.0010749338952862168,-0.21235278555486295
295,-0.044175082369556661,-0.18784122224391692
296,-0.19697884364762361,-0.15857249979080987
297,-0.14853445155495892,-0.092587397197758992
298,-0.23961084033338612,0.06612900528612653
299,-0.091035894653166388,0.1962357510424817
300,0.17270603981873697,0.16709213936006817
301,0.17617462054046584,0.0022773206418948643
302,0.11349702087654137,-0.21474060356737737
303,-0.22907289008671777,-0.12757242376084812
304,-0.12029373322845716,0.20854983021013215
305,0.27068280116880794,0.079788452488506328
306,-0.057694955174415606,-0.21038408767486566
307,-0.10930031899434742,0.071482122002769363
308,0.17422157931390797,0.10426081518518972
309,-0.14760480021792949,-0.14356076709413332
310,0.047212409520557948,0.0061881344145820437
311,0.10439928433570012,0.1575489249509337
312,-0.20903184495822158,-0.068791784885949558
313,0.20050026698497161,-0.078470685391633183
314,0.096895355678627351,0.22904493413778496
315,-0.30868665042665372,0.022919553117227844
316,0.050684374371529423,-0.1977126573183185
317,0.22288472900200407,-0.05364328655618969
318,0.10878658683802159,0.19375697696503205
319,-0.028602844743418107,0.23331331964593466
320,-0.25180329194995255,0.058288022718090304
321,-0.169525709703119,-0.092950812489530674
322,-0.10066826371246614,-0.16688281508570263
323,-0.03665943693349958,-0.22921341115835811
324,0.087099728998975876,-0.19649627409290341
325,0.024231091208142569,-0.18097626124631208
326,0.13174023624970277,-0.17021938754089116
327,0.03520492863318362,-0.22055316134581543
328,-0.098628530496583419,-0.22305576871411489
329,-0.092085383246548136,-0.14817641834950751
330,-0.27293918206714679,-0.07428297849864765
331,-0.2018471301381691,0.13668063579428227
332,0.012373171391676867,0.24740815121141113
333,0.11244666002014267,0.11441401444474102
334,0.24285049740365397,-0.087203351308218768
335,-0.15112376413178055,-0.19713624344889086
336,-0.18073718222646121,0.12624728776710836
337,0.17404336004440149,0.20605118724715193
338,0.0062457307875584444,-0.23823250057562845
339,-0.10890439560722867,0.039220124402736638
340,-9.1293582667507879e-05,0.18080760561107975
341,0.011243380030593114,-0.17688273361569659
342,0.0071963650980553986,0.11179294434984993
343,-0.13933597335000431,0.07410265964547573
344,0.042079818783818494,-0.22436556180620956
345,0.10537083338797941,0.18273321599957695
346,-0.22441520289855443,0.1083415356107521
347,-0.054457270569953059,-0.23484972329073256
348,0.21915139203023434,-0.015603149906239374
349,0.064942699579368032,0.17661749988680286
350,-0.18368235182281215,0.16839165624628932
351,-0.22169673480606147,-0.0069458818724499934
352,-0.083565649865158104,-0.20540743378601017
353,0.035937506020300151,-0.1731543467082608
354,0.1458321641626712,-0.16657324042018345
355,0.21882319721541871,-0.081980595714752982
356,0.18525956730067508,0.025805580626796179
357,0.22336885115392272,-0.0040984130440593312
358,0.20603504367138101,0.050143599913273294
359,0.20019594660684165,-0.022872474757487549
360,0.20004029460058384,-0.082617101089840494
361,0.099288029906439951,-0.13330190021098698
362,0.028930660827590438,-0.26285146572423462
363,-0.145290924847018,-0.16416276046884734
364,-0.24392374459980432,-0.013285256372679605
365,-0.073995518369957408,0.15697273786685947
366,0.11660784460157467,0.1636975164422029
367,0.17826049927619192,-0.21271057447744846
368,-0.1562580625560451,-0.15982156390428365
369,-0.16922990864505386,0.20412676844160041
370,0.25686130576800281,0.039743397903446949
371,-0.067527462387410753,-0.12867373417503189
372,-0.1309324988593806,0.0080768893630649308
373,0.21565511446635463,0.084452132936933308
374,-0.18507227259257869,-0.050979738031841242
375,0.00098242441492795221,-0.10171060562710399
376,0.18852249608651545,0.11874989507127108
377,-0.29850111802907764,0.035501005032885502
378,0.058217850205334709,-0.22322452339738694
379,0.28364302104997607,0.056933683583462055
380,-0.14776407885272269,0.17677467209851591
381,-0.14857449317495131,-0.034342312385198061
382,-0.092623116251925153,-0.21307873483870443
383,0.12750849059528765,-0.15584243923484878
384,0.28114084877338419,0.012056133359159478
385,0.10314495148714345,0.15088637230812124
386,0.066921464583333964,0.21883091878277108
387,-0.11067532772537707,0.20434452113743906
388,-0.19114049137283001,0.13967671582703634
389,-0.11071984509667904,0.15723562332591198
390,-0.18863037783553666,0.13039409025071033
391,-0.067571378945242663,0.17913785691774306
392,-0.040244543982333861,0.21004609864114354
393,0.03629132662069473,0.18637698132526476
394,0.22575470567104403,0.17763775446650604
395,0.19771223800472831,-0.10713319394881041
396,0.10265295868923113,-0.19610189527477537
397,-0.13269453323031247,-0.19416870928790989
398,-0.21677194789004028,-0.0092179748702918875
399,0.044675062499158313,0.27414524604500184
400,0.20071362644523233,-0.10462193966267715
401,-0.042508192651848901,-0.2256924290269603
402,-0.14717347026376507,0.147246138128935
403,0.17614908511411514,-0.084639293885243411
404,0.019804450714816697,-0.023605952393655087
405,-0.17941316981731625,0.025187912019838599
406,0.22155679496533995,-0.06707900092551411
407,-0.021513544652179136,0.11746629113372486
408,-0.17959657767163903,-0.084707220746832221
409,0.28611013772918303,-0.062700166571659943
410,-0.0033692027916572068,0.21370477211563127
411,-0.23416438731326225,-0.010213905866904419
412,0.10628071970864768,-0.23778428965984602
413,0.19095122131280401,-0.019298070772660821
414,0.13211444879475553,0.21302112934560577
415,-0.128036438545267,0.16557879292323657
416,-0.24398523296122474,0.014321552448321423
417,-0.11671582214567397,-0.10159138837425374
418,-0.075292475545695708,-0.24711856991167733
419,0.08204737445384204,-0.16130254721220311
420,0.12223881788660468,-0.17567480207876435
421,0.096848758075639738,-0.20230866257932031
422,0.16351636096607045,-0.14055411514789493
423,0.057950387721681221,-0.23616627510757107
424,0.017397158575126137,-0.19765255463565198
425,-0.10172450774797456,-0.17115909518309946
426,-0.22444420827411904,-0.14313168590308001
427,-0.1973012359757752,0.15470745603264013
428,-0.080845811848991159,0.15109808386891763
429,0.17304135380205501,0.19629587043851671
430,0.21065765727525221,-0.043662885868305114
431,-0.042126769313784819,-0.29028105990303277
432,-0.19296985202973058,0.19053777607684252
433,0.11519122379889121,0.15514848757727354
434,0.15442088036346607,-0.14618623497484859
435,-0.21058626635491828,0.042761114318918991
436,0.066449503213293168,0.0020633177516926476
437,0.15307059421221617,0.060860979213805913
438,-0.235001041398746,-0.023521708230819845
439,0.16572892214177898,-0.068477253263369592
440,0.041026232346793125,0.15232410797458426
441,-0.2580517514713716,-0.034733389427639295
442,0.17177162588267308,-0.18699815646682885
443,0.1379356892252333,0.20158701311326332
444,-0.1627557413251246,0.19884095855863096
445,-0.17873115636206874,-0.085783834049358618
446,-0.014827085325857647,-0.22437913338773455
447,0.22798820694367591,-0.064484796894664589
448,0.15974960624715762,0.13435856780231814
449,0.050461188320478086,0.24814031453104066
450,-0.055751469032499827,0.26367440025874311
451,-0.1521805277169864,0.14950972895174555
452,-0.19553688523559448,0.12258890475220471
453,-0.24262004831732034,0.12369942055742777
454,-0.21220236000781392,0.077421734098246389
455,-0.20354690850930451,0.16677947129574416
456,-0.13161842964383205,0.14932533973614318
457,-0.057935913946107573,0.24810505517769826
458,0.061466383955491186,0.22924359107362954
459,0.23597986765938092,0.030967871256110974
460,0.13993521431945369,-0.11234043934002565
461,-0.037131970208165097,-0.24205255960130642
462,-0.23818333065963282,-0.021135435960023975
463,-0.13499263670753633,0.2161254789967173
464,0.26113621884243449,0.016628594194067689
465,-0.057428840815117121,-0.16719166910000605
466,-0.19342244977824602,0.013337847594325882
467,0.15761157875014553,0.14070421488331414
468,-0.11461666742069791,-0.14543550027334295
469,-0.00085577237567727865,-0.028426343719694366
470,0.089998969470797052,0.20033452627629206
471,-0.18220689518698999,-0.18635943666600921
472,0.13525974505469976,-0.06787974567928115
473,0.036346755383947493,0.2069158465313784
474,-0.28065106426142544,-0.11639164122559012
475,0.14885650949909901,-0.18579632328510148
476,0.21001711412275295,0.14344345236976622
477,-0.099407676146162083,0.17534398599322859
478,-0.18445581396878641,0.030351989217392482
479,-0.14707822564571274,-0.23686852835929306
480,0.067622140841173628,-0.19976417465660934
481,0.20811359074312857,-0.098245942828235136
482,0.21286049754668854,-0.015777053097968764
483,0.19802325361685366,0.12579258883744099
484,0.1520187356836411,0.15928557719495717
485,0.20339009948205697,-0.15686963247235569
486,0.035411380779783723,0.032703553347187116
487,0.21453027847825357,0.26561446528038268
488,0.15739546838890822,-0.045380436705157783
489,-0.20667761511594396,0.15802756094106798
490,-0.12181781888521993,0.28962203710224871
491,0.030090130401439659,-0.039128022939314985
492,-0.16458590889179459,-0.26020343611316432
493,-0.14377251804063909,-0.093687424820755566
494,0.16258099857292441,0.094148269541581162
495,0.3165835047788691,0.052795731420390034
496,0.018268560430476005,0.025553520891688213
497,-0.30802629516966956,0.040421793098360234
498,-0.18720325829225568,0.066855564971375181
499,0.17822396346396635,0.0075604663578258437
500,0.29681234925771949,0.01676864564475735
501,0.0032520965362128028,0.01829203128501794
502,-0.24440174860917666,-0.095539156575308481
503,-0.18244466696667594,-0.14051840928388074
504,0.066662433098051407,0.15844497036243391
505,0.0069978563186993362,0.27363551008486336
506,-0.06312757531587404,0.083541622019850714
507,0.26146090639757236,-0.10510433822569371
508,0.22198071866613753,0.056350760426681273
509,-0.09086356651552549,-0.036383127287010451
510,0.061461772186481176,-0.33523965276052553
511,0.024804172430742837,-0.037242280118307637
512,-0.21504930482624379,-0.067843004553001407
513,-0.052375933368344549,-0.2513489031237246
514,-0.14231693366502926,0.089987783376470495
515,-0.18274344498253575,-0.091444157550083685
516,-0.12397439247690836,-0.1085761668964943
517,-0.22303198946243796,0.083110089940714074
518,-0.095467557581544155,-0.17695712353319512
519,-0.17359805833254996,-0.11204011413936148
520,-0.19734769308009464,0.017772902042094137
521,0.046187040497169721,-0.27265317686546897
522,-0.16004025906623134,-0.16887316350296341
523,0.047390566969092933,-0.012269626008271849
524,0.28575559959331492,-0.19703752729939489
525,-0.038476199746673774,-0.083282116897518479
526,0.071920475232731318,0.20254129365963808
527,0.23056361523643037,0.16072242598607611
528,-0.10203010864302296,0.0019638876729092328
529,-0.28480589108110532,0.064666846293971778
530,-0.14198056031197462,0.05410875063694702
531,0.12637732275795852,-0.18769461070601895
532,0.11136923822421842,-0.26903657941463455
533,-0.032990807590012827,0.024858527426343112
534,-0.075141470957239456,0.28281155411242231
535,-0.084473767276342537,0.14560001992561883
536,0.078881045979386943,-0.14001261574066992
537,0.12092380074267106,-0.26101266770728054
538,-0.017008932876404554,0.016946072673165349
539,-0.26419437637637599,0.14576158036169676
540,-0.21600991325336594,0.02891446615702558
541,0.12387113971703589,0.0016646360112814104
542,0.25428375477081933,0.15008453700747235
543,-0.042609939580693673,0.029685875219923684
544,0.11292009543324949,-0.29848152433435682
545,0.17516732048495051,-0.17308633639186269
546,-0.12736200797647163,-0.029884134617659291
547,-0.16404739793575251,-0.3123476587045777
548,-0.0046343667472933531,-0.068008151224434044
549,-0.22829490484257345,0.081161504732809031
550,-0.19137559352670835,-0.17274571835242797
551,-0.090549398328416589,0.15393939294411638
552,-0.18791055231874601,0.037315768638031939
553,-0.149709174157868,-0.096165570375118317
554,-0.10960459228075398,0.20443358055567731
555,-0.1455928386852246,-0.096775524464757193
556,-0.18393041422405099,-0.014321423605619051
557,-0.1293307952304277,0.090356628943127001
558,-0.063673845684964495,-0.28380882466139185
559,-0.22181733462429806,-0.078852187337138016
560,0.08730812843586469,-0.029231757371073707
561,0.16484259079137403,-0.35840485316897108
562,-0.080389952643522847,-0.043635592671178385
563,0.246963651400634,0.12405999823013868
564,0.28172280296656771,0.0071252580051503426
565,-0.11961136729310397,0.033298448845131251
566,-0.20669034692209629,0.13549568422574293
567,-0.070947549747755564,0.086885191402560402
568,0.071971192223741959,-0.23647195897934498
569,0.099050658707423994,-0.27147412035339991
570,-0.051375582568667727,0.093100658947265325
571,0.019224782049986046,0.27171495250814842
572,-0.015695542772334134,0.14863060334051162
573,0.06810021971687244,-0.2021107461686282
574,0.16607008863805983,-0.27315328366484909
575,-0.052089991631001635,0.028747662289649648
576,-0.17345375403436267,0.1828298438748924
577,-0.20326779229409561,0.079680166102641364
578,0.18203313135663651,0.056548344402511636
579,0.27029621233632922,0.17356203646741206
580,-0.024604272674139775,0.059409712317639411
581,0.11801142555141593,-0.30954551528943375
582,0.18208232717613193,-0.1175769022281147
583,-0.16269328256962229,-0.008904104274659182
584,-0.072894706585655666,-0.26974075078497406
585,-0.031196538194950316,-0.0058382012232411004
586,-0.22533739016064741,0.060151531089838971
587,-0.13103241480325589,-0.16061225546162677
588,-0.12516852144229237,0.13402319729416459
589,-0.16347879307711324,0.0068958544033610849
590,-0.16763583958346367,-0.066857254415702463
591,-0.1182592976189086,0.1663811568708608
592,-0.1036291373321655,-0.13428865973188786
593,-0.20853344619989042,-0.069590923030933213
594,-0.097572145956806938,0.07052750238269434
595,0.01578498215055596,-0.28634576864862976
596,-0.16746485775432657,-0.11124993187844122
597,0.14052175348616897,-0.0057973033751511256
598,0.27193669589876829,-0.26708653094552204
599,-0.020498313279385304,-0.024973888153501336
600,0.1355257839757682,0.2509512265538017
601,0.19873304337712183,0.15106021273888129
602,-0.13358194212984123,0.011397984149652924
603,-0.24963793971570478,0.02884020843949682
604,-0.13718136526756203,0.078324336944999975
605,0.22929448665699176,-0.11122835881577124
606,0.22014103584709077,-0.1499787131144594
607,-0.090492086287185483,0.13184679133215615
608,-0.15182817930421599,0.21433608938713064
609,-0.12472791482122211,0.11424376100412217
610,0.17844448464070981,-0.099723834531386432
611,0.28719579739979173,-0.12622745731547783
612,-0.11165823361333298,0.010774754727402011
613,-0.27008286559611555,-0.033273080554230915
614,-0.17750312068373547,-0.056426490494104961
615,0.1273392223967455,0.20822219552459506
616,0.052791886795854934,0.31329825873650496
617,-0.071404170263898559,0.0061937103335845201
618,0.32593623835216967,-0.10122641519427968
619,0.15473892099254002,0.06036072097803899
620,-0.10196515265512143,-0.14853187169619056
621,0.22275710609830432,-0.2385391858165419
622,-0.084390622613562088,-0.035413814399067212
623,-0.10772063185488709,-0.18001179761915073
624,0.058178883186255637,-0.17534403031954876
625,-0.2280873446107454,-0.035543874187414476
626,-0.046578053095725776,-0.16968238615910952
627,-0.060843692175106885,-0.17370037273121314
628,-0.20760668095450685,-0.072624747699619768
629,0.10723106846292844,-0.16249820935304751
630,-0.051048739118675281,-0.25028848149354127
631,-0.061736670738995324,-0.029676017168676044
632,0.27471425137528865,-0.10651380768306107
633,-0.002589273978265836,-0.18459259534232503
634,0.026290176667038007,0.12782779768724109
635,0.27406587272896532,0.15770848535173851
636,-0.011524337956433194,-0.026833571838744498
637,-0.23519238880591592,0.15643224852214921
638,-0.10986195263036265,0.20389426636897706
639,-7.3315171187792252e-05,-0.13232339175419358
640,-0.0606882447905999,-0.29721147674013337
641,-0.058603712076602123,-0.098775570905610025
642,0.14306332269025979,0.21576441541505256
643,0.13721184911113701,0.17352080533872954
644,-0.09435275943522424,-0.1007385590935102
645,-0.24096700556100634,-0.18059656432102228
646,-0.067015116185997245,-0.1126706416624674
647,0.081158979454705932,0.22665538170231661
648,0.07760754444791608,0.26920771390109843
649,-0.016481731073296348,-0.12002416685108287
650,0.057337361612891248,-0.27762597763920172
651,0.074011381369539983,-0.14809020096573403
652,-0.23272504760759027,0.074646323520382196
653,-0.27737330488225737,-0.079516490632786707
654,0.0097363467304168276,0.003127455465419867
655,-0.002632609046417253,0.33893146123234724
656,-0.12647424942980001,0.070954894369245111
657,0.2074176273824149,-0.034933295776926922
658,0.13669049243072504,0.25773726913348682
659,0.038001799241203595,-0.067790191299615665
660,0.23524541229171628,-0.06013763827000785
661,0.1280403577202664,0.15268342616603992
662,0.11825599931656365,-0.17749574592122089
663,0.14505916310783018,0.06141333041800412
664,0.16427302281759679,0.038707914543366272
665,0.15204928764959313,-0.18351212382471319
666,0.08938426215265044,0.17303172133415484
667,0.19235023246801719,0.054020975502003514
668,0.087798692486991056,0.0063940239364480046
669,-0.10397940826245297,0.3071376031519395
670,0.14557921261424522,0.10695263908363907
671,-0.17508780374419586,-0.034771117448575542
672,-0.29979592201340372,0.14735745284969137
673,0.047892168013132203,-0.032961485431060825
674,-0.021099591927933509,-0.2929304552086347
675,-0.067540020501430584,-0.19579703334768392
676,0.13360622850408005,0.10895101543436063
677,0.22746925182891706,0.14070937522647223
678,0.095850639790915612,0.0023823903196092209
679,-0.2818933038970925,-0.061740337006447286
680,-0.23340052018506202,-0.044137905971689595
681,0.1928305246144433,0.0051324910344226395
682,0.2833484776071683,0.014019348717713888
683,0.11408717700848939,0.055301505798148902
684,-0.23165114823285127,-0.14943278398765297
685,-0.20561204822274404,-0.18065507523787433
686,0.079098329237386217,0.12400973000269376
687,0.037258333704537537,0.25091208486659905
688,0.014763655960971407,0.12409207888700508
689,0.17225947296674168,-0.18245853115527674
690,0.27773689192766127,-0.083047323267698717
691,-0.022159327088483054,0.046834180959106755
692,-0.10124401137195775,-0.36518027893042782
693,0.10818331723188146,-0.091150631685888051
694,-0.19378349909275103,0.050118753608188821
695,-0.18944215553948188,-0.24639428610721179
696,-0.0025765780479252882,0.13059645361975034
697,-0.19102763082105129,0.032730567920869973
698,-0.14403941940375101,-0.0754181356226961
699,-0.062931945848215598,0.21236956134139506
700,-0.17837759942063217,-0.056541959406310995
701,-0.14569885598699364,0.0025204851370327214
702,-0.12952056209243729,0.10556465480341634
703,-0.11334626695460931,-0.15660017357138384
704,-0.17304782045697592,-0.020604727829186622
705,-0.025931573463617519,-0.040351732574186734
706,0.039725798925157443,-0.30651508709526137
707,-0.10977930860239869,-0.083731842031780357
708,0.19953925670574688,0.036389981294044207
709,0.28739330513283673,-0.11537959638905469
710,-0.039100247678232267,0.0078539970629726129
711,0.043773307213794119,0.33715045269259558
712,0.085296498260046039,0.17394129326776378
713,-0.09525782680051656,-0.14823190642149861
714,-0.20980479952260581,-0.168152257151855
715,-0.047046020146176135,-0.048680204448551506
716,0.30616563313227158,0.15220613931215232
717,0.22020609198824645,0.066239166199507746
718,-0.13499834431838512,-0.059273013182708424
719,-0.2531184869478928,-0.055390221219223726
720,-0.032923712407828806,-0.10516548877907017
721,0.21221062474352653,0.22567625426704671
722,0.10960110374697252,0.23015692224857409
723,-0.012497511007497417,-0.12981498279120751
724,0.053638967652964865,-0.21900397187745627
725,0.047629151513064696,-0.10068232749547881
726,-0.24311320261864133,0.10540604068177242
727,-0.25274543663365018,-0.035386342867545308
728,0.047245325063496192,0.01098431440542972
729,-0.13838539681225162,0.39605889785407489
730,-0.059558469645996287,0.035799231216625656
731,0.2106236098620009,0.10390398225020672
732,0.016833131124893951,0.28008404575052714
733,0.13415353408718778,-0.049660735424804731
734,0.19294280587864057,0.11366123960620685
735,0.05902983131652674,0.17593857633645424
736,0.16317617884757793,-0.085885537163175374
737,0.07330379186589342,0.1717753473186979
738,0.16362742802504771,0.11223444800899714
739,0.13460183711619528,-0.029895306554417234
740,-0.046876359638464024,0.21486888963161604
741,0.12979755135544807,0.16469554439573925
742,-0.039178525808041549,0.042968958314674885
743,-0.2688833835810237,0.2304379055475759
744,-0.029100752210323655,0.17200881237991272
745,-0.10852753629419654,-0.20870641975757998
746,-0.29481989869693737,-0.11930153337287423
747,0.025461423635042155,0.048416321824222182
748,0.23794361544580639,-0.19137666516144314
749,0.096988408071236556,-0.10183491940021973
750,-0.13217262480012459,0.20877544811586163
751,-0.065846829358141484,0.28321636267672873
752,-0.025799560087994222,0.013781794258687655
753,-0.057930130694016341,-0.32735718162556188
754,-0.037470450055449515,-0.16403693064483482
755,0.011699788888901233,0.20596248672491269
756,0.0045137879183763212,0.2973367482921267
757,-0.036773255064678233,0.0019151669333914365
758,0.098022552503828686,-0.2279125294946901
759,0.092739895739009676,-0.15747718733112637
760,-0.14566810934173363,0.030226323803507791
761,-0.29515158012604797,0.019541810259790834
762,-0.10644951131453065,-0.083814394652620403
763,0.1226082087699901,0.25544422525792476
764,-0.058037036533188244,0.23239454804402673
765,0.038462725597019312,-0.10863351092269009
766,0.32775250666340983,0.067997102175716306
767,0.060332996494194054,0.029266464355006058
768,0.071523750808547462,-0.19655543675905901
769,0.26230503926428644,-0.065793683382156895
770,-0.074051042306247566,-0.14431847752288895
771,0.075365388108275533,-0.21869147204180628
772,0.17864985534448621,-0.10256980045690141
773,-0.13086272387612147,0.16988762480612782
774,0.16882577740699828,0.19154126844417549
775,-0.069150381583815895,0.093130866872398604
776,-0.28676380045178601,0.010859508656702993
777,0.002039872464430376,0.12648359404909934
778,-0.23447326249673198,-0.12934024588262402
779,-0.091405914076049102,-0.092293948028969452
780,0.19757452203916859,0.10356861341034154
781,0.0516239971121542,0.10610315811647811
782,0.11155701862745679,0.27022121501225832
783,-0.093864482953554235,0.12317329057468361
784,-0.2258388520790747,-0.096560370615679292
785,-0.010754754428584373,-0.053473499409625744
786,0.092716244146398036,-0.25048718696007671
787,0.082361671819864646,0.068932981021240791
788,0.053757385085361001,0.24691084864650945
789,0.21448756840762911,-0.10030416077179188
790,0.11761202939804394,0.010227468585610033
791,-0.045592073006420104,-0.089501804535902119
792,0.1593528284546723,-0.048038069189251395
793,0.18232493663620314,0.18838964420658111
794,0.064255941990435161,0.11117056415909558
795,0.17422563554048137,0.30998483636943425
796,0.0036114502888160357,0.084826922738389737
797,0.21686085663486965,-0.10092543195913366
798,0.13531415752210169,0.16228756759229401
799,-0.3425177614619645,-0.13253823999559439
800,-0.065291648127485613,-0.068842674845021476
801,0.38874967931583793,0.028476810577583146
802,-0.016386895066955148,-0.011254448405601879
803,-0.35851186073741381,0.17148411934018173
804,-0.0754754852984134,0.0379090796068536
805,0.083211730535577941,0.053026871904734957
806,-0.004055853844370164,-0.087802415241227741
807,-0.066325072373887253,-0.40445380000676845
808,-0.043931456504283053,0.0079483488198941847
809,0.2120195373711426,0.2938819928359333
810,-0.085570541165162842,-0.0032512783524026971
811,-0.31542517989726065,-0.21121663784491576
812,0.15631680565548844,0.0095400929779569186
813,0.053935902645417338,0.23115101448148906
814,0.061064540380167093,-0.028065975389126738
815,0.35755977955146157,-0.10218890367876929
816,0.14414654380828365,0.0044764048493493511
817,0.21045822984180806,0.038246634916942329
818,0.084977385606071792,0.1501375516817888
819,-0.099135083595862789,-0.026061402862240988
820,0.071866872869801104,0.069916957429690257
821,0.020753241198875352,0.21460569055742501
822,0.24308403021407615,-0.091780437716219326
823,0.10738707850050203,0.0079552443749072981
824,-0.14404346385336819,0.25085282376532908
825,-0.045024713327214208,0.010125167211416734
826,-0.22569668660826392,-0.13727750871621722
827,0.023564144640993559,-0.1341160047673102
828,0.28558905902331549,-0.078414945257889931
829,0.091274117027212137,-0.00085638633624597962
830,0.16247663661675874,0.082955880253102521
831,-0.11017429573800942,-0.011153125699200607
832,-0.22684369606967231,-0.083779469226363229
833,0.11413331663377327,-0.066331572949276871
834,-0.13018347831684698,-0.24757546651269971
835,0.055446352727290635,-0.1149224606242161
836,0.30063153906770551,0.064454023354741874
837,0.024616395303466543,-0.19566927998441555
838,0.18275762469603904,-0.1878466869564869
839,-0.0033117044107873646,0.052174962481877224
840,-0.29579764742678283,0.19645503792806765
841,0.065862140713448994,0.067788964891441414
842,0.20902455373214424,-0.05466703822491642
843,0.032298107787907843,0.12870328252733226
844,0.044051721136886761,-0.083728604477180668
845,0.15813593355664068,-0.2043997198166996
846,0.1303454711755048,-0.068752007660086448
847,0.15839700065031229,-0.18343494473706218
848,0.0013927506006444963,-0.035075948067857722
849,-0.26884823301771699,0.031021670183083265
850,-0.17177392062115679,-0.17031638902205948
851,-0.0063646779762383809,0.019962602604158254
852,0.17379813211820525,0.13723891452442374
853,0.24746777579380697,-0.024523810679373557
854,-0.18058757226292624,0.00084533801699373384
855,-0.43255022668158699,0.052570109386485347
856,-0.042746132469499216,0.21377978224794539
857,0.13273221128146306,0.041334854616700507
858,-0.0061858445634345449,-0.1407112581981762
859,-0.046883194705188029,-0.075050301193344687
860,0.0066927448778254586,-0.23000646247741974
861,0.15786054289919521,-0.26610221132876227
862,0.18426538847618562,-0.026828383736300556
863,0.24156877529925985,-0.08848811271724577
864,0.18763246655108351,-0.073089236722197012
865,-0.25361631010558694,0.12283836979609024
866,-0.18667567831202148,-0.087715054214196314
867,0.092869875903024646,-0.13974994920762027
868,-0.19706289037175972,-0.06209620990954403
869,-0.2216611717903593,-0.12054714430171325
870,0.08699059857352176,0.2444652709428933
871,0.17773002862981091,0.238785520021179
872,-0.03956480800614541,-0.16813696982479945
873,-0.049439775233644311,-0.053408369041599221
874,0.39527076610618561,0.23385232467406558
875,0.17834209116796343,-0.022330392328093605
876,-0.23085653261733768,-0.27398849331921815
877,0.15689102047006151,-0.11722711484279509
878,0.092028188233268471,0.089837954473077172
879,-0.057307268164096606,-0.12236185764711204
880,0.30011083319244092,-0.23574527959659961
881,0.12126744951255417,-0.16601618121816142
882,0.093223734295736299,-0.1059707170878073
883,0.1477954376911102,0.080930419876590207
884,-0.20787316578812656,0.12549675374827229
885,0.092822680007165523,-0.022405964363244366
886,0.18430401609728436,-0.08334847792765504
887,-0.1828651706099485,-0.013493652917973819
888,-0.2837972634754603,0.075820998890850283
889,-0.32570403585939306,0.016032472853327168
890,-0.13959291336232149,-0.050064723725089071
891,0.078067984924181669,0.14767020102906875
892,-0.065902639048441083,0.12294945692557299
893,-0.0912727871990337,-0.25919435789058476
894,-0.088085414747535368,-0.20833487656176092
895,0.022001379088184864,0.23314785374055913
896,0.095717165612531185,0.28599051341817106
897,-0.047594512958572636,0.061085333126442785
898,0.0073938351959444929,0.096333763179380943
899,0.36693670105617526,0.015502522496665347
900,0.23491887299407543,0.049973133018218624
901,0.083933622435547875,0.33098072165486342
902,0.24933871340863178,0.10817145523880319
903,0.090477000423686088,-0.1215478354757908
904,-0.052628045161414075,0.15230668649363308
905,0.13444876433983588,0.015376812573692493
906,0.0075868108434066495,-0.15726835405678358
907,-0.16335908648631814,0.27563676338232024
908,0.056884236604786434,0.19993680121953944
909,0.14770126149815807,-0.10714106534099604
910,0.088100373186747835,0.12578724476230208
911,0.22209575951984004,0.14395271979703672
912,0.14271973472274296,-0.12677798819148822
913,0.031693559152561113,-0.022494256612997865
914,0.083540008729687754,0.16002248912375172
915,0.039531197876456682,0.24180804462879285
916,0.029545044608824865,0.1182299201485232
917,-0.01509179331132794,-0.049436481312871185
918,-0.20998459823420371,-0.13620206669360568
919,-0.12884684775769903,-0.16022598552839723
920,-0.1037928523155949,0.058408109617745327
921,-0.17842851024160405,0.11217900478068055
922,0.054578718033194577,-0.04146066891145872
923,0.026814820319109457,0.12638831702330078
924,0.039590942882544812,0.1938997616290889
925,0.26255554205523224,-0.010232842844729495
926,0.043216029515996846,-0.057764695655836862
927,-0.11104311081713371,-0.096323321282172039
928,-0.033963872004709336,0.080616305452364381
929,-0.3582390067235291,-0.011552758169256487
930,-0.28304035216334478,-0.44717370187013689
931,0.032157199297058126,-0.1337638933238183
932,-0.17548531788435101,0.14436664343596917
933,-0.023135336393754521,0.011486145209129699
934,0.21837527533238613,0.023019911155586933
935,-0.096619126428807919,-0.10815144755667079
936,-0.0060419612466938548,-0.47974721776099094
937,0.29522116825314337,-0.26418780382751295
938,0.11788565385281821,-0.0011256003724121159
939,0.046792028852340184,-0.14406024672178525
940,-0.059745719029280366,-0.051603642831881909
941,-0.21126885499260625,0.18438853446510706
942,0.092378392210781118,0.1657500230862384
943,0.058111638179033129,0.13147306595683864
944,-0.076970426607989875,0.018867582828063834
945,0.16643756734511156,0.0032537441917878437
946,0.12007039663054005,-0.011370755961994029
947,-0.0039514910462586563,-0.1974985233197902
948,0.091657444667409688,-0.2054562106794928
949,-0.018358269377717354,-0.031641487503924426
950,0.045805924399903802,0.12264979623877122
951,0.10579718141347863,0.2404164666436959
952,0.017055849761279204,0.15358335258568556
953,-0.06305888246460134,-0.00072605044931415424
954,-0.19016007603547885,-9.7781813015434399e-06
955,-0.12035403793413735,0.24915434927119287
956,-0.020721548359684025,0.15080004838060848
957,-0.17743041319667005,-0.0085618260273999762
958,0.096396506931966663,0.22410623678517311
959,0.29438099387131372,0.11120382886882835
960,-0.13097794445824876,-0.0993978962489835
961,-0.099259037012037282,0.071182389866632167
962,0.1243422874994653,0.088629653633340189
963,-0.1278014445299292,-0.037797869369986484
964,-0.13497938825499939,0.28415657919050086
965,0.11529944567553521,0.31418852453097024
966,-0.16263849111136697,0.16438896618474999
967,-0.3033728584736502,0.23495451690843608
968,0.021092659830568489,0.054172747194465604
969,0.076958942881246828,0.03703705220810577
970,0.066948367191427396,0.2885155945359798
971,0.14865891230322498,0.20739643239941269
972,-0.092550558903284175,-0.19591005558582447
973,-0.093204196916137308,-0.27789312170968189
974,0.13697668417886275,0.097991440668350915
975,0.05260395383190565,0.15610089560441234
976,0.064414943927755389,-0.15488620975801601
977,0.28588740160720527,-0.2004587778144849
978,0.29333911403604135,-0.10647708123576853
979,0.15742410054399142,-0.12635417027156937
980,-0.18188013542187911,0.05857416128548195
981,-0.085378582797186547,0.020262319032735836
982,0.27753867379339897,0.013171032781761967
983,-0.084086650476468891,0.17109194351457535
984,-0.1747373762957076,-0.032842342409747115
985,-0.17030008924503931,-0.045638036326332627
986,-0.39057213018255194,-0.032548433020097411
987,-0.048766414683137943,-0.13860666095260918
988,-0.012458294770985732,0.086229196149180828
989,-0.16847098547748729,-0.045215012092586833
990,0.0097083484115697456,-0.35330142727100233
991,-0.11827052334243393,0.05403674035471679
992,-0.17384003964641551,0.36190079558651617
993,0.01365596958007753,-0.073170960420419012
994,-0.060360672405822616,-0.15715646175692594
995,0.037525320730866903,0.30998072118265818
996,0.060746415263419999,0.26967641639171852
997,0.16123578112017994,-0.20172730968981387
998,0.10346285163871061,-0.15375706688156904
999,-0.15272675701697874,-0.045379957076742049
1000,0.094665469987494519,-0.14316636578136643
1001,0.29766502812874457,-0.03121011850267244
1002,-0.1469829914729526,0.086334769941527667
1003,-0.28465271588286772,0.074386474201216732
1004,-0.16191720533572684,0.089701721300487716
1005,-0.25564269211450619,-0.11261744044783037
1006,-0.14839867505373119,-0.18703443866704664
1007,-0.0034535102104268772,-0.10140369887374352
1008,-0.1056099059349358,-0.091380941582776362
1009,-0.067675156456953295,0.10085098199605236
1010,0.17767667251499641,0.13014440958677392
1011,0.38178591119890098,-0.19002815697975797
1012,0.12383668957927108,-0.11291112407590076
1013,-0.22790925240722212,0.13585324675586596
1014,-0.088539618208632792,0.19551949811408095
1015,0.014867181248235767,0.034814802740203946
1016,0.08056345353798304,-0.2326308197388838
1017,0.30684058146937859,-0.15119742727699306
1018,-0.02111374430113604,-0.036642866849709382
1019,-0.23275421825641379,-0.036309025745871797
1020,-0.16179806390085191,0.0096285454502305461
1021,-0.25309706880552563,-0.050272959635870529
1022,-0.060561994900717397,0.0056228954637034395
1023,0.0029919278364963428,0.10842376218607641
1024,-0.22786962316658879,0.13245168772153632
1025,-0.017903308419449177,0.11171268603568857
1026,0.33542793096639734,-0.01207001124824352
1027,0.042316355860710739,0.047512055248395191
1028,-0.20909937653140506,-0.037416191573673541
1029,-0.093135977911038365,-0.15271288240973485
1030,-0.21455325188719196,0.1852373650131153
1031,-0.067560872018006118,-0.06504963688142372
1032,0.0050997273244218835,-0.26626434072605165
1033,-0.10855857870159794,0.0058749178125142845
1034,0.14379578744776336,-0.23770937277183407
1035,0.087611807476176848,-0.059059287613326301
1036,-0.11690291401688704,0.20723766065872221
1037,-0.079601644986778824,0.066018514677106718
1038,-0.2702512323222222,0.13769732197006573
1039,-0.079606681918379663,-0.084564328164348349
1040,0.12863257015707003,-0.26399707203025935
1041,-0.0021064415030239633,0.017389568983434189
1042,0.27927122813067135,0.10430934996801391
1043,-0.07870392520855754,0.077706143823326704
1044,-0.20587092875643503,0.0694883426368922
1045,0.1287936165634643,0.20545777734728676
1046,-0.016763252007259519,0.10295803071462729
1047,0.082756294927856341,-0.080597306902633711
1048,0.053336449313182266,0.21052349252192332
1049,-0.18071190517192109,0.16224069654715625
1050,-0.1313825763763827,0.082042179683107799
1051,-0.34338442876962788,0.12178409090705887
1052,-0.11287397492247543,0.024163494910827282
1053,0.089279641575348082,0.19227678670543233
1054,-0.1605243686327574,0.10075349541443031
1055,0.12661352719819371,-0.32673998535939036
1056,0.061219597898394186,-0.080052263653488387
1057,-0.0077362237998024365,0.37950285989671345
1058,0.04722846460116932,-0.038528830866119149
1059,-0.21866900268999706,-0.36354055492414916
1060,-0.029646698807882933,-0.046767547837730482
1061,-0.18119015920527065,-0.025807168329310168
1062,0.11176811652728408,-0.15561872389095616
1063,0.28399221811337361,-0.30649999693573271
1064,-0.033443958368509087,-0.18505380790485645
1065,-0.11707125338419691,-0.0932118410548292
1066,0.066241685363611968,0.19893177623934527
1067,-0.12918875600110988,0.25178679382414226
1068,-0.025354814742555982,-0.028978047411606828
1069,0.29026194869738453,0.13476876387472855
1070,0.15250863274127457,-0.018037317921735112
1071,0.072514694933894633,-0.29124992931132265
1072,-0.00145887229653938,-0.11604711816973268
1073,-0.27778653411836807,-0.018261222094965439
1074,-0.2539123819920352,-0.042331417151342407
1075,-0.041084172271197712,0.21018392160462396
1076,-0.014766137219416275,0.20025312822817146
1077,-0.098175987112520346,-0.14346200937962214
1078,-0.074100602362021373,-0.23873711494068395
1079,0.073624530155913442,0.081317340305764582
1080,0.22072985138161177,0.037685951151565311
1081,0.13077194933284966,-0.21800402423352075
1082,-0.078956534070614953,0.021887860179904808
1083,-0.14587609359147136,0.12121818978748888
1084,0.061750689456939289,-0.044696258521828985
1085,0.051171679413330458,0.022400413692645935
1086,-0.29233162588832889,-0.012502523395843748
1087,-0.1350986094290873,-0.17644174950361785
1088,-0.12128386565567086,-0.19361819836549654
1089,-0.15727276545370672,-0.1841772095717106
1090,0.067371066392060086,0.14386844357216177
1091,-0.33201558435046269,0.059012714542222483
1092,-0.26084344027944778,-0.12669600038704015
1093,0.062112747921388343,0.066179981762122336
1094,-0.1689723354227394,-0.2245190243408256
1095,0.013459589642115464,-0.35898810507886614
1096,0.14297485887222039,0.038298144951822634
1097,-0.23329327016487103,-0.10869813802021887
1098,-0.22908112354314789,-0.10898436170708131
1099,-0.20102231527050365,-0.095229185876134437
1100,-0.093028219703580634,-0.27469301458974538
1101,0.032170783190893851,0.024393683055275714
1102,-0.0025994036447589894,0.067008513164271588
1103,0.068475333514528863,-0.18615133253464605
1104,0.0016710530491471556,-0.068898328197909045
1105,-0.19199710863750832,0.18448311569761258
1106,0.0829302303588655,0.18654834137203979
1107,0.11397241812816873,0.041864194473993789
1108,-0.23408753681654906,-0.0046762670610788551
1109,-0.15340740218936122,-0.042443290376698369
1110,0.17337239386568556,-0.060514738208526805
1111,0.16930433263371583,-0.050284510172536628
1112,-0.098510152868974646,-0.23819175240822843
1113,-0.061809245019541395,-0.22503003616694323
1114,-0.11576216894927258,0.027269101971801595
1115,-0.28802077199195986,0.13379518660609646
1116,0.023311677539936626,0.16573909696299868
1117,0.18935411704251381,0.21742315370856555
1118,-0.022123413414101192,0.015086485035665629
1119,0.22316011758286008,-0.14777741453879437
1120,0.20498106960191684,-0.010253022243901792
1121,-0.13022670355727617,-0.068919524320187053
1122,-0.1804429456015437,0.00027544872431861309
1123,-0.22167476644771475,0.33503624300649065
1124,-0.15235910573378011,0.13745282024344235
1125,-0.024883616815801333,-0.16996435869598281
1126,-0.1869300341015632,-0.29736704120771257
1127,0.059184235546921093,-0.20693591712248882
1128,-0.012199962991627088,0.093512587104501083
1129,-0.13868214604650816,-0.075613676371393324
1130,0.14471540871020697,-0.25229290958761952
1131,-0.20090556943068583,0.12362036761892446
1132,-0.19352439506878832,0.030999389000375962
1133,0.060115669926786602,-0.13680432687939764
1134,-0.10682376279678173,-0.021401776617001315
1135,0.059076118062122346,0.17044634409361761
1136,0.10284847846740963,0.20309545303505874
1137,-0.023446009027568031,0.018190967916974214
1138,0.10998270732201025,0.087774044680707625
1139,0.12584811272678731,0.063364327492739347
1140,0.11947154358129142,-0.34712692216498409
1141,-0.077690822637365847,-0.20039074722415381
1142,-0.13124863629287981,0.11130862317502807
1143,-0.23176123691518741,-0.11836763579083798
1144,-0.18350879021024408,-0.14779188133102164
1145,0.32100416275718074,0.26658900031675448
1146,0.039416779387242654,0.085379291972504281
1147,-0.3581871442990468,-0.048667681226245353
1148,-0.025069198390947237,0.07083384156554115
1149,-0.091219363568040238,-0.2618240800664679
1150,0.12710037764147722,-0.11373985330098543
1151,0.46951256740825331,0.21481132361809063
1152,0.061773140302396931,-0.20310274437129619
1153,-0.082550343711642563,-0.040276022028949546
1154,-0.014905513068808003,0.027206158176459806
1155,0.074853953458602365,-0.13099574691011187
1156,0.21083580484676046,0.17410071711022468
1157,0.099049561663790087,0.10675938976066787
1158,-0.096824208042979393,0.18345859506321707
1159,-0.17426287386961598,0.10398182272014969
1160,-0.087694710878790577,0.062569458736596223
1161,-0.051246166057543757,0.36356059696934523
1162,-0.16300263971337106,-0.021070409926520237
1163,0.24636014915557838,-0.15306455549494521
1164,0.25060103805289513,0.33065833202478667
1165,-0.26401349782782813,0.1947404061680735
1166,-0.1781023221707787,0.034875154031980063
1167,-0.058209852754449551,0.09433538758226645
1168,-0.10103908492617775,0.029720343289488711
1169,0.17653610872904715,0.051106910665365032
1170,0.12151014975039641,-0.12048591566372009
1171,-0.10006866466473427,-0.013143992809773488
1172,0.14855024308183301,-0.016385853040104682
1173,0.19757498361896153,-0.013854271875157727
1174,-0.07691732313389385,0.14306765309448227
1175,-0.058135593155425346,-0.12148589295396128
1176,-0.012485358640087414,-0.36206370220256989
1177,-0.032050364025853782,-0.32249263708606496
1178,0.1038321226475083,-0.15612667046023046
1179,-0.020023102642377093,0.071853230973477081
1180,0.17832861174168635,-0.095336247534940632
1181,0.26670832816372314,-0.2342149921785702
1182,-0.072316119315219266,0.12373639241086788
1183,0.18192487283757586,0.12091510260406227
1184,0.17876506827403171,0.0097798898130581763
1185,-0.12594689450013366,-0.05343423987179894
1186,0.02553768350904137,-0.095942716631008548
1187,-0.16162854312323566,-0.11624502234715556
1188,-0.24977135031692987,0.0079333737713470649
1189,0.15541713445451058,-0.11361438556570178
1190,0.070949909997114549,-0.35872247669369656
1191,-0.22107155967848033,-0.10195297282686459
1192,-0.076242731825958462,0.12131937741104536
1193,0.11174657223252477,-0.099637358075883725
1194,-0.10409318317355842,-0.075096599809444109
1195,-0.38936231042244779,0.09418249701059922
1196,-0.21013166112020309,0.070786702391734138
1197,0.039606175458734169,0.044376961447773949
1198,0.08166223958165679,-0.053070501546653819
1199,0.10753578711344725,0.13449070807992136
1200,0.09997355247468441,0.2202264163933513
1201,-0.11593319661224161,-0.15214407268073252
1202,0.0097763029508779811,-0.081813638119022231
1203,0.26447301798511375,0.31517725742007852
1204,0.16632761103620625,0.07499597411192635
1205,-0.0014003626750040514,-0.24539394331598474
1206,-0.050763517010922743,-0.13316576280024384
1207,-0.16935891961401511,0.069180390611053785
1208,0.01599967703559467,0.025761015014051893
1209,0.27365244069693495,-0.19388830580880456
1210,0.17226802011939282,-0.15139636096470793
1211,0.14135290154312535,0.074166240509982495
1212,0.027607628852560281,0.025119970339881351
1213,-0.0138337278256253,-0.053655889219294192
1214,0.15540688107518097,-0.003145562074284465
1215,0.062952769707926362,0.086854471066338867
1216,-0.2006778324242664,0.21086726792561497
1217,-0.10883001844972312,0.17221651701269791
1218,-0.054075915111132161,0.073502618679637879
1219,-0.1693263283828749,0.19710918529273155
1220,-0.10242672986479434,0.12315056901927147
1221,0.0034179976409115845,-0.028333746168703086
1222,0.12583569521207777,0.13839203897950952
1223,0.22937359091330625,0.16975168116870304
1224,0.089903602368203009,0.077834801211139851
1225,0.11140681170729379,0.093920617830317937
1226,0.26556292612749394,0.14555335746178799
1227,-0.045129576177879764,0.13515372721048585
1228,-0.16282307645026092,0.066852662713332414
1229,0.0024964395063651777,-0.062919316507269701
1230,-0.067155773570666988,0.016876703184702031
1231,-0.085409317168557791,0.099562802111374971
1232,-0.20366829998647767,-0.091395783012807291
1233,-0.31243741118470969,-0.14160615548200131
1234,-0.053470834318549168,0.046097811765734714
1235,0.16740728620489972,0.023299538396288885
1236,0.037629846067775689,-0.17962667676599106
1237,-0.024915174559577244,-0.29049633421594356
1238,-0.11811192346058103,0.14704365079170845
1239,-0.18900768032600743,0.38956211144033132
1240,-0.023679177402333985,-0.05403191565221372
1241,0.043793600538629289,-0.11431167025928732
1242,-0.070515793536441301,0.23777514498906502
1243,-0.087698315789599871,0.15004590761772763
1244,-0.10030553237244677,-0.0106984865606022
1245,-0.046299381477917401,0.076553824015408001
1246,0.27584617842651538,0.039100500545873711
1247,0.37591157220409938,-0.049859946067295852
1248,0.07194767164030548,-0.11478865642093196
1249,-0.12996826886038604,-0.078510876162185453
1250,0.12192688148653692,0.12260257951402757
1251,0.21589957816730559,-0.15929391435554338
1252,-0.14243279212375357,-0.34429112209053192
1253,-0.19139334578627726,-0.10614120043610968
1254,0.22480541451525418,-0.047643196032236733
1255,0.12704740694195926,-0.1457995922862394
1256,-0.034978092117645368,-0.10698136047360003
1257,0.096571247265149304,-0.071246191825611663
1258,-0.17526431462350678,0.02291672171900512
1259,-0.11028303769408754,0.1943894610581991
1260,0.062813511059417654,0.086814093078232069
1261,-0.27166621849919131,-0.17156643895867668
1262,-0.1882861822512637,-0.057652015071979389
1263,0.058279666777407299,0.055148591639883456
1264,-0.159722168406077,-0.13096000813399453
1265,-0.026671200101553119,-0.32544128620340079
1266,-0.063807522272063835,-0.37960704431577658
1267,0.0093868484711772272,-0.11947912487157097
1268,0.11096093004725779,0.093839713989540663
1269,-0.2077785013492173,0.021967487593395212
1270,-0.12736606139458792,0.090100216037186473
1271,0.10574040218827635,-0.072274656096900883
1272,-0.14876607343160606,-0.066154769733150542
1273,-0.17864302543904337,0.070045479944818509
1274,0.088082388379797705,0.014931982006660799
1275,0.083741421735168436,0.099865253479272276
1276,0.17268013943011037,0.0021145270651524934
1277,0.3139093545305946,0.12534906967783213
1278,-0.20076077384636087,0.36680643964964998
1279,-0.27508254359018341,-0.10631277627686198
1280,0.16602973962889109,-0.066017782648033041
1281,0.13784474696034271,0.33888291296487205
1282,0.094034409157450316,0.047410209901856716
1283,0.19764523745584456,0.075940839623609591
1284,0.1439850393139683,0.14908134604692733
1285,-0.050725134424773527,0.13748735200679815
1286,-0.16087429579770063,0.17490248904760564
1287,-0.12195008767826028,-0.083014453036130142
1288,0.045189456500108457,0.040899753230168236
1289,0.060252842698668437,-0.053071324705097588
1290,-0.1174552865541712,-0.13417626045028122
1291,-0.41767941242057732,0.31826336886333284
1292,-0.13348286394606443,-0.10389646247307868
1293,0.039937272779222814,-0.29314309901534275
1294,0.066544449905424935,0.095814255997048597
1295,0.3471899395247639,-0.12875089593018413
1296,0.0048959742424709721,0.12880996451104629
1297,-0.26137634374131269,0.32087029323205746
1298,0.11911768604497931,-0.17487395231616187
1299,0.21254910974320734,-0.16602786999475133
1300,0.19973746922534102,0.1030006234817155
1301,0.034228241208529367,-0.21623994780223488
1302,-0.18320624113866654,-0.29407434443032821
1303,-0.094835041712523049,0.092860029041069575
1304,-0.09156134378319275,0.099276538221719002
1305,0.052760354063262016,-0.025255510630343887
1306,-0.060717567390462704,0.1798334226487085
1307,-0.025859039907625066,0.19167590606120277
1308,0.11222414115163296,-0.025300935919575083
1309,-0.10349821093029779,-0.13076104271119876
1310,0.1928338838621535,0.011436657640297807
1311,0.18259414507305297,0.10954932698977142
1312,-0.20101011822045012,-0.1653107244892644
1313,0.09315072082173062,-0.12182106932366742
1314,0.059468761748692194,0.10778680500962808
1315,-0.13811743044594926,-0.22846734290749934
1316,0.096634444648673851,-0.32099348431811314
1317,-0.007212489785802443,-0.20200740859871763
1318,0.15283344884882741,0.1056959080316875
1319,0.33159411199954958,0.30486695405139347
1320,0.17441021317287561,-0.025553377057913208
1321,0.10500530730824097,-0.08013798493877769
1322,-0.20413322214616894,0.036029744255166973
1323,-0.25273426727353843,-0.12240226803105655
1324,0.031369476828296584,-0.010164308721719164
1325,-0.1403205541880525,0.27770549259504484
1326,0.0084294729436143363,0.17688613380234106
1327,0.27863219325889071,0.084946173114918228
1328,0.10667763854840437,0.030864024269745313
1329,0.064194208129636637,-0.25295001281286905
1330,0.050362655230556455,-0.25404594014880189
1331,-0.1513404790785868,-0.044163073199244472
1332,-0.20141674836022905,-0.010360312837454491
1333,0.10250424748338356,-0.080554742172797275
1334,0.21523301159233638,-0.046936461839346244
1335,-0.066721664610751755,0.060112047484001591
1336,-0.028798372521863493,0.21195145058777815
1337,0.24707732840197008,0.10475094207400291
1338,-0.015809818882451677,-0.071395682302715105
1339,-0.14188165412649778,-0.13452256140881841
1340,0.040061651037871689,0.076571604228442308
1341,-0.036645949605407839,0.042727384751400123
1342,0.036838008036332803,-0.30477951881926874
1343,0.17128112062224538,-0.16392403014492543
1344,0.2157214220816136,-0.140718789429993
1345,0.2110374770827477,-0.16967325813602041
1346,-0.12260401835492366,0.064933351854235155
1347,-0.086234143291726753,-0.30234488799673059
1348,0.12222713916719125,-0.2160464974000488
1349,0.14310818536923936,0.085327833124068428
1350,0.10970633485042995,0.27569220655419591
1351,0.069856965116233655,-0.017791341520010759
1352,-0.061261650631325368,-0.20605344747295651
1353,-0.037621166077386803,-0.17099876124110688
1354,-0.040895100525246073,-0.18017074690448476
1355,-0.26599750857321519,-0.026723183012821419
1356,0.2740202571495341,-0.28371558072455816
1357,0.30007509583935826,-0.087619965327378924
1358,-0.19495328170895806,0.20075687495855618
1359,0.2273887031496554,-0.23217692557229475
1360,0.026762852460468247,-0.26554917186396904
1361,-0.049239021890873785,-0.14927684706317418
1362,0.4045168910974794,-0.13615517016806353
1363,-0.12576571323355218,0.065803924628120333
1364,-0.22991096232905617,-0.03474885936654544
1365,0.068611888448938563,-0.10416333493477338
1366,-0.21111992704477026,0.028698001987851385
1367,-0.12279940927143385,-0.11456449610818149
1368,-0.15000855648131997,-0.17758322298898113
1369,-0.12860719732277331,0.082397974755510014
1370,0.19705927634329934,0.10783038896589038
1371,0.18535567095129901,0.019990988657731447
1372,0.067123521308724177,0.018446391975576324
1373,0.086299367239751401,-0.043200876828390924
1374,-0.031717836148752017,0.069742718058284872
1375,0.050810183289615438,0.15022596776797437
1376,0.17746918126502798,-0.12330011748379002
1377,0.11736830925577924,-0.051206121588878765
1378,0.094335273716323095,0.14013144460098401
1379,0.21368466233065506,-0.074884250670371771
1380,0.23202595062642362,-0.11309296888163554
1381,0.040498404694675125,0.033918369835446147
1382,-0.15323767598146085,0.22024474351876749
1383,-0.10274977074394552,0.21564463096161374
1384,0.084028664155910968,0.11539124613865509
1385,-0.076659853412380546,0.13421837388652488
1386,-0.14731148368333497,0.11709417376051603
1387,0.15329993257112715,0.054839369172042601
1388,0.14772155051237487,-0.05766856066041632
1389,-0.0089620903338455092,0.067608641066498582
1390,0.032177740173925919,0.055109072977882152
1391,0.011505598781942943,0.16692822381228406
1392,0.10345605538785829,0.1922156554337183
1393,0.10550463599478641,-0.16340587145601745
1394,-0.13016993999801452,-0.16898885391493262
1395,-0.060357036327677263,-0.1432664456776738
1396,0.063988650168642275,-0.20032357499412937
1397,-0.11794736555479937,0.058231839950660003
1398,0.027483192879192927,-0.27043329212933687
1399,0.10746760393368002,-0.12866639406709038
1400,-0.1972879264077079,0.41505544803256272
1401,-0.14747948969206354,-0.092833488613800016
1402,-0.28696036581377021,0.01714359509797149
1403,-0.26767353789812026,0.17495583660188679
1404,0.20854669775003704,-0.16054730129295797
1405,-0.17022004946360758,0.32995497105261373
1406,-0.33073714870168003,0.23498378316684521
1407,0.015200035600166115,-0.23801424040283214
1408,-0.16511263627841138,-0.075395297961193972
1409,-0.15502799703229525,-0.061483402638276313
1410,-0.14572084317282005,-0.09630345275667701
1411,-0.015967687205757943,0.035079585237044769
1412,0.26175939018399308,0.14692172512045637
1413,0.061541017998670192,0.12100269560691761
1414,0.27243577243854733,-0.14588218854994991
1415,0.28112858738615981,-0.11840628594491526
1416,-0.28377903650217251,0.0062509141086304724
1417,0.047507155535608428,0.11602434424529826
1418,0.19391034876148339,0.10608824925585129
1419,0.10446225475460721,-0.18901274955440789
1420,0.21753415142842783,0.08725293283298112
1421,-0.029238506641651771,0.24102886009786795
1422,0.068689244873410882,-0.23594532009009073
1423,0.11163315739261054,-0.19004329487305197
1424,-0.027846631483904583,0.014149590107103842
1425,0.13264193947016217,-0.19387206897368173
1426,0.14519454206148427,-0.10708282093055788
1427,0.00065933605990962582,-0.010063334568895025
1428,-0.14229637930666819,-0.0063279174767982664
1429,-0.0017853137811791615,0.14962730402659402
1430,0.20812911722245064,0.12210929745069431
1431,-0.092581355908515836,0.072725117540393902
1432,-0.10931916991969096,0.42034923229510363
1433,0.16163187608860796,0.22246454485371031
1434,0.16264668307024688,-0.050376344902738832
1435,0.12184257627902181,0.22126988836633971
1436,-0.0066660264858820137,0.058924516617111657
1437,-0.068824081292151423,-0.27896576650904231
1438,-0.11036992960912329,-0.1746974985058922
1439,-0.052027487444461361,-0.16122604398160142
1440,0.094131873151032136,0.10717785486117798
1441,-0.065931217525498534,0.21457878407781331
1442,-0.10049510589304719,0.10205239342178959
1443,0.051306761268592939,0.13794732567141038
1444,0.15351973716816603,-0.26960553429101314
1445,0.11878991600569704,-0.32562987920656306
1446,0.082042137289395189,0.065705855615047978
1447,0.10793884455596275,-0.041896343431582765
1448,0.24698264756153346,-0.097659402044822638
1449,0.11921924575013777,0.19594776696772126
1450,0.0080674171327541414,0.27254902657422631
1451,0.024367185049749943,0.011715428337463848
1452,0.069395047192843118,0.063448972647204366
1453,-0.013958796778140197,0.1393436057813344
1454,0.01631371804370749,-0.19852317680524989
1455,0.19427392148407913,-0.090156987456103524
1456,0.22341518716309969,0.29281624377537385
1457,0.085194594609155225,0.095042500451906625
1458,0.016956869443867938,0.058598818152586218
1459,0.14207120307129301,0.35455317508416834
1460,0.29016043338286623,0.27195598664636828
1461,0.018145583773311831,-0.019086944642070017
1462,-0.27914232897016084,-0.23544608078598353
1463,-0.069876003117318619,-0.12313073971460693
1464,-0.063303639989070487,0.25963580818249316
1465,-0.097904936603738668,0.25099855853645903
1466,0.12612102032909478,-0.068182297796656272
1467,0.24508789615447107,-0.15119386224119427
1468,0.076730795786154757,-0.22065492554116231
1469,0.024039258623698975,0.035503969692775368
1470,0.17153312097587542,0.069978445356090602
1471,0.33030246494670817,-0.10142837431466482
1472,0.13153300399904416,-0.13618438740729741
1473,0.040868682659700867,-0.012455444440611786
1474,0.01889070745207521,0.041111283429738299
1475,-0.12325963123309877,-0.099763945277411087
1476,0.10165680450692709,-0.25167890748708771
1477,0.24918916330773117,-0.0076675790109248625
1478,-0.20057859993146177,0.18754510438179256
1479,-0.13684493149143173,-0.051891758794775519
1480,0.20066487292089247,-0.17512863783280114
1481,0.03319705807950081,-0.05303758359778752
1482,-0.13140000807262817,0.18490294341394548
1483,0.016898435933060136,0.32909538712954023
1484,0.12582077163439931,0.13273715851021683
1485,-0.10372838875050827,-0.19362747139214856
1486,-0.074383831648859644,-0.10966966572409206
1487,0.027534946976288169,-0.041607000968330719
1488,-0.02597903835085099,-0.01957520080591486
1489,0.034286425561711492,0.025763448898284882
1490,0.10151164713603238,-0.061020604441060472
1491,-0.10338715317990917,-0.063492557771787347
1492,-0.055054405909785879,-0.069819003977115754
1493,0.24162137203294126,-0.28451125531471555
1494,0.21117349150768125,0.022432580208221975
1495,-0.065055792827382233,0.28058320167321332
1496,-0.053712951750546641,0.056566402321149303
1497,-0.24049732617596187,0.11133666299342959
1498,-0.44820048384341332,0.039357834627207891
1499,-0.010852117810788986,-0.16890207740793972
1500,0.17135557781833052,0.024890176685339212
1501,-0.079877995703153834,0.090607226440083954
1502,-0.040940529501253237,0.018095887433757285
1503,-0.12924420842091128,0.057481517488915425
1504,0.044344373785059073,0.1241241948234178
1505,0.26925524406334006,-0.060513402675637387
1506,-0.083438274152665748,-0.24100764773319577
1507,-0.31838787604766944,0.14497626158619945
1508,-0.021885730896152103,0.18967404260849879
1509,0.0032875530408825642,-0.1512729368785784
1510,-0.042415122038480337,0.16949077564523882
1511,0.28891224701831864,0.19254325411960183
1512,0.14037539904998073,-0.22025738387112981
1513,-0.25216827925558039,-0.098408921713263597
1514,-0.0038072969896674677,0.11252679252584176
1515,0.079036446760716098,0.094637732498328173
1516,0.072769676423606253,0.041437202251267721
1517,0.039040901479110782,0.090977045493740707
1518,-0.17738123891963209,0.0010014776660187529
1519,0.025422508989576868,-0.12375333014723026
1520,0.42782615701026788,0.13863875924965086
1521,0.23041947060356435,0.13287940135355034
1522,0.041967979853192464,0.092025925963025099
1523,0.041252809305099641,0.29018554311504102
1524,-0.18002990640313413,0.018476933019741654
1525,-0.19555942675681209,-0.3395453758914162
1526,0.066754277153072014,-0.060349771435282772
1527,0.11483420876619696,-0.0048301991083113298
1528,-0.059129655310854574,-0.076806024154079139
1529,-0.038538644830484331,0.018640101516212305
1530,0.041389118924496288,-0.0020142976939669065
1531,-0.017646953112624091,-0.042909899883992693
1532,0.089604254406398659,-0.083671020685354328
1533,0.11496567458563026,-0.15569743730859725
1534,-0.1122142005225614,0.11127482580688931
1535,-0.10213397635569513,0.3152031310898219
1536,0.10677625030516691,0.18608287291496955
1537,-0.031768334766337725,-0.083494028972808138
1538,-0.18545813056178084,-0.19098212990191588
1539,0.16300581478196746,-0.02539981985609626
1540,0.20367604192032684,0.20477040965267662
1541,-0.21652795640416583,-0.04220022384827285
1542,-0.046159109487068375,-0.28508153797332852
1543,0.16931500926463858,-0.077231183604577078
1544,-0.023255933458906822,0.025603670776368201
1545,-0.037510835138906157,-0.010866246930248628
1546,-0.10762141651412062,-0.1488333382187601
1547,-0.29752243530237776,-0.16303128952572774
1548,-0.17760302047384804,0.045533415967577595
1549,-0.02441004496923568,0.004273607022483872
1550,-0.060699066612547564,-0.22680005200990791
1551,-0.19871940181150746,-0.21013787928677774
1552,-0.11797008714603927,-0.022317950128271782
1553,0.071819908423046044,0.27391757401351008
1554,0.024555583264481269,0.27515457098875384
1555,0.093694216229259136,-0.073162684642208736
1556,0.27778903560259804,-0.16555342104480258
1557,0.004261295725628559,-0.02925016715935513
1558,-0.34924641808350698,0.18414576263071322
1559,-0.21406074562516195,0.26260010877519213
1560,-0.023913414585230938,0.05328322869804912
1561,-0.065178974338341938,0.09506956710010836
1562,-0.31540435242706899,0.25616766624031057
1563,-0.17050574391637516,-0.11858846074747605
1564,0.010411091625889216,-0.1632556071728232
1565,-0.020828178832713359,0.12023539543737076
1566,-0.072328637355530273,0.019938245128233539
1567,-0.03714631001409148,-0.0080739031178506514
1568,-0.023925677671900403,0.24691157707942379
1569,-0.15074797652395819,0.1826319065493337
1570,-0.21094897852207045,-0.14161501531948187
1571,-0.12907678713399906,-0.098092071277943144
1572,-0.10645928419030075,0.069932098795251085
1573,-0.064730547362751092,-0.37836353160645825
1574,-0.079401027630293997,-0.28036322358322185
1575,-0.078313579167735028,0.15438678974831518
1576,0.08215038470612189,0.087708285723333307
1577,0.033136954552104053,0.21427479694327398
1578,-0.093491293188632779,0.084050062402444739
1579,0.077114499058065097,-0.17606064162735871
1580,0.14534888274128668,-0.18375638021211815
1581,0.13312439663680734,-0.26567173760104562
1582,-0.030987826535017995,0.045776057523131436
1583,-0.18294571495188161,0.20518931775438728
1584,-0.19124794999702532,-0.089673902824007404
1585,-0.21891963694607181,0.19725239217675192
1586,0.011689844371934856,0.44182019676408418
1587,0.053774137145904649,0.12317336486499014
1588,-0.19759461986199753,0.1063869722969463
1589,-0.043465510687336104,0.13989486353023148
1590,0.15613525588363539,-0.025973594260550223
1591,0.015531481332290455,0.0029207989111385245
1592,-0.092874343354112626,-0.14066130006478325
1593,-0.076019578770646953,-0.20558670381699115
1594,0.039557212048768609,0.0072481731404647528
1595,-0.085415925473229404,-0.21224119968582983
1596,-0.036966177514708001,-0.2831749716399205
1597,0.017601777257580588,0.25996830732402404
1598,-0.21946289070966687,0.072811772058737428
1599,-0.10184929659378081,-0.16881355163100897
1600,-0.21692548036527892,0.086829940512587606
1601,-0.085194854747472834,0.12819313498827573
1602,0.23597788467054459,0.047743672288459688
1603,-0.21492410396085734,-0.15352026395450113
1604,-0.26126039312309873,-0.16948293898942551
1605,-0.07303121584302194,0.11987764083141869
1606,-0.27196465426669708,0.095989864084651766
1607,-0.011139044759485722,0.071186674283610252
1608,0.1596800508648876,-0.059213176906863084
1609,0.14054915980306498,-0.027159138743966787
1610,0.18821444055217829,-0.046969814742715096
1611,0.0095138504937456805,-0.27270107474278854
1612,0.30327378976199371,0.26136351110690015
1613,0.11070095227076526,0.326984311054625
1614,-0.20892682192639775,-0.18402061800481201
1615,0.24008879688194348,0.21600938798340263
1616,0.27293584493300921,0.060315687632940485
1617,0.14398400988991367,-0.039519665047687939
1618,0.15561607598106639,0.44441934054256643
1619,-0.068270468915827678,-0.14068733543590314
1620,0.014263259783115538,-0.20481775405636188
1621,0.095582211627891989,0.087465556027068334
1622,-0.024935586858649002,-0.19406567476150496
1623,0.10245397330784298,-0.13804769608520925
1624,0.142539021592444,-0.14455933521207143
1625,-0.076723196019011425,-0.16954449366940061
1626,-0.12143533681989306,0.182009954934538
1627,-0.031417889736628964,0.164877545824581
1628,-0.046789199180105212,0.059893398036180781
1629,0.030646361450950156,0.10142777231555911
1630,-0.073119111869804465,-0.054623979218559784
1631,-0.1301095342566837,-0.0095855325191834123
1632,0.12421992871164,0.16488123695636961
1633,0.047801292738518034,0.10438873179256045
1634,-0.098673438090730758,0.10333789027232262
1635,0.039492919150388897,0.2145874053773715
1636,0.11345397167273606,0.23640482804914345
1637,0.35073835364102551,0.035522065850717412
1638,-0.16266758583409097,0.030340067959387072
1639,-0.055676862191326143,-0.039330652379966274
1640,0.18367162408413618,0.12017327954583981
1641,-0.1847399794334075,0.14362107186055439
1642,-0.17954842080476321,-0.076624063905411377
1643,-0.17347231576292799,-0.024669479236990366
1644,-0.21509522523452532,-0.0033214715003021308
1645,0.15471363509912822,0.10359624689222702
1646,0.084545975568452475,0.14602391254769148
1647,0.17619865803564613,-0.062638971626586951
1648,0.26435048028380165,-0.017270323004766722
1649,-0.17447663512734718,-0.011516501655297154
1650,0.14126670058944124,-0.075011369020186958
1651,0.14302560377488432,-0.22467103425462195
1652,-0.38206942632474028,-0.2123075482725193
1653,0.053801413338326089,0.0093083484553634563
1654,0.30739505149362384,0.058639367896316227
1655,0.039941579094341477,0.15988443856638287
1656,-0.0040134822913272805,0.14390001457185483
1657,0.027430236954250207,-0.28844707416552706
1658,0.041357019274402468,0.028563644851990415
1659,-0.083186027844336333,0.1970926784548995
1660,-0.11599541750615427,-0.26284738774234995
1661,0.0062420244400763873,-0.23531429441794988
1662,-0.099307025921442943,-0.37285703349811411
1663,-0.14213906650492511,-0.27092830909194082
1664,-0.11747037313787935,0.1248392253132256
1665,-0.069501314890079699,-0.093366882328844047
1666,0.06585920325443069,0.00045701287800052615
1667,0.050458677418893844,-0.011481890750982309
1668,0.16739636514185968,-0.35991094622879788
1669,-0.13490664365548266,-0.20813829462138389
1670,-0.37602761307541727,-0.068017603223809106
1671,-0.047840844340004879,0.01734373861421647
1672,-0.023335657924455869,0.063549486002096242
1673,-0.053973571849428567,-0.084210586836704154
1674,0.18926635745835432,-0.051284155223658361
1675,-0.13318798346955088,-0.27076744180413465
1676,-0.23784843347782877,-0.28434317043088719
1677,-0.197235462760119,-0.11937506648499766
1678,-0.14448579378758336,-0.21462902498754974
1679,0.21755874362655636,0.06455736389468214
1680,0.0074467204250986702,0.083575112860414053
1681,-0.26701679038228127,-0.13770771068027021
1682,0.11057644697720254,0.061226673509784758
1683,0.14103729595313025,0.095041573951505254
1684,-0.097350920999917337,0.29776173054978106
1685,0.0081976342760122136,0.096585573903545788
1686,0.020621249436673383,-0.43832201209687899
1687,-0.25996598047135377,0.0016493697686603597
1688,-0.15348895132489437,0.1062096865856391
1689,0.0806947285309281,-0.15485544747787805
1690,-0.15395094103855503,0.18117960002473776
1691,-0.12250136863893851,0.13178523284478194
1692,0.079932071527199014,0.13912928260612384
1693,0.013890662544114222,0.19639347412172461
1694,0.12373249836336112,-0.19566102928185156
1695,0.054914090037745777,-0.16941632046300489
1696,0.062154978109582523,-0.17734176974233537
1697,0.20693993055768684,-0.06676449437293612
1698,0.023905155338486993,0.22711523569418043
1699,0.030086782029046535,-0.025813180155289942
1700,0.13584226350120152,-0.095097610541060737
1701,-0.16569232152335175,0.29369359666063088
1702,-0.09769649275487427,0.35785353537944803
1703,0.079553634206351351,0.1356925945673951
1704,0.033122172151952761,0.15441452426969743
1705,-0.088574737072056209,0.04108384469895196
1706,-0.048945025444272421,-0.16120094897762172
1707,0.13254717297083951,-0.10628968625553445
1708,0.17715305609815388,0.0037853996510651584
1709,-0.045624171584939734,0.007721521769074478
1710,-0.19627583110131253,0.11781019234663964
1711,-0.11558873725974619,-0.046539320876867296
1712,-0.0068985005138512828,-0.12947877542586414
1713,0.080024111828710234,-0.056355323108992501
1714,-0.083900190112947207,-0.010519541031964456
1715,-0.15910283628323035,0.16507630177238009
1716,0.16809655808278401,0.015837348973851244
1717,0.17004050571807899,-0.047520884167664881
1718,-0.10410301982847117,0.26936070712523846
1719,0.081349065882448487,0.20423084211940754
1720,0.041226405615587249,-0.003986552037966393
1721,-0.17449686599745204,-0.10384807038506313
1722,0.21981449223867722,-0.13896963153695563
1723,0.34307048841531324,0.063870256544334925
1724,0.18668252650157485,0.0088183790288549318
1725,0.0030252604493811591,0.03522052778820603
1726,-0.079607845886466466,0.21797381431144838
1727,0.031783092439668578,0.012097472096306648
1728,0.12848614336716568,-0.17818148185955904
1729,0.15739995884126867,0.05858304814289815
1730,-0.22088343082842338,0.052104235812512285
1731,-0.30625629581343727,0.095879593336868241
1732,0.076530014597166421,0.22136863374399715
1733,-0.14345329447569938,-0.12995109760396378
1734,-0.19654783973037213,-0.12645949889421451
1735,-0.12347158768963755,0.057223724537122905
1736,-0.38868655464565216,-0.027424605495287323
1737,-0.04983250819475317,0.13241560857053333
1738,0.15172492775721313,0.10471433307262021
1739,-0.17410280547259346,-0.20004676761738976
1740,-0.1023763669746634,0.090794121829785218
1741,-0.15276922342028287,0.14894508843441051
1742,-0.28594924110193048,-0.097858553255220845
1743,-0.045268525926105412,0.086029763858073066
1744,0.018995100790347615,0.098062809575136398
1745,0.30527442209921579,-0.042596152391945807
1746,0.55894754482345932,-0.041663770842633466
1747,0.23275642316748965,0.057008798374659241
1748,0.036446256495669981,0.15909941517780143
1749,0.11334134260637509,0.031697883884042995
1750,0.031382938262662419,-0.24508148467894383
1751,-0.14978672869786105,-0.26584797284212802
1752,-0.014378201733375309,0.091303376353829582
1753,0.20856253707005534,0.11187177229024106
1754,0.082978085605171031,-0.27218149564398431
1755,0.018680874037467685,-0.026914799543965674
1756,0.099044344312427271,0.13089907278421731
1757,-0.12040473902045426,-0.10853373427152754
1758,-0.16111212059935268,-0.0074393613704466649
1759,0.29013606475509496,0.26127350911788338
1760,0.18718240702830474,0.27903030634228249
1761,-0.049745461161436633,0.07954650514816318
1762,0.074571016748697871,-0.035188225023586324
1763,-0.12578616667787801,-0.011974137628439126
1764,-0.038532533147338927,-0.23726891346190759
1765,0.25472459725326091,-0.19214011772252118
1766,0.10855746940765539,0.16227761695420492
1767,-0.15039480366438351,0.25585047546473577
1768,-0.074282430547109771,0.19270267911264388
1769,0.24128448498088989,-0.159196612501838
1770,0.11789126419967809,0.022472334376213068
1771,-0.37411206307607464,0.34377882730562426
1772,-0.19955582334766078,0.081750404791676029
1773,-0.04580744081155988,0.10018855784924113
1774,-0.18692470299482694,0.20669668322014201
1775,-0.057559994776781469,-0.059902917021541255
1776,-0.12188093547122729,0.042850156590267044
1777,-0.052849919720908842,-0.014791537854561264
1778,0.32138255853327102,-0.091618687494160952
1779,0.25087712113179728,0.16658210948564578
1780,-0.084136090020757295,0.028746009294037454
1781,0.0031425363415685907,-0.15061726504259113
1782,0.23027046467073398,0.16887395860039833
1783,-0.053609886126085686,0.17189134226433753
1784,-0.16052207827466536,0.030295298036159074
1785,0.13892173991491658,0.19048975678175353
1786,-0.018181198837935238,0.095345060951393362
1787,-0.18043004682775812,0.10624330646591683
1788,-0.03227602140847799,0.17771854087498978
1789,-0.014123773218620437,-0.061839281289746091
1790,-0.11080684218544384,0.06629686616806682
1791,0.012954964933281818,0.035880994420967587
1792,0.15130128623444075,-0.17457629812297598
1793,-0.071624904032642822,-0.014830938773410626
1794,-0.097092232931003233,-0.00076168608302007446
1795,0.094337215010865436,0.10274535829929911
1796,0.1044858002251141,-0.0060076351093529164
1797,0.061679456210484103,-0.2470929578312191
1798,-0.066626937964283081,-0.074484043967234279
1799,-0.1541097987459521,0.013202505830894464
1800,0.069928319779234735,0.10924777304904351
1801,0.08691984046935998,-0.0043554631227486346
1802,-0.043830554506312409,-0.20966053046721353
1803,-0.016854211392700935,0.02849361446665577
1804,0.072847807201809098,0.10738217628487176
1805,0.02674164752058393,-0.050692266329997335
1806,-0.065559654407095588,0.15061761532098442
1807,0.11073821123863097,0.20953943932850058
1808,-0.055249549856487168,0.07962433038402765
1809,-0.19067671312168763,0.086013251400579277
1810,0.093057099509057398,0.10235455088044042
1811,-0.04084362173348579,0.1659631074183579
1812,-0.26079807773039171,0.018940959072596859
1813,0.089499346677462344,-0.12474408347366171
1814,0.063075308285928514,0.10147565101646784
1815,-0.29057053213250289,0.0020298843693011999
1816,-0.22782537889435339,-0.27354661613688708
1817,0.0020431893638939713,0.00014736908707958416
1818,0.072213663871635636,0.10607174839047526
1819,0.088884908641018487,0.011443213924021029
1820,0.076571336491524228,0.245700135698631
1821,-0.0054114825373765239,0.13870180826456241
1822,0.10036215691319819,0.16306130320506163
1823,0.11588521229316226,0.47804503856383429
1824,-0.10989122234337842,-0.074037057740791418
1825,-0.12433507232754719,-0.23629421912566539
1826,-0.037551520478257258,0.20964560373958574
1827,0.00091473690503945763,0.31789770021820246
1828,-0.17194617612179672,0.032126464886500006
1829,-0.13756832347731252,-0.28645713398261302
1830,0.2449750011217432,-0.16853714419814306
1831,0.097598236774883607,0.0038164029404268197
1832,-0.057000054403311663,-0.073995224096646814
1833,0.0045031123346917553,0.075825696838516685
1834,-0.32929228305999148,0.13292480877617752
1835,-0.35480212613711259,0.074728643466949934
1836,0.11619589358768606,0.076049376359354673
1837,0.13501140689492447,-0.043057649734011723
1838,-0.13127351879171056,0.079417127394871695
1839,0.017780138040242435,-0.013282026587859323
1840,0.059447547368014338,-0.30226588951128491
1841,-0.2293586521343241,-0.009578328908246083
1842,-0.058181777045618402,0.086163026460366485
1843,0.28368560182844937,-0.1889598967908965
1844,0.11858629079408782,-0.24590106106669649
1845,-0.10105661057533497,-0.037773085794279855
1846,-0.11027571535847239,0.10968062428311334
1847,-0.22958253683213189,-0.039365423378206144
1848,-0.48083968710219732,-0.3376501852542379
1849,-0.22140434740967543,-0.20753098696079073
1850,-0.060759673793612315,0.070073492199926285
1851,-0.0065399803310441963,0.12275479006844056
1852,0.26855314657121354,0.061213920143973762
1853,0.072174975147680828,0.19749264427986388
1854,0.024966403244363219,0.14353803674438856
1855,0.26224191858789803,-0.061230467509191783
1856,-0.16566306189821106,0.024880257226335287
1857,-0.057451441971057948,0.13680393544120328
1858,0.33186816433252353,0.19034668610844349
1859,0.066738649633226288,0.13099125580795928
1860,0.23770812414488168,0.008312985728902586
1861,0.19670905002505429,-0.019768679518113817
1862,-0.16315982993493483,0.14627164407320342
1863,0.20293566045138478,0.25286502454960508
1864,0.14375351124529095,0.16449029101179502
1865,-0.14644155080837526,-0.052911325056950842
1866,-0.070484043937790841,-0.22149710855905563
1867,-0.0039410032897324128,-0.035248672666804287
1868,-0.073408313862767208,0.20049678957374792
1869,-0.04072709863134262,0.019163941180625449
1870,-0.16564230965701043,-0.069263520562662606
1871,-0.34292644257559174,-0.12617486234566419
1872,-0.089966212298755316,-0.21955977476376418
1873,0.22331311474471841,0.04962095824292264
1874,0.001966747657426271,-0.02319998978280793
1875,-0.15255485538120883,0.10151998124643857
1876,-0.010159459497610414,0.29971657854261013
1877,-0.13425394252865724,-0.13116966975841313
1878,-0.14592682552141517,-0.063870682297629378
1879,0.057548627068651645,0.24356522464975805
1880,0.08476363503278532,0.048861941603453418
1881,-0.021209462628538397,-0.07338777135777573
1882,0.058667657557846233,-0.10573148976944111
1883,0.16266187903887822,0.04941353711131595
1884,0.13500019961266835,0.15134154064022962
1885,0.0095198671360384249,0.055713751762800162
1886,-0.10443312011402861,-0.088832854457092741
1887,-0.031475199011646499,-0.14030673292468013
1888,0.10808776982240552,-0.11751817071144847
1889,0.037587579920386499,0.096519161106544987
1890,-0.11580600620972535,0.09743099622980525
1891,-0.17333914252887084,0.09111105641995533
1892,-0.069863831871406601,0.37238437724115803
1893,-0.029609525310604921,0.36778183153601363
1894,-0.049382373941452826,-0.19366694775731433
1895,0.016212370693283715,-0.030351344784560107
1896,-0.11633619230716394,0.19957712021283033
1897,-0.15041480740503108,-0.20638204002854227
1898,0.068563133919465641,-0.15749172511282311
1899,0.0494804468588287,-0.167238896875951
1900,0.023211107422320094,-0.22264428506507264
1901,-0.12895853274303112,0.17248583688286853
1902,-0.16577681330612956,0.071879811701441962
1903,0.063570466480390442,0.1968210426994132
1904,0.019195055857054565,0.21618308335415776
1905,0.014927756454483111,-0.15364148235581931
1906,0.092687777532748664,0.14766120482081466
1907,0.20808126889186376,0.11357307151395848
1908,0.22765604218941818,-0.3835105588107694
1909,-0.037031534704932069,0.049920985253244336
1910,-0.077967257306834195,0.28485665532270243
1911,-0.16078477504927718,0.016944709560176976
1912,-0.16003999486843415,0.01541485838191442
1913,0.30534275863550731,0.011907512508403082
1914,-0.032637017109000688,0.084451255889864962
1915,-0.22430503292357548,-0.093561603065030391
1916,0.22463425039617005,-0.1329831076040234
1917,0.20834272733872428,0.028778604122053505
1918,0.37561460320313866,-0.11333774391033632
1919,0.26213650098094332,-0.13609810022670987
1920,-0.13121339644619681,-0.14403902285017256
1921,0.050165590682103293,-0.047955584079154942
1922,-0.0084406132696183585,0.0862309563680458
1923,0.019745518002717739,0.035282155226731914
1924,0.38428648864343645,0.13057789900882669
1925,0.28763498953501615,-0.08835571145405538
1926,-0.077235992812175969,0.2402037099944003
1927,-0.11318405310418314,0.0022461898153222637
1928,0.093393018836164937,-0.040454965640907205
1929,-0.32855193395911492,0.16114698341721473
1930,-0.09015017317689579,0.15472333073645525
1931,0.26240680381870451,0.14762171331061055
1932,0.011755962308333534,-0.12125042787562484
1933,0.094533950088713695,0.01115145716486602
1934,0.25289220694895831,0.31885710694584912
1935,0.1380632643312153,-0.0054312234068989839
1936,-0.047952011752254595,-0.13876439099439114
1937,-0.18061166088240019,-0.089325964535198227
1938,-0.2294149295658964,-0.024569747288929328
1939,0.018235086896469101,0.19572789472456978
1940,0.22443401225447063,-0.076281000782793415
1941,-0.040787327516796743,-0.22743610339948517
1942,-0.0073218267735011035,-0.024074827037760121
1943,0.20311847421160811,0.1294262055518331
1944,-0.30206172015093069,-0.045397406231240729
1945,-0.044953675672082333,-0.15646408697174866
1946,0.39351502125658211,0.037194954043800417
1947,0.12368307236511661,0.0016969003927771193
1948,0.18110601832889023,0.027860567841572918
1949,0.10798447396264851,0.24678784473707616
1950,-0.20662034733875889,0.25215526758864509
1951,0.057538748251857459,0.23612814253026285
1952,0.13345089072394786,0.027772476397705581
1953,-0.059609857683532275,0.0085767517548139618
1954,0.040335700596362087,0.069906760283562741
1955,0.090942798120790466,-0.13588068903096437
1956,-0.048266676127218168,0.15743818317566699
1957,-0.08179493224950031,0.28302608362462661
1958,0.11452199495945095,-0.11988779780067101
1959,0.093686602678722225,-0.021390414509905135
1960,0.012427786329179532,0.19442986056392958
1961,-0.006207380668520307,0.11461735114020806
1962,-0.16778060439509748,-0.14341100694385031
1963,-0.10224750061407675,-0.13358740184623522
1964,-0.14105800749395317,0.22133996792730101
1965,-0.024524308888665261,-0.0035488287280553074
1966,0.074462686495991151,-0.16910686238203562
1967,-0.17224078218389616,0.12399718649893518
1968,0.0090050995478566445,0.01429061445928975
1969,0.30088401445413188,0.0092557653520750557
1970,0.051975601079767703,0.093084018216894576
1971,0.086720348713241607,-0.07225137363401557
1972,0.017339226216977185,0.043281913660409947
1973,-0.12396778855381609,-0.017074087625774212
1974,0.021084872941095872,-0.26523562377384058
1975,0.085297389436144316,0.14023894843207502
1976,0.028438999907423948,0.28975098839807689
1977,0.10648145165033578,-0.0055266825672080702
1978,0.16396908782961483,0.063413350944341418
1979,0.028422815801582773,0.063946695061637054
1980,-0.11803191014671863,0.041502769343501229
1981,0.068833351226919401,0.1071067888733598
1982,0.059241981422327269,0.021473033669342251
1983,-0.0022829642034969382,-0.013504388666273414
1984,-0.038346152558497326,0.045973857195192661
1985,-0.094370024586031206,0.099134034313884858
1986,0.03146423452741294,0.18184757085060729
1987,0.077393342554045647,0.029336205860659475
1988,0.11756103321809136,-0.043645657506471688
1989,0.26542279479585235,0.044345201446761282
1990,0.30276491091969543,-0.0084387744659448205
1991,0.0069648861258523233,0.20466258580789076
1992,0.049708654599712764,-0.012802540195241564
1993,0.057325367961041922,-0.18087766985747625
1994,-0.13460201699494209,0.19308580923274402
1995,-0.014751203287797089,0.15798415303913571
1996,0.057925070589054398,0.063039604795491727
1997,0.0055380030711824797,-0.068537082113624664
1998,0.0036307633483097139,-0.31233969204439277
1999,-0.1072815748681315,0.069374484013234428
2000,-0.070063847699310261,-0.081986459734929351
2001,-0.031352258513818752,-0.25622561526491178
2002,-0.11996568591537506,0.12193656431055463
2003,-0.11980484159159391,-0.082451527002450731
2004,-0.045218657367302302,-0.005224692527956043
2005,0.18199036727798296,0.1345436437411526
2006,-0.024618232138971737,-0.020004888486873283
2007,-0.31691530129933088,0.24271332068185586
2008,0.11160047956281492,0.0470800395784369
2009,0.095156136643674602,-0.10386408388406676
2010,-0.22278879426417603,0.20542584387329271
2011,0.087843873079725174,-0.03328422962031917
2012,0.0010859008980043973,-0.21319263110979308
2013,-0.015135928198253348,-0.12678697597803926
2014,0.29380216881508714,-0.27403733201167024
2015,-0.12463369753704709,0.012543698178523022
2016,-0.1614684846076184,0.080161125425325816
2017,0.13750309241192879,-0.25322651686522446
2018,0.077529159549579882,-0.2226541565093671
2019,0.070795446718034755,-0.075940349811845553
2020,-0.022795268494101857,0.016755890871356396
2021,-0.11086579782929316,-0.039807769217389967
2022,-0.00096033011963998945,-0.26141704206980593
2023,-0.24280612528997633,-0.0267768563504985
2024,-0.10120694322610091,0.1408675083131245
2025,0.2676925186552267,-0.028772900514871875
2026,0.14658486438088744,0.30983565573296251
2027,-0.073227286020026067,0.48388477350598613
2028,-0.096412352780749722,-0.050148993825879611
2029,-0.0056193466438752178,-0.36605197429522202
2030,0.085232963087527841,0.13683713148673496
2031,0.057530642649602726,0.23732878859592341
2032,0.21332658665906828,-0.17091391771650233
2033,0.22965887488855763,-0.094765784411084922
2034,0.25788130527126063,0.19038452028873346
2035,-0.10715521415503935,-0.07755562864606641
2036,-0.40777278369846037,-0.28835568913029264
2037,-0.14649285287698854,-0.0039657552998758269
2038,-0.0067062711815489943,0.14029873129372106
2039,-0.044937401413568473,-0.13740358102681344
2040,-0.063748272674602841,-0.07689089233642725
2041,-0.33328464791069728,0.22474956250472666
2042,-0.22416993707199959,-0.0025207247365061718
2043,0.014368801878616715,-0.010444544811328881
2044,-0.010048335625556314,0.063327892741158687
2045,-0.010911430901912867,-0.043926510516239109
2046,-0.24977829891612383,0.16110142146781062
2047,-0.12419069099203424,0.21235602039179971
2048,0.21399410143489409,-0.022792909523499296
2049,-0.15901682020663221,-0.0069225814438509418
2050,-0.48334285461890586,-0.10415200811121333
2051,-0.37447024404217399,0.057367848644637398
2052,-0.31098000839290485,0.31868931100913661
2053,-0.14067379614967149,0.13127412168447283
2054,-0.049419371206417671,0.035335656464099433
2055,-0.082905872337603506,0.1566012813563985
2056,-0.073544651726755048,0.038660156759652675
2057,-0.06910737657077641,0.05735888052117892
2058,0.057460273743170323,0.086700817350435194
2059,0.15262166700622543,-0.20268593729305071
2060,-0.020232534522315555,-0.17820776624503235
2061,-0.078920833775618454,-0.18583892387971337
2062,-0.02157215578121436,-0.26725803442169377
2063,0.026469177358230449,-0.18286750590162917
2064,0.14933508617184216,-0.076956887430744705
2065,0.2660125965198134,0.017152248973325748
2066,0.15382450479132614,-0.13769050341661365
2067,0.13025928301632078,-0.075275536774201471
2068,0.0039270288476919756,0.26624570867416314
2069,-0.29407419453069017,-0.0080220309326184697
2070,-0.1240490081286333,-0.001906648933918063
2071,0.12341409446674985,0.30439168653317156
2072,0.011996636891595126,-0.028282643235350673
2073,-0.12833900864846109,-0.22119764082719925
2074,-0.17862341769993312,0.035733027891629944
2075,-0.12328325836679857,0.024739944159448815
2076,-0.073316409011786848,-0.1379268960424625
2077,-0.056829372140103591,-0.22306764348874258
2078,-0.054823140712166776,-0.090446691964537335
2079,-0.0081373606420125227,0.02669279912046861
2080,0.077707247089016496,0.21634191261395755
2081,-0.0098324295619971157,0.30563349109734927
2082,-0.04296046924885976,0.010210870976973048
2083,0.026038732716839243,-0.081302266707483625
2084,0.17002247017255095,0.018078659803760028
2085,0.1745987863585364,-0.016443693475193411
2086,-0.14879165448880136,-0.0095782407716108152
2087,-0.0223127158049444,-0.13500636433902327
2088,0.24031275023176696,-0.2099628531150837
2089,-0.14106985680206974,-0.046819300602475744
2090,-0.15719576529417806,0.04930834900042063
2091,0.16311740053031293,0.18052631995444338
2092,0.014709784640063121,0.16186811758943628
2093,-0.083756287023626044,0.070086861770258607
2094,0.32683808120008434,0.0217238043161311
2095,0.2928893013025306,-0.094310742171564307
2096,-0.023361906722131277,-0.094340476136123216
2097,0.35289670551220459,-0.079242656520589552
2098,0.13854090330888458,0.17874168843452926
2099,-0.45624238224420527,0.13688725255491241
2100,-0.067744344952782129,-0.15830385960442436
2101,-0.025752783427681988,-0.065356242656978064
2102,-0.030570640624352136,-0.0037812022949746636
2103,0.38646179374166895,-0.24476290787101504
2104,-0.10229503620914773,-0.37828518646278758
2105,-0.23788346082285863,-0.12407235356492627
2106,0.23753264992004366,-0.04219030671472495
2107,0.14528584374646325,-0.15477534474714918
2108,0.027983968368474058,0.21445494939382348
2109,-0.19204337149758641,0.14318804720174755
2110,-0.31751961964410436,-0.24775378558828992
2111,-0.053855606222606038,0.003437246814744983
2112,-0.017430636508308422,-0.0043451536859679257
2113,0.013604795500365197,-0.10590392213297123
2114,-0.19021323717507121,0.20418806681743035
2115,-0.21804283616157413,-0.071223522522211896
2116,0.26682772924899262,0.13314533984201735
2117,0.19963591933755481,0.11328299279240031
2118,-0.076818321234523812,-0.36993985464613849
2119,-0.029778005973181882,-0.023641675095665827
2120,0.074014806682309614,0.2482507008793774
2121,-0.26918896327814895,0.035983835018439117
2122,-0.57977539937865163,-0.086318862497708732
2123,-0.32190548619586401,-0.23978686731121138
2124,-0.093920524468846495,-0.22874541061131423
2125,-0.041429680592527822,-0.0069330599838817834
2126,0.21800485863795296,0.1286894335646652
2127,0.13654646657861319,-0.0034104781891954594
2128,-0.041052413459322847,-0.26771996291391925
2129,-0.064843361701773489,-0.028840960057001867
2130,-0.05722958954848037,0.14121325200256185
2131,-0.082833639858499647,-0.066122661634982163
2132,-0.14403411897173077,-0.14249270940434142
2133,-0.041546757164912393,-0.002212550301914272
2134,0.1188889909037578,0.19473856249901259
2135,0.0027464975057339865,0.22985450342505284
2136,-0.084756344898402308,0.12847755438757541
2137,-0.23433411721720487,0.14168298321984976
2138,-0.22685889035939866,0.03727983530004729
2139,0.11695271049336808,-0.22786635866288724
2140,0.01245561484327502,-0.17222440658664659
2141,-0.12879921165249084,-0.034038585512317629
2142,0.047802464205533815,0.076264908709312226
2143,0.06231508623348847,0.08425018711441537
2144,0.061804833143219079,-0.06016224503834585
2145,0.24198838645230014,0.033857847829639867
2146,0.17596963682979178,0.2163727113094456
2147,-0.041031128941080783,0.078105158727029889
2148,-0.057121294527567125,0.022033525463330199
2149,0.041655016702171629,0.040962179732317215
2150,0.16015779427994917,-0.12680076660040726
2151,0.1855506804818966,0.0067260665888840554
2152,0.21378148823884804,-0.051732729699394346
2153,-0.10499064363307606,-0.19175968584785938
2154,-0.26232537914170201,0.008714289881112107
2155,-0.04825621389238053,0.088652762653905107
2156,-0.060883483675322168,-0.053208686529298652
2157,-0.14520720087294978,-0.19806468594377363
2158,0.14262493793527686,-0.091384910988433377
2159,0.025696527266848561,0.014199919515744746
2160,-0.09827968426988351,-0.22292810214733647
2161,0.031571651645783877,-0.20606316178992387
2162,-0.066490115565695049,0.074454451561999896
2163,0.10994402824569657,-0.10547502474545967
2164,0.25174551173988374,-0.17255233507622356
2165,-0.037071427926371026,-0.030643399927100828
2166,-0.10837820296168446,-0.052959469617536704
2167,0.093732688625054711,0.040322492283756041
2168,0.030050230564264431,0.15236010343471576
2169,0.030856351794391626,-0.0009295877781392599
2170,0.0054016110088511643,-0.090800946626666837
2171,-0.13203950366366218,-0.058855589230122081
2172,-0.038210196258575052,0.050869287023038848
2173,-0.11837150955556733,0.27892750208096478
2174,-0.31613573476178147,0.25388626115392726
2175,0.028600686484029414,0.06894615862938655
2176,0.23855101298671691,0.01867429580245402
2177,0.28269640183688843,-0.064920381331713781
2178,0.04660088084107545,0.065848585724363334
2179,-0.4561601890380042,-0.04417818309522091
2180,-0.14776025425101891,0.019021737250091823
2181,0.085712122651675701,0.25834289340671546
2182,-0.26427219868749535,-0.088943595917327548
2183,-0.0091985562668674935,-0.088191116868570354
2184,0.08424830618135068,0.10817043130856455
2185,-0.16264752348953507,-0.32178282594727686
2186,-0.16195178990138195,-0.10277420330839511
2187,-0.18637077078480024,0.25710316361519348
2188,0.096096912299105247,0.0038380270058548278
2189,-0.028911413981542913,0.070964941278277918
2190,-0.32959555825982784,0.22743593304201759
2191,0.0077932519278329426,0.13116243970027486
2192,0.14500368947937159,-0.034328346055336842
2193,0.078534466713048368,-0.17304326773661538
2194,0.0062040108825077676,-0.1930104188840206
2195,-0.20919787798825576,0.0153582871730778
2196,0.069377669795410615,0.19792594617038362
2197,0.235425092210022,-0.044205463576122934
2198,-0.013246283877557514,-0.014564767619238694
2199,-0.13596737588077426,0.14605154124999745
2200,0.050398405995785218,-0.27438977830293937
2201,0.14983726540471026,-0.074611728709876202
2202,-0.043995824742948435,0.38218021366158644
2203,0.012058451435216454,0.11920601071719532
2204,-0.034602649840842138,0.19496007262524556
2205,-0.23798416287398566,0.1265258315278473
2206,-0.26625097563545586,-0.19943176457654668
2207,-0.23859888712287797,0.066189881349637311
2208,-0.015876758342689336,0.086185713216207327
2209,0.024123474382726565,-0.08178880163729238
2210,-0.061664908890400612,0.039881804791932582
2211,0.11603962196005541,0.10293419258142834
2212,-0.20333819825641009,-0.081352643147910825
2213,0.22666135876144447,0.054492695757734765
2214,0.038384740840465732,0.25720482800371736
2215,0.12488552696777559,0.13314570540790555
2216,0.32627773260529813,0.13145588460249491
2217,0.17618222840218822,-0.0031876498100086529
2218,0.1090288088127036,-0.23168813827578955
2219,-0.20646579970916235,-0.0089724250587655957
2220,-0.11589076146439725,-0.059763671735379276
2221,0.18478433114082246,-0.097911620914370834
2222,-0.00077106256407422948,0.1018772630358253
2223,0.22040451883446768,-0.055660732770210025
2224,0.0062662633611349633,0.020088002472912515
2225,-0.13319337416856589,0.14074967604792171
2226,0.4795840233448902,-0.20934831329062503
2227,0.19685554365947242,-0.30616607024922848
2228,-0.18823974797702081,0.041665139405446319
2229,0.08438655381083994,-0.056497350812841338
2230,-0.09544941784106234,-0.36126465182177525
2231,-0.033932919595260104,-0.018237260265620642
2232,-0.054883854548015892,0.0018814955390536407
2233,-0.055586858190357441,-0.42334068900242133
2234,0.13523589913806572,0.10473759603821414
2235,-0.12057523878061274,0.36562049956263709
2236,-0.18185629839120138,0.057248207019355193
2237,-0.077373308495310725,0.049844639377847076
2238,-0.17712603275572453,-0.00051616964080928446
2239,0.013735051184360324,0.078019665479970746
2240,0.15061047511910625,0.058595165676487926
2241,-0.02403806598389871,-0.018763491540521166
2242,-0.20043898851201103,0.048516811015236069
2243,-0.067174264515234561,0.095096206765354671
2244,0.12113839362468883,0.16601143450220973
2245,-0.0097767785858930267,-0.05473462206069913
2246,-0.072058964161482747,0.045194520055701008
2247,-0.17375809906653275,0.5757730725316289
2248,-0.091615147559270194,0.16520852708326614
2249,0.075771370243465419,-0.13692320183076054
2250,-0.21982515116864104,0.023709423696731711
2251,0.0058777705613021515,-0.27977799981168172
2252,0.17681451579933544,-0.11846155066035909
2253,-0.26763371668049024,0.0053863940132149023
2254,-0.074441130067523106,-0.11266120362462158
2255,-0.026433169136735553,-0.016375070447940926
2256,-0.23040788957773833,-0.15225362998449032
2257,-0.076081469343212291,0.0078371706360939319
2258,-0.19326550380183258,0.10574681642770482
2259,-0.23326133880274225,-0.25224854215264181
2260,-0.069757083524202776,0.077414186112853806
2261,-0.13808540068910252,0.3015842585779312
2262,0.076391453277771471,-0.012291364646152233
2263,0.31456438687349109,0.0090670920080605059
2264,0.051256035342002015,-0.12228853819672032
2265,-0.058263808978848509,-0.39522357725301061
2266,0.13135771000292767,-0.19310246877988255
2267,0.05623201673692052,0.018089122322382651
2268,0.080601833862271072,0.12676811166636595
2269,0.10810347883838686,0.022393725084761899
2270,0.033650603509211355,-0.23754906333069833
2271,0.035765919021355737,-0.2042475004218901
2272,0.21880000681590916,-0.069216766325272114
2273,0.10477716508346216,0.012792363293571118
2274,-0.21171540788931795,0.066112616818478354
2275,-0.22891140832917764,0.038811902798551345
2276,-0.097791150018311374,0.18460528876440557
2277,-0.029339615323434196,0.089180500364884979
2278,0.022304476173992581,-0.16990973909151943
2279,-0.15845578949950415,-0.13203466261024388
2280,-0.16308717620256422,-0.15588616584349385
2281,0.29758162353299111,-0.18270530446774066
2282,0.31012796053697511,-0.041336525024940347
2283,0.037602384918005841,-0.1000057080445271
2284,0.060972715614888727,-0.1214825465007833
2285,0.052225950802673289,0.05713879270399292
2286,-0.037244247335439296,-0.0058581386791510606
2287,-0.17855354550969904,-0.15021243546429336
2288,-0.20145140596420996,-0.16816896469550174
2289,0.31163313067371196,-0.02282213144428711
2290,0.34405087375647136,-0.0025870639424966247
2291,-0.24455617000105903,-0.13653470295728568
2292,-0.065993639456684766,-0.092508205267888666
2293,0.056004023750252985,-0.0092925419194687213
2294,-0.35187466898875397,-0.048990439305329578
2295,-0.20989377622565139,-0.035878247127417634
2296,-0.041702572834434307,-0.052662135339583478
2297,-0.04948910865246163,0.12597031950390147
2298,0.096379625442289854,0.28699189932195945
2299,-0.048915718978392642,0.10765268321673027
2300,-0.11944662228030421,-0.060551740439688091
2301,-0.021214798905979229,0.003563653735330477
2302,-0.007898289737927262,0.04485701692565458
2303,-0.073742506106984809,0.17369443359668582
2304,-0.10935765830747569,0.10122683548756553
2305,0.17186309420275414,-0.14233727427989962
2306,0.19763097523383516,-0.10221916879859339
2307,-0.16206295245478552,-0.10627520398131723
2308,0.1043816882608217,-0.13231968465721103
2309,0.27508264117095188,0.010171768964135075
2310,-0.037471083982308626,0.12170206858989274
2311,0.050747882277171905,0.16478212526589009
2312,0.081374751419441449,0.12589591756622759
2313,-0.037212944222979237,0.047007157445668267
2314,-0.065637349811813461,0.11205089160746298
2315,-0.17862612715344359,0.20331335515959545
2316,-0.1811880283049245,-0.00025114152190403981
2317,-0.2160508885372982,-0.21580380199410304
2318,-0.11691906399290183,-0.075218651225402153
2319,-0.023913955197052902,-0.050008264298744845
2320,-0.086098257687056631,-0.020783488578873289
2321,-0.0012950873918772619,0.12399701064700255
2322,0.096143225426844114,-0.075610256626948147
2323,-0.046582362427455712,-0.31960086923657033
2324,-0.018012539965891444,-0.041254804848908422
2325,0.10402935931617358,0.15927110520327967
2326,-0.0021631847577483054,-0.074112806442684559
2327,-0.050834214905704951,-0.18193869840010865
2328,0.10605006526079316,0.2456943028181757
2329,0.087525626022382882,0.21911223553535278
2330,0.1123022156403241,-0.13142989098728408
2331,0.016019393326343959,-0.019062956656690437
2332,-0.06687410177448655,0.0013312254380081039
2333,0.038656352102058436,0.049040225907481319
2334,-0.02722499041768614,0.076105005046171514
2335,-0.19590920774961859,-0.096150397942560639
2336,-0.13520680751322578,0.22904650968698553
2337,0.12048551826646609,-0.16178148080930815
2338,0.1141935138292435,-0.4920497252288295
2339,-0.090072100157190096,0.16253463646908864
2340,-0.010078220048173041,-0.092907782606718517
2341,-0.020218835530356295,-0.40769936410415764
2342,-0.127910895363223,0.17964319117757915
2343,-0.14074853754988645,0.078296768750400147
2344,-0.27504898626847207,-0.06845626662678457
2345,-0.11895370799858324,0.16824250734655738
2346,0.12971382868372311,-0.063695459405263333
2347,-0.038640512007197772,0.090737374710891772
2348,0.0095559824850843522,0.35365976901281515
2349,-0.012741303478850502,0.09152171660882924
2350,-0.057363590703352743,-0.13279890482124637
2351,0.26012623965428067,-0.13409040710940301
2352,0.074024852019020121,0.10205407034704045
2353,-0.11293981251889824,0.10348970544153546
2354,-0.059154606681441513,-0.077838270280565836
2355,-0.15982779989831139,-0.14522163622718343
2356,-0.039722919009610613,-0.11518699980298477
2357,-0.023991544395784881,-0.12513495136776553
2358,-0.010956585360618361,-0.050816807574568128
2359,0.22768974252527915,0.32298941227608219
2360,-0.14227927609101229,0.46068385040165744
2361,-0.27759364079649584,0.0008653031872066369
2362,0.28987099663152344,-0.022168070628878503
2363,0.15963568859706584,0.27491940028651873
2364,-0.32564460143836166,0.017130254529900031
2365,-0.15465356972307948,-0.22499253246154965
2366,-0.0048746008087183369,0.12247833356292005
2367,0.03122436637334914,0.2577945530915261
2368,0.0088435822254612252,0.099662798464512897
2369,-0.2225741809375085,-0.064248233986222675
2370,-0.10962908189984878,-0.029824356444759045
2371,0.095700043753311981,-0.16090534178765201
2372,-0.052155369845960781,-0.36586090333911681
2373,-0.070860549667345202,-0.10804457856934332
2374,-0.1178083450249441,0.11298326696125209
2375,0.032361808930253998,0.078220053341051421
2376,0.26601090584467224,0.091994749240682239
2377,0.11811572104822644,0.052020306158168654
2378,-0.034027196729889825,0.28950577369082447
2379,0.02219642843431691,0.16955630912685099
2380,0.011799164260147725,-0.31518331215803125
2381,0.10186864494360945,-0.13280198964985926
2382,0.23153437491872894,0.0497739372100744
2383,0.17098449545195291,-0.16739714307525089
2384,-0.063352378004838103,0.016551679610154087
2385,-0.090078939961910048,-0.050185197329845589
2386,-0.11774550972071632,0.07375396983191404
2387,-0.22693846971721798,0.28331762116520443
2388,-0.025043779217435582,0.10608177564050564
2389,0.056463363487619822,-0.1665792349328826
2390,-0.019419221997377823,-0.038315817214034653
2391,-0.0038998511989597941,0.15692417933302091
2392,0.054980778529558967,0.13854812493140592
2393,0.098195981278526315,0.032896257183695723
2394,-0.050213457349691293,0.075801549913898023
2395,-0.12729116121940187,-0.030036752533314129
2396,-0.14196007191631269,0.19679229110987229
2397,-0.21475923363754965,0.37162767668424151
2398,0.067113517820000287,0.069035975571137637
2399,0.19144386176189543,0.054061537103450193
2400,-0.16680402367793437,0.007672671338691945
2401,-0.27848924926762941,-0.086461522155886275
2402,-0.12581552736494458,0.046490957183961089
2403,-0.021260372278032007,-0.026055909914053599
2404,-0.1640663838437848,0.11678224562556364
2405,-0.12260238661169306,0.13977417410142401
2406,0.20814952155304614,-0.16678243426982856
2407,0.1282866365976065,-0.08033719470619452
2408,-0.063110933301932154,0.019912310064752158
2409,0.065820514661332152,0.00031686997381032145
2410,0.044097664501140776,0.060283920599976781
2411,-0.082911110307489003,-0.11048883215787419
2412,-0.027797978169249778,-0.21157483418079204
2413,-0.006461143523567657,0.049743207356087352
2414,-0.028628468590562825,0.031309734547893438
2415,-0.025264691232392968,-0.15299982763352429
2416,-0.0164070119293937,-0.037833282321601033
2417,0.099482026537886625,-0.11518388287445462
2418,0.33801730247658096,-0.19818577272016655
2419,0.039711545696234474,-0.069763684785283511
2420,-0.16047198131676005,-0.086039095063170173
2421,-0.11161394501346195,-0.10706868549427352
2422,-0.26142234591947139,0.18405155051469244
2423,0.092394797823423441,0.33469290313791927
2424,0.28213728793868131,0.11736239001906815
2425,-0.2319602781812059,-0.21162359301501893
2426,-0.22505907952238977,-0.047857227029639363
2427,-0.2226026278492293,0.07734790319115567
2428,-0.38013456722606381,-0.03829676832957387
2429,0.0078740046481536076,-0.093209847757568867
2430,0.16585203026751122,0.057460993537373564
2431,-0.12023206159249858,0.012251510984337927
2432,-0.10176293206958058,-0.1997830205131525
2433,0.0077225482848878486,-0.046546060792898442
2434,-0.015179163693834426,-0.076626864371784162
2435,-0.030671480583654487,-0.21364974942731849
2436,-0.18070708242260972,0.22227214359039962
2437,-0.33612123326140297,0.14533112350390121
2438,-0.29513382488104245,-0.10693606091442244
2439,-0.1483171965207126,0.13748552593824256
2440,0.022217386169753953,-0.020559444702524944
2441,-0.019184865482259485,-0.028618783759615032
2442,-0.060165428763738704,0.23320165028820852
2443,-0.068660306052084022,-0.061269530148331024
2444,-0.22787958778986622,-0.29528408333625267
2445,-0.11467601165435863,-0.089654286728800076
2446,0.17489224731488495,0.23775822790788673
2447,-0.014040557392570565,0.25035649388757741
2448,-0.30396770688196789,-0.010670743915604797
2449,-0.30105877628546412,0.2370575970223365
2450,-0.14855474474710112,0.11228281498639181
2451,-0.020107724628019866,-0.23347543585703576
2452,-0.10301652533237629,-0.057568353181818063
2453,0.16329618393991976,-0.24269044112190274
2454,0.36269064333479895,-0.2684893213335916
2455,0.24740447758940537,0.11867167376021986
2456,-0.14919167479519488,0.014473525197661572
2457,-0.23890006609877149,-0.02421245166035281
2458,0.052143813308677109,-0.019268215513686286
2459,-0.020099652695476346,-0.25988569120602117
2460,-0.067384038179965217,-0.15196055960979188
2461,0.14154235517381164,0.11608081954177689
2462,-0.12447420503263426,0.058026962174074728
2463,0.17169136498594259,0.042266532895052653
2464,0.30603172811473128,-0.089966066757401361
2465,-0.27493687122093963,-0.22889255142536441
2466,-0.15137382145240444,0.15729989328458138
2467,0.13578666465089689,0.33726134107293382
2468,0.0084501418962526567,0.20077602846535311
2469,-0.078661900031831836,0.20004982251773296
2470,-0.23966022582378452,0.023904404315255198
2471,-0.15820634191061261,0.16246086784213354
2472,-0.12651939083084426,0.31935325904413692
2473,0.017968974765422689,0.15118975350099104
2474,0.23090113738507209,0.082896741813772476
2475,-0.011711229483701669,-0.22068630271360917
2476,0.07877401982430729,-0.11732196630719971
2477,0.13468989415281182,0.19062635468786132
2478,-0.14792341221760291,0.0061816344127139048
2479,0.096041136176575809,0.19913490407612283
2480,-0.030061746952565117,0.0057321053649661731
2481,-0.13443280470047211,-0.18131293829013362
2482,0.22238840278105071,0.45858790027686774
2483,0.30641741143597406,0.15108966092369108
2484,-0.024664110189263514,-0.15613319997935216
2485,0.05556423565765764,0.080292220609569934
2486,0.34784938020839939,-0.062640644810011414
2487,-0.00536035230064596,-0.0011785461542043532
2488,-0.0029988812817941159,-0.057932748379391059
2489,0.39334624425052611,-0.074481371788853515
2490,-0.067730754433889248,0.16335972224345788
2491,-0.35193581238073035,-0.12370653775261871
2492,-0.042827210979895489,-0.16907212579549083
2493,-0.03935673226109912,-0.11794175343588495
2494,0.0095341093238768201,-0.15163347595980828
2495,-0.0715936202085522,0.038480307914466189
2496,-0.066838166682584452,0.12772517383556017
2497,0.048685153356059954,-0.022717628695569481
2498,-0.071932191971357501,-0.1940694503311515
2499,-0.077571194993535222,-0.060475471535782241
2500,-0.16469713944575212,0.12448910652120085
2501,0.34986373653339331,0.0058761174551435324
2502,0.1023547967017438,-0.11134722444256576
2503,0.11994813775083671,-0.17529985598995768
2504,0.29008472677629044,0.27533703234888973
2505,-0.099373645853974762,-0.036809807038484708
2506,0.0035140263777584113,-0.30025981095806381
2507,0.25951244496459541,0.12117083602122646
2508,0.023035923350270916,0.17649312435004591
2509,0.09855348359987598,-0.00086292606218336954
2510,0.17285327280327831,-0.03719569868967771
2511,-0.2372776101806125,0.044382542661860508
2512,-0.18335931610319353,-0.040153412631187782
2513,0.093538227129302071,-0.13432045906150752
2514,-0.083944649553334194,0.14038636791903225
2515,0.14114411935151039,0.019171120928328875
2516,0.22736241998570167,-0.046742778555743499
2517,0.076919001168897022,0.115005370334497
2518,0.25111581777924469,-0.039631487612159386
2519,-0.21070783565056939,-0.09670972712408471
2520,-0.37310579998158744,0.032588482406779355
2521,0.065372686984264877,0.085866083989857123
2522,0.0044171562260214275,-0.030378826310268035
2523,-0.0088402276371543492,-0.00012029794382198422
2524,0.011324102002694155,0.0813046168168544
2525,0.13754353202295222,-0.031131481170099368
2526,0.41615370056877443,0.041178771108948006
2527,0.19213291567940455,0.17844903495308362
2528,0.028154339397142777,0.01010967517268015
2529,0.11026583526066305,-0.042219863664887142
2530,-0.072964354758338054,-0.043999973615759476
2531,-0.12853369268041381,-0.21839777301728647
2532,-0.19687052732044283,-0.057542730843204298
2533,-0.24633180366454915,0.0095047770090172581
2534,-0.025468769310883155,-0.13054361722091404
2535,-0.15486617452965537,-0.036067082321227885
2536,-0.13179132895501411,0.00012559712817251587
2537,0.071507961042917872,-0.20251034796970122
2538,-0.05928843220692942,0.034326482352337276
2539,-0.023217891208497328,0.0066819579812737607
2540,0.15668517198947662,-0.22867422487829889
2541,0.11171389108310377,0.080049690019503711
2542,-0.018540442555377269,-0.045904867580451515
2543,-0.039214052355777532,-0.26277791890942942
2544,-0.017105924155655983,0.21222960231256863
2545,0.13990884597629663,0.089697952613941465
2546,0.044736838107848217,-0.18776676683175209
2547,-0.061156686961798719,-0.09530080864451311
2548,0.0057613590733987426,-0.052873668859361928
2549,-0.028198348847734041,-0.041610055787817443
2550,-0.050456220658522871,0.10180487494015353
2551,0.1088033728317838,0.16610490407612957
2552,-0.0057852573175935472,0.12082015049561508
2553,-0.10512742091519993,0.095775894995999838
2554,-0.12903159463252356,-0.034100214885314596
2555,-0.14981765801944411,-0.30254152313578486
2556,-0.05902117669361133,-0.18617825992718767
2557,0.099308411915767308,-0.018590292922320978
2558,0.033266871992541365,-0.0097990869200373799
2559,-0.28310336727757612,-0.035994335976932613
2560,-0.11628246059064049,0.092087564827543961
2561,0.18903573122117526,0.16607656339796176
2562,0.059369325810767162,-0.072070184542270113
2563,0.013248185116783792,0.057175637978016947
2564,-0.2042712892572093,0.20830878037309244
2565,-0.18226391908730574,-0.031714746063956155
2566,0.2805331640169938,0.25550177644655003
2567,0.11665250119544356,0.22229560531358797
2568,-0.057790754448454731,-0.014558472766552137
2569,-0.0043087819686964714,0.26259161486568855
2570,-0.1350780297760403,0.072591478352320965
2571,-0.14703528021337495,-0.16192260233029693
2572,-0.0087287359850599343,0.1180742551956851
2573,0.11144636216935924,0.026588913972274014
2574,0.22449399596653152,-0.065766260321984724
2575,0.24241379895239548,0.01980939492411166
2576,-0.036488125769736708,0.028074411609775307
2577,-0.41746906529304939,0.12862850120681574
2578,-0.11095068878353813,-0.011310294884022385
2579,0.18570594217895864,-0.18945495784314037
2580,-0.041217075099766846,0.058550215820094786
2581,-0.13373724484716612,0.12383342757809049
2582,-0.2347247481527871,0.057857132743473733
2583,-0.17869974945058673,-0.16062309990106455
2584,-0.038629470026479137,-0.25848327235180746
2585,-0.18037010840972492,-0.17455011386515337
2586,-0.067006224296899494,-0.15413506729865417
2587,-0.00029361600559352739,0.0033635923674047042
2588,-0.23859036634367092,0.12578442862488717
2589,0.011282889268929928,-0.029770689000820905
2590,0.33457606968692516,0.084373581340033185
2591,-0.056952685592335309,0.27313311800278722
2592,-0.26370831040966419,0.14979552014645456
2593,0.054837453726187514,0.059713801501224226
2594,0.12320621924905338,-0.22667778726913443
2595,0.12705168542689343,-0.099279425011048333
2596,0.046705959590477256,0.23375284590234208
2597,-0.15995248710174526,-0.057133821917660248
2598,-0.089525097021864564,-0.14355040481231046
2599,-0.1742742447989932,-0.055610743155748099
2600,-0.25766460357086618,-0.01095340039041795
2601,-0.087672077640275431,0.25085783321470734
2602,-0.094329063176281522,-0.069576788657538649
2603,-0.05776103414140165,-0.20429268879054568
2604,0.16140866398592915,0.22209538884968896
2605,-0.056950454764694472,-0.044700977418427837
2606,-0.17913023188656788,0.064513518151095794
2607,0.12301771845827655,0.41849946465609311
2608,0.20576294806609166,0.24633600517451559
2609,0.097633337710987547,-0.023904790016752116
2610,-0.20986094981224379,-0.203670083436292
2611,-0.21090052459408112,-0.13059282686204624
2612,0.042973456769127137,-0.20642833273640074
2613,0.02761325996856542,-0.31172590975715697
2614,-0.049523107839419898,-0.050819283750891786
2615,0.13894259346185223,-0.031726869316068183
2616,0.077287882192443175,0.056667657086398003
2617,-0.088943183516353858,0.26495172945613171
2618,-0.0060263447060645847,-0.023796958800224706
2619,-0.17176774811157255,0.15060301415422195
2620,0.024005230617735046,0.24465011399915634
2621,0.21777487307381568,0.014424090944134754
2622,-0.17591033216989518,0.22211277547737401
2623,-0.066592661369443126,0.12364157542447327
2624,0.27993184130667048,-0.18890761115287541
2625,0.00095912512872861296,0.057141504489861633
2626,-0.083067336628286706,0.15433778128638226
2627,0.032558889903434196,0.10691918023110474
2628,0.086024515135640703,-0.092734549715310408
2629,0.12653071275622024,-0.13885965864664929
2630,0.079223843292613227,0.020103326792781928
2631,0.077134902182707854,-0.3016948210280555
2632,-0.16349061538061768,-0.34448363932774351
2633,-0.1703006992802657,-0.041557331699756402
2634,0.1502662756036853,-0.18333201335274543
2635,0.03965292969838205,-0.044147200755866714
2636,0.01462697073122244,0.13793965485397475
2637,0.17738961751788312,-0.080589632585159929
2638,0.097188044186715394,0.0088006763205603529
2639,0.021472490508339152,0.17221787466978414
2640,0.11197085250642157,0.088986178253808501
2641,0.20274919487246656,0.08245018437312171
2642,0.18147108939869924,0.056976532264858153
2643,-0.031113438492281133,0.060767854460822959
2644,-0.14824219718833456,-0.13894053277992849
2645,-0.036060487770584404,-0.29154244869731527
2646,-0.063902786501369602,0.18329041120186584
2647,0.094995913531433232,0.22619167488842462
2648,0.094890259369198052,-0.11465167779779481
2649,-0.29089505102687813,-0.1320964505144743
2650,-0.062894913643756531,-0.067890136054356481
2651,0.40921737321481205,-0.011743714844157545
2652,0.25530858254995004,0.12611508736723551
2653,-0.021385314995268304,-0.026129194523363874
2654,-0.14112757102993839,-0.044993377262274696
2655,-0.061227680116937841,-0.11269980777995195
2656,0.076804950798746136,-0.060346053879381835
2657,-0.13893239641281688,-0.15102893638171375
2658,-0.21456534687630141,-0.22503837661049134
2659,0.011796910153420485,0.22637015596766072
2660,0.04671756338027068,0.38243468114889495
2661,-0.016712212349283041,0.042106526017657228
2662,-0.066291879136766735,-0.22873042370292093
2663,-0.094515531567676003,-0.20707339370530572
2664,-0.12295654868161619,0.013020842580445641
2665,-0.11562721191437611,-0.10549322341342834
2666,-0.098259479260325092,-0.059435882365363762
2667,-0.003908444926570916,0.26009525103508463
2668,0.0092263360959428786,-0.034547384216709956
2669,-0.049722525486058794,-0.096633632612142403
2670,0.10351719636517226,-0.0094061187781371153
2671,0.21837028608537457,-0.31912876800760509
2672,0.073160573960773537,0.13053970019190811
2673,0.17116854096072462,0.38618104757863264
2674,0.020249594268685851,-0.20165401066755281
2675,-0.29680601840817544,0.012595619425064937
2676,-0.16980070267411812,0.15602470825700909
2677,-0.030300009873599383,-0.22237121626901368
2678,0.22849084314247417,-0.10513158791732743
2679,0.16292256062695873,0.051040990387508575
2680,-0.18705819469491222,-0.044878639959871298
2681,0.055047474869158668,-0.0013043601146454768
2682,0.28474449473512753,-0.16471451172493959
2683,0.15305495544026287,-0.26896980791591085
2684,0.16680726646356189,-0.15586046447738983
2685,0.061894475300439698,-0.40508546735183282
2686,0.00045139316224429571,-0.35106218706089443
2687,0.22763150522181971,-0.046568203204865162
2688,0.2247470229755163,-0.15229384944344043
2689,0.017780785516433778,-0.078331929584368021
2690,0.02597735982771484,0.037585391987235241
2691,0.31396200541986291,-0.19805610277874955
2692,0.126128790297765,0.0413441075713641
2693,-0.19055968710519811,0.095845738814264725
2694,0.050409682057651076,-0.24286826583338741
2695,0.1161145384718915,0.030760691011211552
2696,-0.14672780164910201,0.11555946946838461
2697,-0.052090273535435341,-0.01621759502205852
2698,0.068534461434912403,-0.070075884355592352
2699,0.14663884071368957,-0.073377870880773174
2700,-0.0082810792128964056,0.28625075050280285
2701,-0.15975226989929278,0.34368767311205467
2702,0.36754736022486451,-0.025696180479939532
2703,0.22868500347034196,0.026290916780293841
2704,-0.5089920218994326,0.18427141040367581
2705,-0.21398819222288198,0.14242131249495726
2706,0.24093183142225949,-0.021082567583359288
2707,0.018227749500173224,-0.13953913736675991
2708,-0.089702457836386862,-0.10684028377654595
2709,0.0055377465745786343,-0.1582328252822712
2710,0.1304632182429146,0.03540280526543748
2711,0.11717253663996458,0.35815141589202759
2712,0.24850676760331994,0.044653075131165509
2713,0.27195152217344321,-0.13049065059018936
2714,-0.07023726847429225,-0.034126595829097488
2715,-0.13898841109440485,-0.099761036225571753
2716,0.063321937115846244,-0.075262878369020736
2717,0.15526015644072189,0.06394286645504503
2718,0.10766322402650742,0.091550998598854613
2719,0.081227259515502387,-0.34106312367974628
2720,0.17544072256397605,-0.36045114814952123
2721,0.087571657766101041,0.24523679643339852
2722,-0.020662772518425927,0.016665178313001086
2723,0.054398445660434704,-0.1824869079637344
2724,-0.076705537029124748,0.1002383918930226
2725,0.244899421149437,-0.14872818032705004
2726,0.42532980602115233,-0.17482880919173879
2727,0.023713504958016936,0.11929893834316449
2728,-0.11169782417854229,-0.026364409425146382
2729,-0.16196937219598367,-0.14298404269445228
2730,-0.26386895954417916,-0.036122371160078708
2731,-0.18368623657334762,-0.068240719134078934
2732,0.06384622888600909,-0.14104278623447636
2733,0.099745998911872608,0.066098052545333227
2734,-0.14094837432389948,0.0048846314776597012
2735,0.017464889284096546,-0.13644584586647329
2736,-0.047761283511214676,0.15321513180512322
2737,-0.40440742555973969,-0.018962392811938504
2738,-0.10661144326533148,-0.069408357204212928
2739,0.098147137061717793,0.11176935171461523
2740,0.17351442858268806,-0.071416672896416775
2741,0.095085505354562477,-0.12108642840734865
2742,-0.25365071247575499,-0.044510700129368967
2743,0.016481533493941224,-0.038313657609767994
2744,0.12892300822755476,-0.17660849804426115
2745,-0.18143775648033605,-0.31769981099360711
2746,-0.17627325714926723,0.06127352384812057
2747,-0.045132925050012054,0.11000450729946863
2748,0.017904212322181395,-0.11449157468440121
2749,0.032639231620392298,0.061242632540550616
2750,0.11120048665915669,-0.30377811403400823
2751,0.12982942998967298,-0.53233499101151283
2752,-0.06807900353748636,-0.27652103699572078
2753,0.01836501340523515,-0.092694381319460326
2754,-0.076884572503690296,0.23818436572864532
2755,-0.1590700682661999,0.10683292309652098
2756,0.10070828650691423,0.076879195816255505
2757,-0.036604142091293368,0.32966356973235805
2758,0.11981471163497834,0.094013046871531586
2759,0.13397798015020013,0.1408571434447389
2760,-0.28079733343346125,0.28979464754974643
2761,0.037325237693136136,-0.083106337034260125
2762,0.31258487108698008,0.0091243877763144861
2763,-0.10364548121242217,0.26328783591891558
2764,-0.19614200270265436,0.010719928283232016
2765,-0.016934040447837105,0.07615284023050492
2766,0.057715697932140993,0.17191544670597272
2767,-0.065161022130930002,-0.26992526168484982
2768,0.065533538081636894,-0.2010212270170067
2769,0.10640653291339081,0.094326618505478937
2770,-0.11208628661454322,-0.059042872381375747
2771,-0.012305904115407672,0.15950362381341551
2772,0.039615731207891379,0.22533287276052555
2773,-0.1010919249250436,0.074407994808435268
2774,0.0038840736154885612,0.22672671434350006
2775,0.093766576674573374,-0.2103475050888495
2776,-0.0097590623742411647,-0.37550166912608507
2777,-0.088762371851560273,0.051361161714242431
2778,0.066036933216250343,0.0088211049617434225
2779,0.0046690741962212437,-0.015114714753514927
2780,-0.076050487455436799,0.014570604092475823
2781,0.044284333704794024,0.11047059832860934
2782,-0.064328041563812569,0.39362165690667406
2783,-0.16455992255314883,0.16476178101488645
2784,0.0043123818058817326,0.023853360300135233
2785,0.03926594303897623,0.067823628637979624
2786,0.048618544854004339,-0.084102541109348394
2787,0.21568208618215998,-0.12077970202518437
2788,0.066518628206858527,-0.20985807848718979
2789,0.059588694186344854,0.063460216698526223
2790,-0.11852967104961575,0.02423697598328322
2791,0.092683125989165227,0.090566441185871968
2792,0.32065257285146659,0.0079210892147138882
2793,0.04058047692055039,0.080737153148904658
2794,-0.14971917803391666,-0.03342186040504494
2795,-0.010594560066583616,-0.089585083335898222
2796,0.058667988832858703,0.079849737041689281
2797,-0.31368557060938013,0.0030754286180196769
2798,-0.22397295050650781,-0.10484029120169507
2799,0.15227267699063149,0.046640154606098841
2800,0.031998769968435259,0.17402886489012787
2801,-0.22541173210850435,0.19137848330444671
2802,-0.038018973199599918,-0.08049329314415031
2803,0.17968279704564369,-0.0031073755748470787
2804,-0.029071407171165506,0.18856355758329424
2805,0.023498614913348398,-0.18822631070604243
2806,0.31249190854772696,-0.090937961850178911
2807,0.092827605899800075,0.21418320812309349
2808,-0.11403220971034315,0.036452943968253694
2809,0.006394766092166217,-0.10443280955219163
2810,-0.042140761929088645,-0.010569756714698432
2811,-0.1154352441151332,0.19430298235722432
2812,-0.081490844242330704,-0.030926222910717928
2813,0.0022049776485987618,-0.21771119609401249
2814,-0.15089698710473895,0.17734814182101988
2815,-0.29195102680940349,0.2134058556971333
2816,-0.094777041744287929,0.10184499868769126
2817,-0.0043212040934370623,-0.0057455626866219373
2818,-0.040270437471782813,-0.21872147090613678
2819,-0.056659080016085661,0.0040908045771282583
2820,-0.059848925290691531,0.19394876070829689
2821,-0.082806132803039084,-0.12938908077901418
2822,-0.20517854749629377,-0.22701540191374703
2823,-0.15528539747365377,-0.20440223772991684
2824,0.17088892971559663,-0.067434685196635341
2825,0.21008905178901938,-0.03508083264065591
2826,0.26123288153582153,-0.28534338046156577
2827,0.43703505819901745,-0.085806374215509851
2828,0.10310453344412238,-0.020557166257473614
2829,-0.057315326104716062,-0.018565726751357804
2830,0.16610595231807448,0.071859012705336484
2831,-0.020468741919042618,-0.23163431536086576
2832,-0.16765550562937218,-0.10428448958937186
2833,-0.069290918447773436,0.089449675973767004
2834,-0.092815084816008142,-0.25003459200248235
2835,0.025596822023155795,-0.083678953760965055
2836,-0.023120264163178996,0.049479092047696578
2837,-0.18480063065488633,-0.073090487308140162
2838,-0.080490015199103468,0.26250402422400204
2839,0.041029765513563375,0.13016035081753058
2840,0.069952435386519657,-0.081006846456133944
2841,0.02713744431912811,-0.030202429404971705
2842,-0.12954043405371118,-0.13715556062258266
2843,0.0029405408635249635,-0.073119876897014505
2844,0.040469108294405941,-0.02296163314140158
2845,-0.22411123076493988,0.0095811073221212933
2846,-0.13951933806298614,0.21166234312759966
2847,0.12660242927579843,0.13568513429020224
2848,0.136809661356627,-0.014205604195809411
2849,0.11256701693014413,0.078850920013267406
2850,-0.11663720031365511,0.018774587628858006
2851,-0.22930375814498899,-0.037608738073779791
2852,0.16547065740213229,0.12340439583108916
2853,0.29243474400840463,0.10594071377251069
2854,-0.078213560852001845,-0.099461352964556493
2855,-0.13738512281676485,-0.27703828666727992
2856,0.023838905593282344,-0.067549680209808227
2857,0.062587462185111131,-0.027081484765183218
2858,0.065684185498656789,-0.010532463419475446
2859,0.087931244276206522,0.24446871462195618
2860,0.14782103434004568,0.12380108925898711
2861,0.061139612008237171,-0.02547051580125078
2862,-0.031558798410904823,0.20505936745798836
2863,0.026770367585574703,0.19060832790644849
2864,0.11353657563073491,-0.068754252575454089
2865,-0.026368225076890732,-0.11385123675342826
2866,-0.27496645956410332,-0.17562744516322945
2867,-0.011177944281248658,-0.15201780181807265
2868,0.19687480745268574,-0.0099333135078843379
2869,0.13784469789036133,-0.09782325274446374
2870,0.17780757038917877,-0.17525390400645752
2871,0.14917112207578223,-0.092336547321922022
2872,0.057271744014390218,-0.097754030692843621
2873,0.04296020424048156,-0.15490049247284737
2874,0.10552236322916159,-0.22499376694921
2875,0.20329485968536717,-0.025781095811358234
2876,0.074388774171911989,0.32629342587821852
2877,0.072088119293669067,0.24218762242244665
2878,0.11532211239723927,-0.065461948393303271
2879,0.037297291973394583,-0.16977222033932329
2880,-0.089973407404327882,-0.11744609456325046
2881,-0.26602354738466721,0.042654731477934221
2882,-0.34669557680025115,0.21744644968265756
2883,-0.13963683240621763,0.30974958007564629
2884,0.035470536470614759,0.26482936276271657
2885,-0.012956113827203981,0.063673327541900873
2886,-0.19271884299738898,-0.28532713792090064
2887,0.11321884774588722,0.011597711133478371
2888,0.32291255369729061,0.29668217750530024
2889,-0.11426518395945105,-0.081412592447322671
2890,-0.2078648702468415,-0.12140634350694736
2891,-0.1279180478329584,0.0096404146635910622
2892,-0.14205467572991773,-0.22192956465427296
2893,0.19953825975994996,0.018450839504127403
2894,0.1178639999081478,0.013578767534076316
2895,-0.27527458153838774,-0.35571408085862916
2896,-0.17226564655513421,-0.24470393325136486
2897,0.087937786548277969,-0.18865256529203975
2898,0.12261127174697981,-0.21337452649372324
2899,-0.068822480408029157,-0.022480325260289279
2900,-0.18265817485902514,0.0078147520095698444
2901,-0.16315320994067745,0.0036814072043503693
2902,0.046197110270445693,-0.043783545759523132
2903,0.22378613949079385,-0.11784368307135018
2904,-0.075460809455788799,-0.16978072809458813
2905,0.073497503609290388,-0.019221983371130128
2906,0.20172942495797522,-0.09814997746972276
2907,-0.29102926461524914,-0.41328287520320289
2908,-0.12888311998739468,-0.22916205993896993
2909,0.37421328170087315,0.053640887752000738
2910,0.063985577112090269,-0.0027370014839347913
2911,-0.39802980268816207,0.027691235069168617
2912,-0.20339874436676819,-0.096939263395559333
2913,-0.067974445928257896,-0.021042527103564267
2914,-0.28854533399576648,0.1562534357096268
2915,-0.18385924407094345,0.046088170510709431
2916,-0.074209255227662835,0.054254884631411468
2917,-0.13022477957903864,0.088990355710814845
2918,-0.05844226061144614,0.11613645656479246
2919,0.13204788055907035,0.1731039306867552
2920,0.16970535374758833,0.0393082821454242
2921,-0.20282991499245651,0.27695528339689446
2922,0.03401068516677648,0.14897189307744044
2923,0.377835803841786,-0.27100773562892277
2924,-0.0050905989861785884,-0.28797992791824356
2925,0.10209687002441564,-0.094559365334698997
2926,0.21254418588553381,0.045577976772658985
2927,-0.1225643489303793,0.18876108478044734
2928,0.02009144456652516,0.13598250098909723
2929,-0.04437551952756047,0.09910688218908395
2930,-0.17695952959995132,-0.089800025092394778
2931,0.0018351165786827572,-0.050113833457689196
2932,-0.17667345266145768,-0.03142167258854639
2933,-0.090702706158784993,0.15426515377687267
2934,0.27018775761839314,0.26637551991624986
2935,0.077522429358114792,-0.10404817395744997
2936,-0.14002201390326927,-0.13802369984383023
2937,-0.097278221788017774,0.047977284543255061
2938,0.070393267521400738,-0.019208679038281985
2939,0.12024708135303439,0.10553048496084044
2940,0.11627199065119234,0.22275461224322859
2941,-0.1602295962555805,0.16536519465049193
2942,-0.25707745743919441,0.24338054323040179
2943,-0.098367218847686622,0.2276444715591921
2944,-0.30721221690602057,0.059169318653991311
2945,-0.15226105925427633,0.018247046009188927
2946,0.17699256957730802,-0.069678551191488636
2947,-0.13896927959336744,0.01129128065187212
2948,-0.22991049905239003,0.22554850318422145
2949,0.057509510984662428,-0.050393126327313728
2950,0.22013919841169929,-0.1667702626934843
2951,0.14487604048474578,0.074707687067883527
2952,-0.015402982803411793,-0.072081070244130685
2953,-0.16027907435675595,0.018412845615528164
2954,-0.43617690830926342,0.03835804060552795
2955,-0.26103405109803463,-0.087240149197872319
2956,-0.0076576004393699611,0.13976243852853093
2957,-0.031769983535352347,-0.15629164942540466
2958,0.02298128702994465,-0.24084332191844104
2959,0.042474950894006124,-0.012937961333372047
2960,0.034241791466457651,-0.20095037071847735
2961,0.086465300374551884,0.14858825763554892
2962,-0.015657694115015393,0.015485057906911171
2963,0.13135315854606369,-0.5170519210265706
2964,0.031161875879145075,0.12022840449679773
2965,-0.21558772038022098,0.21803753606687948
2966,-0.20744126907457669,-0.0078317281101819135
2967,-0.055857367640046979,0.19056766737402417
2968,0.23503602494579626,-0.031368105475552521
2969,-0.11327251856689816,0.067202621788744615
2970,-0.37602529079317126,0.18165717741279661
2971,0.0035759353459577795,0.023070143421817988
2972,-0.11963706494965132,0.18583159798244092
2973,-0.10345625509810422,0.15291043846195237
2974,0.09290628453279709,0.06669598185084992
2975,-0.029251559413593385,-0.079033691249673896
2976,-0.024819985779715684,-0.20580300189908199
2977,-0.007819564854705488,-0.0072384034585896029
2978,0.11514659690804173,0.12209645170537442
2979,0.02974227760082547,-0.063280837854344477
2980,-0.31844622479144774,0.060743715178791083
2981,0.054580701525285678,0.15812951390757501
2982,0.29234402096450118,-0.051605550869580144
2983,0.02488834268848544,-0.18459287264671684
2984,-0.060259491433651287,0.12842255435534372
2985,-0.097661876200483111,0.11757684195066054
2986,0.067173759974868102,-0.075517323096613451
2987,0.075160688777352797,0.0093935727058757773
2988,-0.16894025946259864,0.23356512743405689
2989,0.011196025526155584,0.13818126874725334
2990,-0.1697316152937266,-0.10364264080817225
2991,-0.21877885613956835,-0.032968350680078397
2992,0.17647600467480448,0.19924874729971379
2993,-0.036491544050830486,0.046949863020127665
2994,-0.045802946220298957,-0.076456144661101524
2995,0.1357032589639425,-0.11131213376152976
2996,-0.031595783848665342,-0.15451305752441555
2997,0.21031696982388498,0.049874305627605739
2998,0.13954897557135781,0.15802952213124266
2999,-0.19478108888985468,0.20243887057231919
3000,0.17834159215311687,0.11705880498100016
3001,0.14710325326571091,-0.25060544282572961
3002,-0.1558337185711095,-0.34101527917530144
3003,-0.016634992855432462,-0.10632488464556665
3004,-0.0097247149983512044,-0.17576799224046799
3005,0.19926475826538348,-0.23941228991471988
3006,0.2731221618690064,-0.01043097182974724
3007,-0.21696134345234536,0.18985299351828244
3008,-0.27156731630362502,0.27811151738839351
3009,-0.062139851412316573,-0.057826153994414306
3010,0.0042002768261909691,-0.31165737898761109
3011,0.0089725464033556593,-0.19581086684088136
3012,0.09151469372309623,0.0015727289362518077
3013,0.14803391869212773,0.026340667748052347
3014,-0.2117237370480034,-0.11653963700926309
3015,-0.21909260535551861,-0.14620769920973015
3016,-0.025858149780881145,0.047528956007549049
3017,-0.29981351220943836,-0.17921175158319105
3018,-0.17671406119421842,-0.17732363497226564
3019,0.00050638719670413612,0.072417210791617684
3020,-0.23534697647781558,0.040537209221680644
3021,0.14382957205897598,-0.059085890213089076
3022,0.38566762992487708,0.002177679240382902
3023,-0.07992121063747025,0.11359688829586581
3024,-0.1198947399299746,-0.10983258599303337
3025,0.13392391566939035,-0.14592024244652571
3026,-0.23495171200497655,0.21455306519174985
3027,-0.28710660238263369,0.062311416071327827
3028,0.07988872034474559,0.0015699857011836418
3029,-0.194527323954235,0.12354648318885354
3030,-0.097358893068803798,-0.2184692470668069
3031,0.18380813083530836,0.038960767272674224
3032,-0.22795218833333569,0.13798786976681157
3033,-0.13496575053473189,-0.27283862369429968
3034,0.13503696323739525,0.079212705098593919
3035,-0.096827755149000008,0.086778953084081067
3036,0.12101692514509722,-0.1753580709228468
3037,0.019466611912297406,-0.065525001082152576
3038,-0.28324696711989866,0.12273547512534073
3039,-0.0042663292721648663,0.33153999156706782
3040,-0.028542539706774006,0.11665610414300481
3041,-0.0094479429011245647,0.0067563763793896184
3042,0.39179685890266025,0.089652486416946411
3043,0.15892319350364337,-0.17477245421119061
3044,-0.20724505344727998,-0.092164826758844243
3045,-0.058252276174436304,0.044630060283752049
3046,-0.0099141893619758593,-0.11637201644452429
3047,-0.075875139799499322,0.050533037713557147
3048,0.023954616079429811,0.33112056867360262
3049,-0.087236918052371548,0.085418099715185686
3050,0.008418006147210378,-0.10942554421965688
3051,0.089205651890564105,0.01332499178743914
3052,-0.096112569636763553,0.042586294953357147
3053,0.012254931633337723,-0.2757780798620964
3054,0.086532340425104451,-0.21849840123870051
3055,-0.10669749292652912,0.16496231179286458
3056,-0.16486124930900611,0.019129068944134096
3057,-0.16623456105953535,-0.20390473010625249
3058,0.098670538109380243,-0.038995800147032855
3059,0.046458375536103283,0.13491686076820394
3060,-0.16734652777065373,-0.034185634812991056
3061,0.20338190040044737,0.023735261748858746
3062,0.09834885162707882,0.30563674394425921
3063,-0.19486668021339862,0.092668019799826515
3064,-0.019921160749890691,-0.10646256836222601
3065,0.11198138322879359,-0.015969125055758121
3066,0.011576171588519708,-0.017351054929744009
3067,-0.2094053025164144,-0.13403548696685597
3068,-0.012138690439960628,-0.078932028582467284
3069,0.19405798543595301,-0.019722603728723257
3070,-0.18129120145395514,-0.13469420971411017
3071,-0.24451230416547476,-0.30381463400790137
3072,-0.071615351197160476,-0.10776396722696971
3073,0.022641055744267904,-0.013816790663588645
3074,0.23702057830288883,-0.051817496497680145
3075,-0.018844421891915705,-0.059697472764794195
3076,-0.21349570741536122,-0.04896281676104864
3077,0.052968528983860577,0.137034766477028
3078,0.24294261003483586,0.10101734142304662
3079,0.080710365466116207,-0.29166519149065506
3080,0.073199799436112087,0.035881825773079391
3081,0.043714351643538936,0.16565366500608208
3082,-0.17512014712081808,-0.27987382359116492
3083,-0.10277757219668232,-0.13772012508257819
3084,0.053296181576251336,-0.049375420359894673
3085,-0.024147500081688807,-0.25873985028900992
3086,-0.2476478545234089,-0.22168659312460681
3087,-0.10064094716982104,-0.063539985819663081
3088,0.12048997080991657,0.045828826654192023
3089,0.14963571483132201,-0.033777161549058979
3090,0.14564606211551398,-0.30348037902786501
3091,0.22083983067021859,-0.4033001946544495
3092,0.14743878809282104,-0.19325673802429122
3093,0.1289676229743579,0.20073726570216976
3094,-0.014444959891619553,0.24617179116150359
3095,-0.17433305955587527,-0.11528646541116805
3096,-0.20702874266309806,-0.025156310482346029
3097,-0.061422239399575196,0.059055482223639065
3098,0.0036921903308279203,-0.075025988390336612
3099,0.11211303605819865,0.21848637487115913
3100,0.16683229403812977,0.34556264184965496
3101,-0.027488368642717639,0.014720916926814712
3102,-0.14194663346069658,-0.052385020407712361
3103,0.066356272266854935,0.044776016582403301
3104,0.14943560390292074,0.074030169269878182
3105,0.031382792625971427,0.036896320787245203
3106,0.10136459533737606,0.046960922460273696
3107,0.17420988546567312,0.075514519011923353
3108,-0.036943623304569434,-0.16423503225161731
3109,-0.055077563281942583,-0.25393201777978902
3110,0.20579983808593902,-0.046416833199561872
3111,-0.050227891265933661,0.027533768095398675
3112,-0.28390335528163774,0.16663213945971625
3113,0.025832822545718406,0.0012118521270924817
3114,0.20682769591481659,-0.1383245225987447
3115,-0.011252627738550212,0.21528582196088256
3116,0.18449550871166953,0.14041467336288374
3117,0.34595533246267068,-0.14042527084598849
3118,-0.046393856032109118,0.05263751827200723
3119,-0.15171664731522025,0.07665578757750921
3120,0.079369628006166232,0.047406242256178496
3121,-0.013495298013265411,-0.095976623616254211
3122,-0.22070570157721855,-0.38606847251965204
3123,-0.24380393047219845,-0.16056685469493226
3124,0.13814824324027705,0.082768730414745792
3125,0.26709031990381538,0.12468113126231584
3126,-0.21923073510278646,0.0045784365903149514
3127,-0.28124369376848862,-0.072111814302302193
3128,-0.061520308164838805,0.020045599538728708
3129,0.063897909137994383,0.017883383517069602
3130,0.10142952495351189,0.11648209229589759
3131,-0.20938513432110681,-0.21580849570051625
3132,-0.15222276015724526,-0.33093090525402513
3133,0.11189055380030723,0.33375098753738275
3134,0.21643803217552104,0.239480977962367
3135,0.32366630195281099,-0.080447442385741891
3136,0.03084523950442106,0.16709760488714823
3137,-0.0094072853948776666,0.036238189449522326
3138,0.064339177654564178,-0.0029071374995428851
3139,-0.10349006486542536,-0.063069326049178906
3140,0.017932600656582739,-0.23027818768802796
3141,-0.050159654654941127,-0.034464841437533367
3142,-0.30738922673899571,-0.17109218065978921
3143,-0.030177489237188868,-0.18534391495297955
3144,-0.048462562493135818,0.19941276224869442
3145,-0.17752327645676533,0.016825141277949492
3146,-0.10030227607276049,-0.15455716322883251
3147,-0.038226755405424168,-0.050928036294520009
3148,-0.059826396329523704,-0.060363967357836008
3149,-0.14908690789029042,0.043848889048667156
3150,-0.1762065271019308,0.020352155718927425
3151,0.025733543660443836,-0.20163112246918599
3152,0.19971724838483759,0.071740299737157481
3153,0.19050283946059518,0.192373019116333
3154,0.014541589704851704,-0.1683432923284835
3155,-0.10064597305407351,-0.058499385909559221
3156,0.0075524635125164153,0.12135468786117809
3157,0.080126615595961515,-0.057592195386096612
3158,-0.11923380829452364,0.09209489414227652
3159,-0.20791840507159493,0.077216721605211536
3160,-0.0010868214616757584,0.042569906101155811
3161,0.1347637374658201,0.069908456655170814
3162,0.13573979239316619,-0.090305341239683617
3163,-0.026606339337369403,0.01688227171201867
3164,0.10897044637126933,0.0099759919659742017
3165,0.39973980019865679,-0.22654333577458272
3166,-0.077632641874513353,0.071132291502651671
3167,-0.26738462469861779,0.27659224622423939
3168,0.10735965640838804,-0.01954721293545
3169,0.10666629658537613,0.00035364262113794602
3170,0.11499944854278014,0.21412759532010184
3171,-0.024208792435389523,0.029877628481625056
3172,-0.14974320959141743,-0.19063247988740747
3173,-0.052942092843167095,-0.20669015478783445
3174,-0.043258961873624165,-0.30744825411457205
3175,0.024358924484245328,-0.1867406827147424
3176,-0.027677072479415685,-0.14768995799746448
3177,-0.0624610136056135,-0.13782486022988605
3178,-0.087842873087522158,0.13954153042438916
3179,-0.18007552400589041,-0.045415942457512272
3180,-0.12470898641088735,-0.22329868992191276
3181,-0.28226410465108387,-0.022511150377497968
3182,-0.099330069024040762,-0.33812846952891928
3183,0.16820775806510041,-0.05340867604874678
3184,-0.18201383257648757,0.22980961821020837
3185,0.043050820273071409,-0.15004996000537421
3186,0.19129934066034546,0.0037697988998176696
3187,-0.2066331311384953,0.17405464935862719
3188,0.07116621005804849,0.10377034296996174
3189,0.18550986257306942,0.095589816845352879
3190,-0.097236147493212355,-0.014472758428324104
3191,-0.019085058252194313,-0.11243916957730871
3192,-0.090414344944095781,-0.075658978866916998
3193,0.02376206514819193,0.080649966992900224
3194,0.18293906467144858,-0.021543443900547674
3195,-0.0090267847122912012,-0.17177929315348783
3196,-0.097298473648429251,0.10701646676478518
3197,-0.092894886455142933,-0.12809814586828228
3198,-0.061660929139096911,-0.25867683749564119
3199,-0.052215789234274321,0.090984508798060582
3200,-0.017004793562939366,0.0488955575171756
3201,0.056805048551404724,-0.066986684053413806
3202,0.089760576907072273,-0.091026421014197625
3203,-0.0093526362204126162,0.050604611694516403
3204,0.029669891104136023,0.052169141537851897
3205,0.11429796539090051,-0.034494518981163159
3206,-0.080241002981038395,0.16030876973856045
3207,-0.10327475943253635,-0.045945699818717385
3208,0.11515072345338447,-0.11629807779925926
3209,0.011610755952984872,0.27872570216320824
3210,0.077503171160256873,0.099399599276283224
3211,0.030789473295230994,-0.012230108549840409
3212,0.13669913717663751,-0.045543706997210096
3213,0.36040804938592441,-0.31031292520121001
3214,-0.13839563067027535,-0.22301362358967822
3215,-0.029634835494898357,-0.25699531545947929
3216,0.27004001111542003,-0.15292693412241165
3217,-0.072180304398007711,-0.06807691785466348
3218,0.066208237275252671,-0.33108346990314697
3219,-0.079219088252623665,0.075084172238791186
3220,-0.36506738173666908,0.27744226568700708
3221,-0.061029533163517669,-0.13872796467864382
3222,-0.062054108032880737,-0.23674884333485255
3223,0.047351295996759281,-0.15325383465240205
3224,0.044924718233078441,-0.010666354098090067
3225,-0.093533174431642885,0.1060117174647848
3226,0.18498074057055663,0.13054031599606711
3227,0.020266477144391903,0.087761662167387275
3228,-0.067622034282730975,-0.20104407194893464
3229,0.13109281115219515,-0.054452859605185436
3230,-0.023992404569985658,0.1227699597558897
3231,-0.06076618952095364,0.069149270545660432
3232,-0.13405231835476178,0.20246884532998471
3233,-0.10162927339647732,0.26791456361489341
3234,0.10046984083470521,0.047270571464707208
3235,-0.16702329400680913,0.12164391904225053
3236,-0.16548007706314558,0.10456313588914816
3237,0.036220330463675919,-0.18204239534018932
3238,-0.0092285717851912953,-0.12821827297287308
3239,0.097981442298025787,-0.29273179733863697
3240,0.11066454330079117,-0.4153726082325141
3241,-0.014820996505440697,-0.091699076202210253
3242,-0.091194253495170782,-0.0069820364817198277
3243,-0.14586931521696331,-0.12167888601916704
3244,-0.020132788160122456,0.057345112709424453
3245,-0.085446109435385775,0.083741164662845272
3246,-0.016347893509169566,-0.018403299490695087
3247,0.25966436897625467,-0.2007080768662301
3248,-0.0026265949465512084,-0.070596436192679121
3249,-0.1391080233983896,0.05312315438416243
3250,0.25386913882241341,-0.087744717035365793
3251,0.24395489389164268,-0.19146737677205719
3252,0.032690536786707199,-0.098851701558826249
3253,-0.0069299224505929725,-0.10909705156227603
3254,-0.11929600886027605,0.08116929883618311
3255,-0.035083280053192126,0.012595421811091616
3256,0.13097681362573857,-0.12882832091725663
3257,0.17438887435075409,0.0029961296789890353
3258,0.10039033489451023,-0.058704954491123021
3259,0.020961409270824887,-0.13932965953939933
3260,0.12472757676453845,0.055678694088309139
3261,0.05787431649870374,0.090728306521056776
3262,-0.060389602923111248,0.065514261282591718
3263,0.03874884172322432,-0.031659554506670497
3264,0.039267068752790561,-0.04699394074160565
3265,0.036921717764940326,-0.016706818567534136
3266,-0.051296998416021269,-0.087095343798170147
3267,-0.12396734668974128,0.075020165825790255
3268,0.021882360619087313,-0.10001266250068579
3269,0.068355501225184398,-0.34145216320259753
3270,-0.082584524846654378,0.14772627077251538
3271,-0.14056330985996546,0.027377984915265087
3272,0.12821156750760587,-0.4609192801537958
3273,0.11552828428628426,0.20303940824132774
3274,-0.26221963096365986,0.17774207236404202
3275,-0.083119117191948255,-0.3179258308717583
3276,0.16491278633506631,0.09973147221979338
3277,0.033555406669465521,-0.061075982601838399
3278,0.10378427832675706,-0.22841949267792211
3279,0.23644495319488681,0.056974301855462033
3280,0.18721789081272752,-0.28699596457265686
3281,-0.0018020870642660551,-0.35127785947826917
3282,0.042888329935189588,0.057175236355187856
3283,0.15312312185256982,0.063125050634153718
3284,-0.17697016985274272,0.097118168387479234
3285,-0.092632723597987091,0.1710663389225088
3286,0.132065975688309,-0.10615464334902992
3287,-0.13952175881082435,-0.020963286158381635
3288,0.032281750934659091,0.35786386127296588
3289,0.084899632506506006,-0.041728078400075495
3290,-0.23145410350984891,-0.35952077747311428
3291,-0.28431545021453475,0.074224447297344703
3292,-0.18340894782618164,0.10965256387432402
3293,0.0046553462219497714,0.0085368728071184355
3294,-0.089498770982362114,-0.040657994133127678
3295,-0.30380044284693125,-0.28597224301228158
3296,0.23525593450645943,-0.017726206775489341
3297,0.39344658635436403,0.12866545098318988
3298,-0.052641601074020182,-0.016151551171054233
3299,0.010969390375979073,0.1785621313855085
3300,-0.12432339195625466,0.24620573110079821
3301,-0.34902385437072253,0.15149307437118159
3302,-0.048845932198953237,0.18354561339744493
3303,0.19811507506393064,0.24291004239463698
3304,0.073103651923312071,0.17305123764399252
3305,-0.094965484453825633,-0.092860708974130624
3306,-0.19089262243353905,-0.026226472612578551
3307,-0.048330567165052879,0.20596680823208668
3308,0.12435453641546647,0.21862946026548152
3309,0.041648223785790972,0.15021959699197951
3310,0.11765283746594907,-0.0023138209337118356
3311,0.0066342794074324054,0.048728162511562062
3312,-0.24438472736162281,0.33104727778751658
3313,-0.12049956286343823,0.0064835552557914178
3314,-0.2730079075235472,0.064684716936081327
3315,-0.19986681905474374,0.43238382209887843
3316,0.25177287405036153,0.1439621725743041
3317,0.16800681778972248,-0.14454920590873505
3318,-0.010361942066705153,-0.16651540748354338
3319,0.14542522906718849,-0.17348169720407153
3320,-0.052836794419529348,-0.019216469426179831
3321,-0.21966328670261898,0.061351251909268129
3322,-0.10375680245417288,0.10513856923611098
3323,-0.034816742447641193,0.038188284843946235
3324,-0.043164780461126678,-0.27279109076505637
3325,-0.0064519603152139882,-0.36993404670964902
3326,0.094331739270484632,-0.17702487998603533
3327,0.16935852521733508,0.14368664209569776
3328,-0.013105009862755361,0.40373969287958478
3329,-0.1805397993455389,0.1667841607556019
3330,0.11605515382948835,-0.087102985010198378
3331,0.40801867204214337,-0.028774623463096918
3332,0.26874780793429831,-0.11668808496562021
3333,-0.13933169695479616,0.084011661887107167
3334,-0.092173486939844423,0.23747486250213409
3335,0.31786999832692064,0.079574129330712506
3336,-0.055997191506419221,0.099006293523778113
3337,-0.18089471786535283,0.06156524567775111
3338,0.25966228236866518,-0.17502824981498497
3339,0.099675938552279769,-0.12013553003892656
3340,0.03311387849578612,0.04864651622027729
3341,0.24075162512505219,-0.064580465239857734
3342,0.24655681044046954,-0.22782955794204099
3343,0.094787291462510748,-0.080781623573459083
3344,-0.051656779444995533,0.12030848973302308
3345,0.0015311558828070455,0.14609103609146512
3346,0.29033922358372838,0.17007316778109008
3347,0.40186984724299141,0.23044795150425548
3348,0.21512722035660695,0.14052421393456146
3349,-0.22254702857700615,0.11918459037459786
3350,-0.24832374771475738,-0.013175107899902488
3351,0.080925198750878211,-0.20161761900027336
3352,-0.0039485782424434233,-0.18679596690057851
3353,-0.046184010357350709,-0.083744838448135919
3354,0.079145641689172139,0.012845259651295233
3355,-0.1986404095673247,0.11489969957880594
3356,-0.32225932843376798,0.15470185064998429
3357,0.0073054539059160851,-0.06262435161131194
3358,0.059416563776658313,-0.16805190343824605
3359,-0.025568175154805965,0.050409748801104867
3360,-0.065354773784162018,0.15884370110317436
3361,-0.072342835526720314,0.02777564207954147
3362,-0.076334964323228907,0.10272207438968468
3363,-0.060419491925733711,0.18809168518250424
3364,0.14234842365104688,-0.058401669397468124
3365,0.3387973729639821,-0.15586103062519113
3366,-0.041703096482389221,-0.20516999730301688
3367,-0.13359733693708697,-0.20896251172084954
3368,0.08975246958725136,-0.065828444924248955
3369,-0.20494488970540942,0.070164929736385412
3370,-0.074092893842373414,0.032780044005092879
3371,0.010037600728516914,0.15941051413203644
3372,-0.24601624313537457,0.053277425868662312
3373,0.019252395124789108,0.10872504887034735
3374,0.1791434948286347,0.2642374139629064
3375,-0.097101968718046508,0.20347260660021282
3376,-0.10576039182611374,0.1374188127970451
3377,0.13686651007890427,0.1269977863640093
3378,0.12553705796156817,-0.00029151015153974086
3379,0.10083628121560735,-0.011660434805371205
3380,0.27971751843157111,-0.034186419013570432
3381,0.07791458175697899,-0.021868598074234594
3382,0.034690356563387835,0.016083582038005754
3383,-0.058956077286962651,-0.11201107584883202
3384,-0.45579230102954066,-0.1847102536852544
3385,-0.16481964887680611,-0.10968697988560676
3386,0.16891799199718716,-0.016585271024633096
3387,-0.010673894898796329,-0.039355237340490824
3388,-0.071801673236882246,-0.12524241829912433
3389,-0.12119690641615952,-0.01471624848359776
3390,0.0050535665330657597,0.066231638916293134
3391,-0.013967023743299792,-0.11318179610473819
3392,-0.18970738116289246,-0.070351548489141477
3393,0.26427587812295694,-0.00064717521978168661
3394,0.31286000131244573,-0.074091220988435069
3395,-0.13354346608684792,0.13905668473063532
3396,0.07623016106827063,0.10267165324980118
3397,0.053426641480447234,-0.19543438324572643
3398,-0.28112222547909599,0.05091225080146522
3399,0.015921172024090765,0.059874729069822233
3400,0.12542296268813349,-0.0030778891928470407
3401,-0.25721933518121071,0.18988875040448461
3402,-0.10727087815977659,-0.1000972371634921
3403,0.09110261352495376,0.0021939256202964065
3404,0.086591256059225713,0.2783792528354887
3405,-0.086811636409671669,-0.07456604549050011
3406,-0.38362316577502481,-0.29532657889292191
3407,-0.019680724854839311,-0.20137570482174877
3408,0.10453508867870213,-0.0057247703694947999
3409,-0.14725426080030568,0.043007998905283999
3410,0.16955708514570955,-0.047713872766991808
3411,0.17306577840904031,-0.053919217509182937
3412,-0.045144764352497035,0.05802908027679464
3413,-0.013896743127313382,0.21159252466951986
3414,0.0076870831348239514,-0.071000197507220156
3415,-0.054437033354576933,-0.5021580043030146
3416,-0.30601606786085134,-0.14697601437381627
3417,-0.0024765485517761667,-0.04027590859812076
3418,0.47378992563647804,-0.042617725968487681
3419,0.010570582629396981,0.121281981318275
3420,-0.14757599934103832,0.058643744837771766
3421,-0.095952422770375412,0.18219118806340653
3422,-0.20152180128412372,0.024528313858251018
3423,0.15485845781480551,-0.14039100922168288
3424,-0.0092822027916478859,0.16374631618439392
3425,-0.15926679303613955,-0.023254216499409806
3426,0.2754077002244279,-0.035714329214709281
3427,0.16728240372703052,0.24331034071034316
3428,0.056804656399394644,0.097989483787826653
3429,0.077188239665885713,0.14817704798003639
3430,0.071196177997815732,0.031552393144906689
3431,0.24631900998918721,-0.15330523915860672
3432,0.036845735995550258,0.27145914795324183
3433,-0.050719194971525744,0.21708682310900482
3434,0.1163348796543648,-0.1829446726116111
3435,-0.13888126038552187,0.11283931660511611
3436,0.094360160712039093,0.12530036506104195
3437,0.24377975375186306,-0.047355044740844267
3438,-0.19731705404072811,0.058890094281647196
3439,-0.15007883761821894,0.072498970088918868
3440,0.11001189178754901,-0.063033215232027512
3441,-0.048538375431272117,-0.16850267721915113
3442,-0.20280890411321362,-0.20709235112877919
3443,-0.1891275514656994,-0.063875938975459193
3444,0.047246935016647923,0.030055901940014829
3445,0.048406521953446205,-0.020714082164371588
3446,-0.12481571827370498,-0.038528522283653617
3447,-0.16242708402409123,-0.051789179181417497
3448,-0.067188135924808295,-0.054670452510513681
3449,0.013213796427987538,-0.047527745189013995
3450,0.067450237543306299,-0.2076107685500771
3451,0.084286614482450964,-0.078867998353700425
3452,0.15930539479942468,0.27866626666002442
3453,0.08901089305586736,0.25019340123978995
3454,0.018385106217494281,0.14922308458717135
3455,0.12980634088182652,-0.0025107300750300023
3456,0.24357150698209828,-0.16278167213363925
3457,0.16125406542606449,-0.041423665807530742
3458,-0.088713788718840045,-0.091080250087787251
3459,-0.10916828752471727,-0.16942481125998157
3460,0.063153086757501059,-0.016999019065395068
3461,-0.19754994540368553,0.03768778300558482
3462,-0.19130325066057541,0.12168196976438539
3463,0.19656146160144294,0.11581899734540062
3464,0.09555784382894085,-0.16213485489473198
3465,0.036148763274229195,0.098327568095272294
3466,0.11913955856030052,0.22339548891931746
3467,-0.0081328058566514337,0.020348831280042952
3468,0.14768626568208673,0.35144347559677797
3469,0.26338685892407387,0.24393183813466898
3470,0.073499220468276588,-0.25547873202662319
3471,0.17458781193480016,-0.2885235910648406
3472,0.053857928223530409,-0.0049155258780336124
3473,-0.051725133775174154,0.27303221200351196
3474,0.38218667457765915,0.17714226235319153
3475,0.25566539004521244,-0.15087198097096904
3476,-0.16657395793129254,0.072542119306112929
3477,0.094450052988724914,0.2575803920581029
3478,0.19203798789152443,0.050855080438573994
3479,0.12067631411791059,0.25266890563475486
3480,-0.016492368772417894,0.18131133062989971
3481,-0.20658597855387587,-0.15242600125776334
3482,0.0134030793735975,0.064847323005003912
3483,0.11377336967184519,0.02925841714599919
3484,-0.034412939508626568,-0.23389359441025018
3485,0.04376302857704676,-0.00014269381286165488
3486,-0.031229656051056275,0.073584037144189596
3487,-0.13112094347112008,0.098709751346271718
3488,-0.027730904526117619,0.14376625301711846
3489,0.1159352518384907,0.17384202232167675
3490,0.10442828605166669,0.32972380635398074
3491,-0.14008198538638109,0.18238536813672851
3492,-0.12356041987657562,-0.024160702482355387
3493,-0.057847389934323666,0.072807583252882668
3494,0.01793895759136567,-0.0063712431674157769
3495,0.19768405689279375,0.019184479341428865
3496,0.16634102976511167,0.17940035062333734
3497,0.054144520688809025,0.17696800162907247
3498,-0.070400848015882783,0.051691720417742511
3499,-0.090849171181808228,-0.16027379461152924
3500,0.080996084060199439,0.074619720396032291
3501,0.14226147634912309,0.2058625531803738
3502,0.13877895022481407,-0.12713443042158584
3503,-0.0097141630514047464,-0.21536755240425198
3504,-0.23955312869945242,-0.19114136696353612
3505,0.045071072698515291,-0.30927377499148401
3506,0.272755755741525,-0.036767025707258844
3507,0.24230085307131996,0.19108054530540472
3508,0.34818316360676632,0.15045174355982166
3509,0.25810089692768728,-0.081146735675289614
3510,-0.10505504710634025,-0.091044940391133228
3511,-0.15560323675346449,-0.11190593146387703
3512,0.11881255920992179,-0.18297465219574571
3513,0.0049962230366533784,0.052536091133585927
3514,-0.24414636472276122,0.15250071405459811
3515,-0.042630839095084874,-0.093581352621117955
3516,0.064826254235767045,-0.19413089123230687
3517,-0.067845587886140327,0.061385935776024643
3518,0.054459556797348055,0.17848541292174602
3519,-0.14521991421903052,-0.18609611163147532
3520,-0.25985950591856749,-0.013194449725451831
3521,0.093971474528653509,0.28010934019494849
3522,0.095306055827230937,-0.10207631330218778
3523,-0.15092700090694938,-0.29025030059461593
3524,0.025755438113541831,-0.21737548217133515
3525,0.2148434151966287,-0.10515834962217391
3526,-0.096158803529787215,0.015936881360758597
3527,-0.21722413204000066,-0.20239286018965669
3528,-0.1522214627349931,0.029338039848288297
3529,-0.10119453991953976,0.24283119239620962
3530,0.22674401745362754,-0.010933233561565834
3531,0.17703058852285408,0.11743766165989709
3532,0.02716236127934437,0.036194512357187375
3533,0.07296130714579116,-0.039221175535031384
3534,-0.053221549258907611,0.20812993294242932
3535,-0.030379227925942179,0.015659787922287893
3536,-0.012455774814758146,-0.0035980540396619055
3537,-0.12569846194107101,0.016525607113085768
3538,0.0057209034660088767,-0.20311043303554369
3539,0.086232210122461322,0.043723127974761009
3540,0.0063119512117077517,0.0075984293759403937
3541,0.025370562664274766,0.0077005103533561332
3542,-0.052858961434108336,0.096301841538775995
3543,-0.036176139968878779,-0.22021834028129139
3544,0.12483309022930243,-0.034558283004795479
3545,0.10154380080947062,0.38767913837495332
3546,-0.015955676562836061,0.12853215481669025
3547,0.037378241141560048,0.1254329169129732
3548,0.071415427247157173,0.020771553608023879
3549,-0.17980949549019706,-0.040261911161965841
3550,-0.31627441424627029,0.39349892266025877
3551,-0.15434475273086995,0.22627366356269901
3552,-0.036867483801687848,0.10282283691242303
3553,-0.04620149853692794,0.40335032168489515
3554,0.066889050578962259,0.067389076591653718
3555,0.07477168252011053,-0.066599711071804915
3556,0.14299087494023707,0.15579764113493536
3557,-0.049653707969848443,-0.062009477865111046
3558,-0.21994044924720887,-0.12473387992848781
3559,0.059306330472108537,0.27473591917175133
3560,0.20909988518991537,0.24927149464721174
3561,-0.17958917751898604,-0.13791586635832215
3562,-0.087835143929691592,0.2217261047505325
3563,-0.060462501754691901,0.40120331250201002
3564,-0.07877770066437903,-0.25479239778556684
3565,0.21287888397494034,-0.16092002662784397
3566,0.095817999712795907,0.096124099270652213
3567,0.0042846004805088172,-0.3653994976433021
3568,0.11881103668745739,-0.15392608096987126
3569,-0.052963515168002108,0.057174485603380731
3570,-0.16662919072167939,-0.15274969876065317
3571,0.12795421645160202,0.12474283201196076
3572,0.28466251229545275,0.17864335875812551
3573,-0.14322450348424956,-0.14757685146367638
3574,-0.046382714569200248,-0.33631753520582264
3575,0.37364104101141266,-0.046433494402108845
3576,0.20853417977450234,0.13530372638130697
3577,0.0033889132336294469,-0.11733250335032627
3578,-0.016218245707381434,0.040266776176241685
3579,0.10235165217793706,0.04575957649046225
3580,0.34354848346350586,0.030179757776354413
3581,0.11642975816310097,0.25400218025619276
3582,-0.15902313857707381,0.13371751393715195
3583,-0.14911969977162431,0.035448278609175418
3584,-0.14087187374900045,-0.068127668517106721
3585,-0.068949910346867913,-0.270847538417745
3586,-0.15418808400839012,-0.20817050668708054
3587,-0.063529217221715284,-0.031195131914629436
3588,-0.077004954299272746,-0.0058614947455964319
3589,-0.11263223625447623,-0.073242673125548483
3590,0.22360098797857242,0.069886874139911653
3591,0.10247086576383009,0.035420192797222527
3592,-0.10709602920522542,-0.10694958162661462
3593,-0.038599373224792226,-0.11346068169402271
3594,0.056753202553870175,-0.12309371972619726
3595,0.30050161796878305,0.1159673204763593
3596,0.077422971695381246,0.22266319606432683
3597,-0.059941333670307267,-0.209777227134892
3598,-0.093875031329927222,0.036417471586057459
3599,-0.47339590977156332,0.31149572096569456
3600,-0.22227382496142553,-0.057124759879690068
3601,0.21958588640227913,0.13989723012105307
3602,0.16770271035704501,0.2156841531840363
3603,0.2670733917265416,-0.17832483574322885
3604,0.14110557763854306,-0.28939078380611943
3605,-0.023805283096458983,-0.21881837727162648
3606,0.16069068982426185,-6.8316321606321992e-05
3607,0.24685113228829972,0.17378993540034665
3608,0.086159409676523899,0.15009345916899686
3609,-0.21311095984662165,0.00087433472799846798
3610,-0.11390405623497027,-0.057803563476939573
3611,0.14225869482107462,-0.067721536176524141
3612,0.036990965426604294,-0.02123522584770967
3613,-0.0085962503314895317,0.097937403009701107
3614,0.10228571205131157,-0.15566300908233091
3615,0.12362532290565441,-0.22113504259390038
3616,0.051897836303714105,0.15340050092199128
3617,0.072270408097860048,0.073238304094704054
3618,0.321664429918603,-0.16837889118384786
3619,0.2064447126651347,-0.16364886587397293
3620,0.085594699573829508,0.033898069810715456
3621,0.12723077273618738,0.31068985627446821
3622,0.19709673252826168,-0.052003557928572385
3623,0.19551693156542646,-0.10583993950299739
3624,0.019715329269511153,0.10315591489183482
3625,-0.070988914344129558,-0.16027812858448143
3626,-0.006664932872338096,-0.06030468112574934
3627,-0.14961043384640446,0.025233450310459725
3628,-0.052010249293933143,-0.23707030537653009
3629,-0.13535662596532241,0.00035726986245451786
3630,-0.28506148392131597,0.15259339689470253
3631,-0.16901061172960666,-0.091596864306396034
3632,-0.15255002422455877,-0.038975758637350963
3633,-0.11525009219786857,0.16664195749314881
3634,-0.012005912219181649,0.11736155670833755
3635,0.018028761515156755,0.12524496917891659
3636,0.017406878048582909,0.26296614637091953
3637,0.03268761771723333,0.086687714568193866
3638,-0.0047216783706749742,0.034621883354848337
3639,0.09370050956330539,-0.07985792248258107
3640,0.18235119276252129,-0.46293248337043252
3641,0.11351297770207455,-0.13853224957833885
3642,0.016216172364477636,0.2018264153926535
3643,0.037099077279396743,-0.023695747884220623
3644,0.076053939378116567,-0.052030938545120822
3645,-0.004077456042897715,-0.12562155789937313
3646,-0.08233325882350892,0.024533641563639616
3647,0.085846920795931092,0.023839456732364518
3648,0.09042531773902053,-0.17779926756084813
3649,-0.026802655226829789,0.26306552304272834
3650,0.11506874218305808,0.32646750457165502
3651,-0.15354616656662512,-0.13677432698247532
3652,-0.11319069031693395,0.047854807784295343
3653,-0.064062005258228305,-0.20297713166442241
3654,0.068813058386165832,0.015267923321716174
3655,0.034772063394761528,0.03070854522869864
3656,-0.082667159696806561,0.17385518944906886
3657,0.014285973002743903,0.0059127990905510335
3658,-0.027261606320447353,-0.21359951108495728
3659,0.020158692930938464,-0.051973060620582712
3660,0.15731257664033621,0.042592555711012753
3661,-0.02163420124578341,-0.053252013837596562
3662,-0.055530639705841961,-0.10479411337693049
3663,-0.12462325867075878,0.1144181756903393
3664,-0.27017791845855105,0.28262502945844337
3665,-0.094028549398870259,0.028603333579778668
3666,0.060291159183584395,0.18307202860514554
3667,0.21598962292539212,0.27224152422223086
3668,0.29452663554232034,0.10292059833379046
3669,0.084911938852819141,0.23405723830762543
3670,0.23276540791463729,0.1842892739066917
3671,0.363735858053093,0.090660049072994867
3672,0.17385745321418539,0.01229415354851033
3673,0.13184642252020895,-0.31941805280809082
3674,-0.052261932324265931,-0.2223367187354047
3675,0.063583053433593661,0.001342621726560802
3676,0.26847514602409522,-0.093023493231197921
3677,-0.033697996701354989,0.010538009578097751
3678,0.12898867107534115,0.21713734980559096
3679,0.02340284580430791,0.13097198255466505
3680,-0.25578751855676418,-0.034750440436486979
3681,0.17372850633489345,0.088472676931034097
3682,0.24362015854774721,0.04955051404286677
3683,-0.18779937990364098,-0.15632468486607587
3684,-0.15134003261184847,0.10823635979921711
3685,0.043923643621061291,0.098241031566781822
3686,0.057627422675951098,-0.23328025581424836
3687,-0.013784186241072747,-0.22236257884262933
3688,0.16104341959610613,-0.091131278245699165
3689,0.37063431373942973,0.11519796533725843
3690,0.17713199359106169,0.0014066199488503642
3691,0.036997253859014437,-0.23395075080630409
3692,-0.079247620536668006,0.10737302324836928
3693,-0.084374979448466267,0.31309320843511051
3694,-0.087519323099340851,0.038112144290506862
3695,-0.31374663730756769,-0.020070213250060601
3696,-0.057399631109125882,-0.12812402725762964
3697,-0.064007694133522766,-0.16231079888438796
3698,-0.34691704853293737,0.22761999587328224
3699,-0.13113502142584521,0.1573079766240916
3700,0.02246210235620311,-0.38766428597339436
3701,-0.019194384622609671,-0.20821490127040851
3702,0.28629848703306426,-0.0064766605184842958
3703,0.12601454952310023,-0.36120027189184883
3704,-0.17283359767474799,-0.28633065569306826
3705,-0.10066751691165286,0.098077627851533233
3706,-0.039482238646683224,0.085151356575346865
3707,-0.070213972801325422,0.015285212324876968
3708,0.042871120683980302,0.00365194817517392
3709,0.26125173769889087,0.011361225187899456
3710,0.16422038506866801,-0.020320056422329834
3711,-0.0075225769872426258,-0.042604607460894242
3712,0.00010164948568195525,0.017003092308264665
3713,0.011237899613114017,0.10645301468965887
3714,0.10385880761648167,0.011553086967814794
3715,0.27973600880009664,-0.10111579696688011
3716,0.2681610480022581,-0.045004948133711337
3717,0.15130454757230327,0.047949434477029068
3718,0.12757640666527423,0.095354453690226562
3719,0.081747110596578521,0.069095688553125076
3720,-0.040398850714522497,0.0095584471978963498
3721,0.031173538855451783,0.14137546706764773
3722,0.14126141305633794,0.048191969255026397
3723,0.19656635518040405,-0.07190354870852729
3724,0.095934740915834538,0.33360604168640851
3725,-0.095100104835520338,0.066134507452893052
3726,0.054463728495552081,-0.47304378891015986
3727,0.22629077405948994,0.12075233606707649
3728,0.018303369493639095,0.27029849204206641
3729,0.04665225873972572,-0.31333312304418981
3730,0.28461687613813291,-0.085675119807553296
3731,0.07056693473585976,0.14749100459461451
3732,-0.11569602177125361,-0.00031188000377137259
3733,-0.1876903278846388,0.096180537006205671
3734,-0.23823350116447325,-0.13900295756906977
3735,-0.046172604209277768,-0.18948472493839905
3736,0.040187025052546843,0.02135854547157081
3737,-0.019160016987742223,-0.046479276667913058
3738,0.021265186323031822,0.0091771811078823935
3739,0.0035015398189196245,-0.062278007780358004
3740,0.062446229994273253,-0.051748953478237339
3741,-0.15800026385705099,0.25026769103641061
3742,-0.1273575354737409,-0.1160899068832482
3743,0.062359695242615587,-0.30003346301188605
3744,0.045584474562720669,-0.059886175280400862
3745,0.27495387890959289,-0.12339162756270194
3746,0.26674595659604694,0.0041000383708697718
3747,0.068462858300049625,-0.071429446765716609
3748,0.28045604045615158,-0.10578272106854834
3749,0.0015837198624606037,0.1956681035014925
3750,-0.073946108387686602,0.14161016722114328
3751,0.15743242199744684,0.17405088694131626
3752,-0.1788621281325124,0.093059414850117594
3753,-0.23945349137091929,-0.26937231657989397
3754,-0.15094570756198084,-0.1043595153866347
3755,-0.21918232256560133,0.040028045895918581
3756,0.02162279316211059,-0.022884649221809696
3757,-0.072521335140656354,0.045774548306512772
3758,-0.087072630235569798,0.074273744143479828
3759,0.10409066191101381,0.030412846499322403
3760,0.13413391914897724,-0.057797364686279391
3761,0.036134927146526094,0.019192674159792866
3762,-0.40411445666904799,0.1811201459954413
3763,-0.2274831237145564,-0.008217961779756127
3764,0.35377491045120785,0.15253821680214072
3765,0.22401563987390352,0.082689042433979149
3766,-0.064920697657458865,-0.30340873051149586
3767,-0.025947134296854801,-0.13135967314968666
3768,0.051894308918567195,0.13968419881990657
3769,0.043268790457991362,-0.10542438749025244
3770,0.0047955938278791011,-0.091793808634079085
3771,0.10740532958044742,0.0021844092179350771
3772,-0.083637476545345119,-0.021926991806984583
3773,-0.15913813132789145,0.058430663360070342
3774,-0.093326765950603116,-0.094049050675578394
3775,-0.13316469300849015,-0.26468445718491695
3776,-0.062010199735701495,0.0071802855447185791
3777,0.05358614565404593,-0.1377754897199896
3778,-0.012371037602775047,-0.33014502804416213
3779,-0.15665334218100266,-0.056524846430905398
3780,-0.24166574052380635,-0.10799680713732021
3781,-0.043130716427591628,-0.0193055642794339
3782,0.16745533742631349,0.17837487938244267
3783,0.069143753534383845,-0.0046893759765245574
3784,0.16012014161266261,-0.153105989202382
3785,0.092907911614938804,-0.25244182156929451
3786,-0.24244788754799898,0.043089021061520037
3787,-0.041282728613176223,0.26308053797780784
3788,0.16963456922089476,-0.09580404840738399
3789,-0.16933798997455399,-0.026992365089646468
3790,-0.086610754128546782,0.096513982823120986
3791,0.27560239429568834,-0.11366597560046625
3792,0.035773741667204449,-0.041954088442468923
3793,-0.056951232011672445,0.094710157991907115
3794,-0.014436985993900576,-0.072729958894918928
3795,-0.040540089814145697,-0.34172252291121841
3796,0.043244758351333915,-0.028248676235425534
3797,-0.031443705642275659,0.33107486477331788
3798,0.05596583065708003,-0.13509462699222705
3799,-0.018764948428380477,-0.37152048551479938
3800,-0.015269912569157457,-0.29558862362241761
3801,0.075285849465157234,-0.021834511079397531
3802,-0.16748431142920595,0.18794397888867725
3803,-0.16072962998331189,0.0033447464215139791
3804,0.052029665699835539,-0.032675239899917205
3805,0.12391012867147511,0.16427011598192481
3806,0.2171562941737803,-0.031611994191991372
3807,-0.11441917477191739,-0.35781168738309704
3808,-0.0062114686106484462,-0.11792429444672531
3809,0.33016646466804528,0.2084045448864088
3810,0.081633348229449385,-0.19720307962268377
3811,0.20168915800987336,-0.10218303678890067
3812,0.031341829668882722,0.4622627849375569
3813,-0.23768595718429975,0.06825610304095768
3814,0.17779116135663095,-0.089566761970132691
3815,0.079457395955178478,0.018306396314497979
3816,-0.074405568048295248,-0.095608322596548348
3817,0.07708315884054405,0.079097119278574032
3818,-0.006217996564235528,-0.056891901816979368
3819,-0.14579873345979644,-0.16308543799723937
3820,-0.27219435533528025,0.16514358289567127
3821,-0.13066377177414717,0.071563702164797641
3822,-0.088266731180892705,-0.2664451746390426
3823,-0.34328260671332239,-0.084788250738568521
3824,-0.15793976648597216,0.082770768908242032
3825,-0.039025501677986414,-0.12230228313329336
3826,-0.30053652555376664,-0.15509453893755684
3827,-0.076924329069982922,0.03639813842049737
3828,0.12488743627112475,0.028532072017753683
3829,-0.12992274439060994,0.093934662644899608
3830,-0.099340253401224529,-0.085436572173159586
3831,0.27099211717684479,-0.27366158332429574
3832,0.18782875356021839,-0.10668973657244674
3833,-0.016939406990433895,-0.083465513683592923
3834,-0.10108428198727154,0.064060387747723962
3835,-0.28053397065329644,0.29716249183682547
3836,0.0056979446013327439,0.23141639791203999
3837,0.11738818885448979,0.16166765207548345
3838,-0.072485031088261473,-0.10749078756363042
3839,-0.026707682842849512,-0.35886789533241337
3840,-0.14793051935663651,-0.068095675692360413
3841,0.13754289343744408,0.22168868578170375
3842,0.22612260237250997,0.067245566850918703
3843,-0.15289960766443814,-0.20327946092028984
3844,0.035832977440903316,-0.064826588767674165
3845,-0.047639151073959669,0.11794618025216044
3846,-0.18336083563703628,0.041109081262569278
3847,0.20524217108954126,0.013616108331427783
3848,0.17490920633437879,-0.033568684403081472
3849,0.0091463415029420254,-0.15863540801741699
3850,0.24735301317977601,-0.22829238279060943
3851,0.025860467874749847,0.06224147174300157
3852,-0.16697165993304622,0.14148273520571591
3853,0.15812904834792729,-0.23287098351878135
3854,0.075088790832505359,-0.044521502270285486
3855,-0.11349556092671891,0.055004159324058173
3856,0.13540993699665926,-0.10681141812551999
3857,0.11345620741735796,0.19639331422395023
3858,0.068440049000036293,0.030174299524876498
3859,0.0063809910788567388,-0.16831039377570745
3860,-0.13900656002785508,0.069963121615193219
3861,0.038253973319412125,-0.057731625696167806
3862,0.069536136357191095,0.10696990613125425
3863,-0.1830686313582309,0.18084221174297144
3864,-0.23298138487494094,-0.19488914914566932
3865,-0.022203012582818919,0.027561285135515368
3866,0.41742196804294823,0.11194503699018232
3867,0.25334450830794164,-0.01171587195939848
3868,-0.050145547776764179,0.31688441632546954
3869,0.014300822371693054,0.32641475408100312
3870,-0.14167075191608747,-0.03371203522710358
3871,-0.061005961328608194,-0.050614419391198207
3872,0.11929783186289848,0.041764347737625399
3873,0.00057577729087465376,0.062578501881315154
3874,0.052059466751955843,0.00098053149417177358
3875,-0.085548230313617038,-0.15308467949296611
3876,-0.044419137565807849,-0.09507260843065457
3877,0.33551148779973572,-0.039769167729058447
3878,0.2907548172446407,-0.1177538231054778
3879,0.3818289091960857,0.037085478482734247
3880,0.084904428682790273,0.14552298334746003
3881,-0.17091744895128014,-0.10684688845878552
3882,0.22172604484049957,-0.11441327942538278
3883,0.21770494520751846,-0.20320359209136601
3884,0.15680289337430534,-0.34679310800613855
3885,0.22345756293732835,-0.080236533284188893
3886,-0.19476535693968092,0.040886124341689437
3887,-0.25142495753772631,0.13651654357787971
3888,-0.1541345682934438,0.22035333920784494
3889,-0.1405462526783233,-0.071595904062881868
3890,0.066219293761022868,-0.11400999779136395
3891,0.17637826242379684,0.17088339479937287
3892,0.096386197016591901,-0.037676422221175801
3893,0.047951151984365767,-0.2998200889941412
3894,0.17833545538082957,-0.023736883735415944
3895,0.040497932781381349,0.073825338159171069
3896,-0.28348495262218909,-0.13866766730874849
3897,-0.096733606998900962,-0.11233576108807583
3898,0.15852414572967674,0.13278836003257699
3899,-0.036892649055381213,0.14264524641827886
3900,0.16430002534882732,0.11756975326969897
3901,0.083670682917747569,0.027041047064123868
3902,-0.062503173604934778,-0.17608443583310593
3903,0.15378086698483392,-0.12152722295330481
3904,0.084884743610500954,0.02016576834574443
3905,-0.050524787490927377,-0.12664219927427056
3906,-0.17433681845852061,-0.28607684511981218
3907,-0.16205370316458087,0.075148555694560193
3908,0.1880836690639669,0.14067451144562315
3909,0.19029884918993001,-0.09885484979467743
3910,-0.0063883610510360265,0.078374304241878148
3911,0.010897505220270848,0.059109211824662097
3912,-0.19675857521770282,-0.083125886443370281
3913,-0.00041470217632806269,0.080486798251700992
3914,0.22187539091404057,-0.045004967849462625
3915,0.016723903934913846,0.020209861194855114
3916,-0.062052063570873908,0.14454297383679646
3917,0.066931835935409231,-0.016056174198297347
3918,0.11076273852950377,-0.063307500383349091
3919,-0.12537108236601754,-0.098238078868266396
3920,-0.26454233801738386,-0.27406731693709613
3921,-0.020594144541709363,-0.073656737843836251
3922,-0.1462778503030823,0.083480242625892903
3923,-0.25052892977549596,0.20413437991120287
3924,-0.091655872965015983,0.30124142425879552
3925,-0.22033561356252526,0.058106993492198784
3926,-0.13290287395570224,0.21619536229786249
3927,-0.055008994405159814,0.32092874927684578
3928,0.0093189793925373011,0.19650490793218411
3929,0.33774679808442826,0.19243354934819426
3930,0.22662730872461401,-0.067483212347166241
3931,-0.0011135099513414272,0.031386660220814211
3932,0.10942092729446778,0.23619800020575718
3933,0.030522318391360732,0.016158044308725663
3934,-0.18848870884820976,0.10026339466362946
3935,-0.14082044396034171,0.052176424872447842
3936,0.036450715502988215,-0.25494806523353164
3937,-0.092813974822935047,0.15813993144500987
3938,-0.054079085252541126,0.22778990210372671
3939,0.15156820775463997,-0.22019032677132999
3940,-0.10413646125565403,-0.16465425826534308
3941,-0.18441934371356675,0.0073779452339119058
3942,-0.10332674348026351,-0.1218355298131268
3943,0.06541102163599008,-0.10752746057475254
3944,-0.0070030880089333638,-0.052726175492412007
3945,-0.025222884339903814,-0.064870874153887065
3946,-0.086538178004977345,-0.045880651265045896
3947,-0.11490201636719587,-0.043578612113502821
3948,-0.024211047592506828,-0.045853668599131078
3949,-0.14891687646103619,-0.092192181238160059
3950,-0.17935292240032685,-0.21405050482904961
3951,0.015723478227801246,-0.082285263953135887
3952,-0.0060550707572578667,0.085378283394266549
3953,0.14998648911240059,0.16834409002179773
3954,0.19191306432649194,0.19917683767226238
3955,-0.2708360791802491,0.040142979726290502
3956,-0.20174198195363308,-0.035505979837172782
3957,0.099452257885888087,-0.023895415745863673
3958,-0.033710649819583487,-0.18883778992910077
3959,-0.14806606917736789,-0.080315122379076356
3960,-0.060189701413020283,0.077083751744695811
3961,0.16006295580826538,-0.024871524172604832
3962,0.18799254966322188,0.062076104513379998
3963,-0.06947081585966354,0.081903423657353661
3964,0.10828036805826885,-0.26449747794889178
3965,0.022368920947859128,-0.1824230757997983
3966,-0.0096831490035103468,0.025488243571656601
3967,0.29919847020638335,0.075729112028194392
3968,-0.042710195949923112,0.14456357326215033
3969,-0.22436616062046905,0.34471223377578564
3970,0.065989827608143675,0.086490650420099263
3971,-0.17620517851890982,-0.26350208806128506
3972,0.013347350434623963,0.047577200893195795
3973,0.22992351653930135,0.27698484245943372
3974,-0.15369362257909144,0.11468690556333441
3975,-0.1595013090521244,0.32087908169217139
3976,0.28177294386972851,0.27467039085093442
3977,0.35154769247484347,0.11615856795539237
3978,0.1482383480667363,0.075744292712174616
3979,-0.041119047637306685,-0.089751696466247144
3980,-0.068644919245242686,0.0028517613552098576
3981,0.018027505836300788,0.082315198965752387
3982,0.084088344277082616,-0.02819201918961951
3983,0.17335008924213782,-0.017866024953333649
3984,0.36885870456819825,-0.034034768220758488
3985,0.072444550963180004,-0.071449441800193317
3986,-0.34628210843008767,-0.094174265036861354
3987,0.0033338286345957523,-0.029585998491854316
3988,0.031330045197103897,0.18086516877045522
3989,-0.29249311827310698,0.10444297712889949
3990,-0.076461599249528486,-0.12157834110915423
3991,0.020071638975828046,-0.28750349048707413
3992,-0.2183318515892434,0.081367396217678606
3993,-0.07370937576813387,0.30541640575094092
3994,0.014817487471368499,0.0043180108573345139
3995,-0.16283135740410529,0.023150941559644908
3996,-0.20278161843835232,0.07570599692141608
3997,-0.069672607203078996,0.1058788653934746
3998,-0.04455021892381987,0.22514435022066429
3999,0.18769105258009844,-0.07030389816757221
4000,0.25086318020517734,0.023474247179777273
4001,0.05535483108495319,0.15244899699582107
4002,0.072470865884670485,-0.24286784056860899
4003,0.18508023764714515,-0.14656534690523676
4004,0.17309231812456369,-0.25743129296085382
4005,-0.011120545705283156,-0.27435281155247598
4006,-0.22574636026636855,0.22211426369617357
4007,0.11743215560554866,0.25222216655290031
4008,0.24193816674856153,0.11188981669538046
4009,-0.13222304074561855,0.14399441222051007
4010,-0.127843364576193,0.052195344645362095
4011,-0.0012908166500684316,0.12045557109437877
4012,0.076112533733880883,-0.11546197352075334
4013,0.1482637330091911,-0.16566953934718118
4014,0.0016263424775703403,0.062794506774546094
4015,0.049534729803541927,-0.17506325578277299
4016,0.0061273488411067271,-0.13331585716431296
4017,-0.059462229744190194,0.14665417405173931
4018,0.086077107636578221,0.060985193308270881
4019,0.18313996961526385,0.23865504219568703
4020,-0.10001649349282295,0.39107673976745588
4021,-0.10872535965050058,0.18854572435269631
4022,-0.0011717597358746092,-0.042361324995676193
4023,-0.16983692312524529,-0.1656356241022896
4024,-0.19432575484701109,0.048863129382256662
4025,-0.015983722332304565,0.18972155123656631
4026,-0.029545110161607897,-0.093596964292211191
4027,0.04534234430540534,-0.00081796760628950662
4028,0.043905864905501885,0.08736273438748747
4029,-0.091705924729070784,-0.09961266264980044
4030,-0.16004337246888689,-0.028821123641875633
4031,-0.17743597948221079,-0.13902826376324068
4032,0.19717590887865166,-0.10995172791850526
4033,0.27317727992128576,0.0012628804070371584
4034,-0.19624467864963752,-0.30393630095942903
4035,0.2963617914580583,-0.0076828879964056275
4036,0.59749678641538717,0.2495266849827743
4037,0.11601665832390042,-0.10386481106281777
4038,0.0022994124122821726,-0.034229856918874528
4039,0.15819588609744958,-0.033750257807627658
4040,0.17484433243455855,-0.28032386051467628
4041,0.037633773536023048,-0.17025462709784289
4042,-0.077174505942504107,-0.017243148282574609
4043,-0.05396262024658334,0.28194998577445901
4044,-0.17874213092198304,0.11755842352376632
4045,-0.11323797480795472,-0.2799023407332159
4046,-0.11754526596964723,0.037916382894218378
4047,-0.23236742384493117,0.16257136226843028
4048,0.21040070418132226,0.019446532781909751
4049,0.40318440339715367,0.1725996213232176
4050,-0.046627707246522494,0.16817592701645431
4051,-0.10347637395869513,0.031373327808043694
4052,-0.051614476699340384,0.051658820815136869
4053,-0.040925201230387113,0.2183176443575843
4054,0.08325346095326068,0.22900365980352538
4055,-0.13663509480580444,-0.088267317371671955
4056,-0.12288172937017129,-0.10049159446235115
4057,-0.084931965895748057,-0.0019317215229368769
4058,-0.11226762945371102,0.11091804670562187
4059,-0.084048743795865716,0.044959017538574488
4060,-0.10636403825979709,0.011277632663468821
4061,0.047112433671903327,0.24816303144704036
4062,0.18689332850127846,0.080824228330910922
4063,-0.084186453944416387,-0.13867103569740744
4064,0.062303827500086555,0.28769012107619413
4065,0.22343685774941266,0.12289358601368498
4066,0.08277526462979834,-0.2081059016761613
4067,0.14059343633047311,0.045987293078236686
4068,0.087824280512087127,0.10605429807490116
4069,-0.038761967534322393,0.31323079867125525
4070,-0.076028939133612555,0.15136207631705795
4071,-0.21162760545034168,-0.40521899058901256
4072,-0.16301329152795899,0.14626095360241065
4073,-0.12598425520163359,0.18027137755677258
4074,-0.044189634770260215,-0.31287819898896219
4075,0.16183457378374708,-0.049135748225010642
4076,0.029102397756444711,0.0018871214557281994
4077,-0.097310828345751957,0.0070880986490013164
4078,0.094551774604315311,0.19870441731278238
4079,0.032689197330871445,0.1686472627091837
4080,-0.1264463640933487,0.16592756496483896
4081,0.087671552743724318,-0.1029675527953825
4082,0.10101856536041942,-0.16139626995538783
4083,-0.21295595160761049,-0.023157010881004976
4084,-0.14209319783312943,-0.29162853246109849
4085,0.18075775653108936,-0.11356832629628616
4086,0.1511003330137784,0.24927292735312417
4087,-0.042645746223890613,0.13130407777388775
4088,0.021538260930802893,0.13667342983065628
4089,-0.032648256970413167,0.12343343118911229
4090,-0.3512070058571376,0.0029689275132411055
4091,-0.060961167196989491,0.054142419977823042
4092,0.15319254352172015,0.15089015811910855
4093,-0.20562531401980635,0.11332179822898308
4094,-0.15170200272387266,0.042766066130905799
4095,-0.13561252166306526,0.0079593245106193092
4096,-0.12717242496070591,0.0018203313059700502
4097,0.30915913459654021,-0.068809195434857695
4098,0.16233345382695191,-0.14478195182253714
4099,-0.28145267326145096,0.032171007701530925
4100,-0.14783876580052879,0.19736902489266847
4101,-0.25469660565445146,0.015110624624743267
4102,-0.072086525319170314,-0.16279869759046389
4103,0.36478044012808947,0.062529150669408923
4104,0.22443256707765843,0.25531817180601202
4105,-0.023196146538261027,0.12203480394178277
4106,-0.0049920683875236578,0.080164333922789488
4107,-0.05175377940410697,0.26922158728911239
4108,0.019765926097675343,-0.021908639535315154
4109,0.19864631260832899,-0.28940790390583537
4110,-0.0070937037988264822,0.010750912327557042
4111,-0.1589034103282928,0.13666841310512393
4112,0.043158097274981461,0.031019477383283794
4113,0.028639392549050659,-0.093389940676856506
4114,0.13227432873476042,-0.065534946757069668
4115,0.21094061430431593,0.11609018727682724
4116,-0.04050468597781192,0.027778830846368299
4117,-0.12229963062669177,-0.084264674127131303
4118,-0.010884775857994831,-0.21937875755776065
4119,0.08609825325323836,-0.32687823558251394
4120,-0.083139175465540102,0.21977703918515168
4121,-0.086873858799141473,0.14876630024964668
4122,0.20482114509472565,-0.27413716843866009
4123,0.03256674164127564,0.15502068059666976
4124,-0.057517635066350943,0.13840041322621049
4125,0.041750692377884244,-0.052634275787711425
4126,-0.027201007878273842,0.29098507082505826
4127,0.22940435574288462,0.16935708060048218
4128,0.1063478282437097,-0.19751318316102157
4129,-0.21255184153900791,-0.12826697541450505
4130,9.1684661256542441e-05,-0.02779269634374391
4131,-0.093510036549816322,-0.1283837653500273
4132,-0.29708285821741254,-0.053622931845450389
4133,-0.20792487110075122,-0.050469259276075679
4134,-0.013916418301054466,0.029077232706076348
4135,0.09408295115021445,0.12768046982574094
4136,0.060287369643173189,0.036932822755873132
4137,0.048141678833707451,-0.13319465411408593
4138,0.080935739626614656,-0.1623137347778357
4139,0.051829237288093362,-0.088879090762486873
4140,0.077387770352414606,-0.076795399022142649
4141,0.080463094442394203,-0.20619774008366196
4142,0.048765166587347163,0.12741288430080541
4143,0.13832570543959885,0.10451172941556507
4144,0.1919006690058897,-0.38092454620862332
4145,-0.040361986630234561,-0.048060386663710021
4146,0.029170327677955594,-0.12348254502342534
4147,0.19456059483758339,-0.23050096980023463
4148,-0.076625616241054878,0.15486501367545691
4149,0.10844999996451959,-0.021405363266535034
4150,0.3442450841944551,-0.16710227398829919
4151,-0.099383215595534674,-0.012522598381921365
4152,-0.12736431838699092,-0.06999541687300545
4153,-0.099048163783046594,0.075013498851909097
4154,-0.19620148891990793,0.033895029378734225
4155,-0.12455242530064335,-0.12161639395932808
4156,-0.085239331132500124,-0.1025075614293684
4157,-0.048726854005544044,-0.050528775020122235
4158,-0.18818208253360302,-0.045482884513597388
4159,-0.048066716964931387,-0.30887716247871433
4160,0.20850438745724417,-0.26813937500217222
4161,-0.034192254717945875,-0.089938287163202082
4162,-0.038534764650749662,-0.13504616667781399
4163,-0.18746397138968451,-0.18297937017761923
4164,-0.26563367071069938,-0.14490984426854284
4165,0.072504714353966035,0.24911029473274726
4166,-0.1200745146015416,0.21380367187564578
4167,-0.14500005643159017,-0.20602100915122626
4168,0.13036418759421867,1.9298666613794388e-05
4169,-0.00050215269289620446,0.27994732160957608
4170,-0.040900384021534383,0.24708208593680767
4171,-0.15892721859861789,0.065892241463329795
4172,-0.36300718974421309,-0.21272539024062218
4173,-0.31459630559951657,0.0098995129171832886
4174,0.046089953185225803,0.17581686835444502
4175,0.10589038559649164,0.20396357705035989
4176,-0.13262993912228871,0.12452831897737225
4177,0.081468754419056377,-0.17620665763733129
4178,0.12289551508584996,-0.19807411182111478
4179,-0.15473519986096815,-0.13366964274408297
4180,-0.060821552485875979,-0.039878970361294855
4181,-0.23078509588965496,0.073406894148638116
4182,-0.10212780657630824,-0.077206945505886249
4183,0.17062819642722871,0.20061123033906902
4184,-0.21684854171849963,0.1990026661505373
4185,-0.058078984197298719,-0.2645100664606545
4186,0.012064519467439722,-0.055189577335518575
4187,-0.36777767588393179,-0.059305452801702123
4188,-0.11154412030593773,-0.2433748272049677
4189,-0.094364055453876231,0.083601401243876133
4190,-0.030380739539064741,-0.074930412097172897
4191,0.30867760315162279,-0.38241602478796
4192,0.029009521562466424,-0.12403344149688705
4193,-0.11658399357831709,0.11515104585819554
4194,0.1789877372704651,0.069644270336770203
4195,0.093891486374471228,0.052637239341191029
4196,-0.041476207273907204,0.0013344698417139568
4197,-0.021888149397495997,-0.15182906122129922
4198,0.090641597038773766,-0.11456991153890896
4199,0.086570878715716948,0.090319012942533777
4200,0.049533540005468002,0.018628620528206422
4201,0.068324069817811875,-0.030670090832365687
4202,0.061213197918256343,-0.08167159937182189
4203,0.057443210772491676,-0.14355548494760936
4204,0.011550369056280096,0.0047756673022169675
4205,0.080377925571933739,-0.12797465463094776
4206,0.25238719675533983,-0.18401001398339606
4207,0.092220637282050835,0.011601739700937523
4208,-0.12654787087353911,0.0027282783774730478
4209,-0.18867379120722699,0.12781902119921862
4210,-0.24767243596943778,0.17134611275084832
4211,-0.022597394844415433,-0.28049590713888228
4212,0.063331433123553313,-0.25228179307782911
4213,0.011510680503925976,0.1205977599656381
4214,0.16970043767227799,-0.038401662191538288
4215,0.10433820408706074,-0.14866859851707512
4216,-0.048159719995353303,-0.081989662839710251
4217,0.043281959822816671,0.18934428650969432
4218,-0.05978077725456564,0.18938891806718189
4219,-0.11077816899338561,-0.066143645364357767
4220,0.24478089225603597,0.086697143428874357
4221,0.19849883689028114,0.038539334020207643
4222,-0.044442558772686339,-0.03246011563564076
4223,-0.041746237935952515,0.29050143667954048
4224,-0.17516547842430477,-0.020525713190401248
4225,-0.34783012927730944,-0.2433683497462889
4226,-0.083245474057606655,0.056297863017725644
4227,0.28817484504371788,-0.13401227969463567
4228,-0.079588969496081269,-0.0059373030458916981
4229,-0.19180870765207847,-0.1688481048954712
4230,-0.14936062283182491,-0.15413878248268398
4231,-0.23596089882430923,-0.13508195925955385
4232,-0.18362554491318228,-0.076927209041136591
4233,-0.22466586293881324,0.01856431916676006
4234,-0.16937082097196537,0.13342527859047026
4235,0.059928921012794116,0.20805740894117228
4236,0.15909198168394986,0.062772298639269322
4237,0.15994907172391193,-0.12545310007845137
4238,-0.057751290249160168,-0.21751493591289256
4239,-0.30031069506600144,-0.038517678690370323
4240,0.07675356651736305,0.2536638074626606
4241,0.12053839531628524,-0.12712487170673467
4242,-0.10994242486064615,-0.17616528622259756
4243,-0.079239344021409155,0.20249747578639085
4244,0.10514339339802904,-0.1151196826386779
4245,0.033406013672350472,-0.042647756692460501
4246,-0.15078216093231583,0.11307223909314443
4247,0.086219290552309549,-0.20505157542654637
4248,0.11167839284852965,0.11334057627941985
4249,-0.18636166436342658,0.079999771894849012
4250,-0.00061115779969089876,-0.2989307250930448
4251,0.23783935369848735,0.047541626356421555
4252,-0.023363115018744066,0.22608258555268146
4253,-0.20892924052339595,-0.041709150917514363
4254,-0.085032012074030772,-0.18454988333458344
4255,0.13886457772464295,-0.23866715832912772
4256,0.2432611476420718,-0.020788451813571134
4257,0.15678961489585916,0.12832218445520635
4258,0.080139215012191151,0.19558318099683478
4259,-0.023183492585697161,0.23925105493422699
4260,-0.08346027171118732,0.16869368945232385
4261,-0.11677802519720938,0.16602704117436418
4262,-0.11149905413915909,0.19849361428886317
4263,-0.082467084920926484,0.19389566221242827
4264,-0.0077932805432259326,0.19229344822735112
4265,0.1241981270196427,0.18522934383055792
4266,0.22150747114496916,0.099129487472266423
4267,0.24250223853800559,-0.07643685422702827
4268,0.064138552063808293,-0.18232713124943781
4269,-0.11810116364365772,-0.19050389041003657
4270,-0.20823111161559901,0.085150820379150338
4271,0.063122555096735006,0.21069033435107765
4272,0.27989010036160367,-0.12895394801213131
4273,-0.16075570129905711,-0.15133251694733924
4274,-0.092249319644622241,0.099773829270480396
4275,0.20988836357610627,0.10615762046371224
4276,-0.12893466011250848,-0.14711231912734116
4277,0.024927114201412495,0.04238097259911041
4278,0.11476908486014403,0.1363743293442283
4279,-0.14378108858638569,-0.16715861307430685
4280,0.22074647980802167,0.003943389099076793
4281,0.025166062150284683,0.19659684600860325
4282,-0.26450196995708664,-0.13955078410149982
4283,0.20292148737336238,-0.15296059991903802
4284,0.1883433593891059,0.14561624588945807
4285,-0.088534176687469351,0.18172418762386572
4286,-0.15775961588556972,-0.019461662717030793
4287,-0.11951356833258943,-0.23245885703784575
4288,0.17041267694282947,-0.17481036949141165
4289,0.2485556091769032,-0.038615607817322248
4290,0.22549109977426171,0.07884468904110517
4291,0.19442088990028547,0.17070514445377846
4292,0.098912543406867559,0.17097841036995121
4293,0.11276323430915974,0.22779492716020908
4294,0.12266425599154106,0.21492903282861178
4295,0.077801936080611533,0.17921479827756689
4296,0.23101212572579527,0.13205967367434082
4297,0.18025031007280831,0.054809638704738275
4298,0.21265402674397921,-0.11159323163684196
4299,0.082692879797846272,-0.19786986183453933
4300,-0.16063750768366603,-0.15246826291547017
4301,-0.1583933986053559,0.035822219598365929
4302,-0.067396589046708699,0.27687204777388102
4303,0.21429726309009844,0.072495242124796175
4304,0.096469010698713484,-0.24703747699047984
4305,-0.28076560264253042,0.048653510514766421
4306,0.076017437514773648,0.1861415362369073
4307,0.11764742008779408,-0.088279174912719749
4308,-0.21978892844335762,-0.049995305702755524
4309,0.11356900726071505,0.070051424332395876
4310,0.031231980088909046,0.043452114988913097
4311,-0.23781115913139672,-0.030811427021900557
4312,0.24363002206895326,-0.04231093465855721
4313,-0.017050403047415428,0.19360725603251175
4314,-0.25435908319517486,-0.020283491662414534
4315,0.18148338666907901,-0.23478895803109284
4316,0.13433630966594368,0.15043550373969389
4317,-0.083856314746527286,0.25893773200976133
4318,-0.17861406119455481,-0.0097469242571676523
4319,-0.20531860527145201,-0.15338373434709002
4320,0.12231481332619788,-0.21877727815167788
4321,0.16689022312198515,-0.11158897258996581
4322,0.18711227841935787,0.045744637008450266
4323,0.23575474929496526,0.11382538757768174
4324,0.048549690261250687,0.21550619894176523
4325,0.17516615936952429,0.15698180291630257
4326,0.11762382204061692,0.20882622956138353
4327,0.13568556085110128,0.19308515893331712
4328,0.24064002883553834,0.061082945830691626
4329,0.17478593885395385,0.00028524212394192248
4330,0.18603764066459935,-0.15247388463976128
4331,0.025087084989605497,-0.22911665632717695
4332,-0.22443155418068561,-0.10111009156278995
4333,-0.14407607467941919,0.060173286229409852
4334,-0.066523461695662228,0.24048755301594243
4335,0.20508771698048187,0.0044482436467041401
4336,0.018323428710610316,-0.21308962127080411
4337,-0.32280146424193118,0.049849271940260738
4338,0.14715319009997743,0.16452724296042054
4339,0.079432643495973537,-0.065407203048069323
4340,-0.22309212884218313,-0.069758666833122707
4341,0.18395564632151787,0.095346829850564502
4342,-0.080650781441337138,0.011145054954033945
4343,-0.14190259417729587,-0.11144427872983891
4344,0.23228950368917678,0.035108499585282053
4345,-0.15973269984172919,0.13936296328750522
4346,-0.2088047048799534,-0.16161427898629535
4347,0.2574080393619359,-0.15094798873058457
4348,-0.0067075183598419436,0.2465638864828944
4349,-0.18169750213225835,0.13398599606011066
4350,-0.17236161907195807,-0.14627409922832865
4351,-0.045942215668367134,-0.2573205202531782
4352,0.23106180491649106,-0.1473125739757247
4353,0.15641967610561266,0.040421926532279981
4354,0.16421629597968093,0.12777723657198406
4355,0.098477124212776629,0.19297131847082663
4356,-0.010839777706326114,0.21346382214394863
4357,0.038086586999173444,0.18420700324094669
4358,-0.025189663851012879,0.22452910388521541
4359,0.014933523250244572,0.1854681070087027
4360,0.16618860353132189,0.17695045831188441
4361,0.1339269449869977,0.12544071609918223
4362,0.2695192000954853,-0.036034068034226714
4363,0.098415184209924372,-0.18877996690722426
4364,-0.064180995192887405,-0.21774347480263018
4365,-0.14609059131493318,-0.046354222426566852
4366,-0.16757002647050268,0.16323938920273212
4367,0.22565670406949176,0.12142280235654478
4368,0.11371151552931996,-0.17762453516946317
4369,-0.26562843642100181,-0.12048194507704146
4370,0.081743259971326171,0.19669779796049827
4371,0.074291151523857665,-0.065076594766411422
4372,-0.073545672465207851,-0.18084425777773855
4373,0.082287379453315893,0.18976153489275696
4374,-0.08904103634376738,-0.15684600184584152
4375,0.085405074070288314,-0.13603018883269474
4376,0.025049587922586134,0.24250365908312566
4377,-0.17825504566487471,-0.15597428379942554
4378,0.16275110098757584,-0.2090423489170514
4379,0.17514065552261554,0.19394596989063934
4380,-0.20271284308912874,0.086739616261306468
4381,-0.15589696945995424,-0.11594063265211565
4382,0.064224471002703856,-0.20308615374067554
4383,0.26762910908109383,-0.058685076074479099
4384,0.19371088082968521,0.17659449834093013
4385,0.037528066215077219,0.16745333904537948
4386,-0.11006945187935582,0.21988758694325194
4387,-0.13190060535804138,0.13164409988590534
4388,-0.22467983703475636,0.045546251573923363
4389,-0.19441745220236176,0.085410404626819036
4390,-0.20097475049027375,0.055674402461386205
4391,-0.20731404618462848,0.074992998787690182
4392,-0.13549551890792386,0.16080977219314124
4393,-0.070629502799253258,0.16905308824165508
4394,0.054441529635493605,0.21014981484686651
4395,0.21363829257014677,0.06932940884174893
4396,0.18952448604633515,-0.079788683298383331
4397,0.01375043843774953,-0.19070198482202694
4398,-0.14095678843794521,-0.093113084251506897
4399,-0.12230130433832442,0.25569076164175281
4400,0.2388277793634668,0.060220380973141113
4401,0.10987208362128686,-0.22601212425459816
4402,-0.23971315497120113,0.03004198640981711
4403,0.13065951409656595,0.11175160180193401
4404,0.13483745119698398,-0.049004477213533758
4405,-0.20580757108820183,0.0025280992666490542
4406,0.20531062007963269,-0.022980879013797542
4407,0.019098039979580247,0.10001904897951155
4408,-0.22803520614409192,-0.016125933693400402
4409,0.26637647610183879,-0.11275183305567395
4410,0.067856164149203008,0.24055413488025457
4411,-0.26981198508874726,0.03949538560276674
4412,0.065880852036310777,-0.23047592365544589
4413,0.14559790504852491,-0.033232870554808447
4414,0.18416055152212571,0.17277425835405757
4415,-0.069067835726980539,0.21553231396165634
4416,-0.23404461512333649,0.058769615032366204
4417,-0.12687282201625452,-0.09879240654773655
4418,-0.15769222229206331,-0.16026021902977683
4419,0.006827286140341584,-0.20013110487845012
4420,0.091041598203397855,-0.19904627670776487
4421,0.043282164948245487,-0.22395664508119917
4422,0.15918238373369961,-0.15099275026732864
4423,0.0084507749764815478,-0.20240044858425796
4424,-0.037533264748321089,-0.20230941820226384
4425,-0.091112158237814017,-0.15903678212898154
4426,-0.28344238996141868,-0.073733460782915622
4427,-0.14150391644290047,0.17454989560059977
4428,-0.05525253208505173,0.22635399704813941
4429,0.14472558923419004,0.13854763982747006
4430,0.21737435383812523,-0.072086260852033721
4431,-0.18433375897495888,-0.25760711991080826
4432,-0.15979138048356492,0.19155590218507779
4433,0.10869662823140547,0.18917282570892943
4434,0.085546008246183095,-0.24660383311083817
4435,-0.14803688554385389,0.098772732398913099
4436,-0.033538772971473674,0.064605147585346551
4437,0.14559834019022452,-0.10145148460323977
4438,-0.16863905354568937,0.17084507372457131
4439,-0.018715911186041937,-0.11016831172818597
4440,0.20086876112842694,-0.0055543357690454424
4441,-0.24874025147154716,0.19629445653426994
4442,-0.062515934597245221,-0.20449892365418548
4443,0.22992199706197775,-0.075489190024040809
4444,-0.010917979303194297,0.20702857225227686
4445,-0.17713317525084984,0.074616198276477835
4446,-0.22185453305200586,-0.10978513403528062
4447,0.056450199289243899,-0.22446337098700603
4448,0.22374599111879909,-0.078286270976391015
4449,0.15022935412546132,0.049964061044909344
4450,0.1656464258875763,0.1833148268128873
4451,0.00533745824659238,0.19377171060274875
4452,-0.017380287074193403,0.22027187740210238
4453,-0.025470699695339667,0.21562961559245816
4454,-0.098762780874936104,0.16005453015783547
4455,0.028857048091162431,0.23622056207425218
4456,0.046984231472455999,0.17440184475299539
4457,0.13485472530215414,0.15865748853953646
4458,0.2524531810431388,0.066082786661869106
4459,0.12176108851251981,-0.21408445701125955
4460,0.011977929051319829,-0.18916875306157752
4461,-0.20684306223569457,-0.10454110625000181
4462,-0.1713849376575903,0.089876317703049879
4463,0.17479781452478277,0.23530756597816363
4464,0.11862736250986938,-0.25989272232555138
4465,-0.15698390701715287,-0.09928177808638422
4466,-0.12709600702556365,0.20801491333462563
4467,0.18716214164222655,-0.11586728457962643
4468,-0.08077073580905525,0.044497230859157189
4469,-0.12142311137349565,0.024771304302065235
4470,0.19799955870366059,-0.041299441565782871
4471,-0.10176669078128674,0.12955320351024385
4472,-0.12232544029675467,-0.14990122722784668
4473,0.24204023132896391,-0.063627553417663213
4474,-0.11790603101389849,0.22036665665062977
4475,-0.22046811452151088,-0.079247250894717375
4476,0.096863156635890277,-0.24209092287188028
4477,0.17034503753560876,0.010186713231482812
4478,0.05883410799129471,0.19419418394140325
4479,-0.16874501309888543,0.12811632277006541
4480,-0.19886735911267817,-0.075382936401368658
4481,-0.13237680988061684,-0.1611080337999107
4482,-0.032528300006888326,-0.27949171988614174
4483,0.10557217011533954,-0.20157446535606313
4484,0.15333592770843588,-0.17836419316738567
4485,0.16764427797187312,-0.16920164602154336
4486,0.18725271623545015,-0.12800168215536023
4487,0.12802701880714928,-0.25315342412490682
4488,0.073801681325912111,-0.2059102473952277
4489,-0.051280382796870201,-0.24194382390130179
4490,-0.16787360992693001,-0.17732239967067823
4491,-0.23263268918140087,0.042902085163535331
4492,-0.067980230574265901,0.14824605365648985
4493,0.14512090463723451,0.21287295210093407
4494,0.23245146023359228,-0.051811045712515859
4495,0.027736361867968552,-0.2698311013226492
4496,-0.27433501436921937,0.088053752364407295
4497,0.12867223737987823,0.15035450508631942
4498,0.1926578934681149,-0.095026475804212002
4499,-0.23294453060190959,-0.090172101272303615
4500,0.15950304447430128,0.1011565814488664
4501,0.037395459713480801,0.029790144739520619
4502,-0.094020050809413822,-0.15337333302402639
4503,0.19824838036150319,0.060482632958121757
4504,-0.11416638030647341,0.12886920907601068
4505,-0.12902599436700901,-0.19382248434699281
4506,0.30130837298124746,0.0031909761413063467
4507,-0.03829579459510471,0.24443065368502825
4508,-0.21605257810866743,-0.010061399781009808
4509,0.01876011192273945,-0.20594365406202364
4510,0.18693909734523576,-0.11863193876781135
4511,0.22773612254079348,0.16357775543895203
4512,0.032186796510831388,0.21378117080194756
4513,-0.12169719619301538,0.17262689367375658
4514,-0.18435232859563999,0.066319623030613215
4515,-0.22630931230100002,-0.05070750870024867
4516,-0.19536290190016448,-0.10414123839061123
4517,-0.067524333482060342,0.051487316992993443
4518,0.20240311536228844,0.14651788052638892
4519,0.040307618113253355,0.22207957858414076
4520,-0.042775203325388519,-0.032960939300476604
4521,-0.064736257828890129,-0.03646982063088499
4522,0.085968735834991719,0.030248747084530406
4523,0.30240224763968848,-0.14703922813370843
4524,0.17520451466809209,-0.045758913165061664
4525,-0.029637141470669273,0.093834608935899871
4526,-0.19922118689644369,-0.00073737762050953524
4527,-0.12351162487542175,-0.057323255488818399
4528,0.30340642140816859,0.053376717936275957
4529,0.32701528116367207,0.059516422404773346
4530,0.064288694177633041,-0.027788858313606571
4531,0.007172719759691611,0.2170559370106174
4532,-0.080454591931504407,0.2562106919625014
4533,-0.14372324862446759,0.30703946293849327
4534,-0.033681896634201791,0.12742904474189032
4535,0.033337533546574427,-0.21265964214749017
4536,0.049256992342520775,0.064564846636342751
4537,-0.088241569313842833,0.012095448737496746
4538,-0.11887122312340156,-0.017779569566302299
4539,0.04981592076133344,0.28546391708917246
4540,0.15007738830386269,-0.088623831346911514
4541,0.025376230079460601,-0.32276305373267122
4542,-0.080377325587045093,0.10069652696438029
4543,0.035635359035994546,0.024846887933790859
4544,0.077286440165967724,-0.1660831194828459
4545,0.0069159302163121633,-0.011037704659807288
4546,0.047661087502779663,0.25180797663678378
4547,-0.20197935841602446,0.15473860295356434
4548,-0.18532369198518286,-0.33426243472050687
4549,0.11061023203422643,-0.10792621619500156
4550,0.036931195873872155,0.23880414248505152
4551,-0.093679313628088109,0.16146225016270307
4552,0.030000133442245037,0.24340817020276759
4553,0.14011880407008093,-0.01066653696245848
4554,-0.016466995500213435,-0.2311421483258628
4555,-0.062054787847891403,0.02457839981549886
4556,-0.031500595888819066,0.046213587715666804
4557,-0.34720355911549372,-0.031654243646958596
4558,-0.13686867026840313,-0.089313136462371323
4559,0.24662279950949445,0.02768451682190666
4560,-0.31895544867299053,0.11360135256645822
4561,-0.23562097625518244,-0.24197801959744442
4562,0.24996241609674191,-0.079395392306051998
4563,-0.13710328277279341,0.15570879553649367
4564,-0.026665402481859158,-0.18521082160557126
4565,0.26145492369881518,-0.1355957375730894
4566,-0.086389693060919287,-0.16443265642139815
4567,0.0016533028680401143,-0.10260369576500382
4568,0.043124314902579453,0.14862370245982048
4569,-0.071887236662697446,-0.065335743980380917
4570,0.064756844183310389,0.091814689724783571
4571,-0.0050708944079487263,0.31928471367897565
4572,-0.039588248400446627,-0.11575422978862458
4573,-0.12526619005558229,0.021989551095688474
4574,-0.082279188708001771,0.27735797353488056
4575,0.040005358581503156,0.10137615658035021
4576,-0.14267553942887784,0.032244513379544551
4577,-0.017645295119040758,-0.069189477963242318
4578,0.16912888912860255,-0.045654844494621954
4579,-0.12696065988538116,-0.15808769478418061
4580,-0.052631823901043151,-0.053174357187213639
4581,0.074028177222393673,0.24289517601529473
4582,-0.064721645386510165,-0.20230758126706533
4583,0.033692339236723823,-0.31808392693126764
4584,0.025932527713495454,0.11273463911360626
4585,-0.21145664858225735,0.045639299809443673
4586,-0.28963933183360902,0.13008558707466278
4587,-0.22913757492908607,0.080545323906858229
4588,-0.1424943568587882,0.05977976050895599
4589,-0.016978651900840972,0.27216189536014113
4590,0.14593454836247371,-0.14881848071933321
4591,0.067616929541731222,-0.37486738262907232
4592,0.018170393596081635,0.11844208527109377
4593,0.2760849316316234,-0.04941043209950137
4594,0.2197173757052604,-0.4006476422120504
4595,-0.083127753796366055,-0.14628508259668541
4596,-0.18011149769626528,-0.18883315480090276
4597,0.072462433324620781,-0.23436481671934195
4598,0.24373663351745128,0.035670053133224154
4599,0.12114411119463375,-0.01751130712862892
4600,0.022656481058215147,-0.28017388237925145
4601,-0.048565581577527196,-0.24326629925161233
4602,0.073916424784035734,0.04790168326014136
4603,0.21612669332553652,0.1981026752491771
4604,-0.0053159660579573578,-0.018050687539622065
4605,-0.10790742406864953,-0.01188878814824566
4606,0.11815285392486571,0.23260611580151194
4607,-0.05708605662590148,0.13919114267543176
4608,-0.28268482592828442,-0.069063562062582864
4609,-0.20196677839334601,-0.10857168943477701
4610,-0.10061928112976913,0.17971282787805892
4611,-0.045145191159554947,0.27514667284684591
4612,0.025558419474334224,-0.10204561979941196
4613,0.043570843901615183,-0.044966860870367116
4614,-0.16084943427435217,0.16351095244295608
4615,-0.46103345609932117,0.031132221470843126
4616,-0.29063525425080222,-0.027497997192861029
4617,0.070332429434619967,0.13313270755174358
4618,-0.07186280395404851,0.14556930865848916
4619,-0.15745794242185537,0.019758502223871002
4620,0.01306681699007581,-0.27982126440527139
4621,0.038745897427729159,-0.36088368384480318
4622,0.23330740767233793,-0.08971758071726868
4623,0.013018879552721987,0.087500292766051979
4624,-0.44847398860469351,0.10378495416546732
4625,-0.0040329063189415253,0.22209315810206839
4626,0.21248280138754153,0.086332771399185396
4627,-0.015357989509053947,-0.26110916354867186
4628,-0.020148016435603877,-0.25813275347006021
4629,-0.12816691290724405,-0.21762961142100731
4630,-0.33062774619903934,0.17645812149159917
4631,-0.32134983314703319,0.342159600529021
4632,-0.17837456432017151,0.036446612378675448
4633,-0.026402410108891147,0.041970687768231221
4634,-0.2108740020373718,-0.11957278505867842
4635,-0.037028366607318938,-0.39191828801522971
4636,0.18532659738156615,-0.0048717724322131957
4637,0.079355744918070126,-0.00063994940905867138
4638,-0.083633548478429576,-0.015499864052552097
4639,-0.13021611823581633,0.081717232370410967
4640,-0.093460831583254911,-0.12056699981286401
4641,-0.15852151285890259,0.0097560643997535758
4642,-0.023687848587930445,0.061759778322200573
4643,0.14850071115484884,-0.062801914745562071
4644,-0.17806179610891015,0.063222548519718216
4645,0.14489183304879158,0.059176186163341873
4646,0.19103820289770054,0.046453865471738215
4647,-0.45745795978147985,0.041691922152566903
4648,-0.23361096569163267,0.13873346891549485
4649,0.045793213858053468,0.10154443238495235
4650,-0.13720344589354572,-0.075511990657870856
4651,0.17263089035053267,-0.046658569784219353
4652,0.26120695625780305,-0.15865044033142309
4653,0.033032684237960346,-0.054893838121498666
4654,0.11973636834953084,0.27928546687614436
4655,0.13343149158189824,0.1612689154939124
4656,-0.151338011020659,0.018394618663715945
4657,-0.22861801276639565,0.097934759040846669
4658,-0.022986947111183906,0.34048163565404072
4659,0.18983697856194715,0.18127687714618712
4660,0.25140790502331634,-0.31861632238068011
4661,-0.19945331300960042,-0.062972838852917074
4662,-0.015555536665924076,0.15506841978784397
4663,0.42210991464314568,-0.18596596302328813
4664,0.0053405466528788498,-0.030778592754272003
4665,0.070632104262824819,0.022879640487749459
4666,0.30116677821207755,-0.13097514117877057
4667,0.10551876791213131,-0.067926077732579013
4668,0.21998799475567618,0.035735111609673777
4669,-0.016141750436156812,0.017126693823423349
4670,-0.18677545646374094,-0.043265174918077548
4671,0.22417916108513589,0.069486511886796082
4672,0.0065846347573599263,0.10972238695796747
4673,-0.23189552902841343,-0.13697245638568331
4674,-0.097305493260343781,-0.065155247060529733
4675,-0.062887447400265556,0.080310817090808839
4676,-0.028888271117572063,-0.024621258108733821
4677,-0.29127743167300751,-0.08079547513686422
4678,-0.33287146448003274,-0.052062619115556555
4679,-0.017646956698391413,-0.028120583756589008
4680,-0.048058121781743054,0.018925946729363815
4681,-0.14067234883723553,0.10927412274635276
4682,0.053001414589768606,0.11063765250742984
4683,0.27790461283557016,0.14546842969727514
4684,0.10919498561781338,-0.14605898963263253
4685,0.031669369504025269,-0.31123379691351183
4686,0.16348788089837019,-0.067037740858166592
4687,0.072343593646291948,-0.30533279722397799
4688,0.22486441164448437,-0.16562560575565033
4689,0.055342222320595463,0.28145836977549993
4690,-0.29044459098351144,-0.13349661647774069
4691,-0.07737299258223064,-0.1638871617942754
4692,-0.083833282639483739,0.06880833586231927
4693,-0.0078231685508554361,-0.11205872794898325
4694,0.25919852745140909,0.10043580451834927
4695,0.040700678363365182,0.19225644811055506
4696,-0.25378375393575414,-0.095835890771989701
4697,-0.17534660066431529,-0.153578496486033
4698,0.0010805026761298801,0.020929854820839065
4699,0.080470331702681239,0.038783328891737495
4700,0.13070748746506283,0.013544451875418827
4701,0.039589412661061821,0.13075171831568907
4702,-0.09747887372841732,0.058439337382191717
4703,0.013151294590678708,-0.17820345778439958
4704,0.12636264616496812,-0.07178809492968255
4705,-0.016220640221622035,-0.020206720732545178
4706,-0.18841374792034435,0.11976967515453041
4707,-0.22658721568540091,0.18284517850997509
4708,-0.10218406580904435,-0.060264822463525117
4709,-0.087960194059341662,0.06706658637361293
4710,-0.11550890169099556,0.11672345925880608
4711,0.087416550815349603,0.044292356474703046
4712,0.081391526648970855,0.28449082130321129
4713,0.019104868613131536,0.13639152012173958
4714,-0.059955916671018808,-0.038470433498578115
4715,-0.03761285730655814,-0.053321772914632568
4716,0.12904408236914361,0.013092982995411168
4717,0.12484638769701192,0.12772363824018843
4718,-0.1776816284634134,-0.022365533410720936
4719,-0.18871567856647387,0.079861432534953966
4720,0.077538820620142543,0.30709453990752822
4721,0.053792961817654535,0.0098816626409352626
4722,0.036558747752951745,-0.046446735684575136
4723,0.10879417438190783,0.0045489418187329746
4724,-0.078600267298271173,-0.1048180146001826
4725,-0.099179121389797079,-0.069789256118948151
4726,-0.12563048828385695,-0.042326616358137392
4727,-0.14913773916174322,-0.11692597433472342
4728,0.072079229967991834,-0.072876254364947879
4729,-0.14837759503571041,-0.031909294193118103
4730,-0.29676888909282007,0.076863397231493796
4731,0.086217576703453883,-0.05293088779827694
4732,-0.013930396726200094,-0.11440409443340782
4733,-0.10398435793178179,0.23823594542141902
4734,0.038929768251421012,0.12711196629101973
4735,-0.12446420439869174,-0.14566542359400833
4736,-0.027898500052354176,-0.099608036229753477
4737,0.12196074139964433,0.0130379615125359
4738,-0.066869149659566807,0.20697237119245515
4739,-0.021210749639452714,0.064791372611611928
4740,-0.12146471469556108,-0.24760503855862132
4741,-0.32204477161126577,0.046822176961691296
4742,-0.074321820590349766,0.032182404654825379
4743,0.00068199285079671018,-0.078954911917397771
4744,-0.08381878191995773,-0.086066001159963518
4745,-0.053503616632538165,-0.048714230349797813
4746,0.068684215536588211,0.020561428909088353
4747,0.17673793584513356,-0.14335207798421176
4748,-0.035520062509311237,-0.097108519442474464
4749,0.0060215285724630778,0.21818487770708156
4750,0.1698147230824181,0.13845837152499879
4751,-0.32127110075342158,0.056355692620390786
4752,-0.47874144562277815,-0.029974189360701085
4753,-0.26080486604468084,-0.11768218407953772
4754,-0.23858108896305014,0.093458540749315241
4755,-0.054325870267302914,-0.0047836764738216882
4756,-0.084013948886229456,-0.069174087330686668
4757,-0.07555465799228489,0.068631301760719188
4758,0.34516789114914509,0.12617629222149276
4759,-0.0040066308406054435,0.27269571333083142
4760,-0.055015009791472717,0.30641749241691235
4761,0.21335449826836933,0.17279851702903426
4762,-0.29259414920273336,-0.062672344448217079
4763,-0.18812973478128317,-0.21602105996138854
4764,0.26406409710554696,0.20413071832275703
4765,0.020146924906885293,0.23440059579388323
4766,0.095493665515098372,-0.12608457584377772
4767,0.18272938050685894,-0.008105571412787508
4768,0.08901355930582748,0.097105706943356296
4769,0.25012011410581247,0.13005522309166537
4770,0.28951696421331363,0.21348548020274299
4771,0.047116717687702821,-0.077794506694712412
4772,-0.1647988447189371,-0.32655994849496595
4773,-0.062325010153983326,-0.04173909632292612
4774,-0.1392634026268656,0.1788072980459551
4775,-0.2382574285782583,0.071518428772046116
4776,0.040132222348696227,-0.05102184067015942
4777,0.032029611849893037,-0.064204307996984206
4778,-0.040135793814642294,0.1009679513374738
4779,0.14606963459853578,0.29511090285728969
4780,0.0718860370691939,0.13977718856685092
4781,-0.09131561346499556,-0.048529144242992255
4782,0.018591803776176998,-0.17908571766439374
4783,0.061703573431503948,-0.14069025561129966
4784,-0.10251782421582814,0.34182103535092662
4785,-0.042972734152194235,0.33312282720627828
4786,-0.0021700705258538219,0.044376887226987544
4787,-0.18581793297511665,0.042526938313734552
4788,-0.29126879382240078,-0.082586885099701135
4789,-0.31027369962262435,-0.11428410065332528
4790,-0.14676912743377224,-0.020352595331884462
4791,0.16148801280025671,0.03236085939455087
4792,-0.055520705381493951,0.072808709811294295
4793,-0.027757611764516646,-0.10439072625413459
4794,0.027044722176326079,-0.10628385317577631
4795,-0.2773517017776812,0.075503179870663198
4796,0.13141382079272734,0.15009884325266443
4797,0.3049790333430753,-0.021922500751558868
4798,-0.14353318834524589,-0.086655666818554106
4799,-0.038864220290783187,0.028452972999751407
4800,0.17037153414947229,0.057007726082527126
4801,0.033794854449153144,-0.020037716747606148
4802,-0.25169839507635811,0.055129565479992898
4803,-0.14173175393041754,-0.21396147243823532
4804,0.3438544879476737,-0.2021654113344602
4805,-0.23592057447703371,-0.13891518289979754
4806,-0.14147180001948695,-0.30909806924884414
4807,-0.032018481691430428,-0.22852595684498656
4808,-0.16961070911786,0.033305963881937545
4809,0.11790951099251401,-0.018742034317319894
4810,0.2410252600163752,0.031773063404244004
4811,-0.023194447742169798,-0.0066243983346141551
4812,-0.15279410859225132,-0.079934797488958181
4813,-0.14090121950117379,0.035823197138313896
4814,0.12579514626598653,-0.15622361783518735
4815,-0.076890256146020908,-0.2409036910747489
4816,-0.42324931971839769,0.13319735986373638
4817,0.11199004369658552,0.18536503009547231
4818,0.23221768637839721,-0.12936922964094824
4819,-0.13954084378593676,0.079365009991454252
4820,-0.11070095511295293,0.30044459837252147
4821,-0.038812585585457984,-0.12330956956571998
4822,0.1842792963013663,-0.018534817281418633
4823,0.27765802892008962,0.35649173638471149
4824,-0.099807495044455741,-0.013442763470867666
4825,-0.073746220263750009,-0.0096029719372758907
4826,-0.18921177321218785,0.19812725579179258
4827,-0.23624696208640505,0.124123127493525
4828,0.00080572708821081626,0.10052436544609555
4829,-0.23065163648107787,0.11353459709256117
4830,-0.15439630126964748,0.23072068246099126
4831,0.20250088815252185,-0.030354665077124327
4832,0.051497620070825686,-0.36975916128327313
4833,0.10294251462704225,0.0092166072191223851
4834,0.34775668810280302,0.18250446914937149
4835,0.14482485573123155,-0.13083970028469236
4836,-0.073938734224746033,-0.13632634020394907
4837,-0.20679644028581959,-0.16949397135729766
4838,-0.18060176980337095,-0.10430447590625297
4839,0.21040455921700349,0.10814498880443502
4840,0.21071499258386203,0.013847974839113954
4841,0.016104509454535593,-0.16040291056128123
4842,-0.046477364165345085,-0.10934820546019659
4843,0.10936397160327055,0.028392692629000467
4844,0.28092040842363541,0.065162877629047988
4845,0.023895601907390578,-0.12722685327818048
4846,0.0059739032612836137,-0.090931810040232708
4847,0.14775667422682767,0.10279729072027312
4848,-0.11377716349662285,0.17270347159137198
4849,0.033163289590257036,0.17487923009944159
4850,-0.010501891417599149,-0.10713046077061035
4851,-0.35161740217978282,-0.098140558032965369
4852,-0.18591625392809649,0.16317393473089359
4853,-0.27576819821025617,0.085001813957830019
4854,-0.20256238434721774,0.073802075504311615
4855,0.1670769220926801,0.18194536614044987
4856,0.0051226464156315706,-0.11123607028689103
4857,0.028144948905926555,-0.13957061223913597
4858,0.13107168327657928,-0.11292608689423536
4859,0.049094654937057475,-0.17931468268378464
4860,0.025068422256847935,0.047206594620177095
4861,-0.0019706703823009941,0.075274225985024673
4862,0.21626273116380967,-0.09516484069442166
4863,0.18528433778827177,-0.036676521196872661
4864,-0.041592157333109919,0.10106083524880573
4865,0.17407506520708774,0.11233991319346276
4866,-0.042521518910120813,0.012415600487291354
4867,0.0024830103660724674,-0.10258394183687303
4868,0.44560341930909403,-0.089841439849122448
4869,-0.11641238337843235,-0.024073863261932647
4870,-0.2947006081594577,0.083149487972510552
4871,0.15325677547776281,0.15327167360674873
4872,-0.089677728158370745,0.057056883565619346
4873,0.13068960410070557,0.12294773956657704
4874,0.16484837721915727,0.19870460075914803
4875,-0.33080842206525873,0.080018442761522618
4876,-0.028151448629960281,-0.1401933601852956
4877,0.23894150300219552,-0.039979081886649129
4878,0.061915535444794702,0.14304436277472696
4879,-0.00079231894130394123,0.0092828778523124864
4880,-0.14108956227480943,-0.077606776459247712
4881,-0.045274540086529147,0.0835546141785245
4882,0.17464785148361367,0.19242341443189326
4883,0.17642990607644632,0.35890601353171681
4884,0.016800882835101061,0.17612073023650815
4885,-0.23325321603327587,-0.13451260232371845
4886,-0.11210367932676699,0.19468657643943593
4887,0.070426298339826776,0.24732419409290451
4888,-0.11127072627873182,-0.25033049932768475
4889,-0.0078587766478706543,-0.12182389226329131
4890,0.081055656657719383,0.048249895468606988
4891,-0.029751676254193241,-0.14172617072806723
4892,-0.14409232133388117,-0.25237822689656964
4893,-0.10141938548269629,-0.38056663891824344
4894,0.03834187367561788,-0.030947755946834864
4895,-0.17337381586630224,0.2334484469762394
4896,-0.17737617589131208,-0.1597802501323306
4897,0.26157517184279017,-0.17458396774370663
4898,0.2267122383793421,0.10265880118526799
4899,0.22377361292336098,-0.0041367556984230197
4900,0.13577407232533581,-0.037491828529937286
4901,-0.27262634425363491,-0.05212083918197729
4902,-0.27728033986816791,0.043194699828183712
4903,-0.15749151626173202,0.037982527751590098
4904,-0.053552266468665469,-0.021643286647372785
4905,-0.025991416741928172,0.030988430357356184
4906,-0.0032072350039504417,-0.21013888115896315
4907,0.13084682584354773,-0.24676803793688742
4908,0.086436447618403453,-0.065199406367344864
4909,0.11941012972779759,0.089650838479994152
4910,0.2703176718533476,0.30388675090343004
4911,0.051505841893210856,0.28861905580962954
4912,0.0043184065387721696,0.064129659406620618
4913,-0.00091513443579550283,0.067489739739972535
4914,-0.10841196812090212,0.075937686723324377
4915,-0.075747293847515162,-0.034579744316499419
4916,0.18196288245828027,-0.30768706279370217
4917,0.19953059105555351,-0.10940800770056495
4918,-0.074412333503424244,-0.042318837170036629
4919,-0.14880110271022284,-0.37428913765489608
4920,-0.025851368501675222,-0.15578572132433946
4921,-0.053242543489739141,0.064187802746688102
4922,-0.16286885436338575,0.10755009098973475
4923,-0.24272863255430902,0.28032987419879035
4924,0.078025946614894939,-0.039673164754920318
4925,0.20336314070261979,-0.16385560576183394
4926,-0.022188334308757524,-0.13729710865807995
4927,0.1482852771994167,-0.043165695011067984
4928,0.1826517488009457,0.26954744063392494
4929,-0.11314095026563459,0.25774641500523787
4930,-0.0020760227424786899,-0.02271284525651001
4931,0.036928018848183301,-0.02420247457155093
4932,-0.16581529352175708,0.12964813060478639
4933,-0.046910366618523554,-0.01832463769580819
4934,0.085049888858919953,-0.27719509264131104
4935,0.060293813425667253,-0.16838314410072894
4936,0.045480719089199914,0.089559034555190584
4937,0.088050798025295141,-0.071162955573680145
4938,0.072381234809264658,-0.2304151332327872
4939,-0.062532524848135082,-0.25334074194068418
4940,-0.049561449698332309,-0.32351556325691827
4941,0.18807979858366877,-0.25224404625438107
4942,0.091310139596300896,-0.025494816664779089
4943,-0.14118729160176011,-0.093295654043593274
4944,0.15270871159963692,-0.10247464492141345
4945,0.16284407574185977,-0.086825285448896672
4946,-0.18643238445134222,-0.29633656015079979
4947,-0.15085041649660397,-0.16265524011325092
4948,0.19954368494462288,-0.101002783457736
4949,0.20320536944495948,-0.25372632180560867
4950,-0.13516428102023947,-0.062392059030631206
4951,-0.058077219979722372,-0.15144222731705825
4952,0.15421921082071349,-0.1357430208234553
4953,-0.22814179253113087,0.089713387634074146
4954,-0.22952420298325071,-0.087798351395662499
4955,0.054025509503722348,-0.089328567175605153
4956,-0.025915773220020172,0.059999888882426106
4957,-0.007329390550748079,-0.029250101713846507
4958,-0.0060143556682951804,-0.075900216048414376
4959,-0.043620678132562263,-0.095744585799063073
4960,-0.0089285005971007497,-0.052943644028282749
4961,-0.16968250919656194,-0.081042640399680094
4962,-0.1131857990032781,0.0010188404537906405
4963,0.13878310410321029,-0.11124343077133311
4964,0.16752327270612938,-0.29419328874144601
4965,-0.032387782047182616,0.01580293887285434
4966,-0.22609753123218537,-0.046938336557198215
4967,-0.16617210833701954,-0.18474587457082664
4968,-0.26211808999862662,0.10308313546228416
4969,-0.13456299641506006,0.06681277937014185
4970,-0.026241907590902669,0.032774956269011619
4971,-0.026457599007387027,0.089422171786727428
4972,0.10566320154300417,0.086644293145239568
4973,-0.12502454537923705,0.3551410114295982
4974,-0.064315408200377427,0.20379807804323324
4975,0.13153927689522585,-0.075047524941375843
4976,-0.13377726359101774,-0.25025852336978532
4977,0.20383164444948698,-0.24909920330266699
4978,0.39159968411423685,0.059445380716394727
4979,0.12904926861617785,0.094677347618295091
4980,-0.013759573756378995,-0.13057540789307004
4981,-0.41689360613302728,-0.17877385711916305
4982,-0.068316125200844027,0.028107928344373485
4983,0.31544484643660659,0.049248104990380903
4984,-0.11045772552363164,0.0015570002747181226
4985,-0.12896401769168098,0.31034204476139132
4986,-0.11162831297256941,0.081708090891104923
4987,-0.09188067065219678,-0.2131826217665804
4988,-0.12201277576457818,0.23302804142653286
4989,-0.23789422119849313,0.028665996982513448
4990,0.097016831009775997,0.0015272799138177501
4991,0.10550700703574725,0.26946506060679437
4992,-0.13632722966516397,-0.076074113447798242
4993,0.082886474298526205,-0.063421244461672022
4994,0.0068848755805932015,-0.0041496463094065107
4995,-0.05828776726264101,-0.15940248514268415
4996,0.20299777837301802,0.045625273541333583
4997,0.16012568685516557,0.011571085854703591
4998,0.058261107626849572,-0.059812181655827336
4999,0.069752012870247251,-0.082951133829547496
5000,0.064503446346977827,-0.34864718885480311
5001,-0.040605474334784994,-0.044385544668726719
5002,0.015883974408625354,0.22057238380093361
5003,-0.081134445211713549,-0.15532587300466211
5004,-0.23507362372986795,-0.37897683328115545
5005,0.019658694967641843,0.10324770899952754
5006,0.078116043143628508,0.30685176208926912
5007,-0.018857854372548631,-0.050042343462855
5008,0.19036628771126221,-0.020333183461587481
5009,-0.090063464177298255,-0.1125204945078713
5010,-0.30084403978759505,-0.22593743608754183
5011,0.12591148248590134,-0.021497534703936769
5012,0.12908024096812795,-0.0064584382634662449
5013,-0.098014481064011755,0.039531607290166706
5014,0.016995608180297682,0.053051640194310204
5015,0.20711999272893244,-0.30447900606989348
5016,-0.0010736247928752017,-0.36708551482018476
5017,0.024120766631056913,-0.21034494029675255
5018,0.011550012868498787,-0.014067885310664907
5019,-0.09390843649763507,0.016497801614357065
5020,0.31916035573300472,-0.0020151584712328457
5021,0.35125572494979629,0.25060804223715344
5022,-0.069843002414346989,0.052007643664297915
5023,0.21015887724407351,-0.2052134596825772
5024,0.29590112977418787,0.15796435643727469
5025,-0.032916736924486677,0.17595752793091421
5026,0.05606832074480219,0.073244692001902298
5027,0.13018949076286826,-0.00085944175393552671
5028,-0.12245996209769588,-0.28057833294516088
5029,-0.06234313934518141,-0.14235495962970332
5030,0.21222321175082753,0.045301246732952431
5031,0.20516602879488008,-0.063943096795449003
5032,0.058804936151323053,0.10188023561022243
5033,-0.061414647507143316,0.16584243245774358
5034,-0.033304616069894807,0.16402432523039545
5035,0.079872579894950224,0.15458700683156559
5036,-0.055331029691811279,-0.23641977825972613
5037,0.089378531893730573,-0.09267077781846296
5038,0.073208572228361857,0.12099552945930389
5039,-0.28316388648948254,-0.25473915824949556
5040,-0.1943020009852402,-0.093310639462730521
5041,-0.011719450870704879,0.25529621059286789
5042,-0.12545725340318767,-0.097527757520311828
5043,-0.107781926144197,0.02512673171300446
5044,-0.082192121579936384,0.18011788030290685
5045,0.056203186271445008,-0.14056789420859919
5046,0.17552106445827689,-0.087901494302039057
5047,-0.26132798452424799,0.074076085321053045
5048,-0.24484487078882822,0.022384343215914031
5049,0.11134384248788858,0.11294176359330911
5050,0.017165151415268268,0.16033375782343251
5051,0.085325840862184574,-0.02449837621031108
5052,0.10964438904782324,-0.19478443398474152
5053,-0.13098115127252261,-0.078481600026269915
5054,-0.0012735779095000791,-0.088855538292804084
5055,0.041502793623221859,-0.068959955651806626
5056,0.088453300571848664,0.19442897032293918
5057,0.13567162851197553,0.17054659905132541
5058,-0.31577371445619828,-0.035954819275813836
5059,-0.3048245688325949,0.16780401040268514
5060,0.098637965874851546,0.13947196199413409
5061,0.16480781381834497,-0.24344856486261093
5062,0.31288856737578497,-0.14792475801901675
5063,0.22804916417479676,-0.024969737678693475
5064,-0.057560542252403771,-0.17641355934549749
5065,-0.023021488784042664,0.099395604528287357
5066,-0.027438517245945537,0.2176047662701574
5067,0.035721353013531978,-0.017262442186239079
5068,0.066936177310235531,-0.14419301079173438
5069,-0.051518825238914739,-0.16537860988184855
5070,0.13319298002946006,0.13078292280595694
5071,0.21862587815004661,-0.071493119037207106
5072,-0.14254328982101755,-0.44321448323378926
5073,-0.23060777609363092,0.12925288354915793
5074,0.10054722926064208,0.22542376430919805
5075,-0.076254848149614612,-0.17186076892016391
5076,-0.3192486687350331,-0.11822008122944498
5077,0.10884992044542942,-0.056197458764230324
5078,0.020379915309543938,0.22510487859702294
5079,-0.33163665295369665,0.25613918514042611
5080,0.0073686015220150074,-0.08566977603255875
5081,0.06967638756489862,-0.081112388734181737
5082,-0.22147679529248634,-0.18523921354222739
5083,-0.16066725344430369,-0.21961524217993672
5084,-0.11044482152553321,0.0093751751943787851
5085,-0.11546397077148185,-0.21557184962427561
5086,-0.21671089037919883,-0.15049348000442281
5087,0.020536369305013954,0.20736604470979028
5088,0.35100296789414465,0.022148136547547537
5089,-0.022158465171335285,0.1289144148265331
5090,-0.14438470612101179,0.3401994766618171
5091,0.11261196895498303,0.13594656664629606
5092,0.1650343835910926,-0.048294370123249629
5093,0.15228936963109185,0.34602133950618347
5094,0.093561597715334954,0.20396061503631191
5095,-0.011508815096054142,0.058466213616036315
5096,-0.081652465835960156,-0.055079686118860334
5097,0.14079484751178392,0.065661207894289475
5098,-0.055171843223399249,0.10779893646080527
5099,-0.12339183487585206,-0.028471156233856057
5100,0.22255579654722307,-0.11855687120134081
5101,0.078575874597752324,-0.078674602513467182
5102,-0.22490375291506909,0.043806226324902449
5103,-0.14929160120676671,-0.073898141494703307
5104,-0.0036569190441929334,-0.085824354946360246
5105,0.051214956943549918,0.25031490154873132
5106,-0.17553248848280459,-0.041270802777962967
5107,-0.13837007146777952,-0.21752868353994628
5108,0.24318037781935764,-0.10313842468561218
5109,0.1696099835512534,-0.29548773290609609
5110,-0.052419674391275511,-0.010635070612611493
5111,-0.085565856752078534,0.086035815399588308
5112,-0.039200456056493568,-0.20085324041715091
5113,0.014504623792276863,-0.10979128703182636
5114,0.10180603531109855,-0.15535436264402941
5115,0.2106363341175613,-0.14807707369701506
5116,-0.047518664208857309,-0.084954335982417889
5117,-0.15718800679315398,-0.054376127947991751
5118,0.02438715093383638,0.26157729726886225
5119,-0.22016937642490952,0.073689224267991973
5120,-0.09656998600965272,-0.087098641270873078
5121,0.28967066085675763,-0.016528770966963469
5122,0.16080788939411164,-0.42056422308956531
5123,-0.17494869447672115,-0.12965976910247368
5124,-0.15395789978063718,0.24423841991646547
5125,0.088890858240683795,0.032755775501941066
5126,0.046059588616700058,0.19682444593039181
5127,-0.050134631028367613,-0.086343089454727767
5128,-0.16491185060044689,-0.39730250766750469
5129,-0.20239948599279417,0.084040364995073696
5130,0.082740293614810473,-0.052931695025383904
5131,0.29939211956914852,-0.29870671041711527
5132,0.20421973915571198,-0.038178893467017541
5133,0.10778116566519959,0.05420233828961997
5134,-0.018023683939128288,0.11201052023470473
5135,0.13549662032642951,0.16482302206375249
5136,0.35092952559597834,-0.12112936094332102
5137,0.23894769010232042,-0.13638616232115247
5138,0.15920416074314037,0.1918089918358441
5139,0.14987549660771818,0.21554043136655679
5140,-0.12919499288774333,-0.17596682680908923
5141,-0.16743181857320127,-0.053089819809799044
5142,0.053999904477212576,0.35197936483174819
5143,-0.22167076084899379,0.20848059958910242
5144,-0.40303394314735119,-0.022519694760290806
5145,0.10749530731409546,0.027013184277509945
5146,0.2522401478762562,0.29591141212096306
5147,0.1181618223388077,0.27940756242379977
5148,0.11822437598180383,-0.15638155663476902
5149,0.090655181011694425,-0.1050716489907417
5150,0.12915366130954833,-0.037584631272566671
5151,0.043167735625286051,-0.37285485865351631
5152,-0.26186300182033195,0.083570633862287413
5153,-0.19784062932903504,0.30068774763394168
5154,-0.06811825547342848,-0.23550792622904182
5155,-0.21987434166313527,-0.16986545191058103
5156,-0.093982218156614464,0.0025113430845730197
5157,-0.026841728666618943,0.11986298443647372
5158,-0.21299119451487109,0.23556829914232436
5159,0.021057185382803337,0.07334133876550554
5160,0.28872611524185282,-0.10199273211590593
5161,0.0043430975404311761,-0.02510343247639869
5162,-0.20435757449565686,-0.035857747925935893
5163,-0.21162615879190064,-0.02174341717918693
5164,-0.032881370243450773,0.044174362586834763
5165,-0.023512802624577684,0.17728768459918201
5166,-0.15238887097981565,0.15122384942239381
5167,0.096349635051536237,0.097284565508573853
5168,0.19511443088722585,0.072704603232780773
5169,0.12972177420754799,-0.20996772686670778
5170,0.17541750142781548,-0.25286819951263584
5171,0.024296572793758568,0.032873859431722642
5172,-0.1332840397848552,0.21240337547663732
5173,-0.14852125525784937,0.06067438730486497
5174,-0.20002526418207861,-0.12320647747647166
5175,-0.20618113843458133,0.019816696198132679
5176,0.019843778608580404,0.13260490720782281
5177,0.14721977028652911,0.051353195374490665
5178,0.079317924772657394,0.093120136752505495
5179,-0.13719258433535372,0.057677114450238577
5180,-0.31683938803065836,0.094729182453781827
5181,-0.24838699187205618,0.15817277043042982
5182,0.11993012123689202,-0.066361434765972463
5183,0.13307164929160875,-0.14671867166200517
5184,-0.060930333633998385,-0.11505941123799295
5185,0.067694790491087814,-0.046983826834739888
5186,0.08695005935368641,0.10737138225365529
5187,-0.071993150156550903,-0.052107217348688548
5188,-0.027364367844038173,-0.010108755187527357
5189,0.11377894669313675,0.061016607450492227
5190,0.026450244742783416,0.014212593366147518
5191,-0.16296359029860347,-0.067445852805304865
5192,0.014483269379248223,-0.046848274383740472
5193,0.25903172738049779,0.0974822310931584
5194,0.13007108517536056,0.084675195438906781
5195,0.038221316353698714,-0.19047048678680822
5196,0.028525712398217849,-0.07954892531827093
5197,-0.2363621498172091,0.14536102751952906
5198,-0.17483772933808497,0.093555116832603258
5199,-0.066482554529684185,0.051239060534643173
5200,-0.029004652772297336,0.1397480112520236
5201,-0.060805980059558139,0.11714215565753558
5202,-0.053098905855349265,0.14242617839392394
5203,-0.079960441847094513,0.045941000201668872
5204,-0.089756202554911527,-0.02956379527939116
5205,0.045970650980330575,0.24347527826375054
5206,0.063982430956537675,0.29338096719450285
5207,-0.0050012921682749973,0.076883046940038308
5208,0.026417423488522676,-0.15162037290249672
5209,0.15093152307519797,-0.023923084337785921
5210,0.2230225730961736,-0.047313925075940989
5211,0.21540546473637154,-0.22075148541631143
5212,0.15938938081981016,0.14861307462339152
5213,-0.069645538632689408,0.24974372155098384
5214,-0.074340558662782039,0.069921025181111721
5215,-0.076781740937227172,0.3263220900866155
5216,-0.34962797459212336,0.14028916922386064
5217,-0.14651948742396634,-0.097825625460468885
5218,-0.024071512599789589,0.11109461646012994
5219,-0.32360277319617997,0.074991297537487137
5220,-0.074741746138194773,0.092713717110410113
5221,-0.076850570633058474,0.020033433008835356
5222,-0.27617295425665783,-0.027589149376941673
5223,0.011599379596389358,0.24603372786819322
5224,0.1216523573988598,-0.12613871646472863
5225,0.067853758912073833,-0.11466943242991624
5226,0.18973903077287019,0.28153980448704197
5227,-0.04710879951218061,0.10002154519321595
5228,-0.11127846404578466,0.12388869560712158
5229,0.096887031425856959,0.10494165998981138
5230,-0.16838662471884469,0.083760674414478334
5231,-0.19875180428848777,0.22165345644547263
5232,0.24857158253949971,-0.033244484911824537
5233,-0.039137090901798885,-0.20347525803901712
5234,-0.26248027232572635,-0.10441660811803594
5235,0.17307013074642036,-0.15683322995172033
5236,0.31524438435785629,-0.038340677997913436
5237,0.2139687875240896,0.09341681295483252
5238,-0.07360406616564226,0.19062741293013824
5239,-0.091194398775732224,0.038384381063760603
5240,0.12377755225489152,-0.076812078778140586
5241,-0.09101802980885304,0.084064499351878166
5242,0.12132497936316756,0.058049646256665678
5243,0.25737762830896582,-0.042391148504146256
5244,-0.25950342713264274,-0.033867073137218456
5245,0.096639644322248433,-0.076499362036866775
5246,0.31153561879883535,0.06181951965870125
5247,-0.083096470459620347,0.26953825432008105
5248,0.12298673102394049,0.2389110974949207
5249,-0.0049714754759321855,0.019118544605110612
5250,-0.20577472395717733,0.0037845039084233581
5251,0.14387827069319944,-0.046616754861381365
5252,0.13671488993343431,-0.32374705087764899
5253,-0.13727259259416891,-0.035646610210904595
5254,-0.12389294492885297,0.10906724562588919
5255,0.095383535943138073,0.00080231057706619049
5256,-0.079740554610348902,-0.098803221381937409
5257,-0.042309356403403511,-0.094542371546384563
5258,0.19562428008493729,0.14978377085074315
5259,-0.078364560792828136,-0.10985272877044808
5260,-0.16157104685685089,-0.27923779566837237
5261,-0.1191749023420427,0.037516972547812673
5262,-0.27183363187034604,-0.32432419436767701
5263,-0.12135921574140217,-0.35912584681987531
5264,0.12452951114932566,0.16650016306533466
5265,-0.082197457107409888,-0.018537390713718131
5266,-0.16707452517982524,0.0039708944137662114
5267,-0.074859913576215617,0.24296210352774583
5268,-0.14945159179138495,-0.015848059461881468
5269,-0.15411292019271489,-0.12129581968467408
5270,0.039322077417954224,0.14628534017832845
5271,-0.20804834393794042,0.087879878192047747
5272,-0.13582398931207218,-0.095880228306121695
5273,-0.10765394301525051,-0.043454959838482458
5274,-0.29252959807888856,0.016999626906274184
5275,0.15628660998707858,0.13031224960834123
5276,0.38984567422982697,0.066278852285765591
5277,0.022910497123253121,-0.095512762293890704
5278,-0.033682172307219815,0.025904866922177451
5279,-0.15860410418752058,0.17506274514498155
5280,-0.17140155046664138,0.084219076604306872
5281,-0.051865423730183727,-0.14513399027830826
5282,-0.038014552883122693,-0.13749655418831522
5283,-0.10217985148801018,0.21231652317470529
5284,-0.16952391197695615,-0.0031591281976309366
5285,0.11725378679969059,-0.096874438797158874
5286,0.022445818443848724,0.22754591633535409
5287,-0.24163130274604441,0.055935638107251343
5288,-0.0097948696717350819,0.034244995625861495
5289,-0.17527275084483512,0.0027226356500274938
5290,-0.081612791316108851,-0.23172372701400976
5291,0.21026695019921152,0.13977934087819474
5292,0.094979233588431577,-0.049241084544808009
5293,0.070231623420778627,-0.42754206860275423
5294,-0.10362124712748604,-0.018086900935422721
5295,0.097839680580035643,-0.032679034328301187
5296,0.31961636700033413,0.066191291277608533
5297,-0.23560686025895988,0.22876041462267818
5298,0.047042222036289084,0.11462459757721977
5299,0.31737189959177237,0.30888856583928409
5300,-0.33163427623024172,0.19819130759830411
5301,0.0078723370892945302,-0.036951450137066855
5302,0.42761514309494614,0.20673264532122684
5303,0.10951888921112628,0.20466313969707761
5304,0.11950055737552745,0.011578794533034122
5305,0.067947825572274856,-0.079097494420804854
5306,0.040264686495013531,-0.12847665033659436
5307,0.10667573121320348,-0.11919175333127022
5308,0.021192918166988043,-0.10182430495540096
5309,-0.053700429463158249,0.1666334450706419
5310,-0.093914182359591786,0.20257038907396041
5311,-0.11957610250432188,0.017553137649941264
5312,0.13998997291058421,-0.084299786829020742
5313,0.090285743750980196,-0.05089343205058984
5314,-0.29492461711959861,0.027407825535074277
5315,-0.29760398506095631,0.12961004745036137
5316,-0.16067341941804134,0.029231627129771516
5317,-0.12688933360807036,-0.24678315944249696
5318,-0.1475561738563676,0.016686934994648999
5319,-0.084045050264524232,0.38760114016055819
5320,0.093069582837044321,-0.07105042362750473
5321,0.29289827393429357,-0.2661711539268371
5322,0.099597876732469448,0.10216060771943614
5323,-0.19506645918643062,0.088602794435195975
5324,-0.22909714265763415,0.0202710645121114
5325,-0.0051053733262023393,0.18448919586604551
5326,0.13735747931144163,0.13534853439726047
5327,0.15932320665584659,-0.014391684374031037
5328,0.057245383363787039,-0.056434551682428988
5329,0.042540934267446325,0.13351138872927149
5330,0.053722316986061003,0.1934784187604229
5331,-0.053072456144004437,-0.12627275923977266
5332,-0.079120350092778763,-0.046052421768944932
5333,0.18280535541529275,0.13428313557413502
5334,0.1468939892425388,0.083834957882980121
5335,0.12482233047873999,0.080529057800684201
5336,0.013088387350225834,-0.10832845110355804
5337,-0.20380830898087601,-0.20018042109349216
5338,0.11007178985165736,0.096384585781171983
5339,0.31665447918722806,-0.015980859206877019
5340,0.12533248453249371,-0.14183829377189355
5341,0.30416549441428359,-0.00082406707767438553
5342,0.27229562624876996,-0.077666496544514144
5343,-0.14546317436608208,-0.15705188053465702
5344,-0.18425857824092728,0.072746660248133019
5345,-0.17439692963028922,0.18821443419476974
5346,0.0011478295738633106,-0.0037949576493093128
5347,0.19567573473132249,-0.10348373636863661
5348,-0.072194036148808066,0.064093335223289472
5349,-0.32504017836057114,0.15142999147681011
5350,-0.21433018573087267,0.088311713159390404
5351,-0.035225717387355041,-0.05489631804587889
5352,0.096236206028617363,-0.049824515332147587
5353,-0.043289927288469872,0.14725254334677282
5354,-0.1442259088499655,-0.096001119532332951
5355,0.032970393637808425,-0.13664409260031998
5356,0.11908790443029822,0.24137513737480648
5357,0.072622688461890766,0.067420140086881492
5358,-0.053751846739585968,-0.22061421459692512
5359,0.063784198444944248,-0.13944417823596775
5360,0.093551715355291706,-0.0030553676234854072
5361,-0.23962118086174114,0.040488946174570113
5362,0.017926435987803409,-0.19209783869795408
5363,0.20540771607957956,-0.087277688345999707
5364,0.084800516004288021,0.26656173466145933
5365,0.29514978922511426,0.18861141997515113
5366,0.038725113060784161,-0.012643951342561723
5367,-0.063873301450584258,-0.077865519900238586
5368,0.21455905454636548,-0.046058263018754188
5369,0.084616856589702943,0.011531768427692532
5370,0.12671790787158843,0.14267240913054424
5371,0.16314570143733406,0.18796559079916847
5372,0.06846161527946297,-0.062205791932623149
5373,0.019959062034998053,-0.17918067786592412
5374,-0.2889540609597106,0.0047698123523959779
5375,-0.055740545376414666,-0.21447282500196441
5376,0.14382772763496221,-0.12165349777019255
5377,0.034686790770175682,0.30791366337604636
5378,0.40923496583427726,0.19306080855314928
5379,0.10825263167362427,-0.16841496406250894
5380,-0.24735519425526414,-0.10228040749939056
5381,-0.077901367532517307,0.018856628115110075
5382,-0.15181133566973623,-0.28157983301573236
5383,0.15664764789891047,-0.15062079660553823
5384,-0.19037984962521798,0.15066065576597468
5385,-0.15226740947381612,0.039886909783173129
5386,0.23576105990220056,-0.1027250142879806
5387,0.076383796012707256,-0.038273595061228079
5388,0.12377324679181147,-0.083281718834225166
5389,0.033363961531900389,-0.045613185326375878
5390,-0.090512037576692267,0.085287970775008298
5391,0.090979531455606472,0.15198783294711302
5392,-0.045742177672517696,0.12503648870350037
5393,0.11691910019769733,-0.036326200968569797
5394,0.0094059054002308441,-0.035037814626017516
5395,-0.35667032088815842,-0.070285497533236291
5396,0.013911337616950374,0.013570103524154574
5397,0.12096494383407477,0.19864508579537909
5398,-0.27006643283722631,-0.11959648556025805
5399,-0.19507625956656935,-0.14103170488820985
5400,-0.13274883307947036,0.029739156854492448
5401,-0.15029254970300271,-0.01708217348935908
5402,-0.043154955653591467,0.1203143733856603
5403,-0.0338470832554073,0.085201333916113023
5404,-0.055146690847830665,-0.18856228634585895
5405,-0.24782338948779917,-0.12721932069084244
5406,-0.1706785799977025,-0.10350675803087322
5407,-0.034602825681391211,-0.069784638478344499
5408,-0.08518472534972639,0.1358849362614897
5409,0.10607566308690249,-0.058587497648774571
5410,-0.026100217974557284,-0.1008245451866237
5411,-0.12245184305751954,0.021857165578222683
5412,0.018909027582535532,-0.26520380232560664
5413,-0.086416323422841723,-0.23841006938822493
5414,0.15889533828308866,-0.015574926454468042
5415,0.32614715974827335,-0.26847747472606404
5416,0.035620111118264915,0.031691652281591133
5417,0.01882578300391935,0.23132651623097211
5418,0.05812951200730064,0.0038506728372454616
5419,-0.14239602839587498,0.2544887377234693
5420,-0.036722540731502544,0.27960377212098525
5421,0.11248523026665297,0.0019791746473003698
5422,0.098688053439053763,0.018150465285997053
5423,0.13519615962630402,-0.25650611239939181
5424,0.042641854304043325,-0.16909625529654806
5425,-0.037105110679004072,0.087324702324881875
5426,0.05430142984474555,-0.10426574969607029
5427,-0.045358962105188999,-0.045317865867339005
5428,0.10460200894724267,-0.032439978100080216
5429,0.032551256996228524,-0.073491058154143848
5430,-0.20153225092141658,-0.10030739064380972
5431,0.15706829918061499,-0.043014769630845578
5432,-0.16921662280523533,0.31193127996511011
5433,-0.57438542107859725,-0.012128734764020398
5434,-0.21971384763565474,-0.16078965819315674
5435,0.16719344552813334,0.18534469934509681
5436,0.35022983476719582,0.16690718258510301
5437,0.18157523098346576,-0.064683480969986329
5438,-0.10227894821554677,-0.11392921472993957
5439,0.055323523528968611,-0.04609542082844019
5440,0.049592181696938714,-0.041321821519074119
5441,-0.20379492860388423,-0.15557350565234815
5442,-0.11421712784349458,0.05835673034730321
5443,0.081528293357047796,0.051462626083258259
5444,-0.23940695314858251,-0.066570372907282099
5445,-0.44351520287181762,-0.037345481449163123
5446,0.19304890672169622,-0.070049522625338145
5447,0.32875648973981525,-0.20902261877240147
5448,-0.012363910785274077,-0.30113462599259788
5449,0.14274857947635528,0.1408783832225714
5450,-0.064270131660428498,0.292761624504356
5451,-0.18459072332022319,-0.12221170769518377
5452,-0.027867870769471403,0.0017283384248292701
5453,0.012243755210989433,0.088362757934951228
5454,0.13879405567919967,0.076412859849549403
5455,-0.17764023121037653,0.2090857278109419
5456,-0.12514228267916397,-0.12649245988517258
5457,0.26572284443613087,-0.059811783465073223
5458,0.05452062964354415,0.23715827938217404
5459,0.059612247009914958,0.028083209379988379
5460,0.19680723658183419,-0.13828335098634723
5461,0.082868001653710624,-0.15053837907869391
5462,0.054849207039908546,0.0047527379898794162
5463,-0.10002649136822234,0.14315268914616724
5464,-0.00300954741979721,0.14727071941270989
5465,0.086005528275549512,0.23468310884377291
5466,0.010430219777597258,-0.082852957718063072
5467,0.11081752630634792,-0.31854662804776657
5468,0.11475663196380149,-0.098279366955744046
5469,0.24635318096512254,0.12142568063032834
5470,-0.0019674122648747905,0.041289644873548942
5471,-0.15861569284926946,-0.20012356546656354
5472,0.30956691299040534,-0.066748496387500758
5473,0.00024361301366694794,0.026466971795054747
5474,-0.0089825129441814793,-0.079849123658630297
5475,0.23510493788462003,0.19170642871311774
5476,-0.22452759366516598,-0.078339356892751649
5477,0.023631893566280832,-0.14184981782312295
5478,0.29918742280646432,0.28634165135117712
5479,0.0051589608376348649,0.14102898815005263
5480,0.081957345269241408,0.16892561033151085
5481,0.056226172334622196,0.35219794397489507
5482,0.063237266594971753,0.087974799410829863
5483,0.040507949060411559,-0.043347930397780343
5484,-0.22865388941125853,-0.0035129274540125106
5485,0.036058709420412408,0.23306020678603168
5486,0.085749595090224631,0.36876066699468968
5487,-0.15809641729664298,0.023157302560288966
5488,0.0064933531689667784,-0.23418485304527975
5489,0.23304492188187401,-0.032047652254544062
5490,0.19224624206680857,-0.034878830602532336
5491,-0.055305384681634942,-0.39503649494981014
5492,-0.14466015090582424,-0.29476381132116919
5493,0.02619813186317526,0.056157996280597651
5494,0.23815001169247937,-0.10384335034077714
5495,0.13416513381747625,-0.11875140680726462
5496,-0.15129895627382162,0.093287939354681881
5497,-0.18038833000833246,0.12641772688624006
5498,-0.024064254235238378,0.24901575030473294
5499,-0.044145467957458231,0.27406146961972883
5500,-0.12186533763359007,-0.10139685993609143
5501,-0.017074804423887632,0.12528042075789719
5502,0.14308865344320187,0.50277300016600635
5503,0.20288337426219571,0.13853181702264206
5504,-0.09341375471385889,-0.10396991593690694
5505,-0.28314757228206466,0.34452516947629314
5506,-0.15405369937301869,0.14822421705497074
5507,-0.078986893604432881,-0.16679447494102864
5508,0.16865641866220582,0.19913152244951801
5509,0.35556058517930111,0.1438237978587357
5510,-0.048628403512332719,-0.19272512344884007
5511,-0.1967359818025847,0.12809593830486102
5512,0.018602315065881496,0.2643007086165825
5513,0.13189299495926204,-0.11896386782271674
5514,0.22370968785043699,-0.20658013095507549
5515,0.066130026963857114,0.086849265976515669
5516,0.10521748081292098,0.067526746023846326
5517,0.16858928506988036,-0.2206053034250143
5518,-0.030337139398747968,-0.14985185995038189
5519,0.050216303177000307,0.021834902568300407
5520,0.014709114293518885,-0.012541343042918426
5521,-0.066496245747607652,-0.016676459116553903
5522,0.13358760115244622,-0.050051210885926178
5523,0.13052225460852274,-0.15709376397225649
5524,0.17482176697034316,-0.035578221232359972
5525,0.059283262936237466,-0.077329570034305739
5526,-0.0055228032991828015,-0.18128028081974287
5527,0.34846619474942164,-0.049315896502421387
5528,0.018632662636531454,-0.1844574163259568
5529,-0.26000241505935195,-0.1731855055064995
5530,0.20542176070397128,0.096786739720729112
5531,0.15402457086295199,0.017170541776220519
5532,-0.043288844432018608,0.13823085591657219
5533,-0.01880950319447712,0.067867673418681621
5534,-0.069823382999105968,-0.16336562446550126
5535,0.024382002715104399,0.23317149226799988
5536,0.022144860481825776,0.23710722762126651
5537,-0.29388171271665331,0.099881472114557557
5538,-0.19008666947308905,0.17933941938085857
5539,0.35683893409256812,0.052645296053896354
5540,0.25537271746409645,0.034798941608700208
5541,-0.014664125968894492,0.042487565108151701
5542,0.20147182342254039,-0.012447319730330329
5543,0.14986028217917208,0.037285078557351567
5544,0.13440346893600988,-0.052448876141146086
5545,0.2525102813776281,0.13541839625278831
5546,-0.13107839668889179,0.24806378576095087
5547,-0.15662685143477731,0.11920923481442405
5548,0.19671426500158451,0.11687312667633112
5549,0.021472476886739932,0.10473056798322303
5550,-0.014867035883962761,0.061241775560477718
5551,0.12211608189901667,0.044262699885395752
5552,-0.081746051044330345,-0.00076653818637608534
5553,-0.09693860084417194,0.24587614837392574
5554,0.20017975365204332,0.2427314135974275
5555,0.0062941178366037517,-0.046956653992610758
5556,-0.26990420889771766,0.0088201396343385741
5557,-0.064681659488504226,0.045993242110237406
5558,0.13438969566919554,-0.047379049157888042
5559,0.14498550515228251,0.060352872348129409
5560,-0.15129790863777465,-0.0093884472393264973
5561,-0.082353431749746797,-0.31170575092173541
5562,0.23992971410986708,-0.31496431569738953
5563,0.19288357405256287,-0.021476546084324123
5564,-0.031629290607250955,0.050232263930239315
5565,-0.12605647096158842,-0.16514408097080568
5566,-0.081240361126240043,-0.17871997860413111
5567,-0.074021126865516859,0.082797844120205993
5568,-0.065171443310637969,-0.022012245190025793
5569,0.20075860155703795,-0.089598180750257578
5570,0.23690371326977597,0.17181617188277257
5571,0.11375210017579887,-0.09044234092501649
5572,0.13022147736497061,-0.23868476713673509
5573,-0.085955725934826421,0.21611467924972763
5574,-0.15062638972467735,0.058693888521026499
5575,-0.082568352628962838,-0.1119162473209963
5576,-0.30685313269873615,0.14163692881999118
5577,-0.204384212671403,0.11082017988139212
5578,0.033168358167057529,-0.024164790561445937
5579,0.16591693450733133,0.05329854853175113
5580,0.24384244969768648,-0.15054044928641963
5581,0.1168103529352867,-0.43159700468123363
5582,0.068358137212637671,-0.25654269596011969
5583,-0.069155794137688548,0.17023131563574836
5584,-0.18225899913536481,0.21729340776230877
5585,0.043090070753664611,0.10284345127445911
5586,-0.090519641015994939,-0.040256103477111629
5587,-0.091410068989231069,-0.1972264785971834
5588,-0.11009839983393814,-0.042959770773837939
5589,-0.28476110861185666,0.067886214022707392
5590,-0.072520601468197624,-0.10007067253171296
5591,-0.012896199585712309,-0.095433234018939495
5592,-0.063470326369466173,-0.093500663364405101
5593,0.051396087995153827,-0.089761581227007475
5594,-0.14646611960106598,0.05803488632327939
5595,-0.10892582558488687,0.22133193166362949
5596,0.28534585802875201,0.1169391115414285
5597,0.094473474305758462,-0.076965755981805634
5598,0.044701862418582927,-0.10631655159861145
5599,0.12018253952486257,-0.050919306359496028
5600,-0.18469338326929874,-0.085415070796470871
5601,-0.031435606212781811,-0.12178339380769471
5602,0.013218454854556283,-0.074237097580897068
5603,-0.24921599202210495,0.030479121282837928
5604,-0.018719302893302897,0.0060748611108657116
5605,0.038193393554810974,-0.056546102249574619
5606,-0.14879939110254409,-0.13691212086479829
5607,0.048190058317503469,-0.11505444350044507
5608,-0.054289837140927985,0.14834967248569941
5609,0.027698416790070027,0.2255412009764711
5610,0.32108692227923608,-0.12588783946962528
5611,0.15960717773235514,-0.0076635612087005735
5612,-0.071641521147603193,0.28686400422258007
5613,-0.15379198094507887,0.068906064205176448
5614,-0.23017482205305578,-0.050908691472187718
5615,-0.16142219415168699,0.088631248336278903
5616,-0.32889367420102111,0.056122304731138828
5617,-0.138266558820348,0.13751784751674806
5618,0.32985527649991814,0.1251905964050723
5619,0.21311737940076123,-0.03141277666076818
5620,0.069638255159082618,-0.0017932813294413092
5621,0.20863848723453868,0.22925463487403197
5622,0.068742979889798425,0.21916838753033213
5623,-0.020610162018643241,-0.090359619491080775
5624,-0.042048497517788608,-0.12727311128325694
5625,0.11330297564379566,-0.033812718047492779
5626,0.45779918310480117,-0.17813780293326961
5627,0.22478676475498588,0.012819448601225015
5628,-0.16801429392500475,0.34553911634621559
5629,-0.09072359739736964,0.052358971246344629
5630,-0.052721036852756691,0.08305006958442028
5631,-0.067404123586808612,0.12413819106776661
5632,0.010325389789549042,-0.23665568790960104
5633,0.14058559728021514,-0.0059903845320905293
5634,0.26683639504932205,0.082981705931533437
5635,0.18719455939657118,-0.03490269880084132
5636,-0.091490887665419643,0.16553901086223247
5637,-0.023333414392565019,-0.089887587433206989
5638,0.32138072071791796,-0.17742497643776595
5639,0.19343330427917046,0.1478333555421926
5640,-0.15101426199878015,-0.21955617787645029
5641,-0.030334498000856022,-0.15945305096840412
5642,0.097018628301980298,0.21325640970299636
5643,0.035755622876889021,0.025939908335484239
5644,0.092765952647626979,0.082592632075323552
5645,0.062585774045659626,0.033250586636220637
5646,-0.090130013405060022,-0.06714029856644041
5647,-0.17856813910093833,0.070824579203165913
5648,-0.12633445171451466,-0.045934522564356622
5649,0.024359561880326321,0.064324420773830507
5650,0.046201631448535306,0.018070453930261313
5651,0.085031558519105627,-0.39562541971668169
5652,-0.01409545677015636,0.026956371002473667
5653,-0.13617971777296059,0.16484102226222586
5654,0.10871918414485283,-0.26467021515333905
5655,0.15290462969370672,-0.18565072593593751
5656,-0.061146093715527601,-0.17326512104103206
5657,0.022579886865203812,-0.13740782167136664
5658,-0.11914768501863615,-0.067574880111763311
5659,-0.12434722595635286,-0.03766082327184779
5660,0.15845453155721223,-0.031721169076025353
5661,0.098670395655890836,-0.22225382576598141
5662,0.14294603857060012,-0.12613450513321969
5663,0.093994017998316998,-0.021742218970481501
5664,-0.15951582717418725,-0.058946755247894708
5665,0.055187228864893988,0.10716606053642543
5666,0.13103940033246989,0.004559100983434778
5667,-0.030701164819806257,-0.12161439340360694
5668,0.30999273044442699,0.087550519991607248
5669,0.067547901746075861,0.032153216506458068
5670,0.013450730334630474,0.096112019453343883
5671,0.24211863607134215,0.056949999569078175
5672,0.20811630248144047,0.13149739431440177
5673,0.29452921015044442,0.13731160977300333
5674,0.28673912716707017,0.11758768173771848
5675,-0.016622198561101469,-0.13625292794785326
5676,0.017568697779264123,0.027545218381814552
5677,-0.12257521556927888,0.24045746551639671
5678,-0.097373275813921176,-0.093055684239613592
5679,0.17957606058799416,-0.052696992411657623
5680,0.031334897077267526,-0.12339365636476969
5681,-0.018337946501953077,-0.14179697154721682
5682,0.19204447729865337,0.012911126663640991
5683,0.091942018744368775,-0.16244091935462343
5684,-0.1131930854756054,-0.031709367281370852
5685,0.077780418139693386,0.09886189940175992
5686,0.20167470024320838,-0.09065728907501816
5687,-0.039314586568940289,0.024941101092651463
5688,-0.10673017120789977,0.21083748275382153
5689,-0.037609902196554336,0.041532154973390259
5690,0.076072658576248162,-0.16385593736836723
5691,-0.073288276177222084,-0.19907323989081593
5692,-0.2419914102737388,0.11930684597149792
5693,0.049779510214418433,-0.084242133594045865
5694,0.014009376516693116,-0.37215445879161507
5695,-0.071745222272212084,0.029446504948196447
5696,0.25197293299271428,0.041416210948883918
5697,0.080734454810223885,-0.32156840033949102
5698,0.079447801049740682,-0.10844499732472371
5699,0.25221589440235781,-0.012096188688010358
5700,-0.18913957605806059,-0.11161044742964175
5701,-0.21596629005825127,0.024169775953182655
5702,0.13826535032447917,0.014918269117297669
5703,0.16202792894317961,0.088279762773688611
5704,0.15118644979221488,0.27739029324781261
5705,-0.033456432864337741,-0.075331940329904257
5706,-0.23373450351710628,-0.17462191640256333
5707,-0.23886559423079964,0.082987267554243432
5708,0.027284435429536076,-0.15623427370638795
5709,0.19113691588242096,-0.25280794420233249
5710,-0.11609898406061896,-0.16862463535156288
5711,-0.12678496196985717,-0.075639776043827892
5712,-0.13974501617907303,0.28001598775191799
5713,-0.12701842553509662,0.22366172992757549
5714,0.28908645134304661,-0.084824084708907233
5715,0.15182694407062503,-0.006246513167037432
5716,-0.22989026041938884,-0.0316221344254565
5717,-0.14681386413405734,-0.12329091359931052
5718,-0.0014852531425309156,0.023666176101254703
5719,-0.08724038582689389,0.1180132183303956
5720,-0.019257836099635977,0.029973744442504561
5721,-0.068182562250524506,-0.020286288098595971
5722,-0.14225423085218541,0.028961617249805022
5723,-0.085121909735602824,0.22052152429810687
5724,0.15480778895707278,0.13302074252930873
5725,0.1027952277620045,-0.061492070792118006
5726,-0.073629924633986349,-0.045742223700182036
5727,-0.071753006269668906,0.11403472295703708
5728,0.011859236117088364,0.061723946415367187
5729,-0.043313144203008046,0.22937716543408621
5730,0.094976515647722956,0.27399703354532767
5731,0.082762239302040644,0.022803781002592824
5732,0.12770936154253326,-0.071710165678564392
5733,0.14595793776898211,-0.042412181196850467
5734,-0.024151091036830823,-0.037801755624421826
5735,0.0059358673329820508,-0.05250339471729018
5736,0.071646623316806143,-0.05750284406106701
5737,-0.0044702493341556111,0.073921855561597874
5738,-0.057205927431067075,-0.14068737634640885
5739,-0.16094323512954803,-0.24841610002132999
5740,-0.046509008398945187,0.019445585959053581
5741,0.010487472613079302,0.14366569194031756
5742,-0.14379901538845535,0.022977675341346218
5743,0.072650264571665374,-0.0190947395086641
5744,0.051276072557487617,0.15356198340111696
5745,-0.28091546318316013,0.039519228313028079
5746,0.0093920502174360525,-0.16252869436783812
5747,0.056618949113395302,0.069292459470750953
5748,-0.16329788328083644,0.086594504886535431
5749,0.2122057441302794,-0.0098949758929401162
5750,0.16190123345746038,0.27812461149512996
5751,-0.28099113928776737,0.095739678086494126
5752,-0.079875314361415706,0.0040356264817554572
5753,0.13094118670145435,0.15863303731330997
5754,0.036414844424731911,-0.23458561711435849
5755,-0.084315858713515449,-0.058506008571748966
5756,-0.17230791201257306,0.39986799543047313
5757,-0.0030649165704363874,0.049791700872956909
5758,0.05974549244785643,-0.23821792462306912
5759,0.084419558132971181,-0.038331582026016914
5760,0.08101768583566249,0.076745003940573833
5761,0.1309449964989339,0.051993774943377868
5762,0.14542441020754027,-0.0301844796325017
5763,0.05678837986295375,-0.035740168783331909
5764,0.12805010578028705,-0.042359400423695848
5765,0.088982915025519499,-0.21763057847145184
5766,-0.078828713236603246,-0.13498921045537926
5767,-0.032334840117705439,0.060231717651916358
5768,0.066649923176804973,0.079285589411890109
5769,0.17350905491066446,0.1093155126648684
5770,-0.0074282762311275678,0.098210577481898528
5771,-0.2240353643841573,-0.0063753329313571624
5772,0.30360516627628931,-0.22989249398015746
5773,0.38105722112234908,0.011164630101547399
5774,-0.25346066147391749,0.3315168744400297
5775,-0.010516879321940363,0.067427016083593028
5776,0.24429969543908919,-0.30831567170839863
5777,0.1439439482820917,-0.23150809267676753
5778,0.26636316992381304,0.085506509284641333
5779,-0.024075239694863939,0.066212975994065879
5780,-0.22734614778784404,-0.10166905547168309
5781,0.022896943181793642,0.035092697386072437
5782,0.022703156502370619,-0.024640098107878795
5783,0.0018143595685051091,0.13340039530565775
5784,0.10781876129738076,0.26582644156004825
5785,0.13357909497360726,-0.05713614039900422
5786,0.039686694491114928,-0.1432990126178951
5787,-0.07323955933545806,-0.20326079611225117
5788,0.23998589770614637,-0.22636181475333683
5789,0.24128495249469606,0.1178118455996835
5790,0.24888387898207098,0.09858654356262371
5791,0.28825354946330067,-0.11323213331404183
5792,-0.062459316905241424,-0.11401269318401025
5793,-0.10617313728305271,-0.068713439556060796
5794,0.14930603409002338,-0.0077909424967789673
5795,0.19157091927241182,0.022846265174659198
5796,0.16635965828104721,0.012508204059850241
5797,-0.017220734926014183,0.12436689981798452
5798,0.054573570766583715,0.29121570707698707
5799,0.13115193672396572,0.26922398884122017
5800,0.11311090066377474,-0.14364590370130292
5801,-0.09288191888906408,-0.16620755748961186
5802,-0.2187884197174283,0.17460843033377063
5803,-0.2251963253608962,0.054193154832810411
5804,-0.13196553924809495,-0.15182608233619646
5805,0.21492867286534392,0.026641971625393467
5806,0.20425074734197343,0.11918130193058014
5807,-0.026496744479129242,0.11372495184462675
5808,0.28452501033303218,0.09702402472156739
5809,0.06553931935133539,-0.15198868815376948
5810,-0.35583093244598468,-0.099647764715481757
5811,-0.1489453236429833,0.10756442755520505
5812,-0.18621567469391845,0.039173904035704712
5813,-0.053479053443771914,0.2173905622587301
5814,0.28942104855615741,0.16184759152393799
5815,0.13246148293861967,-0.13929998336676455
5816,0.079330077027122067,0.022488818660066707
5817,-0.053552913582572553,-0.076584183362404107
5818,-0.16348776251633299,-0.035796014908098459
5819,0.06468364053134118,0.28583215931647438
5820,-0.040333033955211151,-0.0082982332538185342
5821,-0.2940535395324449,0.021287795923675103
5822,-0.094524871482091738,0.11818431831364382
5823,0.11290019647145629,-0.0765200638555327
5824,-0.16707844569162672,0.11497412616507721
5825,-0.18616950642924712,-0.072470224534007907
5826,0.26990796611575085,-0.11392063533816825
5827,0.3426999894928906,-0.023115579108115653
5828,0.19705313647534808,-0.4769716898879377
5829,0.29312799232885678,-0.14022889896048241
5830,-0.011804425792940589,0.11003097577277345
5831,0.0026311749353158547,-0.285203446944929
5832,0.21884319185105086,0.16098985393133783
5833,-0.044713572615719406,0.31413329465599316
5834,-0.030092942820637538,-0.20625004865473473
5835,0.22523786016774541,-0.21666034060997011
5836,0.27923879021298359,-0.21044857275388218
5837,0.30696578354440429,-0.092933022487718647
5838,0.25854748782173465,0.05834475685409727
5839,0.16992830956724009,0.077335265057870445
5840,0.096877075456084899,0.40696679584890938
5841,-0.16588483474943502,0.16566080045238277
5842,-0.15459790317978017,-0.18883121159645402
5843,-0.064996045918468373,-0.038763998848465701
5844,-0.058549074441975879,0.11963448325447226
5845,0.010919966783658176,0.18314989614037189
5846,-0.078584770585729616,0.052336214053521367
5847,-0.076006911955689746,-0.15256839641925782
5848,0.32676532049997353,-0.12905831058510128
5849,0.36415705058774522,-0.10188512802974556
5850,0.066189887409973169,0.033213450360498678
5851,-0.02196828894863475,-0.073953218194315148
5852,-0.044465984655076216,-0.039479549184340934
5853,0.044198817661325981,0.16687434965063094
5854,-0.12308448471952334,-0.10895372391982228
5855,-0.45002338955806431,-0.088818171430868453
5856,-0.26090032443942401,0.26311330116216702
5857,0.027916413126375987,0.0012966812078891964
5858,-0.021432856507609999,0.17721123562315788
5859,-0.090566321984389977,0.31667048953637877
5860,-0.21634818544262965,-0.06805558373451949
5861,-0.35673034461086872,-0.011686233753827383
5862,0.0010166518377165159,-0.15909007124843752
5863,0.26944745336657239,-0.19345415864740637
5864,0.012742613869856713,0.090063519061044595
5865,0.095886393674580461,-0.055125655735459002
5866,0.094415050172304837,0.15221583854833629
5867,-0.030353565912343363,0.32115760923736064
5868,0.12126025611603995,-0.050858202795565112
5869,0.043490294461981972,-0.13957913886288789
5870,0.26125622663976777,-0.17014711456316695
5871,0.34617835032919819,-0.0019434720988746219
5872,-0.036445130428590558,0.063668171481783359
5873,0.23826722806644166,-0.0070799576149722914
5874,0.34930127587239296,0.17383724694389957
5875,-0.14825535081254801,0.026010453265793806
5876,-0.13968596651603399,-0.12341035590814103
5877,-0.10621011702936949,-0.1194915857158535
5878,-0.14259324117433392,-0.17120860513551869
5879,-0.10824301560074578,0.11458660904099816
5880,-0.13563235925069891,0.20131784679274475
5881,-0.071110539617271637,-0.093577058119225343
5882,-0.12404502883089973,0.12485013536647259
5883,-0.027180903191351101,0.22289092877622002
5884,0.11555433110058323,-0.075513530491238226
5885,0.019478601868883748,-0.16637348990805351
5886,-0.015934719725833706,0.096392293273840052
5887,-0.099606259123725754,0.018758514925619904
5888,-0.00023203801381817095,-0.22425841540017646
5889,0.11809305145777643,0.039247684180022037
5890,-0.1527966605667917,-0.035526436885210552
5891,-0.15488909492742717,-0.071833673277849078
5892,-0.13236115042697297,0.17629231467165671
5893,0.017534923791080764,0.083186008547921825
5894,0.11469541752608849,-0.098785511174373009
5895,-0.20290380834541633,-0.09645325915973757
5896,-0.031290459354308207,0.1209781435932392
5897,0.28638800331653425,0.11755810213071696
5898,0.037148277602564297,-0.091962253143798106
5899,-0.22741655120607926,0.14087561266334159
5900,0.17304203019296435,0.10076990070251374
5901,0.34896128437804125,-0.077217392577538652
5902,-0.025824300672734488,0.12648179711843502
5903,-0.15217819841087668,-0.087880276850516567
5904,-0.057205435246280904,-0.074049557926931076
5905,-0.25739306831233622,0.2512645679290032
5906,-0.077414559447277723,0.014394105747006882
5907,-0.004646706381763838,-0.16182577640922308
5908,-0.40385738432983764,-0.1004391890554078
5909,-0.15081735191900633,-0.16705819869173147
5910,0.20799889806925539,0.15291745967020243
5911,-0.18192336158036387,0.29607218816347314
5912,-0.40481391916888532,0.14065968038512119
5913,0.009502646008230968,0.1460383069907662
5914,0.18571821545348058,0.056213036977722002
5915,0.0046467886895311949,-0.29314918869200463
5916,-0.014109610680920218,-0.2463967292454185
5917,-0.086535750788317906,0.0074721233297794553
5918,-0.017473067197903109,-0.068671101756076339
5919,-0.034454634022359716,-0.17996090307724269
5920,-0.11296384292829981,-0.26805376033083184
5921,0.17572143334917587,0.0075131931827911915
5922,-0.095191350286029791,0.15718330658151261
5923,-0.27925697633886243,-0.14307563345712274
5924,0.042438688141280337,-0.016143592600993798
5925,-0.037370437648472025,0.072473490128486376
5926,-0.097971618261630089,0.056504519425955906
5927,-0.071293080887738919,0.21333405567247601
5928,-0.13700991662223386,0.21366498862749297
5929,-0.17241363303199361,0.2853334517626282
5930,-0.11054591963194429,0.29849408751494805
5931,0.15213720716710682,0.029745933361271869
5932,-0.031232841464111625,-0.027928589512051547
5933,-0.23446935933435414,-0.12375681459341006
5934,0.056329516011863291,-0.10955560329609736
5935,0.065042409846566798,0.19790437524381871
5936,0.096956769565835155,0.059112703011285135
5937,0.16213522065901889,-0.045894507451588462
5938,-0.029699585599540876,0.1802667721370001
5939,0.18518494716189746,0.10305189147836934
5940,0.041420618976057991,-0.10262941622844965
5941,-0.10926511730793885,0.065264088840782941
5942,0.10460128090792115,0.19449809445117075
5943,-0.028078219158621444,-0.059266241231588995
5944,-0.18167655241274469,-0.12598495781077163
5945,-0.02233453368066465,-0.05086171213007587
5946,0.15268775502808815,0.090013484523205262
5947,0.21338422901149501,-0.061271763438104927
5948,-0.13114321938859033,-0.22133244758134551
5949,0.08899677529647762,0.098437419076762511
5950,0.35764601202887919,0.086060113799429808
5951,-0.044220097537764583,-0.042651643095760923
5952,-0.012697487864797515,0.24072835114688071
5953,0.30011482275081236,0.099604375805048564
5954,0.1151948534042012,0.10522848979330088
5955,0.014015871550063886,0.24643161288103332
5956,0.099780869940582925,-0.16261296304514458
5957,-0.020212944228615911,-0.21916773244292412
5958,-0.13554153204002378,0.094629354402903348
5959,0.15337029975621971,-0.16823319492605066
5960,0.090303541331131693,0.048203984994500883
5961,-0.1518052308334446,-0.15401258751385782
5962,-0.071018732223890435,-0.48257680462225627
5963,0.012336469369939469,0.27048952928414427
5964,-0.049267948022928325,0.16657995198245068
5965,0.018834305744925402,-0.051272803576220098
5966,0.035384323249952707,0.19229271492168701
5967,0.21010887977098419,-0.18807081608924767
5968,0.060305763696637572,0.077130513938902717
5969,-0.080285449822563956,0.11092881157285889
5970,0.13196015174781373,-0.24851750048864815
5971,-0.014382641507872832,0.081839051025805423
5972,0.09761979853253247,0.32736381364796213
5973,0.24786222046930656,0.42039531984184952
5974,-0.084755847497083481,0.36354071299343177
5975,0.12239087862680235,-0.0069633572467334669
5976,0.27725388907693588,0.025538611668292268
5977,-0.018906457059332478,0.21151292867867777
5978,0.080974666030913592,0.21225462116440727
5979,0.25599274937900129,-0.0094270600848403042
5980,0.13739167978738256,-0.077356536264606771
5981,-0.039992567029157787,0.062792259489693511
5982,-0.099116152903730381,-0.23905783194745764
5983,0.088339702722251515,-0.25975498583960654
5984,0.17733048769099458,0.13923494749692916
5985,0.25518390625249177,-0.011511474189847836
5986,0.056565218889099322,-0.11748663998154193
5987,-0.13461593047825882,-0.17805581905366175
5988,0.026146883985433175,0.088859961146951022
5989,0.12626345206370782,0.18652773506795328
5990,0.28458927687256208,-0.2793752403810017
5991,0.14571190029641029,-0.096968357236866851
5992,-0.20778029547485291,0.27937987569081313
5993,-0.083426924025674684,0.028259677810728974
5994,0.079961050388763166,-0.0056936240549561859
5995,0.034756406580695863,0.17652284108646438
5996,-0.10650235698809933,0.043475635920214382
5997,-0.014224827154852966,-0.12821768792215552
5998,0.16303098315533959,-0.11520138860438399
5999,-0.011095066053963949,-0.040268424221226937
6000,0.023566350866477823,-0.075711005534006767
6001,0.19697072757493841,0.15385512785844982
6002,-0.21067616188670035,0.081823716210754016
6003,-0.25716852013052116,-0.20202489664939471
6004,0.036173651387927948,-0.061108337073372196
6005,0.21253023239796234,0.024258468125945988
6006,0.13004266030371653,-0.16744408152212067
6007,-0.060307504771187959,-0.21382341378823974
6008,0.10442118794212275,-0.13311904874032351
6009,0.06396889292495056,-0.039837024039389553
6010,-0.0054061345518400042,0.0041331543644209552
6011,0.2494372108683055,-0.043364645237603749
6012,0.091074577260490883,-0.020984671225325741
6013,-0.074969749376347705,0.14447929730317147
6014,0.1440898091393821,-0.08644148022306869
6015,-0.1808251461743948,-0.32697570976717649
6016,-0.50295492490925187,0.050516578156165448
6017,-0.10551068405593313,0.19325483127061724
6018,0.33520554527376656,-0.19128700564609577
6019,0.067474105611018742,-0.18214252563476022
6020,-0.25240383136323974,0.16394683094138213
6021,-0.04523800538867033,0.18381454255819246
6022,0.13365338608663938,0.028038892004553864
6023,0.17277344843393957,0.02547812487153113
6024,0.22888247993322236,0.24015295131799888
6025,0.071384502864772756,0.13658034576802144
6026,-0.088362535961086341,-0.19788046185841104
6027,-0.12920282937893668,-0.085312758431482408
6028,-0.081785605661707853,0.04815634361797709
6029,-0.18142056322909433,0.0020770159489439215
6030,-0.098238786111127768,0.18943515799017249
6031,0.0096154050582689717,0.3232797064143545
6032,-0.096520322513128975,0.055194536259838917
6033,-0.054559247955683676,-0.26280881266251815
6034,0.24712318513672035,-0.24587107763156402
6035,0.29663742528245846,-0.037354346042699396
6036,0.12799757868202108,0.087970042124309755
6037,0.017067252041981874,0.14327501501431955
6038,-0.11235251378366207,0.071814587103096614
6039,-0.007464211829397693,0.03090004402968017
6040,0.032435831111837309,-0.0058651527599417495
6041,0.063072699431823531,0.012194284835869335
6042,0.14667750482487105,0.2095362095454204
6043,0.14264957776441423,0.16277484239653189
6044,0.22181592441334974,0.036790536772925056
6045,0.058756160019966197,0.017497093468627167
6046,-0.26028957218918614,-0.29050817868829953
6047,-0.24006845284942185,-0.18858666407513652
6048,-0.12875721784115698,0.1994233354418454
6049,-0.0088917994996544868,-0.017212120329574664
6050,-0.019911721284060012,0.010223133033587257
6051,-0.15381896222120675,0.074978489869658091
6052,0.066333328107678058,-0.080371760093601016
6053,-0.060940228784316881,0.053362627171776533
6054,-0.077544411678793168,-0.021862201669885454
6055,0.197390258100031,-0.082054544766457405
6056,-0.10730272258740124,0.049092524344813766
6057,-0.046373777262284512,-0.035817547977405509
6058,0.14729016544773421,0.010921377340949319
6059,-0.17426721124852562,0.0088100517812473352
6060,0.10449979289463524,-0.22027165994189568
6061,0.37961891158958577,-0.066774587799105917
6062,-0.035549697407939333,0.11342049044086837
6063,-0.10709687929923423,0.064933752261475547
6064,0.076464545786165045,-0.097602461594663542
6065,-0.055144149405755204,0.05447756892442699
6066,-0.28325352145953459,0.023095337894462813
6067,-0.15291790947175343,-0.21588638208548031
6068,0.00024963803579378064,-0.086024499549765654
6069,0.14480056760065438,-0.072521805085545815
6070,0.19784003088389596,-0.25743730723888236
6071,-0.094663368400291242,0.057251245588604782
6072,-0.070640158858447211,0.2242474469676855
6073,0.17890943594641182,-0.070494826850937137
6074,0.0028291014941731743,-0.10481551971729092
6075,0.024882106062202966,-0.1008552387518952
6076,0.10995564708589432,-0.33146368139641469
6077,-0.046122918222038796,-0.24869900101592135
6078,-0.049036789416054605,-0.10447229635422173
6079,-0.088835778351082542,-0.16022043509829814
6080,0.10377159452735148,-0.098556089824040669
6081,0.14900968707804063,0.1640932752548882
6082,-0.079409999236096332,0.23040449821074699
6083,0.15301129611139189,0.129428827040415
6084,0.20264510056117019,-0.0079234593545513404
6085,-0.098683536899770982,0.065739605733416279
6086,0.15879398105096837,0.207198183279831
6087,0.1532066086003564,-0.02944322366884998
6088,-0.19316418433260227,-0.28874402153319306
6089,-0.22089680924411945,-0.24817361409247232
6090,-0.18761696638669198,-0.0826462164954722
6091,0.016872074895831091,0.029398680711837745
6092,-0.011309822426807038,0.16978221986534525
6093,-0.17182724936105709,-0.11990933815875933
6094,0.14402432408835555,-0.25696824477649349
6095,0.076639716373818029,0.042206921945508971
6096,-0.025864621137201855,0.1686683925430317
6097,0.18370315331118331,0.042159485582621579
6098,-0.14173694040095944,0.096790261411059675
6099,-0.29069527726545857,0.075088354135183846
6100,-0.12425704130875669,0.064169473086914799
6101,-0.060453987777638989,-0.17433314861449731
6102,0.37436685997272323,-0.13142647231682342
6103,0.23422279225317699,0.18976191115064728
6104,-0.26645571509970578,0.086283303365390585
6105,-0.024187996555628595,-0.08423765728070845
6106,0.18910488161299732,0.092125717890425077
6107,0.10229748829926578,0.36668616502559881
6108,0.13283491716242379,0.47282448281752598
6109,0.18128279935597275,0.018098997179370097
6110,-0.0294912062640671,-0.18856304047185463
6111,-0.27830058939500812,0.0477361388480044
6112,-0.080390448933145467,-0.012477224574510021
6113,0.016189411353791903,0.044331687129372715
6114,-0.078773243932592094,0.21458041375869619
6115,0.12572037373796513,-0.055187211222102489
6116,0.0052195934162233074,-0.12453105669952048
6117,-0.049614682200031776,-0.0048137143773314042
6118,0.090536781832374014,0.024997231598942966
6119,0.011261616521800154,0.026482468870229495
6120,0.0044405209637490145,-0.027438259152846652
6121,0.10897896413990903,-0.1362581371006113
6122,0.34955357425422218,0.058848479112802499
6123,0.14352995066784499,0.22798749180602865
6124,-0.36147130632983193,-0.14061661815880575
6125,-0.035911337282880047,-0.155855727901545
6126,-0.025069700368149359,0.026432195406415629
6127,-0.42382183290234787,-0.15674890894596014
6128,-0.074694361757679087,-0.052803113402199661
6129,0.018560271067908266,0.088456000846867999
6130,-0.10439019678337297,-0.21158162455995649
6131,0.095269164567014702,-0.14809405685641985
6132,-0.022693857547890682,0.043720739778280726
6133,-0.055049133767739275,-0.076426428454182876
6134,0.13639276948458057,-0.19906447996223894
6135,0.033533368443307773,0.075953557586946191
6136,0.0016560484379473592,0.17345021951116169
6137,0.084818399516408446,-0.039258582718348617
6138,0.081027097895313496,-0.0055208022349187043
6139,0.058296606949989754,0.16273056330173605
6140,0.1375640724195126,0.26203098299854632
6141,0.2038583027119647,0.30379630377743461
6142,0.032833998572072781,0.14173283473930492
6143,-0.10359358939521437,0.034119219451635319
6144,-0.0040912709130228493,0.070437701098369207
6145,0.04674524231511866,0.06322821197528998
6146,0.073245354200747209,0.088398443348032957
6147,0.11966923877575925,0.025472019538157243
6148,-0.15163257283801762,-0.10244979680756831
6149,0.14165625291592773,-0.10251740677665221
6150,0.34151197728430588,-0.1085174559893179
6151,-0.13042311949921043,-0.068820570524299143
6152,-0.017318432518542821,0.13472487909701711
6153,0.13355635545562089,0.061798660021093695
6154,-0.25608036446409327,-0.20935547177610084
6155,0.070077688839750282,0.085419177364622151
6156,0.30051827498574818,0.012663038221273166
6157,-0.086333589426547175,-0.39817491129825039
6158,-0.1102228546978222,-0.090279407479434304
6159,0.018542141652236638,-0.11315090743303099
6160,0.10393996460986278,-0.37148430373961061
6161,0.16568321785237589,0.015674537639370441
6162,-0.078383228803729096,-0.002724087128740376
6163,-0.066126425325514049,-0.0979685332470287
6164,0.17682849608704168,0.24094502152970185
6165,0.24698520621804435,0.041993553666890227
6166,-0.03889348098121883,-0.26084448596974052
6167,-0.22990585934344643,-0.18776725321950163
6168,-0.068294698186460487,-0.1455568706171306
6169,0.2692946075932266,-0.022431635072205205
6170,0.26176372985073193,0.16408671671833308
6171,0.14137108398466935,0.2528967180908876
6172,0.18738327249189649,0.19680106430304745
6173,-0.18316419145613211,0.064249312495366334
6174,-0.30070036379522902,0.1266941877975028
6175,0.018017538372000409,0.095536101180171945
6176,-0.22082951641064236,-0.11149600758651675
6177,-0.089479383418611683,0.0063144680196136763
6178,0.18196016254816025,0.1793153974258809
6179,-0.027986718245044052,0.13512465275992744
6180,0.038997990134946502,0.18345869612471191
6181,0.054675822353198192,0.13372564749148494
6182,-0.049151211372956298,0.021660333520235546
6183,0.16994466832014252,-0.060935493525491463
6184,-0.1558112103139993,-0.1589097486304164
6185,-0.18850767355996306,0.084272160738730756
6186,0.098839427488869411,0.20758428992732428
6187,-0.038615004260286211,-0.045952598539958291
6188,-0.20782745059920762,0.15268690053015108
6189,-0.25528922016455019,0.087451985686799918
6190,0.012431146838864215,-0.1406238952267912
6191,0.030884518298634693,0.063393217738334603
6192,-0.37214954452984661,0.068624835804068515
6193,-0.21771557017742388,0.12004045126848507
6194,0.0054345326287642791,0.22045686769100831
6195,-0.046443329332852862,0.20198074134270144
6196,0.11943900410289436,0.13874959582577015
6197,0.075516092245589111,-0.095015097157631276
6198,-0.091554848551190934,0.019820353064195741
6199,-0.0046387665400741719,-0.054676943600464725
6200,0.26025921234597288,-0.052954882813899137
6201,0.16641138794688973,0.11208233228787429
6202,-0.15808833156015051,-0.28938337776388667
6203,-0.11929274585460527,-0.23509144729101578
6204,-0.064490135546749691,0.087740669087548198
6205,-0.37236645188508927,-0.15357231055258888
6206,-0.38060361826672595,0.051471960475828499
6207,-0.044037787882043974,0.032642037090653747
6208,-0.044752390139379206,-0.16234543100428148
6209,0.23002911338163187,0.11983935321536757
6210,0.069923915391024327,0.078398834021600972
6211,-0.32717706579599487,0.029526799716386751
6212,0.097918171730732542,0.23697304789402376
6213,0.22364640602869318,-0.013532185086225182
6214,-0.07722796713746985,-0.17742065159150419
6215,0.17253995156537871,0.1469812561767318
6216,-0.10407989100676276,0.1202527134765377
6217,0.13068575343411162,-0.18029628861579805
6218,0.43257897149703095,-0.024840370797833404
6219,-0.2851245557150352,-0.030722877806398409
6220,-0.14557810866977347,-0.026763949556500348
6221,0.032208465612807588,0.054271695342997889
6222,-0.17258283639551047,0.044614325883123182
6223,0.16764889513507006,0.17077039619412521
6224,-0.030034389567334872,0.057443209799329625
6225,-0.096787446508541888,-0.10546485055476398
6226,0.21472055240844443,0.15550615179004645
6227,-0.097269196359523497,0.010074113236336661
6228,-0.32301176618005784,0.093593756784398227
6229,-0.43317138560994067,0.24832120365160035
6230,-0.36997468841074654,-0.07002766586779588
6231,-0.025184373588750839,0.10956866562202049
6232,-0.029598999151194825,0.29099426607032275
6233,-0.23334688967328129,-0.025955604446732068
6234,-0.22616305891504374,0.088517706093621445
6235,0.02069456852162975,0.23471091082325962
6236,0.040903133014174406,0.1388284305030493
6237,-0.10343579970483971,-0.05009198345620975
6238,0.26030980808288484,-0.056737601805987657
6239,0.21673271200652142,0.084442750833558969
6240,-0.13673121072982414,0.19883346729931048
6241,-0.023296492026706438,0.26349418665037705
6242,0.13375987252331226,0.045171852164074856
6243,0.13433732628353792,-0.11760105327308808
6244,-0.063465308860777767,0.032142724397839682
6245,-0.023253465082536583,0.12717394989844208
6246,-0.054276861066665273,0.24225299050784396
6247,-0.020994951223404053,-0.047871135765651232
6248,0.37264245980736582,-0.26652405810833102
6249,0.0065969789341452966,-0.12826668971725619
6250,-0.20150259359994585,-0.15314141773858592
6251,0.070887126169169076,-0.15908313596784499
6252,-0.20507622327251609,-0.036017498616277732
6253,-0.31344576562937054,0.12140105538759201
6254,-0.17841342559396395,0.16353830436786126
6255,-0.13381858419922979,0.18621184298397567
6256,-0.010893815298907516,0.19384959143324423
6257,-0.083088371059171218,0.11566420198986582
6258,0.052004618653617087,-0.016407415940412985
6259,0.34666522410849326,-0.0056442849651566381
6260,0.20671923282987681,-0.026561774219765959
6261,0.14555367662061022,-0.10767670515890933
6262,0.11119446137951731,-0.25251874231398819
6263,-0.021484840680521856,-0.20310323040216252
6264,-0.20122343215488253,0.12438205229301932
6265,0.12807415574777917,0.24110867687134283
6266,0.51496099957428265,0.26175362026413307
6267,0.13917960955816538,0.28473826830140497
6268,0.090041662142400933,0.3267047199381044
6269,0.2406379409220816,0.25764824825812715
6270,-0.1301488163120923,0.1342509765785356
6271,-0.064076993212131547,0.2589046353557814
6272,0.022742615654541859,0.19585051824705885
6273,-0.21713371363776326,-0.077506737166831041
6274,0.18961217720259649,0.0050836774283781385
6275,0.30810339681618359,0.29651578318884325
6276,0.011081303822186472,0.19690394649217269
6277,0.23813332350560804,-0.19267838379811547
6278,0.084001661152859078,-0.1880089086029709
6279,-0.25774434868498436,0.15644858376121998
6280,-0.024472902122403026,0.075680980627727351
6281,0.08790259996979545,0.082696748589353122
6282,0.085432544380183412,0.080801732677548921
6283,0.24505616625330615,-0.32588960793807425
6284,0.14399163702824791,0.011746091927948061
6285,-0.014343075317445577,0.13925579267095201
6286,0.012288824416426631,-0.13113626374752252
6287,-0.092697294381647186,0.038016707758106519
6288,-0.089729094981084515,-0.12951720181484563
6289,-0.29363243755429524,-0.45147384867408247
6290,-0.096951232611968391,-0.089289465264259196
6291,0.45575260117669542,0.095486480561149598
6292,0.11327529680450217,-0.18113550647178825
6293,-0.10222146842452828,-0.044581338680583976
6294,0.081825354440019149,0.32232329261922488
6295,-0.031952378822333358,0.12639993289707729
6296,0.17473239295560536,-0.019804533882225663
6297,0.34385071650731569,-0.10922935593727995
6298,-0.024916097079847786,-0.26301098443121723
6299,-0.076473919136399698,-0.10138866518559311
6300,0.13214430637433847,-0.11272017789591518
6301,0.089396215661652373,-0.079726982419054432
6302,0.00098619542516791394,0.075797788498371696
6303,0.049899133286389105,-0.074939055440954833
6304,-0.030222660799949185,-0.035471670482177538
6305,0.094053300423061495,-0.081035935791192018
6306,0.1647682887232623,0.055116442416876389
6307,-0.05310347128034288,0.32955836364352342
6308,0.13271763493521552,0.21582883267112665
6309,0.056496674227219115,0.28735606032948202
6310,-0.29584185702910182,0.08601512253755389
6311,-0.037196012990906788,-0.24047666979968257
6312,0.1524834862643179,0.054710047168459348
6313,0.039084218250449748,0.19278171246684556
6314,0.10190912250943451,0.25342794806828034
6315,0.045368156529470613,0.21145524066423885
6316,0.10949858200051993,-0.15070129192519291
6317,0.10806914920405705,0.16573207270585316
6318,0.14207397741109154,0.27017821194559255
6319,0.18453174424607666,-0.1234019268713534
6320,-0.16510076205752416,-0.044874747067985436
6321,-0.12116148374819345,-0.080236066158181754
6322,-0.026625210079773469,-0.23616807384244659
6323,0.023318828190631705,0.03681186533705947
6324,0.37049261125913541,-0.10462837304367151
6325,0.11117062522290888,-0.3071469209444227
6326,-0.042614978734956004,0.25730054135283426
6327,-0.11085416625105551,0.17967817702883179
6328,-0.23262023266596532,-0.24654460640649584
6329,0.18238169956486208,0.26268342736988837
6330,0.22403965282893992,0.15445191013922324
6331,-0.15866879351028024,-0.13155734891548748
6332,-0.1969534618736955,0.090848341575024846
6333,0.021245892138728368,-0.3275485725742579
6334,0.067987130560789172,-0.33152184297373299
6335,-0.24277294424341025,0.18465693517599688
6336,-0.11832334085230398,-0.046442248761820362
6337,0.30500856856978231,-0.18876570221027114
6338,0.16128103446773151,-0.077803363904944425
6339,-0.013732234542980519,-0.076083047682438898
6340,-0.14850326606342631,-0.023493633068014209
6341,-0.078619865844931872,-0.0024953381564009006
6342,0.23571552109725957,0.25310412763027729
6343,0.14018362496210321,0.054884538664680765
6344,-0.05841467004931989,0.12924943699643454
6345,0.015612402865762407,0.43377394008132364
6346,0.011294747122851624,0.10337159540037136
6347,-0.026469697420364723,0.010333137390988897
6348,-0.016216416859480484,0.087072047123118113
6349,0.11918116161735523,-0.010742959867978824
6350,0.12813221917034645,-0.040083488695764287
6351,0.044488132762154339,-0.27080153038050625
6352,-0.0033637944226524094,-0.088842906531432189
6353,-0.032867679902330485,0.10596475176144941
6354,0.16383429133686928,-0.076308153660349445
6355,0.11900354177131778,0.064242203116225319
6356,0.024914447217552826,-0.17942123843017913
6357,0.052065772242004732,-0.21343050092994362
6358,-0.10946182040023936,0.22936990541033642
6359,-0.0334580812067337,0.13697307836932568
6360,0.097579026270667876,0.28947950624882346
6361,-0.089760809717318785,0.20293187507210964
6362,0.062390882109495657,-0.39923546267467008
6363,0.24204383805342874,-0.16415627882284695
6364,0.12001553693123887,0.26973963212751356
6365,-0.15398772163352392,0.22126740642090847
6366,-0.17669535108130335,0.30422363001948255
6367,-0.012069036078878445,0.085150632102040352
6368,-0.015653899551415634,-0.28023279658810318
6369,-0.053532768272495368,-0.14572733520655046
6370,-0.03279209237939356,0.047146742655650185
6371,-0.093465086504581532,-0.05590241005915346
6372,-0.12532222885033323,-0.16975818394561282
6373,-0.073425170339431342,0.022766404052850291
6374,0.026463759419965541,0.10750759218922655
6375,-0.046983186845269906,0.056208527560582519
6376,0.026152902014077495,-0.043045205539151289
6377,0.28691955186996576,-0.1216637695464455
6378,0.24251887389733345,-0.069614429001931141
6379,-0.025206518323554979,0.045930006459238962
6380,-0.12212527698127182,-0.032601395544073507
6381,-0.18027572847406259,-0.14710245343107767
6382,-0.10766344673651571,-0.089514858015800558
6383,0.0078878314707510888,-0.055887741700999027
6384,0.14241119126093854,-0.12350945320017484
6385,0.053080803652537721,-0.073941846220414262
6386,-0.12276611294037743,-0.077142011423797383
6387,0.070283632781175692,-0.18895872975475572
6388,-0.1746027052232636,-0.11878183161412272
6389,-0.45555249910637113,0.024295717110285844
6390,0.0087681410625588194,0.040268258655208944
6391,0.073674710842643126,-0.037891339262398183
6392,-0.055628810630194071,-0.10883477873472247
6393,0.10354128007004207,-0.039723502280956377
6394,-0.10217361341596637,-0.032729734920627168
6395,0.0010859207649678917,-0.059025669451512032
6396,0.23555356638788039,0.19465071909131479
6397,-0.30871345294161801,0.090081624975830651
6398,-0.32590030376309487,-0.18159853604157195
6399,-0.038780164706325837,-0.06490516978256404
6400,-0.030735537952996359,0.052708760375161152
6401,0.20055340226238969,0.011965773180644118
6402,-0.16188521379565851,-0.020036809261042121
6403,-0.35795454675618782,-0.0088923182924534709
6404,-0.026459068866985729,0.065144823151886286
6405,-0.038024635172520624,-0.23177210665123771
6406,0.029487988243312762,-0.061493442266387782
6407,0.2338735619142972,0.22800696983352042
6408,0.063791520359503556,-0.046856474066715711
6409,-0.1211320417315971,0.10811565353326986
6410,-0.11100291910718746,0.25347777732633769
6411,0.1730475994004804,-0.12560487355882985
6412,0.19222792882481118,-0.060179881385427951
6413,0.042593645463027963,0.14355966656539179
6414,0.0006111639794581375,0.0084020744802554368
6415,0.0050422390708218072,-0.21665344279084589
6416,-0.13727777136688279,-0.054803824798282726
6417,-0.034231486690463969,0.20232801657423485
6418,0.02226574488627462,-0.16105146282547722
6419,0.037071460255746584,-0.25524769894285743
6420,0.0046607047980749775,0.12709919083064444
6421,-0.054193750455764494,0.1657377801007493
6422,0.035250278353640974,-0.09766900580550647
6423,0.0067580442672908487,-0.19944720552784362
6424,-0.17937714736173582,-0.17734784840565471
6425,-0.07972674764666797,0.02670661526248258
6426,0.070388288425325518,0.21897594449914809
6427,-0.043641944350613492,0.11991234894848889
6428,0.049141214722943749,-0.14065887717906242
6429,0.080359892658640797,0.082437783815796958
6430,-0.015922701724449088,0.23439450992433605
6431,0.22909211671530458,-0.066684434756974401
6432,0.059223329130127553,0.066660082303258705
6433,-0.13785320864948145,0.17868064579158027
6434,0.13170342609141894,0.013111085717333453
6435,-0.05283710936315647,0.039625832764278709
6436,-0.13917676041847782,-0.21882969167412339
6437,0.011381390418870959,-0.17211180155476966
6438,-0.019995423241453317,0.14008478993709306
6439,0.16675376936445982,-0.065496611068365795
6440,0.29320311333151694,0.034382728318028029
6441,0.038337633235195928,0.28471351240043252
6442,-0.01123910137953232,0.072096970190071691
6443,-0.013754742515801756,-0.1583870933382692
6444,-0.17328883825635188,-0.10222942095075808
6445,-0.22802294561646039,0.054589587085561969
6446,-0.084663686654857045,0.17290417584630904
6447,0.13668162353434718,-0.22358595425709979
6448,0.048966748713367259,-0.18381883231988044
6449,-0.09544866201844196,0.28551439924319594
6450,0.079363660053391058,0.1142849330106701
6451,-0.068535604235363409,0.023895424989717796
6452,-0.20282257880352911,0.15440860865867961
6453,0.021506295161644796,0.064915695182186636
6454,-0.14950809771548718,0.15273898485459156
6455,-0.24981667059328344,0.068551887771491196
6456,0.048052113551138094,0.11163692543748453
6457,-0.052630557581954319,0.18155611663195123
6458,-0.11961192438631577,-0.076266999683361272
6459,0.059294835750649658,-0.050834493677761584
6460,0.16635467738846152,0.030395624262379968
6461,0.1267271534010514,0.025257633436015448
6462,0.018948489608780698,0.053622482995571527
6463,0.032974588059542453,0.052539091410933561
6464,-0.05722254569609965,-0.034922700655535405
6465,-0.024796256878185041,-0.11276131804987956
6466,0.22500617812493104,0.0053844920418837138
6467,0.020971143642099691,-0.0088394924592479288
6468,-0.12330462816774111,-0.25362822283112707
6469,-0.074542882550762204,-0.035656717774589619
6470,-0.061477231118413106,0.18284256853550657
6471,-0.012733993737720984,0.044755156103954544
6472,-0.15742011815328388,0.11948747480028674
6473,-0.0080896729313057504,0.051675688261766092
6474,0.36788911871958524,0.069755512332790745
6475,0.17528800620931695,-0.10249088889899982
6476,0.12195044981441394,-0.22554545712267807
6477,0.045936654567316632,0.37558327580751677
6478,-0.11093796103709982,0.21067784656045518
6479,0.13281395050673556,-0.37532229880887957
6480,0.1963799345868244,0.0088892966999633213
6481,-0.060035799348856507,0.18377957001600731
6482,-0.2978565332687092,-0.1477137815431403
6483,-0.036019067586284231,-0.2057396506456598
6484,0.40501377564529462,-0.12783114177145155
6485,0.13629765493743864,-0.045207064833933067
6486,0.01791512309326472,-0.24402975834870863
6487,0.24304547905567422,-0.18271356159690605
6488,0.059171135309071483,0.17506682927844519
6489,-0.031279102362004749,0.027066909893887738
6490,0.073373197734911869,-0.025455051054276364
6491,-0.015428788021171874,0.091906907071421504
6492,0.062316470945347827,-0.038203037469687076
6493,0.1232788683740511,-0.045803317970307171
6494,-0.024305693239639485,0.11533231419006354
6495,-0.10060883792525667,0.25107810310267098
6496,-0.0054975982553255032,0.31480344483045553
6497,0.055250269857310429,0.013442203534599616
6498,-0.13404835731668169,0.059359336626513284
6499,-0.082814381762267325,0.26082523615044384
6500,0.048473099139634962,-0.0089205607493647553
6501,-0.12972505328311593,-0.040651634635349862
6502,-0.21819504050502586,-0.076529246768220732
6503,0.057024595214759527,-0.0070604602388645177
6504,0.27129411680176013,0.3228438196508453
6505,0.11537998634647391,0.0059368573312480657
6506,0.12357719231793686,-0.20453901165071356
6507,0.13919752449415784,0.04425897478279632
6508,0.0241136853331263,-0.20827466268046427
6509,-0.12423567249511057,-0.33498751347542038
6510,-0.20155863033623489,-0.18391330889827232
6511,-0.15770430069865049,-0.13919141768835541
6512,-0.19627508951621347,-0.0064999649276479684
6513,-0.13205501506555839,-0.058758352122925198
6514,-0.017405309495833937,0.047980095851416209
6515,-0.013270688852341644,0.33267763600296818
6516,0.077012205660036109,0.20849830037082631
6517,0.1279386093416876,0.12583167645146232
6518,0.24551291528879662,0.12840973880985734
6519,0.18473371298473468,-0.032184592956291849
6520,-0.13379851895803652,-0.18576481327791319
6521,-0.25751556612511095,0.11514971763323213
6522,-0.24695436593086523,0.47638592882034164
6523,-0.25585028295831269,0.13026330158825966
6524,-0.33919717265741062,0.10429562934067549
6525,-0.27194497355671238,0.25347454833029959
6526,-0.11245164439585095,-0.12140646265989058
6527,-0.27545796232246361,-0.036783570247945277
6528,-0.23180316105084831,0.036371534649206561
6529,0.077066135204794842,-0.20773417567823976
6530,-0.0093253240466190813,0.1631622074832858
6531,-0.27298258829479027,0.31566828340876218
6532,-0.22588667447688604,0.017334768316755102
6533,0.037751713057036805,-0.18499353595045304
6534,0.028925771611729687,0.021155632594721877
6535,-0.21854301173568236,-0.054376588573125557
6536,-0.045160577381052981,0.11712165147638308
6537,-0.18733861503511676,0.10810038132290245
6538,-0.084592601648951174,-0.19043645972292261
6539,0.064247649191149142,-0.13720523593439504
6540,0.025673833685094447,-0.23455631113761455
6541,0.096570247260799089,-0.27429260420476786
6542,0.17948937139375648,-0.00093234158051509622
6543,0.30966408568427911,0.1317196248675174
6544,0.086734708832621271,0.037518448527397864
6545,-0.16357301082023334,-0.36301150965266638
6546,0.097326368894855658,-0.13828865320101408
6547,0.25696596460259996,0.27705632311530276
6548,0.21649732938365884,0.14487845042589345
6549,0.0028940837598621203,0.15756805126199064
6550,0.12288148280530604,0.065621024768555872
6551,0.16962885905806022,-0.25303432132521408
6552,-0.32753426344114384,-0.28115342060898196
6553,-0.25048990058147264,0.049748336022283957
6554,0.13564224983418613,0.24059167684226163
6555,0.038027202322177059,0.1410816116965086
6556,-0.086960572324878457,-0.056156055247440856
6557,-0.2944247217895582,-0.16834196601291299
6558,-0.10620828078543501,-0.26984664808838593
6559,0.2889093491822774,-0.25588737032058284
6560,-0.098033728002032125,-0.029605600062742321
6561,-0.17621976041323589,0.14237404171304693
6562,0.13865152756828292,-0.031966741699055043
6563,0.2473692394596258,-0.005945717376161893
6564,0.078952403386342532,0.11995592884300646
6565,0.078660821543252893,-0.25478256387255516
6566,0.1677266962647869,-0.26385797480724044
6567,-0.14079247242409224,0.069571082149522775
6568,-0.071559495022067682,0.054621348438789658
6569,0.18572224539078011,-0.0028661286621661508
6570,-0.032300233983967822,0.030244828865798861
6571,0.087060488326306543,-0.086376185602997146
6572,0.28122641589984998,-0.23141821758245279
6573,0.080255088846160907,-0.20111619509346065
6574,0.034562185794067356,0.10009153745085685
6575,0.073089323738556991,0.081278976248965171
6576,-0.034263506583940367,-0.055887817015669153
6577,-0.078391841224520628,0.09394739920819549
6578,-0.048254216882644453,-0.017767876361938412
6579,0.12713463474903886,-0.18685305250573647
6580,0.21883789972849363,-0.33911673024940819
6581,0.014262123840948687,-0.069443271524290709
6582,-0.1320608106002828,0.08351186831713639
6583,0.065034273441306564,-0.137054944556664
6584,0.090491967777924578,0.023647983054334437
6585,-0.18636961228077814,0.18546642881351311
6586,-0.18096074157133196,0.094389433918559862
6587,0.036529821813524169,0.072630502617516801
6588,0.013854627693087452,-0.0023653040072716212
6589,-0.15954303635791825,-0.042962816355561567
6590,0.0433638291811521,-0.067097752081730716
6591,0.0022160215096074399,0.073145790838350017
6592,-0.16576206366549551,0.047628812302981549
6593,0.34676487790559996,-0.13948252703648262
6594,0.21727148263139154,-0.082128756272663445
6595,-0.19941973710211566,-0.11161718153246533
6596,0.19371463396025831,0.050940714905970692
6597,0.28306442526536507,0.11252322228303396
6598,0.29862939718129672,-0.24183135701954234
6599,0.023746961406644836,-0.091118924794864442
6600,-0.38241440994531645,0.020060786552284691
6601,-0.021976594407221179,0.13652344506056005
6602,-0.083365965617624826,0.33750734226826323
6603,-0.27281278243129053,-0.10610930826934478
6604,-0.086462926368964826,-0.13459748380165648
6605,-0.12824248436900892,0.31608599883594779
6606,0.13607121746677253,0.1057159933518131
6607,0.20804844008077011,-0.15731991695813
6608,-0.087917959413900279,-0.027032895543062662
6609,-0.14811248474893329,0.020465555249529078
6610,-0.068590015562629059,0.21702581119463196
6611,0.16609771756951267,0.32785066679039426
6612,-0.013791857677657005,0.067088997779030796
6613,-0.14584777919708414,-0.084357528073640276
6614,0.17709399713039697,0.083193651261174797
6615,0.012623472459170927,-0.114849249382067
6616,0.004513210946123343,-0.12151980890275207
6617,0.24504498589787468,0.098269670532051004
6618,0.20842636413439009,-0.060137744680566471
6619,0.16820833739085889,-0.034543505769813104
6620,0.0043283025798632217,0.10544614484521717
6621,0.010095714623624059,-0.039228956258745062
6622,0.14402603718324097,0.12672586773075953
6623,0.081808026721835431,0.16814044247471394
6624,0.1238399684093545,0.0055482019776980085
6625,-0.10713055987349743,-0.015547488142103185
6626,-0.4330165445609816,-0.11284225796018331
6627,-0.027233290617848668,-0.20351521551273102
6628,0.2388232464719956,-0.10722299112009585
6629,0.11473352965702663,0.10545197359496773
6630,0.093478635615211303,-0.033552128817641011
6631,-0.01269832062227118,-0.07865014403738449
6632,0.023847864001420728,0.17099655247029005
6633,0.25861972715993026,-0.071181522905711753
6634,0.14642242501297767,-0.074412299780551749
6635,-0.024211006749062097,0.17355987047083737
6636,0.12202727702659166,-0.041638181259818864
6637,0.25557129014345731,-0.11276108223769753
6638,0.30468107575907039,0.10614845848989118
6639,0.16339174795267306,0.12621238437905125
6640,-0.055852316790530307,-0.013824884014210722
6641,-0.072309069231986253,-0.12234257783312386
6642,0.11349593863679144,-0.079524510623264544
6643,0.18837286818523896,-0.13367016380949012
6644,0.086367733211041797,0.14792387480244262
6645,-0.014078584639092511,0.1614019777835928
6646,-0.013723522655448264,-0.40664884108951843
6647,0.1281843518927713,-0.17138624804395461
6648,0.11842658746428852,0.21381536247216393
6649,-0.1431638095326436,-0.10164320845884098
6650,-0.034605134191345407,0.22523296208023189
6651,0.13054812683591194,0.34417619545102329
6652,-0.0039876117714073532,-0.14396632975056117
6653,-0.069011734760061116,0.023787630178781598
6654,0.030370939275906582,0.07242408183436734
6655,-0.092343487598396265,-0.14461268091540763
6656,-0.029900148902759861,0.073311876177615004
6657,-0.0055353198312103717,0.10040783216021837
6658,-0.082058783596960658,-0.2206303301971318
6659,-0.0092235610826980549,-0.14126664535882993
6660,-0.11917118654798906,0.12255228241840092
6661,-0.25052184642191649,0.0051787906454088695
6662,-0.057795300303970357,-0.29082746977184637
6663,0.1230256686765793,-0.21117335850465496
6664,0.2326325591584768,-0.0082935147835779856
6665,0.18216202858028838,0.0057613664658542584
6666,-0.082466843245252566,0.085809684488562868
6667,0.039543785410556212,0.10364861399027775
6668,0.13136217927401661,-0.011215624360705759
6669,-0.08834608619838609,-0.1048449513152143
6670,-0.072167260270880759,-0.058586482973522237
6671,-0.0028439261359332318,-0.055884318508188036
6672,0.17435471307328057,-0.29702708148536161
6673,0.3542026481871372,-0.2014072666135166
6674,0.098637826897194331,-0.13638522228095537
6675,0.091024772875588716,-0.26495418736743964
6676,0.15963715803520517,-0.068404622100604287
6677,0.030167759661705165,-0.039364855414585703
6678,0.060012674621882547,-0.085666718887399879
6679,-0.20653484316845755,0.16987314961386019
6680,-0.16876581541284474,0.028476236323869357
6681,-0.0090325308381792487,-0.061913383602553898
6682,-0.26172413371820863,0.15919255989914868
6683,0.22718753161069838,0.29324286622254875
6684,0.24296611102265356,0.12289051779135657
6685,-0.41075647872717369,-0.11276525821411702
6686,0.00051833164101491337,0.02910961526704034
6687,0.078662143787663077,0.087799044861382097
6688,-0.31415200891638601,0.0039436590942386884
6689,-7.4850017535765812e-05,0.21353383862060918
6690,0.1511703508142847,-0.084810810658766292
6691,0.15088438896261303,-0.14849966897713029
6692,0.12895625956200577,0.13361954999839581
6693,-0.092940009070300908,-0.088885258197774417
6694,0.0640923571043122,0.22248279148264005
6695,0.02508380608730575,0.43067557771022508
6696,-0.19152572690862157,-0.10005543250502497
6697,-0.095084141307686762,-0.056301565552237406
6698,-0.15064077594822634,0.024039919959485782
6699,-0.072597994757201911,0.023607638182503603
6700,0.31020764952742391,0.077457522958617242
6701,0.17494408459936583,-0.13295280841500315
6702,-0.076337819603794987,-0.092617279450888046
6703,-0.11658244136994585,-0.11613239218396244
6704,-0.12968165828101358,-0.51284923761189649
6705,-0.063976158931320901,-0.30097285392200046
6706,-0.078057881754647243,0.001141442438082855
6707,-0.19759483963479824,-0.069349335897632036
6708,0.10145369095333207,-0.076518194388611363
6709,0.23651274204508166,-0.16573693055989197
6710,-0.017512425723926198,-0.13476780341743055
6711,-0.048316366981743866,0.01466281313589244
6712,-0.15504370217473415,0.060095090810729737
6713,-0.11445626225341674,-0.10570858272619918
6714,0.0049911491076762736,-0.35785139582340247
6715,-0.13976976459991433,-0.019690608674602442
6716,0.072609710325369323,0.25450926206787744
6717,-0.055473819938164595,-0.0029598933565148956
6718,-0.54860197603206651,0.018063415949014627
6719,-0.26432444293772711,0.067113511394151587
6720,0.096781771012724963,-0.14026125506006637
6721,-0.16657466020705108,-0.081727858216337226
6722,-0.099858725141380444,-0.14549685524669609
6723,0.04165368457104808,-0.19224691047704881
6724,-0.053458846136365729,0.14747741495325264
6725,-0.13564086634101036,0.033457717333306353
6726,-0.20161234663989092,-0.045089533093511422
6727,-0.043506959325383045,0.17285205730176381
6728,0.044157850725233649,0.07981835481176365
6729,0.10882050137359295,0.060706682545725463
6730,0.2937623976048116,-0.0064457756542134178
6731,0.045086636846814125,-0.13653697745425539
6732,-0.046438071966717454,-0.011126153032327776
6733,0.29459367002261472,0.087821151224512159
6734,-0.021471591963816705,0.023587973737627468
6735,-0.15141867094375222,-0.025767092072122879
6736,0.2960887263823927,-0.061910721128842348
6737,0.13661860485842428,0.026903522391573776
6738,-0.27525836307856238,0.060835513387196533
6739,-0.0049383476692432815,0.0089882488009939924
6740,0.12485364190360113,0.1063596072427887
6741,-0.099212435422077652,-0.067284685130918301
6742,0.02039846126225742,-0.3278399617376882
6743,0.13515005764579946,0.0096538768659706516
6744,0.097187879263770968,0.1487383759325277
6745,0.08445764081350679,0.04047941428944557
6746,0.058364325056178258,0.09948285442959369
6747,0.078108948305322917,0.064596330981441297
6748,0.18767638789386087,0.0066713558609741083
6749,0.023176882866240041,0.16336981695431538
6750,-0.015675446492801122,-0.0099264263060607934
6751,-0.0022980401896156516,-0.12011423488830147
6752,-0.079381936452025958,0.0013495907854200965
6753,0.16423231799947202,-0.017834865970689447
6754,0.29019788518239042,-0.10081567881891527
6755,0.080855026562293875,0.084087307644613668
6756,-0.031430471542055562,-0.020895112526199217
6757,-0.28901797929235357,-0.2023283873083645
6758,-0.15910094827163335,0.21496929989406932
6759,0.071410645137973669,0.26376066679457055
6760,-0.067801813623496757,-0.26649678291937556
6761,0.085823688790968633,-0.16131683100533048
6762,0.25458554045528287,0.11119720033884201
6763,-0.084060439381869551,0.073521534848617606
6764,-0.22830871145079779,-0.048704538623738691
6765,-0.013598793233532008,-0.25042579869649217
6766,0.042176028533721169,-0.048665689366169704
6767,-0.16182348800372429,0.17184205875302519
6768,-0.30589005448766315,-0.094249915147856717
6769,-0.15858747485854488,0.081877280718912648
6770,0.21499127864450404,0.28366009678789522
6771,0.24726513855222354,-0.063112725858224111
6772,0.078175572672720711,-0.13706915788088553
6773,0.15582033574046467,0.021943097078460653
6774,0.15235095852489652,-0.17712616684716434
6775,-0.11775223470208411,-0.21453797826597579
6776,-0.22179649723721301,0.016342272503782368
6777,-0.078957456758079275,-0.00098187511421472112
6778,-0.050025511208544655,0.13238142670125042
6779,-0.39411827742324029,0.072880866497115587
6780,-0.26576510275162213,-0.014689406313818439
6781,0.0053834637360633715,0.19661595598307147
6782,-0.16701578153219368,0.081652808059973297
6783,0.054862210289868783,-0.067959123163011073
6784,0.20965678461829909,0.070797533699417187
6785,0.15366828736164315,-0.12109698281782327
6786,0.19318323180010605,-0.03078844718815902
6787,-0.063700980234586063,-0.035885541448845579
6788,0.071524010210747849,-0.28613789579581106
6789,0.1738843956418675,0.089676990063107892
6790,-0.023546734039183493,0.033144150196493666
6791,0.042808815695358431,-0.17911289305538483
6792,-0.13848978178854163,-0.086137423854194164
6793,-0.085910186465914043,-0.17660693009180198
6794,0.18987300761626974,-0.072787183615969281
6795,0.12226781819827896,0.042769166593908767
6796,0.18400411523409443,0.024483083647932544
6797,0.24229697322211821,0.094134857058668156
6798,-0.019792154276453873,0.18550431949580323
6799,-0.16770015468430727,0.32674491306433096
6800,-0.059644210687553184,0.10265522598248134
6801,0.32129054419644038,-0.16387785804425176
6802,0.10376410964249613,0.11130179090697184
6803,-0.3000224729704678,0.23334029708643125
6804,-0.13802899816340594,0.20781040828183509
6805,-0.14885809430521019,-0.013158014145816809
6806,-0.035391909574086208,0.12811273327583172
6807,0.26574398366840168,0.2043038245819627
6808,0.25777586771718425,-0.30558770260317863
6809,-0.02646742807660735,-0.3310919615502218
6810,-0.24470458674903461,0.11793128915036302
6811,-0.13497944911622467,0.064512558035541581
6812,0.068279225186008374,-0.08311873477184599
6813,0.17998949071120116,-0.30435710379945813
6814,0.29075230511257566,-0.093223654777965265
6815,0.24235632980188127,0.26943187258671708
6816,0.01820035938194315,-0.066937692097058729
6817,-0.15802670151001089,-0.22977932546217616
6818,0.059603448112342555,0.11962125484821495
6819,0.023209396718847541,0.25122188350370211
6820,-0.10037370960835872,0.054212589915587639
6821,-0.21317315413503138,0.17114666019186756
6822,-0.16890814968447354,0.13468130556692953
6823,-0.16477638747847567,0.22982149114130176
6824,-0.087301577705529237,0.20641374497166565
6825,-0.037947644328065369,0.25001868091055074
6826,0.10971558382951718,0.21246893298627961
6827,0.23947165008790874,-0.0080039404598141635
6828,0.094714114563787519,-0.14974534691414462
6829,-0.066437123023960695,-0.19066599721855382
6830,-0.22155201591039322,-0.012237808479942616
6831,-0.086194390650295508,0.24092770245717618
6832,0.27887660528227304,-0.028083151732082579
6833,-0.061479734580633244,-0.17993665333750303
6834,-0.17077318136310785,0.067770753398536068
6835,0.19724717712434212,0.087567420954861877
6836,-0.093938234752026811,-0.1269051830602573
6837,-0.015940819177965335,-0.057881742457065739
6838,0.10219721747588602,0.14462906950586893
6839,-0.22349677680050092,-0.11371444127347892
6840,0.15575420879497515,-0.070222888065851724
6841,0.037688192660457781,0.23150687069924131
6842,-0.30266622510047292,-0.06711486431178372
6843,0.10224323410275603,-0.21118354426117203
6844,0.19479375651467562,0.044283339135250566
6845,-0.050167036417689138,0.21220745501057145
6846,-0.20024536297296691,0.041137639262796774
6847,-0.18119901430482427,-0.16443613025665257
6848,0.010848116931187219,-0.23795084343898745
6849,0.14705719383352756,-0.13864483754572812
6850,0.2291031602177438,-0.020022527155481008
6851,0.2160767005387233,0.060274382033427422
6852,0.14501350937984586,0.094052054174835698
6853,0.1510240231478174,0.14777550376481111
6854,0.15846510806533193,0.14062115324661933
6855,0.20593576483349313,0.100673272031034
6856,0.21836187845613847,0.034539061388974002
6857,0.19147234341360828,-0.085431466549231977
6858,0.14993201540307538,-0.20476960270246636
6859,-0.027565975177705336,-0.27596918995693748
6860,-0.17073754388240714,-0.11338316177495616
6861,-0.19622879771836582,0.082508734840378212
6862,0.046246502701626849,0.20627251512302172
6863,0.22170345144972065,-0.022966523781264056
6864,-0.062860115626825475,-0.26940666829092252
6865,-0.19111974711430563,0.11853722654680691
6866,0.089032162697350231,0.10842429519170509
6867,0.10865306137521805,-0.2014677842003201
6868,-0.18560078618080234,0.081410611913071904
6869,0.046257597027443247,-0.014908869189435715
6870,0.16835165539195496,-0.089481587123376907
6871,-0.20669817396244181,0.14630733705015858
6872,0.060666671376971598,-0.21115288651404923
6873,0.21060921519165487,0.03976523650918163
6874,-0.20743939342663875,0.23895085605057079
6875,-0.093142601423899699,-0.27767984049239064
6876,0.16446891848301251,-0.12943204459803509
6877,0.1613016788968378,0.14268970276882914
6878,-0.018447353638640501,0.17328149218531325
6879,-0.23249205208304219,0.063189731963076562
6880,-0.15168656772160158,-0.21227663326492774
6881,-0.033640067821913075,-0.24889129843458579
6882,0.10912183060962038,-0.1884332349187289
6883,0.19206012727221697,-0.15259901901340922
6884,0.2130693848125442,-0.041231188088390727
6885,0.27032452380106542,-0.081426226804942589
6886,0.21412440975409716,-0.090664349771174185
6887,0.21068401144864854,-0.08213678358553847
6888,0.18995809860634119,-0.17210050244366099
6889,0.076538811810995061,-0.19530685973735881
6890,-0.064224909329077845,-0.22105071591098444
6891,-0.16596745590731452,-0.10135061274292524
6892,-0.17329830276407246,0.1067600553437251
6893,0.0016710279061395092,0.18887626100384897
6894,0.23881731455894556,0.085391996512559132
6895,0.11752735161900155,-0.18347016345988088
6896,-0.18986334748034597,-0.1278354084499643
6897,-0.019313927183753573,0.27540332728801176
6898,0.17554799101055554,-0.051235009922409688
6899,-0.054519230816870747,-0.15351374676675439
6900,-0.097197212872587466,0.18251332838805656
6901,0.076084062921320028,-0.10716328586031565
6902,0.061373760601346132,-0.058250194056767936
6903,-0.05555142239564996,0.20416547169481228
6904,0.011065447670033028,-0.23378415196801597
6905,0.18833316823280091,0.055408427079610745
6906,-0.069321126772043759,0.26775947011847151
6907,-0.23000442929356424,-0.22659095694203249
6908,0.19338879046540891,-0.11836626495229205
6909,0.22523302619565516,0.12714105719281446
6910,-0.049070027604132122,0.15199511675957256
6911,-0.17549400744977051,0.14840310280631391
6912,-0.20874766773967265,-0.14391193274835448
6913,-0.039664078472544849,-0.17639306437661234
6914,0.097242047865304049,-0.16266810879975263
6915,0.15927726329591604,-0.19774790995526578
6916,0.21093011641270995,-0.035381189904603857
6917,0.20235116253675609,-0.13167949993585781
6918,0.18773273855167361,-0.083984771447920867
6919,0.16581724804153747,-0.08418671677949438
6920,0.12342621511734569,-0.22711989876087918
6921,0.030869828400990985,-0.12480835308359367
6922,-0.088509076360129488,-0.1941539304431204
6923,-0.23035152341114865,-0.060530743755001129
6924,-0.16474791384204959,0.19492974381716466
6925,0.044513897815572551,0.15959046272076663
6926,0.23456345657101804,0.10101602003369015
6927,0.047423964953637078,-0.22346588105169549
6928,-0.23225944446753702,-0.068916207076279046
6929,-0.0034790754708512702,0.31018740220328256
6930,0.18340622587667388,-0.11989866165199477
6931,-0.083737708311362555,-0.078176926923878148
6932,-0.084558531627734634,0.18933951544325656
6933,0.11587719914197064,-0.13741337179061319
6934,-0.017273052796387897,0.067565584419635935
6935,-0.12733263466890221,0.13586781927920538
6936,0.056912116950993963,-0.21495479769368497
6937,0.11207357238352553,0.21315711000697879
6938,-0.19479587994547223,0.17181855511610922
6939,-0.060877594451539951,-0.28857720933965381
6940,0.21865677667138417,0.00076322667469137621
6941,0.10369503014862588,0.18439139856362469
6942,-0.1601330439876078,0.16761593164896996
6943,-0.21148379380734311,0.020476524543512294
6944,-0.10741604811887297,-0.26151814419223007
6945,0.042614747473878861,-0.19121504203951672
6946,0.15094436340567993,-0.1355355318310931
6947,0.19077822264616484,-0.047273922024416833
6948,0.21428687346995037,0.0726343629376109
6949,0.18249275124662362,-0.02321148339591007
6950,0.22606304443136421,0.077211582976880758
6951,0.19108992472714612,0.033404392176181935
6952,0.18989188625971559,-0.10798020532396553
6953,0.14102394082317132,-0.11966857394156903
6954,0.011236721693767557,-0.28026074263725537
6955,-0.13714485540282578,-0.15922713185736476
6956,-0.25570719888530796,0.051653130491270169
6957,-0.11718674750542943,0.13468984038484433
6958,0.12338413881745749,0.16821678065083978
6959,0.1542817175366685,-0.1947084836777779
6960,-0.16713804815698888,-0.15099367143061052
6961,-0.19503830271340009,0.24124698620486959
6962,0.23108075473269987,-0.030340815162845751
6963,-0.05095563477911122,-0.065851152336105903
6964,-0.18018901535002277,0.040973818988577
6965,0.2079453309124262,-0.031755217573891249
6966,-0.12291000872931636,0.048444792935039345
6967,-0.065069010758207868,-0.095095395480864708
6968,0.23621186549585804,0.019239086152783916
6969,-0.1862523550854179,0.15204292330034694
6970,-0.12311254886546362,-0.17376472229905701
6971,0.24507470625781053,-0.16427189355521687
6972,0.050357100506081595,0.20389132408862148
6973,-0.14080568285995335,0.09943842164709274
6974,-0.20389489340272937,-0.14254770783261897
6975,-0.028691422395495138,-0.22495859910689905
6976,0.21788560568037074,-0.15720142160324935
6977,0.18709473153977682,0.0039713560665208241
6978,0.1809866612122068,0.10968450704055818
6979,0.11545465447732525,0.20084251243986745
6980,0.023249015477387253,0.18198774564097356
6981,0.033697354408341457,0.23417779302111891
6982,-0.021324297494808291,0.20234627736007429
6983,0.085074976979997469,0.24212332521692229
6984,0.12161402909638512,0.18363217342000884
6985,0.15131237162675829,0.10151962856592503
6986,0.25513628197950411,-0.017588614253052932
6987,0.11399822383644452,-0.1893640714882521
6988,-0.01208948510216025,-0.22285687260164794
6989,-0.16472748777025173,-0.024654114831586485
6990,-0.14511135846252668,0.16016563116804772
6991,0.25007103325560898,0.16172737949862662
6992,0.12653274872670348,-0.20770393588012348
6993,-0.1905149207087789,-0.12916954086030755
6994,0.0087997086972755288,0.25227659560447652
6995,0.097791359253499716,-0.13275898182641038
6996,-0.026993882236547643,-0.10574757599223254
6997,-0.041568309701051312,0.20334148351928449
6998,0.041394743396041683,-0.1939181363352418
6999,0.1143892376217428,-0.041860663925624771
7000,-0.097726198491214236,0.20356188848115986
7001,-0.088827725193451945,-0.28622366667347177
7002,0.22853266916210202,-0.0083060892678184246
7003,-0.0054677351450918028,0.24232079352663036
7004,-0.22825210138252999,-0.12806836701688745
7005,0.011502288426012183,-0.18288606319323836
7006,0.19944345255473031,-0.10566656257643216
7007,0.212266373727,0.10985419656029502
7008,0.047849060693342632,0.25834851252375224
7009,-0.10026950201440273,0.1138401386504151
7010,-0.18304944908845663,0.11349589338332744
7011,-0.17683443635003709,-0.030366150379575865
7012,-0.14157834865334146,-0.089684513835511639
7013,-0.16782825428131654,-0.081619448568615527
7014,-0.14033069813210963,-0.16416266933744031
7015,-0.18156167438250032,-0.089934359116906143
7016,-0.22908465333952965,0.0096345217562685478
7017,-0.17507237882349316,0.072901475406835281
7018,-0.11717731778009555,0.27365909123589882
7019,0.11911804254012531,0.17998312070665679
7020,0.2040863966143672,0.096502326189864832
7021,0.14567475037264813,-0.18169817730725002
7022,-0.031871668531367671,-0.21264372430051776
7023,-0.25405394324979302,0.099444240572492251
7024,0.14357924418643112,0.21148492422604956
7025,0.20832557008155347,-0.048366754258877279
7026,-0.20697608844229162,-0.096906251359753073
7027,0.069878585087201434,0.15941125232071646
7028,0.038695802516830365,0.01189070182574177
7029,-0.049328117315282215,-0.18994893920665257
7030,0.078288534431590603,0.20890384237246831
7031,-0.12947925676842706,-0.012963486086080391
7032,0.053392429823722568,-0.21264180924344214
7033,0.17663181806160264,0.27416006676709426
7034,-0.23667028991369465,-0.018092978448813558
7035,0.00078194113098984178,-0.21974973352499841
7036,0.19906775027576498,0.084198830837944022
7037,0.04920825888393842,0.15719893944802932
7038,-0.1709077747537591,0.18118826597803747
7039,-0.17710213594447574,-0.062726083854505468
7040,-0.053056983617896569,-0.21974419325430541
7041,0.085420295285176445,-0.10792616593762019
7042,0.21956102776490347,-0.15338702629206749
7043,0.20376513726462017,0.027245733083402043
7044,0.22475802270310352,0.075583152836736792
7045,0.23043785522039431,0.038147525160693724
7046,0.17840331460213718,0.13032664396897495
7047,0.24423411213205126,0.02679685577633141
7048,0.20883822590352522,-0.0047334799530234038
7049,0.14883338915556152,-0.11555803847746894
7050,0.11935092246448394,-0.24821819816651794
7051,-0.16250156679066594,-0.18138021889692127
7052,-0.19891419129742616,-0.047429089507396487
7053,-0.11401686744206165,0.19318711028825777
7054,0.071550791785030168,0.18843001455916836
7055,0.28522235828786535,-0.1381715082633499
7056,-0.22813413861756685,-0.15782447432306343
7057,-0.15883171557599163,0.15528148433660427
7058,0.18342959866796149,0.11077692360511167
7059,-0.12974452589679314,-0.22477357977850776
7060,-0.0040232422625798674,0.072806441815570722
7061,-0.02466432119858307,0.12504857378332596
7062,-0.010195340412332485,-0.23296544937718416
7063,0.097168339665782505,0.13117783388307266
7064,-0.21273953745237961,0.09490869043125516
7065,-0.01652186667584897,-0.27584149900738064
7066,0.20710933266650028,0.12140907365065995
7067,-0.14637288151744907,0.1580979948957679
7068,-0.2127616761156827,-0.11228668438360798
7069,0.055670507818280389,-0.19759480716564976
7070,0.21435561887109525,-0.034604166759702161
7071,0.11908647578557494,0.20485959073911858
7072,-0.083405347569393579,0.21704495728035883
7073,-0.17308329242035753,0.086279819577962658
7074,-0.27055825254369537,-0.01159522209352435
7075,-0.17985445080262208,-0.14043169377781722
7076,-0.15400568709142662,-0.18365611732594184
7077,-0.16743540068403212,-0.16813325370176019
7078,-0.12392308343817238,-0.19952356447990408
7079,-0.21760381561586639,-0.16700481828391284
7080,-0.18193920172525116,-0.092732691234244463
7081,-0.23280468576374061,-0.019861673556519528
7082,-0.22904095425022769,0.091845196210607855
7083,0.0098409692951441138,0.26085396960936152
7084,0.1199015619863226,0.12459355256231712
7085,0.23090641829546363,-0.074472324952368912
7086,-0.021568123876988643,-0.21919653638549944
7087,-0.25691635842546884,-0.10505797530080206
7088,0.0055990332322292009,0.28473841013145029
7089,0.18315849275399496,-0.088047297072960468
7090,-0.082911205482153638,-0.18146535297730293
7091,-0.13246360045722488,0.18334221867319642
7092,0.12089199282911157,-0.11768898671980779
7093,0.045139833325521066,-0.061863871097810164
7094,-0.15292992232896885,0.10734453842307244
7095,0.12392596993864782,-0.20272030650776246
7096,0.085907244516408798,0.094314253397443426
7097,-0.22726790724689311,0.068323668917712507
7098,0.064476029147268146,-0.2847971134921839
7099,0.21134026906227371,0.078527792339027389
7100,-0.056639953405384691,0.21618556273812795
7101,-0.20739727395976257,-0.082586436984729131
7102,-0.068271304588948756,-0.20002675070935305
7103,0.17300082146678328,-0.17770815447221427
7104,0.20722375266326629,0.02156289163417836
7105,0.15332827668266519,0.16319081666617311
7106,0.019281086003440334,0.17747472148045554
7107,-0.066525806727153108,0.20665565204442038
7108,-0.12783933714436951,0.16916476663764543
7109,-0.062676077973726291,-0.025065159444490434
7110,-0.10752481490297677,-0.058426665004290113
7111,-0.083598956876355129,-0.061295557216599975
7112,-0.24301059034252614,0.054096282598226735
7113,-0.41181189152235431,-0.036074060713331496
7114,-0.14046251748529065,0.057486425201148349
7115,0.1203863515617194,0.20362783164378243
7116,0.0035927550313022104,0.06560225499039643
7117,-0.13770661708875187,0.0064773235273966386
7118,-0.021801769575317615,-0.087161620454857786
7119,0.12405663701995839,-0.13090009424176874
7120,0.07923151227739729,-0.087406377531279889
7121,0.13536483105490585,-0.1139068547832966
7122,0.26897591029092882,-0.066335120373557127
7123,0.090397070634667273,0.04597503649824377
7124,-0.10853623246385671,0.10298161964339915
7125,0.11399672990321263,0.18144116539764793
7126,0.12232210084613331,0.19408848176251436
7127,-0.22238063759030127,0.17638061343436065
7128,-0.19330488172947657,0.15053417056155527
7129,-0.05627422220180503,0.10091013267871334
7130,0.13528779319399842,-0.070127018527458257
7131,0.21754881996266309,-0.13777713268062111
7132,0.0060321685388223245,0.16141265347934602
7133,0.044990080378065567,0.24408880263956609
7134,0.21362700089429648,-0.22400171393020027
7135,0.12370507862805573,-0.0039950687792430356
7136,-0.1064454574824132,0.2652947419501509
7137,-0.11204061382036955,-0.20125289461842225
7138,0.057862618586678655,-0.087048510756353198
7139,0.041554225073877085,0.15375355434717969
7140,0.031233892240465137,-0.29222553670014739
7141,-0.021051296299409522,0.035558252623287087
7142,-0.39802887579819424,0.11999789037226123
7143,-0.086633785337544289,0.034232202714918419
7144,0.16935686486208004,0.19313675940140357
7145,-0.015878588098079335,-0.088176260454127686
7146,0.26767856404698365,0.011308535788661167
7147,0.15768531480351605,0.21514425651764818
7148,-0.11237457715086911,-0.0418891004716819
7149,0.19638710381895461,-0.022930585234332383
7150,0.17144756873986836,-0.16764526869371407
7151,-0.0091658260945876036,-0.093752374683241449
7152,-0.14592937793874053,0.12759478979225569
7153,-0.21372718378119959,-0.044656420432282566
7154,0.045446063084805338,0.026759733060342475
7155,0.10099773468972094,0.013173364932369088
7156,-0.044500246889986154,0.0062858124088523357
7157,0.016366863251523946,0.35898809743979748
7158,0.054845202916350463,-0.0069218637924815286
7159,-0.16634560335466014,-0.17535349795615721
7160,-0.38054040520254601,0.054842310050709331
7161,-0.28115326853325079,0.058877706860798976
7162,-0.059387511945945784,0.33253038792627598
7163,-0.011237691273738588,0.11002266597212342
7164,-0.24047058602075091,-0.27923621158431794
7165,-0.10857748923547858,0.053285999469894894
7166,0.1766851115334665,0.22813497629442545
7167,0.11373412437649882,0.14981205090005076
7168,0.10184909705125669,0.13259869450683015
7169,0.084107075491901037,-0.096529476616182636
7170,0.16414964475586502,-0.087979920701207567
7171,0.13249584763668604,0.1214963008522717
7172,-0.13959838924712051,-0.11305777862659913
7173,-0.0090439944790887006,-0.17366175532581407
7174,-0.018071817112800054,0.18033182076087037
7175,-0.25917620521299994,0.017369603194211786
7176,0.10404302660815867,0.044084066002499214
7177,0.22637188387704654,0.083350842654155544
7178,0.18200103398994949,-0.38910583988295999
7179,0.10472653389345668,-0.25148460398474098
7180,-0.21553486644556455,0.044872440590986981
7181,-0.046946396245695264,-0.26605732102947666
7182,-0.038931853140340311,-0.17590662129150381
7183,-0.053461091298674289,-0.031638018502523783
7184,0.48683568109151165,-0.065326374846154195
7185,0.23198978735219392,0.049330187006888022
7186,0.035735874294193608,0.0016938564933386933
7187,0.24476353324910524,0.10480863244756537
7188,0.15678533373385548,0.07775083985717561
7189,-0.017155849849645723,-0.13301726124958962
7190,-0.026322612991955048,-0.22895725131511752
7191,0.048873023960751001,0.049386466286723912
7192,-0.0060698298659659471,0.18190779856684697
7193,-0.17654535133272431,0.11682722297869699
7194,0.033448991234717722,0.32468265455224854
7195,0.13736589601957638,0.20012437149352091
7196,0.12185032173092279,-0.092075290841417995
7197,0.03654462772287996,0.21031081513822117
7198,-0.086543792591179405,0.25896257720615418
7199,0.11232258181953171,0.19312469342742933
7200,0.16128808844715456,0.37489891429401634
7201,0.18158029833220091,0.19795268100322089
7202,-0.032291444370629613,-0.032334278521485633
7203,-0.15089723235288577,-0.12247593437263793
7204,0.071824168827247625,-0.045141948424702184
7205,-0.051729360943078007,-0.087990072342473621
7206,-0.18322053860692339,-0.13379996199394781
7207,-0.0035710668553890317,-0.049115234204042714
7208,0.062403234027399133,-0.23566061602961585
7209,0.24923657705827079,-0.19319100341568857
7210,0.015862196571910386,0.19879624017605779
7211,-0.32573697746236141,0.22328594434075252
7212,0.036252540639441201,0.0776671643849874
7213,-0.065186192736745557,0.020190887327320321
7214,-0.27029169376820233,-0.066005298086266442
7215,-0.017056885020467503,-0.12152065974420401
7216,-0.036573784709732292,-0.12916983801679868
7217,-0.030467890122876547,0.015922548047146091
7218,0.063301972300280479,-0.034937774660998358
7219,-0.039794394198724402,0.045669309254381833
7220,-0.084280334767288051,0.36446570108984233
7221,0.19104796767810503,0.24316737504491107
7222,0.24810489811523195,-0.046406123108115899
7223,-0.07606037859068307,-0.087874935873656801
7224,-0.15186396233856608,-0.059907124508857088
7225,0.091169822754908314,0.057034477016717669
7226,0.070393580534709857,-0.052795748055765146
7227,0.031884836772839528,0.086764663397072075
7228,0.036749608578493111,0.31536992208123182
7229,-0.0076105551025064458,-0.025245182013839369
7230,0.004460384408956063,-0.032358177032245458
7231,0.033892356105546639,0.10462717313432747
7232,-0.029295610481879328,-0.11572280021799283
7233,-0.11127669424291917,0.020321358244835774
7234,0.015586350253596091,0.15996292258862813
7235,0.0084875415847727922,-0.089005516516833999
7236,-0.1406018202814448,-0.20849631221484885
7237,0.12142662883868827,-0.008641063237830187
7238,0.3103305647228583,0.036959388263452513
7239,-0.059754744654272468,0.014496085457026481
7240,-0.11512711704445851,0.086445662181783733
7241,0.11157819668457351,-0.099693603016357962
7242,-0.12742367317601005,-0.2762517369149986
7243,0.068158055208526552,-0.22922135804024737
7244,0.32229851510636054,-0.23549968201663724
7245,0.01003564252663465,-0.22524232015533305
7246,0.15771652883277881,0.015358005698715359
7247,0.2429049596145082,-0.057311074177479875
7248,-0.12739895257757636,-0.19604307754377157
7249,-0.043836959270400218,0.037378369912792898
7250,-0.28197716622838676,0.097341165640878302
7251,-0.354552799149908,-0.020886619271952969
7252,0.037447091816117863,0.033844345931520498
7253,-0.29035662795114303,0.11341938499751683
7254,-0.39127958923780126,-0.22708976287126759
7255,0.085938755417501414,-0.21268463128598497
7256,-0.083891928688807113,0.11678264349503972
7257,-0.20035911704698955,-0.018792483418962742
7258,-0.12454969610430991,-0.084410245412294777
7259,-0.18862378974546271,-0.043612530427929896
7260,0.099902748733249086,-0.24850357537991868
7261,0.18036382837558304,-0.20397515971774621
7262,-0.021493365638122392,0.028559306831986597
7263,0.032186304418694203,0.077521952457697441
7264,0.064463538014749952,-0.064967696145075596
7265,0.121975967384545,-0.258788015018869
7266,0.051067726209824117,0.064001168904426031
7267,-0.1387266903028623,0.13806556543175219
7268,-0.23048326658481974,-0.15096013150896814
7269,-0.076402670640796491,0.046757900885026842
7270,0.23328852396544031,-0.032317446543365005
7271,0.11672491314441191,-0.37110509216503434
7272,-0.16005535765872864,0.071348144308610181
7273,0.10526681737905377,0.20774491313613555
7274,-0.27120553467799619,-0.0077289378733669829
7275,-0.32071416909615552,0.06636803045631115
7276,0.21618338661761255,0.18101583709043359
7277,-0.0013397616939294548,0.071282271384510473
7278,-0.21859249587093127,0.089049366157798848
7279,-0.21548086397070779,0.087375572118988276
7280,-0.28161520408331231,0.1009768712622197
7281,0.00078698829942056361,0.12284417509234764
7282,-0.035119604488851992,-0.1216657706596279
7283,-0.10627080804771123,-0.27076383864552356
7284,0.024365282320778253,0.021047202100194305
7285,-0.094752698961380721,0.15213880862237189
7286,0.031270618063701607,0.010509268895996814
7287,-0.083494618695028375,0.019738966078569377
7288,-0.099804726465135482,0.058712527550239889
7289,0.24899129441615922,0.13542387078052717
7290,-0.021289237460885069,0.079367500560605625
7291,-0.27663254901452966,-0.022101680789825696
7292,-0.04164822105099563,-0.056425594461911859
7293,-0.058013550342280014,-0.033206396624428119
7294,0.25888284464814681,0.10244837727807612
7295,0.031616470870193605,0.061261579318658985
7296,-0.46199797380832258,-0.091917384454097792
7297,-0.10002840899758855,-0.14148603672988999
7298,-0.0097425038117165078,-0.090116765187570058
7299,-0.4000499203817956,0.31915521239130218
7300,-0.13684001283730426,0.21796684587635856
7301,0.21382698767776737,-0.23298994765115991
7302,0.093738747410937462,-0.093870675061595132
7303,-0.039952071110186178,0.10526702154395874
7304,0.06658531023773348,-0.0019540698980579588
7305,0.12354705172184317,-0.044098876593116391
7306,0.098585738204283221,-0.18554749628270675
7307,0.0074175474379084092,0.15601685396029924
7308,0.050192127456864376,0.38055588923109335
7309,0.099442849226405547,-0.049444725276089091
7310,-0.035877035944245017,-0.12484585321672767
7311,-0.2119376219496629,0.081294322347898157
7312,-0.1507648746862594,-0.2514579508619576
7313,0.058048108611436305,-0.17778518183507003
7314,-0.044012656791730158,0.070204690980187973
7315,-0.11052705525365585,0.045691633835882449
7316,0.22400545130424224,0.05764213631036201
7317,0.30557761810607414,-0.24756827731370998
7318,0.037249112260158174,-0.38986279195576456
7319,-0.076121853829767938,-0.092529259447033274
7320,0.0055764231635748729,-0.16781029869062991
7321,-0.084575157539200224,-0.093120208247001221
7322,-0.16788665822688573,0.16221193395234446
7323,-0.062801611716061995,-0.021881655941193394
7324,-0.071060203783644554,0.13862911919526028
7325,0.061508874034670355,0.095349001976658021
7326,0.064269028505735709,-0.29184076123915959
7327,-0.18491768027159106,-0.1551539952824155
7328,-0.027761186443807182,-0.11535461148240107
7329,0.19766572832264573,-0.1416288960861162
7330,0.16765356292241379,0.11281633131235372
7331,0.046157626901651191,0.0024964255994351231
7332,-0.22418195925608142,-0.1937858810495536
7333,-0.34327144240666485,0.13938342996135383
7334,-0.12721564295512405,0.046165556961733301
7335,0.087560568714005527,-0.25272375744234565
7336,0.32779258109134302,0.038654220818931134
7337,0.093306740979414313,0.012057258412447643
7338,-0.14322954242130026,-0.28075714592221451
7339,0.037664270405598443,0.18729355140049583
7340,-0.065737676764125591,0.29722710043759876
7341,-0.25302149219045056,-0.15617119814381136
7342,-0.10474983613585684,-0.27858673229799841
7343,0.19778179851868527,0.015908508415039213
7344,0.015419357865117542,0.15155306966908796
7345,-0.15592807610927012,-0.02959277031646966
7346,0.1427108806452568,0.086564489864037406
7347,-0.037066626131178511,0.27661759744610964
7348,-0.42239156994191274,-0.16079592444261243
7349,-0.11167946413023738,-0.088264306005415474
7350,0.26625196278998292,0.10271208151344063
7351,0.29740530067072862,-0.056232758499463048
7352,0.026919051083917459,0.059057306473561312
7353,-0.074654021244957125,-0.035984411180998155
7354,-0.041190684024193881,-0.28390330536949776
7355,-0.10551180188644915,-0.20565570361842858
7356,0.097910168003763717,0.064123120703911851
7357,0.116151810686369,0.21560098517631149
7358,-0.048205814524985395,0.023378087790887039
7359,-0.083898188133759655,-0.042951416646162408
7360,-0.097974918725381638,0.14957408648275888
7361,0.060997687591665968,0.024449202567636431
7362,0.21759904943480773,-0.052194489424248078
7363,0.022149260343994913,-0.028319139237614425
7364,0.020158133689149097,-0.036450619591288765
7365,-0.017418439823042555,-0.033839579271513737
7366,0.053972290268983952,-0.1061123979262649
7367,0.082940485585078313,-0.11882946432988785
7368,-0.060103304814383716,-0.21701662824807549
7369,0.042749175813939583,-0.3784489432087948
7370,-0.072505894601436763,-0.16476640722693273
7371,-0.22879236642848333,0.11325050071598244
7372,-0.088371909586549502,-0.029886287334056662
7373,0.0099182263640551459,-0.14616145001699138
7374,0.07037739976468757,0.007693882915252968
7375,0.12027133217153956,0.10939226994873405
7376,0.10170529038303833,0.07316371587260101
7377,0.13943447831604658,0.13641189591340311
7378,0.057545545479979462,0.2925744009328804
7379,-0.040265996127109474,0.12031687859842327
7380,-0.11219775495522748,-0.093499396972947388
7381,-0.18924669788779092,0.11969528933914733
7382,-0.2217744078435771,0.090955906076686882
7383,-0.14443653853655777,-0.19860312373511746
7384,-0.16181179222795311,-0.18656132260078198
7385,-0.065531744678943349,-0.092766074434942031
7386,0.037769643445913603,0.11122838012565472
7387,0.1531010628548814,0.20583291407353657
7388,-0.1476721060100418,-0.017069419615139997
7389,-0.23288011532996072,0.02372983762447875
7390,0.22547159742407902,0.21720364874958301
7391,0.016914272688396167,0.12073107635009862
7392,-0.27806496956721166,-0.082773945826724205
7393,0.21444694928312219,-0.10062082428203883
7394,0.098500773986461024,0.073934703008594824
7395,-0.14864328619856537,0.029657002449917782
7396,0.23299516297953748,0.036303503475969001
7397,0.041000903124246264,-0.033203615596619135
7398,0.13061464439299808,0.2222541154992668
7399,-0.099391950525129849,-0.016117857305359438
7400,-0.0041716844014578602,0.2244606492211936
7401,-0.081568818707456747,0.35585239265197066
7402,0.15256322132871683,-0.059655127196916208
7403,0.21390161936127666,0.24460464909059207
7404,-0.14284110668202418,0.42915108664100904
7405,0.12806567103368843,0.10567317456830384
7406,0.2178634887012616,0.20440298994407627
7407,-0.083895308501479207,0.042077359407306447
7408,0.017873057182520372,-0.082632709345760169
7409,0.098161332926018974,0.045916451759027074
7410,0.078311003752659938,-0.10772644230666872
7411,-0.25712493783161416,-0.13977033925847157
7412,-0.30881282312897423,-0.038778374926628466
7413,0.074075549032525265,0.092684518885519152
7414,-0.17857915527727089,0.24270388893701395
7415,-0.25612974879396461,0.021267080232134791
7416,0.18308016421500195,-0.28165438140916255
7417,0.12999882929329673,-0.21169697453467604
7418,0.059069580135616168,0.099033829100448292
7419,0.035414107166210483,0.32976329784722941
7420,-0.16145652992122564,0.067409647736719785
7421,0.049909047504640709,-0.062979196503460053
7422,0.14336281875088785,0.37437796226783865
7423,-0.19830373280710389,0.15876443630203052
7424,-0.029592013934942641,-0.31616242890471563
7425,0.27495740798787921,-0.048928305840727382
7426,0.066362149373279111,0.076185191464482299
7427,0.012624691050572767,-0.13905230608198585
7428,0.1433105170576949,-0.074013789332959587
7429,0.020411958832297652,-0.062701937729827281
7430,-0.044184211602762674,-0.16615284630098542
7431,-0.13490170818151653,-0.036189877093006681
7432,-0.23739967943243789,-0.00045640297058236043
7433,-0.061097800775701448,0.14500346901190933
7434,0.030276814568738247,0.31258116670544556
7435,-0.075919834995491139,0.11274952734302519
7436,-0.075439408128512464,-0.18164804565878548
7437,0.079106468965768409,0.01090668345402715
7438,-0.056639942615073671,0.20994850569498136
7439,-0.14418441913143404,0.049034627012922848
7440,-0.15049093194589852,0.14447479990872303
7441,-0.11009132011012067,0.22956378325359575
7442,0.11674134041644942,-0.12242075684851877
7443,0.12231958540653731,-0.19410540699053536
7444,-0.21816638999005106,-0.10530436456702726
7445,-0.260362777901262,0.04310895724867133
7446,-0.066946918867335115,0.18565222020191482
7447,-0.017328772074573156,-0.028200922597142845
7448,-0.11805188313733404,-0.018298580568082506
7449,-0.34456546903236174,0.0093309209957002908
7450,-0.20874417695125369,-0.1186654405328106
7451,0.048662027543430401,0.11934506531365301
7452,0.19467581425432601,0.10968574253828799
7453,0.15163009000510058,0.0059454359491933478
7454,0.0020524626342819687,0.14375040579208878
7455,-0.09921256235025272,0.040763657958710738
7456,-0.07249338548852155,-0.30805249926342654
7457,0.28485814481775223,-0.33841035597129931
7458,0.3890435651440517,-0.055497895413767005
7459,-0.11054955408154907,-0.016893045088830105
7460,-0.038393133157671212,-0.043446405493610722
7461,0.41866352097388249,-0.012047313072147592
7462,0.13927882307137127,-0.11576634204771769
7463,-0.050304795270181273,-0.093026651104085978
7464,0.1831801680111888,-0.093110025149537826
7465,0.047791285884090262,-0.15339080957716444
7466,-0.023864759671892957,0.14308048157331968
7467,0.17618858983395014,0.20166048427919284
7468,-0.11606963831230202,-0.15143488855747519
7469,-0.3441452853669501,-0.15697654651947091
7470,-0.01130096993294407,-0.22791792751897313
7471,-0.15754291993070701,-0.3297758132052161
7472,-0.36273360858899667,-0.14102680798012329
7473,-0.022353462672862031,-0.17169117749765836
7474,-0.10622801447319588,-0.12089964358940679
7475,-0.3444082088228308,0.25108410201019432
7476,-0.042457609637124173,0.2667808882543557
7477,0.094637360676004256,0.031233443349485107
7478,-0.10454034888453334,-0.030027510750784726
7479,0.012745117063256576,-0.20633129429895009
7480,0.12523328815750601,-0.15911666982312661
7481,-0.052025214962323596,-0.014381340369554999
7482,0.0065809807521302367,-0.057118559137396663
7483,-0.018685835729608004,0.078174446114457646
7484,9.8098904836884694e-05,0.2961164548610381
7485,0.20925601578004308,0.27781838447804635
7486,-0.0030721017006756246,0.21461716840996134
7487,-0.10513480534893524,0.24183357147062404
7488,0.040705576105109165,0.13950882767342138
7489,0.0029309096357606149,-0.11087162041384541
7490,0.019734262228189792,-0.028498634827571
7491,-6.9395563295555907e-05,-0.011059462957658516
7492,-0.070688128968849004,-0.016357565337182314
7493,-0.0092553936424126099,0.14035649184217786
7494,0.069719844040356582,0.013061835461304423
7495,-0.028734104741227041,0.0066905087435833697
7496,-0.24138362228556179,0.010625986704093007
7497,-0.13102922997925137,-0.098588961441379477
7498,-0.015590955997132713,0.096344849442617536
7499,0.036794672580141095,-0.16207859123082116
7500,0.087204293484132278,-0.1699384661881635
7501,-0.34692100588744867,0.18086467005864962
7502,-0.39817815896646186,0.13149702730812962
7503,0.15051952282041131,0.14181360907120005
7504,0.25628711662238252,0.3111113741530695
7505,0.00085695133679862187,0.15624561780169616
7506,-0.41849788353403655,-0.10079648073764773
7507,-0.079504203814604282,-0.29496235799783121
7508,0.33757551814893094,0.11784122906681756
7509,-0.012646490217163188,0.17988616814341624
7510,0.053564350685888017,-0.20648286763289522
7511,0.05580396390583714,-0.10879657394957021
7512,-0.31788904360860859,-0.27240629669039162
7513,0.025701016440084434,-0.2740027775209592
7514,0.19713735638194188,-0.083399308157485599
7515,-0.0034400348779243528,-0.07340319059887794
7516,0.15571559278380886,0.078794745861338111
7517,0.2450949409771162,-0.052965139031879202
7518,0.071191574886097495,-0.055617407090599438
7519,0.013417498221335662,0.23103077892534954
7520,0.15022084506959751,-0.0037332725936722105
7521,0.046595227852684502,-0.058774124511435676
7522,-0.15108659792308002,-0.017665082009372859
7523,-0.10197910552348975,-0.056365772575845276
7524,-0.16870816795119439,0.027892582929317327
7525,-0.005849240018607902,-0.088763437015356605
7526,0.1334514298203876,-0.0069560637057925921
7527,-0.033238049535394096,0.097393386348244626
7528,-0.10145333835916953,-0.051360245573299344
7529,-0.021383437519291434,-0.17315613043271222
7530,-0.02829756278367225,-0.082627059212474749
7531,-0.078764343760469049,0.19859877936110543
7532,0.1797257303028251,0.02318910786889062
7533,0.53739408363076568,-0.060944391133685244
7534,0.31137914389261118,-0.034092450474537864
7535,0.0031007697645387029,-0.24101014701405532
7536,0.010891487607833435,-0.059105783002530388
7537,-0.10742200924071121,0.0071162746713615615
7538,0.110271875471075,-0.13019802052530907
7539,-0.017933973977560979,0.10232321138757955
7540,-0.27333204827344854,0.038794006285846658
7541,-0.22205890483325583,-0.025082257718626051
7542,-0.24943297078175775,0.067322935791234606
7543,0.049046837611499784,-0.12142718976488014
7544,0.27719051714762599,-0.1225199058346195
7545,0.28198212071776246,-0.027610634471353993
7546,0.25369362437484766,0.081330546267612255
7547,-0.096429459653196034,0.1544800242763284
7548,-0.20214952224423421,0.03867375336423301
7549,-0.216836695359028,0.034068662624952568
7550,-0.12649369949445455,-0.1680270115821845
7551,0.18434613634768482,-0.19166528476728828
7552,-0.064161499112350376,0.12963994147810506
7553,0.01193174778906821,0.0022247278190827106
7554,0.26241714273554445,-0.18216788112393886
7555,-0.017120096976558613,-0.20046946983028835
7556,0.020103092720297418,-0.11699952470873523
7557,0.21905827627780344,0.13453605092416451
7558,0.0633747457348669,0.15265347879854335
7559,0.0033148474479504303,0.020749909426052458
7560,-0.065342122864711652,-0.012907939180511658
7561,-0.10556764059130373,-0.048626315490711482
7562,-0.1519606668000372,0.033743848386217884
7563,-0.072875748691677761,0.097407572916600405
7564,0.082974148319672078,-0.0024160334882125951
7565,-0.020186940028345049,0.01189415398615255
7566,-0.21936731557059724,-0.01651719005298111
7567,0.14008550011304902,-0.094759904716450405
7568,0.36500292136477802,-0.064699738039909194
7569,0.0010119673708929057,0.029734570435496512
7570,-0.098079014127582673,-0.08089775458005824
7571,0.033514309461252917,-0.10128780639446278
7572,-0.25972387022998067,0.0057893233531092665
7573,-0.0018300149946748594,0.10147802989734839
7574,0.36432454888504073,0.11648286220643236
7575,-0.16779850683014277,-0.15253308459319126
7576,-0.26556525773247941,-0.068923396891087771
7577,0.17433659788229691,0.035769047884104448
7578,0.044773348744870371,-0.25171767407075624
7579,-0.067091516747384741,-0.1086339921499669
7580,-0.0089636940493633722,0.22568105961234347
7581,0.011388927656356872,-0.0056195671789029261
7582,0.22069288374752746,-0.16937097271840906
7583,0.07307059658671694,0.092986942079844981
7584,-0.077589734880337852,0.1068965302056871
7585,0.014457861043162615,0.18049706509887062
7586,-0.28071223267818518,0.27108638586537354
7587,-0.28851115575927361,-0.0077016003326870631
7588,0.10629549734508129,-0.060494426324051685
7589,0.057223596044318197,0.15571728477940855
7590,-0.0047737531704919612,0.040467981863742342
7591,-0.076128913098125112,0.051588167179913838
7592,-0.051733746842581349,0.099806295095820424
7593,0.21506431386600039,-0.12192569056675551
7594,0.02557559125585036,-0.27461938260666052
7595,-0.14485643413354471,-0.097573938004129696
7596,0.24828820086950892,0.26579654960132409
7597,0.16060164305274338,0.097974238606976419
7598,-0.28202431532132755,-0.1833578522505025
7599,-0.070753147989918969,0.14670480252360693
7600,0.25972141921772113,0.14920908978093617
7601,-0.080133043710837348,-0.37416667783491253
7602,-0.21741272097877515,-0.18245362068240623
7603,0.081571809406535079,0.083626869123169953
7604,0.18239191598507992,0.051255290796251393
7605,0.26499900472322874,0.063793337036099421
7606,0.1676457730978515,-0.066480243048246873
7607,-0.23053409749259465,0.082280083876532017
7608,-0.098913200444786201,0.1021522257277574
7609,0.029053957605137435,-0.23434748385180559
7610,-0.10474233802221949,-0.041557671762842571
7611,-0.067071240975487945,0.010537175990505755
7612,-0.15081753569747972,-0.079610647792610401
7613,0.050057569094848549,0.12400994847384338
7614,0.11364920053346447,-0.12938793939151613
7615,-0.35172990869558468,-0.12359540747896977
7616,-0.26668579284594007,0.11728080465631148
7617,-0.14737903147393452,-0.20341970593184061
7618,-0.17233321213369721,-0.13604720644811641
7619,-0.053440345277227526,-0.017229802715823743
7620,-0.22076833162650084,-0.21127669959405995
7621,-0.080230345419569346,-0.003477470980115329
7622,0.25399587320355255,-0.26136232097133982
7623,0.051379567192000229,-0.24390583582701175
7624,-0.094049446620300903,0.16648952226902358
7625,-0.064722465307057081,-0.15206234088118278
7626,-0.024988722630419131,-0.10849557098631268
7627,0.16764452519521791,0.090830424283822681
7628,-0.0094118809099885577,-0.32463105900802697
7629,-0.11576904614086352,-0.039824541985028689
7630,0.066768506045674414,0.18065933816637281
7631,-0.1362212837929892,-0.15326038440361492
7632,-0.13165952500335976,0.036028482239981875
7633,-0.022434953827953866,0.014751516783590926
7634,0.068480143144476452,-0.16749184104321937
7635,0.17981387262375223,-0.064097485509251442
7636,-0.027415738451802906,-0.19748712867596274
7637,-0.13499821418650215,-0.081965899951618723
7638,-0.065778120376321886,0.12668827695935289
7639,-0.20591770425092246,-0.01810487766703206
7640,-0.042359572882999685,0.1094662695749863
7641,0.20004051039892248,0.25643313934991574
7642,0.10135009708802019,0.097905450242900052
7643,-0.075931500252203771,-0.11756697445445852
7644,-0.0887319980631045,-0.076568946185114783
7645,-0.16524019021287434,0.15244978002505238
7646,-0.31412551929583005,0.013574567579973787
7647,-0.14791882877379717,0.053098190317263927
7648,0.08735743656739442,0.31862086662698214
7649,-0.0087589765173010405,-0.051642794072209709
7650,-0.067301076308383223,-0.083367016321050272
7651,0.063311003348802949,0.16949477283433514
7652,0.1703839450083752,-0.079195175643628796
7653,-0.0040262640859022661,0.044008411228854058
7654,-0.20557228392988594,0.095778228588562969
7655,0.024404807911538505,-0.058940895931197543
7656,-0.16118029017565796,-0.0098789599858213305
7657,-0.35314024389749943,-0.069494111597965216
7658,0.052969713549404454,0.13346096597305832
7659,-0.22236721764830158,0.21322646060873282
7660,-0.39614905417698265,-0.14092812048391332
7661,-0.08958422967786997,0.13970170127269543
7662,-0.22774228242303896,0.20174237854492055
7663,-0.065064165403212457,-0.084490414594444951
7664,0.066681296703383477,-0.0092030934793254915
7665,-0.048250101454659342,0.10037465697719478
7666,0.1160438307781983,0.097589672111571615
7667,0.16549504911092261,-0.25612450502428413
7668,0.013604364378923754,-0.31684556703102051
7669,-0.0896006453717475,0.11614630796864235
7670,-0.22696582220395631,-0.20253595277591924
7671,0.00074638358278224497,-0.26034555456429015
7672,0.25985781787458445,0.17489531497674393
7673,0.19117320432219431,0.13516241176600496
7674,-0.092279356527159753,0.060874754994132876
7675,-0.30758734292480566,0.060594075612037446
7676,-0.060301176032910249,-0.17959262440661425
7677,0.02091038751643361,0.024934834259671221
7678,-0.36110532647792698,0.144639347402713
7679,-0.15821893690432681,-0.15305566407273585
7680,0.36698353269014961,-0.049504804561048298
7681,0.061576599339383628,0.26492387379131133
7682,-0.073775644542647928,0.082916638585285446
7683,0.11968452134671474,0.033046094947705607
7684,0.033473418481617598,0.15124217204722934
7685,-0.051662166199437184,-0.083924361223700158
7686,-0.035640045854161036,-0.08485890854253772
7687,-0.47132434316063931,-0.15882398080081467
7688,-0.59050310936202144,-0.23392006360890841
7689,-0.3875662035152358,0.18293586503037956
7690,-0.26460206484817383,0.21132612947192994
7691,-0.53347164225925436,-0.30740719929120092
7692,-0.36481245355755165,-0.29562770307059377
7693,0.21716584660631413,0.1302896606352181
7694,0.13484755616298902,0.14948809050035283
7695,-0.039701152812025062,-0.17658996009933078
7696,0.20940880817481392,0.00047262770622651887
7697,0.11623397407985867,0.05479669078751475
7698,0.11154536848119836,-0.046943881468207285
7699,0.21810146350847359,0.19259746671983771
7700,0.018511201897549106,0.074739606451382876
7701,-0.013301290408327057,-0.12274338400731355
7702,-0.070390814299778046,0.0078729146460763642
7703,-0.1224675144211901,-0.13253436688184575
7704,-0.035177232759494304,0.11723031606032829
7705,-0.071701865465568684,0.21762059907731982
7706,0.032230959172470063,-0.24517172479728747
7707,0.099279553928495468,-0.021161342033794526
7708,0.073293815348829505,0.08755099629360745
7709,0.17232078404651646,-0.11532433406848308
7710,-0.11100435642240002,-0.035065717886016846
7711,-0.17378787771567653,-0.11916415744215256
7712,0.08746989753391185,0.13498001504585411
7713,-0.18665346781482589,0.26931508049880465
7714,-0.17249710883213995,-0.062827366777260044
7715,-0.049642455862236826,0.012055306297445698
7716,-0.19879397846802382,0.17073920618405783
7717,0.14617004519990176,0.13631163941175828
7718,0.095582929429609803,0.095450641820852444
7719,-0.24765048386612268,-0.1170388940384869
7720,0.079010451768783935,-0.19496711025802113
7721,0.063494308447464551,-0.35368336914867987
7722,-0.21709566727300067,-0.10655219021430823
7723,0.083441974840218369,0.39576982802133548
7724,0.11531942416125032,-0.03314809257138733
7725,-0.12608755871254407,-0.26123359123724288
7726,-0.1284843889818453,-0.1131495698559124
7727,-0.1253354609632531,-0.22196185037795216
7728,0.0013041556769472309,0.10784931299854669
7729,0.11214766732455095,0.15852495477670681
7730,-0.12008787595686038,0.16524153977203512
7731,-0.16110017567952983,0.19107317657632161
7732,0.056024586868799971,-0.35602759985192078
7733,-0.27053015938224323,-0.1296714319107107
7734,-0.38621668528287711,0.060886417393564846
7735,0.12130106748596413,-0.19945894709845963
7736,0.17803324854103286,0.056170385757007266
7737,0.090215872688317683,0.045005426810509716
7738,-0.029827647479818489,0.069856124550275053
7739,-0.11000649893372867,0.28562696278665628
7740,0.027664770354608348,0.021864492812575603
7741,-0.10735726214205774,-0.013645326894965969
7742,-0.29393098004226303,-0.02271226193786784
7743,-0.13941020092408452,-0.046382913486005352
7744,-0.16602970900693678,0.17941673217843951
7745,0.21602874860617005,0.010954444003833278
7746,0.34459876000256578,0.095470210834642077
7747,-0.0081366615172479249,0.23684352286549329
7748,0.0019897867772180299,0.035221377283690417
7749,-0.082827892585251167,0.14436185535463436
7750,-0.12442943284790038,0.24567611889336594
7751,-0.056302275500657042,0.11316249947000509
7752,-0.0021119157495055139,-0.046090797713089729
7753,0.042865653936010481,-0.17864695676403275
7754,-0.24714741795238626,-0.012853113433212972
7755,0.086048547296969619,0.10668883615827814
7756,0.41883144482953366,-0.16185998466893553
7757,-0.024515795567640983,-0.29771742597797274
7758,0.09006181240398288,-0.017148908603879024
7759,0.16269723581371998,0.048083152698676725
7760,-0.18112964095609266,-0.19187744168237203
7761,-0.043948159287669264,-0.045941012984014776
7762,0.020523853633883368,0.07333742904169982
7763,0.031272155165552804,0.077706606263435354
7764,0.025285792987962862,0.15166529860503863
7765,0.016903102182504438,-0.19056903607808851
7766,-0.080837513872367706,-0.30807757904362104
7767,-0.17321463973077156,-0.13615837523817034
7768,0.069614084741256688,-0.024017765851466318
7769,0.09461258216810188,0.071208649657662465
7770,0.10401202144602757,0.066787944868193949
7771,0.22911652138800215,0.19358572593864082
7772,-0.18436282476464466,0.20211347408231231
7773,-0.16629362905250147,-0.025282150920297064
7774,-0.062693014383128354,-0.12809710856260217
7775,-0.2515571608472032,-0.057623193700018942
7776,-0.050719366191813303,0.054156862258324945
7777,-0.00045712184147030099,0.060241395144309484
7778,0.069688667039755181,0.090369367516973526
7779,0.12939555316383614,-0.065586190457315036
7780,-0.12605541249639185,-0.14157168550520591
7781,-0.25882763663084013,0.20421575861227925
7782,0.081868188052744428,-0.19806350321498378
7783,0.23945254190530238,-0.32332587931546775
7784,0.16392107341664941,0.24037286522094675
7785,0.02446285062621496,-0.085533788844772668
7786,-0.081061664015322332,-0.2043549755854234
7787,-0.039247645285224557,0.058553056656688515
7788,0.097730924507940645,-0.32011123611841985
7789,-0.10305088453704293,-0.10176512874627973
7790,-0.15388634833423928,0.17501291469105604
7791,0.070490203263534112,0.032291110678621109
7792,0.10891320801649014,-0.042549545754299319
7793,0.06852328028705619,-0.22384577480296836
7794,0.11181451413375082,-0.10596075210155606
7795,0.11428954964269354,0.052955329686326658
7796,-0.073268898660105775,-0.099162255954734754
7797,-0.080639714197163717,-0.097409023783315313
7798,0.087326875524025682,0.0096039131918783747
7799,-0.10240718572816056,-0.12366451966566888
7800,-0.059703834794892954,-0.22305085828042018
7801,0.12179920463797654,-0.032382202285618472
7802,-0.17791665654730968,0.075444008034268428
7803,0.067865231622116884,0.057439312036144462
7804,0.16339806481296792,0.0094424226267157893
7805,-0.27400456473802104,-0.1309079130661249
7806,0.083058014366053673,0.1335899998617435
7807,0.24685683968694519,0.31188509475783005
7808,0.0062564875511071372,-0.17248783354495392
7809,0.029396333447178909,-0.31486615894804459
7810,-0.060752005233573818,-0.016939726649560057
7811,-0.042543049650481085,0.1710536786155479
7812,-0.021908548872458796,0.28365247683357364
7813,0.027586123360255465,0.15137649581442322
7814,0.22937764885523013,0.0095183171178094342
7815,0.3500028589230687,-0.052233644560923775
7816,0.28321339931444917,0.042236589015927584
7817,-0.020636432259716772,0.13483968737274876
7818,-0.17562099079741844,0.0034403548255537708
7819,0.056502121212631373,-0.05732088677880906
7820,0.10849930567789058,0.029901739490637534
7821,0.058628231655095467,-0.012324239118968999
7822,0.14079496333656194,0.021361553660188728
7823,0.078338189909471445,0.029899557220395626
7824,-0.030494476729212891,-0.052314081367841762
7825,0.041169855485918616,-0.15543485897277023
7826,-0.0016104375799250795,-0.033622281872596013
7827,0.015066090948074502,0.18238594157944046
7828,0.34223368110444735,0.09011657309943831
7829,0.09721158412191884,0.057140890762375121
7830,-0.31028435869411908,-0.058812272914941524
7831,0.0068781176917944295,-0.14460545572981975
7832,0.39317956938390886,0.16320543427340484
7833,0.16798295712458777,0.25375782889372844
7834,-0.13455942276548985,0.012618155459305634
7835,-0.006344437253850822,-0.046692994348968668
7836,0.265586608275026,0.13964695453194831
7837,-0.0057591507795365067,-0.13343311549201375
7838,-0.029123874923962935,-0.40536931111002011
7839,0.21197086815945715,-0.062050425795022027
7840,0.062440760402485196,0.080531097183142358
7841,-0.0038516280131347114,-0.14544632669476945
7842,-0.16844640773082223,-0.054879676005334062
7843,-0.34636582176229308,0.055514346117738873
7844,-0.122154430824453,0.070108776293997505
7845,-0.030563175636875547,0.0090772280290672552
7846,0.21698366919815062,-0.12998191227996117
7847,0.29303412007697877,-0.13927540198411861
7848,-0.18611486129901525,-0.22451710314690318
7849,-0.20689034315488891,-0.28495664780239971
7850,0.095450152814599815,-0.049634666231008547
7851,0.13921501234579259,-0.027846758794601502
7852,0.030978072520647479,-0.067257033063065935
7853,0.052231163230447256,0.059878917853050016
7854,0.073372073635577351,0.044735070792153039
7855,-0.17362844148159565,-0.1175290229293728
7856,-0.12480199793145008,-0.12605173509655074
7857,0.21246266098268921,-0.13232070806549681
7858,-0.049555536165395472,-0.2725547711418963
7859,-0.24303462045312721,-0.063935814346378309
7860,-0.1047393962603579,0.11137983202313118
7861,-0.15039095799640936,0.02526511348241807
7862,-0.15882529170343257,0.05147284645875394
7863,0.016411345457948569,0.13783994705320371
7864,0.031270053115995608,-0.058999755935517963
7865,0.071558266701820569,-0.27764354543811753
7866,0.021287920013140227,-0.043645099904807305
7867,-0.057152548774718537,0.21332079875328874
7868,0.012710787276636937,-0.15745557149266085
7869,-0.0060320002233049865,-0.20048438641622854
7870,0.072751734024660467,0.29539927097814078
7871,0.17471462878058971,0.20894996227869053
7872,0.0030187582383775814,-0.11076973970118371
7873,0.20285740194658763,0.0011408508298803889
7874,0.28313540522434966,0.062380589976038396
7875,0.035434175519534331,-0.043280739398144766
7876,0.24596111585220456,0.11032843868143466
7877,0.17941064941211279,0.24534800990349609
7878,-0.088333679355573236,-0.17213654255246036
7879,-0.019207734964132712,-0.039154416301075558
7880,0.053466674429717538,0.28460015598624
7881,0.2270894059522332,0.11926452542464441
7882,0.13343491758664555,0.110263108517102
7883,-0.24278009593239966,0.096279184122370035
7884,-0.07375732884094012,-0.0023887714178568269
7885,0.078447965453967594,0.10976064960007259
7886,-0.12184618276847875,-0.00074502044354526117
7887,-0.012424793633363188,0.063751933813780567
7888,-0.030925535578961872,0.2588773697254001
7889,-0.11883701363227415,-0.057282035251026625
7890,0.15039554565509461,-0.10620399807441903
7891,-0.0078284348826456601,0.067226628138929684
7892,-0.25533068476270276,-0.087680454497989724
7893,0.03802156145725398,0.014490391185511091
7894,0.073253544919114538,0.088384820086136823
7895,0.181443383282715,-0.072683944711315132
7896,0.19163020741978518,0.15854716628718116
7897,-0.16686928352430755,0.15224083689540419
7898,-0.10084626252970634,0.0020826076164054477
7899,0.035235688419524153,0.097940894935530431
7900,-0.14907649398152611,0.010916108377968557
7901,-0.078165389950540329,-0.11033980934744973
7902,-0.051666702762620031,-0.10404935533329132
7903,-0.04716103861821519,-0.05064612313760726
7904,-0.045489627635228139,0.059448935022861062
7905,-0.20406096297623044,0.19230412589682186
7906,-0.11564238375021998,0.26041232023142613
7907,0.046382821373206914,0.079023770997801071
7908,0.064596321767131953,-0.12412396667667186
7909,0.13746291341760233,0.044789257586620605
7910,0.12351252475634295,0.002696132693954939
7911,0.28122602637723587,-0.11431971848620266
7912,0.2079774214146366,-0.0094147618968068395
7913,-0.12395445969768935,-0.062680297673333302
7914,-0.054069827830291246,-0.1044702094013613
7915,0.17809513479711547,-0.037533314703559501
7916,0.26945330438994564,0.048431723640963792
7917,0.17856798035161944,0.22563811994073107
7918,-0.042522070683354549,-0.029157992783311514
7919,-0.041280152956306625,-0.3878060965529852
7920,0.078055397183577263,-0.22752037067950537
7921,-0.13023874444269876,0.15137008836448507
7922,-0.042671231693601139,-0.052633088827840284
7923,0.15616760151662823,-0.2386790245183599
7924,0.056231928179621977,0.20039881573531995
7925,0.26987596608551045,0.14767308881014118
7926,-0.025893061395220754,-0.034029219404067647
7927,-0.31800149429299002,0.19032079164824545
7928,0.1583454490236649,0.073994887596313202
7929,0.07560562873346062,-0.3182272276312062
7930,-0.03781439144794603,-0.18908931389353123
7931,0.39344846227193353,0.020069294498858397
7932,0.10094028878940356,0.11822704411249445
7933,-0.32320571579326174,0.13632963293373715
7934,-0.11628269174173933,-0.072492769689091158
7935,-0.035048383950833956,0.047785888188976319
7936,-0.096887390197705855,0.29463525685920905
7937,-0.061989768506452408,0.12344985331242644
7938,0.0036775646518912349,0.015406243304107271
7939,0.011257459593796136,0.079088034794768461
7940,-0.041000527011848496,-0.093112753972575305
7941,0.13407922990649604,-0.09157032580422747
7942,0.091568996261642555,-0.050720571315512331
7943,0.14713800207142569,-0.47269816568076989
7944,0.21874729789544659,-0.61100219261876132
7945,-0.14212923006818107,-0.34953702136179315
7946,-0.18856510517173317,-0.25670902964243592
7947,0.29811089221572523,-0.52831490571804007
7948,0.3193960448172119,-0.35673210378426917
7949,-0.11445348040484582,0.21768241250110221
7950,-0.20360360527590562,0.16645074803997637
7951,0.13988083012051383,-0.015091623105485195
7952,0.00099180483588945986,0.23487709949343225
7953,-0.072765602071463265,0.11033761989446375
7954,0.050418077323816445,0.084961079441039575
7955,-0.20504921777550694,0.21343119053001075
7956,-0.071147276656219061,0.026198499031907956
7957,0.11219437993875489,-0.037086824360002366
7958,0.0034724474816167283,-0.081365981494760029
7959,0.15845633901859688,-0.13398102215489496
7960,-0.093075960909389632,-0.023350520643128925
7961,-0.21998778057756471,-0.092907798485091911
7962,0.23497302407069093,0.0099800219967797407
7963,0.07081988266602729,0.094901268712402898
7964,-0.086994682273160359,0.069278008769076721
7965,0.081726076972762379,0.19114289625356931
7966,0.039052773820225178,-0.1357663996705121
7967,0.095903232585296108,-0.17277305078264094
7968,-0.11338895664097225,0.1195447851068602
7969,-0.26959272365876252,-0.16082422187924567
7970,0.061123927474268473,-0.18051115636653234
7971,-0.016113231202126297,-0.082417181394505656
7972,-0.19279666856289329,-0.19497152546278532
7973,-0.31977373324745056,-0.072693223530793522
7974,0.054941744010415863,0.079938786521035865
7975,0.34817551863010032,0.021833386292226396
7976,-0.14758339824693797,-0.17555966804411097
7977,-0.044712850905607768,0.0038009853574196978
7978,0.15112470222565477,-0.079657424197576335
7979,0.1488575205055794,-0.016115940422716579
7980,0.2860372731489409,0.17434988110776067
7981,0.058971367331005185,-0.14452377901445956
7982,-0.056287147435381796,-0.10343746445690406
7983,0.16654379593848812,0.029807652592751303
7984,0.13595765880165941,-0.023114469165780697
7985,0.20372459000707838,0.11313557840820393
7986,0.22077449677341512,0.10485419792893308
7987,-0.14061646171048464,0.057989810171848455
7988,0.082326872307863133,0.079549627344349561
7989,0.34538232813977687,0.1662502504414943
7990,0.037559800482951856,-0.11645138088763554
7991,0.092985470162160633,-0.41782574143869722
7992,-0.1201208104347805,0.12752154432619503
7993,-0.29261837295371806,0.40896404349729765
7994,0.072209950268581818,-0.0092278844951651437
7995,-0.22063337271249422,0.016610826557096687
7996,-0.084822935326873669,-0.10237588857506155
7997,0.34326610565768145,-0.22948431376957698
7998,-0.078859043258525413,0.051763544347863767
7999,0.05788385477948766,0.1611780237439322
8000,0.15989571397648911,0.01433348603237139
8001,-0.14419293556962279,-0.16642112262334521
8002,0.016862571216315174,0.006398078519693727
8003,-0.034467468372976318,0.11347748905296198
8004,-0.029608703573309466,0.045327458300264287
8005,0.19555705945637511,0.049512782176502165
8006,0.13818037911214653,-0.082272938579983121
8007,0.070031804977344458,-0.037391926650550633
8008,-0.056620083995293259,0.0086863578083490114
8009,0.10432315822414973,-0.17855412056331474
8010,0.16903133721395547,-0.027757058216526784
8011,-0.050107708708724649,-0.024979437448643248
8012,0.23323257164753466,-0.10927014240814542
8013,0.091687650651386135,-0.058470399382204351
8014,-0.10253758681914621,-0.088448742971821592
8015,0.24240907899065034,-0.014963065568707001
8016,-0.093260361632748007,-0.021019904465848904
8017,-0.38629574067741762,-0.057722208463334493
8018,0.12026203792300701,0.16018822680178341
8019,0.060025068253697161,0.21188303596452981
8020,-0.35531220374529676,-0.036931353448210039
8021,-0.046496900172656674,-0.15115945532873815
8022,0.056524550170504798,0.039955538506497669
8023,-0.036526766491898156,0.060571543363902552
8024,0.21181591632654273,-0.17645334170111091
8025,0.31888023622333933,-0.010483923244334743
8026,0.1886221192753727,0.029525467739085102
8027,0.093916181567333251,-0.23820522238615324
8028,-0.019823705350111923,0.18468024836478245
8029,-0.046794965931648114,0.35459928322533824
8030,-0.094745955843070218,-0.14829527286499575
8031,0.0028578381412469479,-0.19976256148415042
8032,-0.055121207121491871,0.20028452644964054
8033,-0.42043270992521387,0.1037806092092296
8034,-0.27685620576248993,-0.15653511518624186
8035,0.025228109383013661,0.021872718736983592
8036,0.01337806639348446,0.083962881256855984
8037,0.13078583676539765,0.12246887447981361
8038,-0.028261239745989042,0.20717247225527341
8039,-0.24634258209468077,-0.037225328521912439
8040,-0.018181303008859732,-0.20486231926403178
8041,0.061992312117351435,-0.0064818329937830071
8042,0.074159368335549328,0.12930716396534742
8043,0.13700121045196545,-0.033698705494833447
8044,0.04130730617278329,-0.21044762207120576
8045,-0.041305277113023814,-0.065512902237591875
8046,-0.017021525656385046,0.065745763746189886
8047,-0.044319959654531893,0.11537940169791064
8048,-0.050220158428913586,0.083297639838011722
8049,0.092763839841548859,0.12489781403917342
8050,-0.099419190938136809,0.16494705336263601
8051,-0.44362787977868962,-0.020055436764395529
8052,-0.1807604011086226,0.071214236660794378
8053,0.050885913854032537,0.26508687248598606
8054,0.10751997878267094,-0.10275097356970607
8055,0.12987390447148495,-0.073680039502936029
8056,0.016291581919253766,0.10758493451616008
8057,0.17985846616163276,-0.047831382555539717
8058,0.012076572921635401,0.12590993658343003
8059,-0.29871381068139352,0.16350483779216204
8060,-0.024665877522954197,0.019823466657274243
8061,-0.10293522651942605,0.27273059002432937
8062,-0.21808156672416146,0.2096391894359492
8063,0.11098467191997222,-0.061346335627431699
8064,0.01054246880970373,0.06093145735645121
8065,0.090565239047544224,0.13261970793859029
8066,0.14362948429737044,0.01415903243030809
8067,-0.30590472335514668,-0.084181624306486499
8068,0.021825400406647637,-0.165638148835378
8069,0.33704108917186665,-0.076903674860819698
8070,0.15725989605991386,0.15673947254853882
8071,0.28449105658952017,-0.13899842604847623
8072,0.060369740990437473,-0.4476812840051631
8073,-0.049155048333485767,0.038126290577528033
8074,0.28654400219757098,0.39276904772209964
8075,0.025108159673610513,-0.058103275552008719
8076,-0.046325044958828818,-0.18620160926211096
8077,0.055959804272707331,0.067389303506787027
8078,-0.15930012182919392,0.11918915458750776
8079,0.10481581321618394,0.18430797112919584
8080,0.29753152192003274,0.17660718528823263
8081,0.05811724322392537,0.059506340962348095
8082,-0.16345465807263865,0.12694430088619738
8083,-0.13705667692098467,-0.014347114158670665
8084,0.18890035910714284,-0.1199255354335812
8085,0.081881512729464007,0.081895143455357478
8086,-0.01333987566920276,0.048257808445835271
8087,0.03571619498048114,-0.085969595799914894
8088,-0.14019530528125421,-0.12290657402639352
8089,0.044691615267593687,-0.010593920181605879
8090,-0.02427731839176835,0.020625160487042968
8091,-0.17314122626585735,-0.23028916653276341
8092,0.21133162103565367,-0.068600225766379822
8093,0.27242743898720295,0.14409138135572541
8094,0.24808914951126632,0.051001363850927198
8095,0.076156524078540816,0.12084803100279147
8096,-0.26293324953526209,0.12123467498974309
8097,0.092945602971557711,-0.072411337220210911
8098,0.11431451067227208,-0.15323185429795227
8099,-0.25855083007053326,-0.0055789821686038918
8100,-0.13131756166586622,0.13984016331842394
8101,-0.097875770475118834,-0.053933308639520831
8102,-0.061298894128551017,0.1918171273884926
8103,-0.15448172321736375,0.34143785049323416
8104,-0.45121401225268321,-0.13652387944154515
8105,-0.18782437856225004,-0.10048529313310425
8106,-0.10033991164343273,0.10017753147477114
8107,-0.16456018908119269,-0.11848045612533933
8108,-0.14923177975846552,-0.10938098944604892
8109,-0.13580842063919479,0.17424502537032474
8110,0.027587517491337726,0.20740521004858714
8111,-0.089709716559360109,-0.23752672727716306
8112,-0.18253353481827314,-0.099568775478753646
8113,0.0035769817084107258,0.30230665072292828
8114,-0.075981164500687037,0.076043861232344745
8115,-0.19175523746406692,0.11984848613132103
8116,-0.10441219480308492,0.17594360499976977
8117,0.010662855522889356,-0.21743213558336599
8118,0.11404602042554378,-0.15681098342657823
8119,-0.0044339155576290593,-0.33833977036697305
8120,-0.10655684482904969,-0.12155958687772569
8121,-0.20191172167107102,0.37190459476286036
8122,-0.14679870905211501,-0.35442004381060449
8123,0.14784713397428562,-0.60844097438733291
8124,0.17426721496544326,-0.086137346062500605
8125,-0.10389487483915466,0.079373900842702294
8126,0.054674371067356356,0.27013566963154584
8127,0.220527739003157,0.1691247553609079
8128,-0.035751432915435186,-0.00075366963044879408
8129,-0.10159560780597311,0.18660048069064503
8130,0.10915704473159737,-0.021927886645203096
8131,0.017609520970828858,-0.24931803382172202
8132,-0.11114332076660811,-0.17300026668135801
8133,0.15816527663685867,0.0069132533827981121
8134,0.36828191118124903,0.014171589148675751
8135,0.20220824129784121,-0.003589998033313922
8136,0.068541308042843377,0.18846428614141852
8137,-0.010017115098003199,0.029671631483276423
8138,-0.12588969115833251,-0.28108427793580665
8139,-0.25934001162734832,-0.010519069278559449
8140,-0.22694489120836073,0.27591940767719969
8141,-0.14330893708332529,0.11916404096539863
8142,0.13415600419554963,-0.17612446440221752
8143,0.17399503151546272,-0.11695660594647637
8144,-0.060682610876190507,0.15978756059751359
8145,-0.065304528201046458,0.088862989733288766
8146,0.012805212221277913,0.022628304492560987
8147,-0.045921853880431934,0.047155037011337095
8148,0.19175517669507267,-0.16152266755818509
8149,0.27546739587873598,-0.10706976345018404
8150,0.12746849989726769,0.059273810107848171
8151,-0.10133814972566359,-0.1035508100563409
8152,-0.31414228768566738,-0.096012468330417863
8153,-0.13975244590673092,-0.21344913729482798
8154,-0.13711895315666087,0.095595853916885645
8155,-0.18631047341782456,0.37340402367754638
8156,0.10497092507747817,-0.014365096516142678
8157,-0.062467867914323141,-0.020265003855114823
8158,-0.17061249441625112,0.042396698301985045
8159,0.025614199276608365,-0.32011271263748453
8160,-0.16461797295883968,-0.39023714858480241
8161,-0.29669533012618654,-0.12578237890723265
8162,-0.19278686783827828,0.1872957238037227
8163,-0.29506718912502389,0.45892515504208359
8164,-0.10683635447111156,0.13432594684175211
8165,0.028954015312758357,-0.15192322484455109
8166,-0.064331214320126631,0.033081751270538515
8167,0.18082126829820638,0.1437743196983991
8168,0.24344007878111817,0.13204812329140644
8169,-0.011854497558781608,-0.050012594750681094
8170,0.092907579890508254,-0.21735706044701297
8171,0.19421207341092983,-0.046561511656402724
8172,-0.03334530177114578,0.060700333962069371
8173,0.091339556576228526,-0.13619347783420127
8174,0.17743771634708658,0.032167952766749927
8175,-0.16199297267707355,0.21800719160505766
8176,0.096292056196236292,-0.011174797810421092
8177,0.15792249878842021,0.017910060903089227
8178,-0.22358519239683028,0.13891398090880663
8179,0.051981428508829412,0.11669150977671222
8180,0.072187735135113867,-0.059804714078399164
8181,-0.25886585136034723,-0.16897171751431245
8182,-0.29046602323997867,-0.082924104877333982
8183,-0.23576525522042555,-0.20874793861274243
8184,-0.075187900340114369,-0.18674698956245259
8185,-0.019559778168939369,0.23365761985725114
8186,-0.016887360927950672,0.15650478697070613
8187,0.028391416000761855,-0.18864098559058434
8188,-0.012889566569199989,-0.041997826401832639
8189,-0.0505460108572936,0.042956062962488821
8190,-0.26636940137107656,-0.12395532951035325
8191,-0.30014187701907441,-0.18606077369297755
8192,0.076749784788471553,0.034762501183261831
8193,0.069596531753325017,0.053605437633445358
8194,-0.06425980930940961,-0.19077667202844828
8195,0.025375967912029014,-0.029621055161269547
8196,-0.085303611803295931,0.067838895501579261
8197,-0.20718723795655308,-0.11811688130971768
8198,-0.069528277121360935,-0.012134925469407868
8199,-0.059621224278650665,0.11720961871439595
8200,-0.1599543299566587,-0.046348579114959078
8201,-0.11491418319971633,-0.017460884164373663
8202,-0.049230999327083927,0.042937951894362537
8203,0.043743203078307848,-0.051374421005972684
8204,0.045764431984768178,-0.0013291496813869486
8205,0.067418176362103621,-0.056133861701223163
8206,0.099635730126258648,-0.063514755429147168
8207,0.074860779295297733,0.20456266712879101
8208,-0.030017849971609424,0.13416633621426502
8209,-0.053710055320448515,0.17546015507651544
8210,-0.15164233489472392,0.34672274921179558
8211,0.043663143003619412,0.12626693103586306
8212,0.15245867852630043,0.1858024586424438
8213,0.066014148465475389,0.17985230063845653
8214,0.23936119261303326,-0.07473919635662038
8215,0.085606736856458088,0.015324080976479616
8216,-0.13769273195295986,-0.071826110357241055
8217,-0.027392220115125702,0.038593891057055074
8218,0.022428100551217071,0.06156254326933551
8219,0.04690869133395402,-0.051742921724136651
8220,-0.010219662540319934,0.00073076564512194325
8221,-0.093239503794108919,-0.11400384296433688
8222,-0.068390950997879701,-0.13837733191232196
8223,-0.045887879127271547,-0.06121347652671686
8224,0.12408571200039917,-0.028445517298857245
8225,0.07979761080143824,0.14428053366217161
8226,-0.148830881295683,-0.023807888405344754
8227,-0.25069697278290887,0.12407640133370078
8228,-0.063516942944686933,0.2291182941988987
8229,0.078471166729320529,-0.32198101761314479
8230,-0.069449205155794169,0.023209436274489997
8231,-0.01648385774883368,0.36080763608161492
8232,0.14120324306887094,-0.1141996995229892
8233,-0.028874629486581399,-0.0492382177965155
8234,0.099342032539246755,0.17414006716405078
8235,0.032251720356267603,0.14511180659690287
8236,-0.15336622708984371,0.28115964737151011
8237,0.12672485665124836,0.089657598089796578
8238,0.10371688236181507,-0.049540410608478636
8239,-0.047481014162005716,0.18669127723988754
8240,0.022417459854478333,0.13593196360398976
8241,-0.12588316127017438,0.22086486063918315
8242,-0.11268822388392552,0.20839797431267132
8243,-0.047808769901973726,-0.12245200436725769
8244,-0.087451241845983407,0.11209515256298332
8245,-0.10571537976756461,0.3569194624740572
8246,0.11680703900578945,0.07085738974013317
8247,0.38936132681764757,0.097173894779919889
8248,-0.12921756842251508,-0.084754174155753648
8249,-0.37763073036207806,-0.3137006673331531
8250,-0.00055242782498333975,0.10145027684656924
8251,-0.022666573004181269,-0.17961564754605891
8252,0.054656137628968461,-0.079467504768842206
8253,0.2103374476855564,0.35554718551020542
8254,-0.030578267574255184,-0.067627969186913994
8255,-0.12688680647317663,0.019489866873051886
8256,0.016672669209452394,0.13753227274640789
8257,0.1451997224671597,-0.14202820772601826
8258,-0.049238098037056366,0.038776255672275189
8259,-0.1201377522794332,-0.026742980846170338
8260,-0.036056178928970888,-0.049904392149171965
8261,-0.053700217446599578,0.15189033746308872
8262,-0.044016293215245875,0.10873859222228957
8263,0.080011561141956067,-0.015717265162025811
8264,0.026689060972666729,0.0020908136558712292
8265,-0.22264625987359032,0.074136862755175864
8266,0.0099325182326730627,-0.042940835669674118
8267,0.21159111786215476,-0.0051132950501736139
8268,-0.14145319394943354,0.042300436912632092
8269,0.031574433567862707,0.025543620215772708
8270,0.22970518857796765,-0.028978697737903087
8271,-0.012807442935180673,-0.0089454806878996353
8272,-0.089150229858809826,-0.1280184633842508
8273,0.04505199296423576,-0.28185991408491951
8274,0.17858817536386409,0.029308049526567761
8275,-0.10079080424242293,0.22757988702156517
8276,-0.050419339141258276,-0.11452034545168381
8277,0.14939098415759675,-0.025191041635673303
8278,-0.29959051318579338,0.16487268614055794
8279,-0.30957187607163028,-0.050064565823955576
8280,0.092855812049326469,-0.040792952855397968
8281,-0.10221976414886746,-0.023487440714123186
8282,-0.1088184554670929,0.018552321950037413
8283,0.087867714699522426,0.34647514480383929
8284,0.14989641980915799,0.37978801465924972
8285,0.095867233545478076,0.051575913806859726
8286,-0.10359478183360332,-0.089708063634987803
8287,-0.010011218431127965,0.091418870894451984
8288,0.11308326723661533,0.0042707009528490754
8289,0.10788316177850223,0.12927688091758027
8290,0.035051698589821288,0.34149975525940723
8291,-0.23691703153818588,0.14330994161843452
8292,-0.081261168458618235,0.21921535396928338
8293,0.11371501336314509,0.17458756589934588
8294,0.059782145739291394,-0.24663461323209787
8295,0.084567661923575801,-0.12550760732506827
8296,-0.043564241313438778,-0.081976922078664638
8297,-0.16177407169973571,-0.11851378152889626
8298,0.13737863878566292,-0.080396349111822668
8299,0.11671303162492465,-0.059171237313979698
8300,-0.024156250508491833,0.099006802284698908
8301,-0.078465354735117787,0.23926815943095328
8302,-0.16923972382629404,0.2009130176999058
8303,-0.16879660211704409,0.19112585657197342
8304,0.020632668262313702,0.044326647798864707
8305,-0.0028186988924354464,0.061158039377229398
8306,0.047148575442457416,0.015670344176487157
8307,0.16498370999745723,-0.07320605895683284
8308,0.036285810109647654,0.27802008749095913
8309,0.093208528543629765,0.16000832265579698
8310,0.20166847778131139,-0.12687533604590917
8311,-0.012651850075561227,0.071618808053269117
8312,-0.29986387147076493,0.087774610123031005
8313,-0.2440087436133781,-0.010520646762534877
8314,0.015494879751965812,0.080685294696445684
8315,0.10037853559909767,-0.18785229691085834
8316,0.25849958065957962,-0.28187880566867379
8317,0.18577213251771685,0.15005064602938964
8318,-0.10974783972918001,0.026795192758654902
8319,0.14356705363630387,-0.0094908171959601807
8320,0.18966528652776526,0.017059671140856048
8321,0.038441542386079233,-0.10757915856358788
8322,0.23854236388625297,0.14193686869068242
8323,0.22642700443633593,0.11233473403966446
8324,0.16024126055350757,-0.18218359898730352
8325,-0.027140537545253883,0.15295119087931602
8326,-0.1016397742636721,0.17656216610299091
8327,0.32711355333373832,-0.0083042808221450194
8328,0.22399536721963598,0.065585533111760436
8329,0.0085876631142662724,-0.0098254127132718985
8330,-0.13520587301898229,0.18161404566968442
8331,-0.37490043569932552,0.14958988828838662
8332,0.013173665066133336,-0.22640923844017483
8333,0.071468605629578075,-0.31135392045472171
8334,-0.032555180445074779,-0.20245472447897828
8335,0.18267463217114605,0.071525387294124429
8336,-0.17936913715666541,0.00033687378616375184
8337,-0.23159255150910896,0.046944041880700914
8338,-0.039478378038818589,0.30417954152766169
8339,0.0049879419147917867,0.0086182669638816996
8340,0.15392342074041501,-0.053211741113351252
8341,-0.031508234570559873,-0.12399941987789381
8342,-0.0094402570029959408,-0.44811267716589359
8343,0.053780961675989759,-0.11277228804662214
8344,-0.37549224270817366,0.098987354104456748
8345,-0.1878993979050472,0.063079384029539845
8346,-0.011187283136199835,0.094063916129369984
8347,-0.081709082944046274,-0.18784502696878302
8348,0.058698321117515037,-0.042494209038901137
8349,-0.030542923262789849,0.14581581658355383
8350,-0.044753102004168197,0.019639490085558833
8351,0.072994135599150967,0.095911553460529042
8352,0.15445757484471695,-0.036222122254502338
8353,0.36301573027029321,-0.21761831945925389
8354,0.1287720862917564,-0.1100383751062269
8355,-0.17829689601768706,0.03968496275115635
8356,-0.037847723641659364,0.087871407126010645
8357,-0.11471867560592544,0.15589008640925681
8358,0.029145838948056883,0.27625264730120047
8359,0.37351866768872766,0.38115743377088679
8360,0.020772282492616888,0.27443607050480556
8361,-0.22540582337611667,0.14022813603327586
8362,0.16112347817846423,0.05337587045143756
8363,0.11527513347202366,-0.15406483942208909
8364,0.11323592502264998,-0.094904178404921199
8365,0.18823720018134166,0.16576437561824792
8366,-0.15274549581645833,0.22603562865567578
8367,0.058847410904563836,0.038847520305353989
8368,0.26079766007654687,-0.038356738839492047
8369,-0.067874999298747601,-0.090744581960431878
8370,0.039621620563260324,-0.20144965010872276
8371,-0.014904920778400839,-0.10871138016232902
8372,-0.18757926019636889,0.13082061788507252
8373,-0.062756495378130356,0.025563711755654788
8374,-0.053709314672181374,-0.0051357927074147623
8375,0.059169755946360897,0.28591927182913568
8376,0.2020277893625225,0.17275543680568628
8377,0.030422306568686976,0.10462855500865959
8378,0.19660417544778208,0.14615139118714054
8379,0.22761317777361031,-0.076643908006461814
8380,-0.25887766117540878,-0.04518233040435593
8381,-0.054480959455280725,-0.10868329543912532
8382,0.33554960800972172,-0.28273513860810778
8383,-0.095038728508745937,-0.089108519659108612
8384,-0.40550836883160629,-0.089963320385430576
8385,-0.069403740732983887,-0.13630837796546635
8386,0.3765603907673033,-0.12260330621353417
8387,0.19790549894791193,-0.19560402809545241
8388,-0.39839116371541927,0.066841414749690589
8389,0.030448188960559036,-0.0087868740887006823
8390,0.29693099177879179,-0.16258564284456054
8391,0.13947520420003282,0.23284954795992452
8392,0.23970466764750212,0.29106953457268797
8393,-0.17513385285663002,-0.067232496093186184
8394,-0.23746720268337895,0.032961699918307996
8395,0.26762840604998955,0.1943235138763576
8396,0.026728648278563704,0.12750629524928364
8397,-0.16864035776760575,0.10014438970170748
8398,-0.093731674635278511,-0.11754293517511469
8399,-0.022153904896215527,-0.12765866100077208
8400,0.087078091976160538,0.22080221028998853
8401,-0.11499077087017033,0.11773118440607941
8402,-0.042895325504163008,0.035705203602237279
8403,0.096129593689872089,0.06796948322573497
8404,-0.077840039285451385,-0.13541507784329254
8405,-0.10710932136684141,0.030648382193764569
8406,-0.12247613776330976,0.094735177704260556
8407,0.014581684235488831,-0.13328042225882231
8408,0.14710721867823806,-0.017252489442875718
8409,0.037404816419446991,0.14894673811953626
8410,0.14841352417242976,0.031928882597385598
8411,0.04754147034980314,-0.23063408633526558
8412,-0.21154475738076156,-0.25502262999012759
8413,-0.14367908921101891,-0.14805540316499788
8414,0.1684490739006376,-0.24070051675535084
8415,0.043659692903551664,-0.031539149594885817
8416,-0.31535876372302091,0.31242797223146185
8417,-0.18869274768275074,0.27942656326460336
8418,-0.054866289792965026,0.077433681732735848
8419,-0.15284179648628365,-0.091749832026236294
8420,0.0065825354430822432,-0.055207191087165514
8421,-0.012121284405295725,-0.11309873339150953
8422,-0.21135627445971703,-0.024543032714026036
8423,-0.20832644904592656,0.348064434057622
8424,0.0021115243360950806,0.11845960831724309
8425,0.088293984617691987,0.011175634275638845
8426,-0.099894338183058082,0.34805915296424061
8427,-0.042501590923761226,0.0072615387011666539
8428,0.119731432053108,-0.10932523527661134
8429,0.016925726047835918,0.07973596148454927
8430,0.010531993553838964,0.17975702228318802
8431,-0.077917351960340775,-0.068660172618544651
8432,-0.094314639802486749,-0.23462785185184254
8433,-0.1290750705827102,0.18722631822792754
8434,-0.16174162278705945,-0.044506546790157246
8435,0.15523582622240742,-0.40146003421618937
8436,0.11859760962669536,0.10313094754651708
8437,-0.20728750041310215,-0.072782226983538131
8438,-0.22876971345469482,-0.13422844963615294
8439,-0.0012622352885031923,0.38260262401040512
8440,0.2739218617310139,0.058933756175356136
8441,0.059441538970405848,-0.031834142579343402
8442,-0.27959834611647044,0.035633814901031791
8443,-0.09102176630910519,-0.1159701689829164
8444,-0.046383724487530642,-0.046342787076388905
8445,0.080964275672493521,-0.0082516908644301064
8446,0.26517019624756594,0.00016341789788126143
8447,0.039358267355699604,0.063247054123166113
8448,-0.17412428826740206,0.082523356992478231
8449,-0.21090694730343659,-0.041455077407117499
8450,-0.15651914811267062,-0.14830687483042906
8451,0.017304853807331391,0.10183457290461047
8452,0.048320706291548728,0.067413540576895359
8453,0.024900093344013982,-0.15859041875190882
8454,0.2011534153199451,0.0594091645321932
8455,0.2127912421579464,0.2138238102337254
8456,0.0041022740399726393,0.057235771182343007
8457,-0.087027355865666817,-0.024637706907575371
8458,0.032706097094566941,0.0030647194185497127
8459,0.051969967915999948,0.1218110407584323
8460,0.039199983569090074,-0.0055735456679570812
8461,-0.14206362418532367,-0.17843132439086529
8462,-0.10931684474502248,-0.10769164352660479
8463,0.052613429685576633,-0.3127419188811752
8464,-0.081262071226094384,-0.2019154606788568
8465,0.072227522646585857,0.08531885080067729
8466,0.18268958636158536,-0.15804078240595007
8467,0.056806188385644968,-0.11758991321667855
8468,0.22748425514820372,0.20790870984310231
8469,0.07793255885774418,-0.025224265145173022
8470,-0.078084636146195804,0.042961300003555081
8471,0.04041580801383382,0.35911296943600429
8472,-0.24233306961706125,0.090378928998490288
8473,-0.20733828476725172,0.03812699748040059
8474,0.032515350803847695,0.14188149007076906
8475,-0.21958060953027533,0.06773025314247702
8476,-0.07048961828431427,0.10133336598035479
8477,0.21054810904113541,-0.036108338714916331
8478,-0.15633147377940323,-0.15174613809660978
8479,-0.35660677572807037,0.31609230686588041
8480,0.057355976948331097,0.31187463392542458
8481,0.29671737920494562,-0.16328669249120456
8482,-0.01712095225997173,-0.060775927728502779
8483,-0.25796300038802217,-0.002323810394599269
8484,-0.063564548643704116,-0.26788071660043172
8485,-0.013215515123383266,-0.0066457382585261588
8486,-0.088091447728932251,0.22577513798913101
8487,0.064000378091417523,-0.14261676222881522
8488,0.11676633374899703,0.14391124558164664
8489,0.062544206545857184,0.20495945273043847
8490,-0.04245590461741712,-0.21203938775608039
8491,0.11975953945517206,-0.010900881734256154
8492,0.25085236454985421,-0.070482838961679964
8493,0.12411067056638965,-0.43145233467518551
8494,-0.12682037099764332,0.021600187993027872
8495,-0.24288417942278934,0.088373264463544321
8496,-0.055334686046031922,-0.28410763742741912
8497,-0.039847408838548586,-0.12363376456857064
8498,-0.18320919702071323,-0.21197206409912039
8499,0.02643394291658956,-0.05670583709317293
8500,0.029451654539871159,0.079016683925707668
8501,-0.12971178377078099,-0.2767718322173538
8502,-0.091167839325976024,-0.13613821129558973
8503,-0.23789509903681968,0.17214232379303782
8504,-0.19020858893503745,-0.051675123948506055
8505,-0.073444260096021813,-0.11596749623183134
8506,-0.26228728920136468,0.0097902288874946071
8507,-0.060335739245970972,-0.1030373231456047
8508,0.1287235155219966,-0.34296655975993456
8509,0.095679370875555877,-0.29833617838246146
8510,0.096008311602823526,0.084709599309331474
8511,0.018587974417851448,-0.069422485015657676
8512,0.074975775313742193,-0.26848960129149779
8513,0.2214362083306069,0.033415355773053934
8514,0.13781924614004198,0.076449936868333276
8515,0.071169362419169796,-0.058394333973971806
8516,-0.056467231299234727,-0.027938221844431965
8517,-0.16595611412800199,-0.051842036845363509
8518,-0.094291268322167401,-0.020967982361441879
8519,0.017269170009363503,0.093695740556633655
8520,-0.024397387489748051,0.050665107988686411
8521,-0.035515140805274986,-0.25649186372018884
8522,0.014210120199207759,0.0090127787952184388
8523,0.015360848424691851,0.21763414998334096
8524,-0.072914292905416955,-0.13491895806894766
8525,-0.011007325504971526,0.030364974669255768
8526,0.026126720104777075,0.22980891539238488
8527,-0.032708410703372943,0.0072578051237817418
8528,0.085512634040348631,-0.093759182414254044
8529,0.31835702494645485,0.050600565444876289
8530,-0.018124614107835987,0.17975301919717515
8531,-0.2393897951747091,-0.083829080130658734
8532,0.15021849371227969,-0.057937261319636821
8533,0.04363851106075993,0.15868849968189677
8534,-0.13001440081104484,-0.3155734171040761
8535,0.094288146215075821,-0.32458413709854639
8536,0.053830556803058781,0.084218160507807421
8537,0.0014814454938522001,-0.1021402931160101
8538,-0.01554405284993195,-0.099494634194877168
8539,-0.33646549738285053,0.08605113213609529
8540,-0.38171551452226204,0.17495381330576143
8541,-0.029834130836530456,0.11919655488888808
8542,0.060494260802596553,-0.083580409166902014
8543,-0.090790170160813061,-0.006742822793875094
8544,0.0022109998285712593,0.11818761001937715
8545,-0.10938625985230441,0.11641733362635054
8546,-0.34284811630125922,0.040033519991598751
8547,-0.14660507536922843,-0.24200483688957089
8548,-0.20292766088407721,-0.058315599853564486
8549,-0.1179243906509818,0.021841775037138782
8550,-0.19543304404447406,-0.10731781955397525
8551,-0.1016614796033682,0.062355958065132971
8552,-0.051184172621763391,0.19487667847153753
8553,-0.22183219945231364,0.10063892367782298
8554,-0.091687521342761868,-0.024466444299593968
8555,0.34409229403102437,0.014347449428019968
8556,0.050990191506613144,0.099494744561887394
8557,-0.20352121353506933,0.084302157220772445
8558,-0.066372765980935611,0.23421751257152504
8559,-0.12272001144063403,0.2043094432923884
8560,0.31453624619119991,-0.096045560635836122
8561,0.19386496726587213,0.0059043494721800231
8562,-0.54337550650053146,-0.010050769043753887
8563,-0.07867494022835389,-0.13192302674772055
8564,0.28351954865261736,0.096631183556221967
8565,-0.19704948338713196,0.16007203839813222
8566,-0.077108964044207071,0.079856195236916741
8567,0.32057540902593146,0.068895278600979687
8568,0.12945354283290159,0.1470180400235678
8569,-0.00042141140049838099,0.0267145153131862
8570,0.21946369016852399,-0.19557500163626373
8571,0.1040518722831995,0.015760715680091832
8572,-0.083051650161247034,0.12131852307743612
8573,-0.044198063040440994,0.12712967115174145
8574,-0.23365081509116614,0.060623411137209857
8575,-0.25453746474236949,0.060510375559203175
8576,-0.014305114609680012,0.11300389311600105
8577,0.0089764008677857762,-0.067369753849589598
8578,0.089145277007611851,0.023883365841755544
8579,0.15142231735682499,0.17143954705308023
8580,0.18226298811043562,-0.073406381636494294
8581,0.011102172409965728,0.1495151738864258
8582,-0.065004845364793437,0.23327987682932694
8583,0.18257569195436263,-0.13914268388003836
8584,-0.14503351149047905,-0.14256911710480502
8585,-0.39464844465067517,-0.0083500952278907151
8586,-0.067897825610075999,0.18397013763700137
8587,-0.057486638823888582,0.20483674487741238
8588,-0.010225270570727911,-0.0134396268965516
8589,0.11774213762451517,0.039447469093330259
8590,0.15885108027963746,0.15963936764296158
8591,0.23489157719623141,0.083504206897729333
8592,0.016848662565069093,-0.017518830920268843
8593,-0.13319153020412713,0.12959378919428241
8594,-0.12204900989321163,0.38753759731608317
8595,0.076160859212867082,-0.0007535758584318545
8596,-0.0065356479177230194,-0.12060470245571264
8597,-0.41752576543337583,0.096749820489940089
8598,-0.1693858249862614,0.035058043975295647
8599,0.18583094431845232,0.031802920450832911
8600,0.068250521772830572,0.23495066567886
8601,0.10676046150703669,0.36407879531579873
8602,-0.13422553988540709,0.050806258851735328
8603,-0.34297853949688523,-0.29763590027144271
8604,0.012104764683338017,-0.050675651030015215
8605,0.23027578334750748,-0.03708281934147635
8606,0.18916900085354965,-0.064713751699271599
8607,0.07808858598990169,-0.022096350554967857
8608,-0.079691767391379759,-0.04033402998642497
8609,-0.21928546376494956,0.092302042971857901
8610,-0.2142143684656678,-0.077849166132479344
8611,-0.057592633285137425,-0.42998711618172103
8612,0.032503491931119809,-0.25108701472800998
8613,-0.17453293285901852,-0.16436647407225383
8614,-0.29289135905082481,-0.165821092995416
8615,0.087041945844631152,0.022305904413396305
8616,0.2698613739703144,0.17124813826002455
8617,0.091116869234751749,0.12919303886259442
8618,0.16431376624881938,0.14550612952911857
8619,0.098302190544756557,0.28748128421334501
8620,0.059380187744802422,0.28688978451626335
8621,0.30305372894123417,0.14554531520632027
8622,0.288316725786393,-0.056292196693211616
8623,0.17257012233982741,-0.22790121691954118
8624,-0.021086054354997941,-0.10220644623636364
8625,-0.24057984256618889,0.13466373587592156
8626,-0.12149464421652546,-0.054153763720080184
8627,-0.011547323025428442,0.013953125617089343
8628,0.19716945347372919,0.40260761205662704
8629,0.24488221739532848,0.21238849223605474
8630,0.0081918051597368452,-0.036093634308534454
8631,0.026393561084985473,0.073155774424297298
8632,-0.10745659189718179,-0.26460590868344258
8633,-0.1215521798178161,-0.21790773392549778
8634,0.1016226668243691,0.26363947690064543
8635,0.13495106997543274,-0.0094491175748286603
8636,-0.05567836337733334,-0.095687310099328057
8637,-0.1396090011494201,0.031622973059010427
8638,0.13994721442519584,-0.10716762629664993
8639,0.15833212888271303,0.052660943007419414
8640,-0.42790141577686136,-0.18626892072238366
8641,-0.16924604254964298,-0.22145423976023057
8642,0.080765500596922946,0.13925827340147187
8643,-0.35265436100345787,-0.15333689774834025
8644,-0.074498846608799421,-0.095507352082239441
8645,0.25858118201431024,0.29395446289900135
8646,-0.12372429954390315,0.072768558591424837
8647,-0.068381713992762536,0.10463507381605874
8648,0.082847604387727869,0.08161890671410231
8649,-0.28958507262039895,0.038398983900058907
8650,-0.37957061892167632,-0.036471968962733449
8651,-0.19453277874944314,-0.12334485022057359
8652,-0.079244955772831027,0.13592640874126652
8653,-0.047196875767560487,0.042847594601093775
8654,-0.19678434312356052,-0.069367711533746199
8655,-0.16632885929418223,0.096081362308178347
8656,0.18420152834930703,-0.17621699387917705
8657,-0.045671885551120874,-0.24147471588415087
8658,-0.26586320891312193,0.032422302987095059
8659,0.14027121266710607,0.042300732267505081
8660,0.090182317484493069,0.12538997376010927
8661,-0.030972762109346449,0.20213040371493327
8662,0.0057913843529742368,0.092303042488672882
8663,-0.15862848649327368,-0.020346314972311375
8664,-0.19888826171617127,0.037914742824017855
8665,0.077893378546519662,0.13216813096288904
8666,0.085064918576066503,-0.12154787572456162
8667,-0.096019004583703271,-0.20128267041590697
8668,-0.086883372983558665,0.017565060487050567
8669,0.092700931266393144,0.016513142782923589
8670,0.098437401976890215,0.15067219372054264
8671,0.044612764388256759,0.0014263330031887636
8672,0.066972366612986542,-0.21948975401176873
8673,-0.052442361042261146,-0.010472854631238818
8674,-0.11298288727536342,0.015883690054056519
8675,0.055827489121762983,0.10345972819794713
8676,-0.018888589062878307,0.070494630191726498
8677,0.021592275780945046,-0.23397854760502362
8678,0.33354702664633157,-0.094879279026263141
8679,0.079958348850565047,0.0056031809198578281
8680,-0.16374519806483709,-0.21964168396319422
8681,0.048105885519881972,0.044853161837189959
8682,-0.057072321331899795,0.021332389983003471
8683,-0.32731451969011099,-0.10044219729254
8684,-0.039974332715112137,-0.021703447254408301
8685,0.054584251585466828,-0.18083379484774964
8686,-0.086903031768415434,-0.11093399067852898
8687,0.053916476267145699,-0.029346266730681921
8688,-0.070025437207256902,0.033512105965624039
8689,-0.22481632460580633,0.22116923379615439
8690,0.1192370320247815,-0.01298565763804849
8691,0.16997250289679786,-0.062333980854358685
8692,0.14620840554553111,0.21324460772752613
8693,0.08453470219383015,0.25141381901380905
8694,-0.0031936942744281403,0.26676603657735526
8695,0.17887029398473794,0.37060379719057812
8696,-0.037004411157057222,0.23104416166922848
8697,-0.17106323370739776,-0.056603929114160872
8698,0.42400165150589303,-0.072050462461110895
8699,0.11739246907284998,0.0047526017578796527
8700,-0.25266435106437285,0.079080643532451381
8701,0.23353997055393341,0.16482038710700678
8702,0.125848461136501,-0.12232242405267925
8703,0.0077368084556787287,-0.11936130793595298
8704,0.04655228938366613,0.16113459987681886
8705,-0.30396785331052723,-0.14167293205608181
8706,-0.086817933310387799,-0.17004311546022444
8707,0.19479100341126487,0.17217171430979331
8708,-0.078140171139632203,-0.058547872675433002
8709,-0.027499174368066523,0.12416723674519994
8710,0.2153573994113214,0.18299178158697785
8711,0.16712333264230469,-0.16609654096940338
8712,0.022090181159894081,0.057112985955130625
8713,-0.051652785835463975,0.1287904124529162
8714,-0.10889903341279941,-0.023573859248341072
8715,0.15814796339490675,0.13160123756641301
8716,0.31301933752793082,-0.019196295062048889
8717,-0.19523849563265358,-0.19196252592124974
8718,-0.28156878277190917,0.04818414995330695
8719,0.10523929158356907,-0.056893608970939709
8720,0.16925736174648626,-0.26395649476749189
8721,0.03241967016127132,0.01844964309416201
8722,0.0057302175526094817,0.1921124293771691
8723,0.034143091214583254,0.017841505464000415
8724,0.11688557854819095,-0.29406543472696817
8725,0.21907146583143094,-0.25397035364916126
8726,0.092307183752238786,0.11005769133942564
8727,-0.042046112845018163,0.029028226095592781
8728,0.24354791204737325,-0.14294163226564485
8729,0.1985111657537918,-0.0046529994007875504
8730,-0.032936429816700252,-0.03752897340776902
8731,0.06434628257894319,-0.02798027441336115
8732,-0.227886291052804,-0.024328425319764167
8733,-0.20144693251561321,-0.10485203383915286
8734,0.1418436998570069,0.013856408102679518
8735,-0.19778459266522341,0.045897038045024784
8736,-0.18030196483978952,0.033178984226485748
8737,-0.043412034942052834,0.074252322938944237
8738,-0.3379193954798107,-0.012817992469511753
8739,-0.016799265767543026,-0.13957605415453336
8740,0.09091227825368127,-0.14846538418235986
8741,-0.16771872806181748,-0.16310307977474989
8742,-0.19609768725211757,0.058833131469991931
8743,-0.20172250421392832,0.032978324415990828
8744,0.15209341741775431,-0.16194967530002036
8745,0.30574534173060514,-0.12312833900628804
8746,0.09004339517967877,-0.0041536342208512086
8747,0.14181896788963655,0.14969911592868002
8748,-0.0072687480653088384,0.0065215736769335085
8749,0.042502040897087451,-0.17296211893005545
8750,0.17962018492121121,0.048943411744134337
8751,-0.12248041378034649,0.057378771337168483
8752,-0.015248257677556049,0.071101246036228985
8753,0.049425356147047642,0.2582652920881453
8754,-0.12731568486292624,0.048404888244023565
8755,0.035074765669235737,-0.045430338790612264
8756,0.010721091602794632,0.043954994889477905
8757,-0.0040563379547819151,-0.045844469219251019
8758,-0.15682487082143176,0.093924522400384292
8759,-0.33594075027687198,0.091786189577667598
8760,0.21214078278676957,-0.0037110066733989314
8761,0.24735013396869929,-0.009357653695966011
8762,-0.1930924602712977,-0.065801034024743882
8763,0.090785623107925525,0.089345623650523176
8764,0.030891716437146437,0.31624585409694772
8765,0.09999368639785787,0.14766533720781572
8766,0.084481407439529241,-0.014173856250050715
8767,-0.25230795793806776,0.021358835535540247
8768,-0.070383582658294808,-0.045358920844222772
8769,0.10002694007030616,-0.34778004827551395
8770,0.016374114388029638,-0.37993764620753151
8771,0.11925788313079866,0.049369910036970485
8772,-0.065231476591799717,0.09484761357362384
8773,-0.033840458445220552,0.035606296879794233
8774,-0.0061827346585175431,0.084446705865998811
8775,0.014504846068443532,-0.00086508730887760281
8776,0.15768615973068528,-0.16907736097297488
8777,0.00036071902922446639,-0.11656345550307276
8778,-0.10347601796018932,0.24585223394448952
8779,-0.07876831105452399,0.21469974037773026
8780,-0.17519554761417111,-0.058202562577995845
8781,0.036099210873404675,0.17228530682821763
8782,0.27399955027167572,-0.078358567321449357
8783,0.25630922321815985,-0.38615277067421966
8784,0.11013874159010004,-0.079073924211008909
8785,-0.16532611252454377,-0.084570822454024988
8786,-0.13124944730751761,-0.13821617619772936
8787,0.18293724304635309,-0.15375103287584307
8788,0.13405066193015586,-0.086738069255452077
8789,-0.16075251663874462,0.12191277919929838
8790,-0.14558495223939877,-0.10372250444456672
8791,0.0053009025200131754,-0.0052005708152315011
8792,0.07416764093273133,0.21263128204810453
8793,-0.021045821847824091,-0.04960571189557654
8794,-0.07790183312413243,-0.058071887828335444
8795,0.024544990268321139,0.1199883203692606
8796,-0.15114731862697425,0.20306845051702668
8797,-0.18193026612884039,0.22741169154395449
8798,-0.13147956993258642,-0.099644202097654788
8799,-0.3351708491172356,-0.13058631273017027
8800,-0.21517061678519361,0.096202543048327482
8801,0.13380053913571002,0.019000194359278695
8802,0.0036061666237444476,-0.050243102927706187
8803,-0.082358388400145852,0.13000558824695396
8804,-0.015007791836685179,0.076743059538170025
8805,-0.014231490355660131,-0.12379043362675361
8806,0.088033665979361214,-0.19147915282826114
8807,-0.054429640668635926,-0.094753444911765267
8808,-0.22245758989365405,-0.024057054245191698
8809,-0.11647278397505059,-0.2229990163566313
8810,0.023473173085192461,-0.12390726632068931
8811,-0.012519240115013604,0.32131220891721152
8812,-0.10825343674567176,0.036372960018898615
8813,-0.072153659496551753,-0.22038399980254347
8814,-0.22375113665057422,-0.093872716872882567
8815,-0.17068147337893094,-0.13328669609393395
8816,0.097244173253677443,0.28562113553583612
8817,-0.00011483646397611805,0.1945591672449504
8818,0.057780371640054784,-0.54966194320365336
8819,0.12445814926962573,-0.078985136839808304
8820,-0.10703720139119322,0.23446704204188829
8821,-0.13042570761811711,-0.22148452500852756
8822,-0.0824478725475635,-0.04134036076044393
8823,-0.081501128362503922,0.28472556545714711
8824,-0.13735794766407322,0.14188824781734943
8825,-0.010875183817531648,0.054895902040989951
8826,0.15587244648154097,0.19657749756994719
8827,0.025217590539862219,0.13575614748078221
8828,-0.13020363924991774,-0.082755128495920385
8829,-0.12782185258373396,-0.060394127151662966
8830,-0.065891573090018724,-0.25366591093232937
8831,-0.03891712432251225,-0.23655498966664301
8832,-0.14095761358677175,0.01148937905806361
8833,0.019110714063862309,0.019848226930321022
8834,-0.0052150928509193083,0.094046122515016137
8835,-0.17914190634880808,0.12972111802495159
8836,0.051218275188188694,0.21113141731472651
8837,0.10051617232504821,-0.063949207434390171
8838,-0.052468607485910285,-0.13361298086827336
8839,0.13697451800926722,0.13287974514940065
8840,0.14000185893225994,0.27118307313207152
8841,-0.052677399159592096,0.02041589225803556
8842,0.1650335895641892,-0.10911518188906232
8843,0.17899077675304867,0.020286047526191436
8844,-0.10386246672112606,-0.025711321089401374
8845,0.13800479682498965,-0.030476955647700574
8846,0.31869333040867875,0.055047127056838022
8847,-0.072740214439203421,-0.030707201681498927
8848,-0.37617577363183136,-0.07100194785127463
8849,-0.16078831226902476,0.22256408585901508
8850,0.059969901553076667,0.083219523242708232
8851,-0.016015957514458098,-0.098262153194319107
8852,-0.20121183851490676,0.047290978881359386
8853,-0.12395667028458626,0.066240958657534862
8854,0.13390476379358374,0.049648823449443394
8855,0.29265610520351926,-0.17028517307960525
8856,0.048581810419306121,-0.19855604759849785
8857,-0.30326158348749083,0.083093522904282041
8858,-0.15795875552425706,0.1407993035225869
8859,-0.16983412290127817,0.17729237395064923
8860,-0.24245575094844218,0.10275079181804658
8861,0.065459962889424905,-0.079539193724394927
8862,0.28165546898655131,-0.088955656110291742
8863,0.18973526583715222,-0.3161399634903953
8864,0.017444753308775093,-0.059970319269545526
8865,-0.060491235868630991,0.16022741498250651
8866,0.036837428818412982,-0.10354902871202347
8867,-0.086980689894630675,0.032249223129333503
8868,-0.041025493961922427,-0.0094625411306166092
8869,0.084165928675722868,-0.38870150965666805
8870,-0.038048223804437238,-0.18422127299406313
8871,0.049423331955255667,0.062444865547428133
8872,0.048129844893542245,-0.14451518936149638
8873,-0.12844593821019198,-0.015331086289009631
8874,-0.19640283324638771,0.10389797106765505
8875,-0.088954903333456042,-0.012925023145692053
8876,0.22196642027831046,0.064342560024762518
8877,0.17114546983921936,0.052722303157876099
8878,0.24027120278070938,-0.14910970711400939
8879,0.19238056869333156,-0.21057917102939805
8880,-0.13153137425664696,-0.024349259325515731
8881,0.059490216601819565,0.19388880311382944
8882,0.055924638240316855,-0.06033889989866538
8883,-0.29377563507398691,-0.2373819911176594
8884,-0.14427361831305438,0.087071090354071901
8885,-0.22780269032368167,-0.1313216932966042
8886,-0.29001055206202642,-0.27427186969711381
8887,-0.056455452900313036,0.050486986382012378
8888,-0.087141211327985524,-0.057850076602188757
8889,0.01784784791158061,0.055714373786604647
8890,0.013505841266949684,0.12989563197157333
8891,-0.1899633919319364,-0.22062730575567258
8892,-0.11713821107589423,-0.089659095003261774
8893,0.13428996068459548,-0.097615952687292271
8894,0.29119602965844277,-0.013801698693744927
8895,0.11664136109544612,0.25797040676594829
8896,-0.073198076155242736,0.1300070833815298
8897,-0.031658228492061596,0.058110376160924092
8898,0.0037420197391732331,0.20243094934235634
8899,-0.0043473645424003428,0.21298309901127363
8900,-0.12558078848842383,0.11162143876115639
8901,-0.12837434454663157,0.29628404769475003
8902,-0.15370479416045496,0.32877480107095419
8903,-0.04695185553210228,-0.16580840213340309
8904,0.062532072500342512,-0.047722524694346541
8905,-0.22216983721861033,0.22867501086259509
8906,-0.10255106472847322,-0.12909165844429224
8907,0.092007649391599888,-0.010766197111587415
8908,-0.16431430736920066,0.12021892022688427
8909,-0.084744072706645468,-0.0014931956154313926
8910,-0.062132472698413849,0.13611424259646673
8911,-0.039247080473495288,0.042707298020148068
8912,0.19746720177233504,-0.034561208180704996
8913,-0.17640699980826652,-0.21139777126096881
8914,-0.26880342378418853,-0.31793517514435643
8915,0.16522684976167187,0.32726288272132309
8916,0.026094669410803691,0.23070075328858325
8917,0.02959665159252409,-0.088169460553705253
8918,0.15929422240458582,0.24928990938058992
8919,0.19318976605056151,-0.0090555046219771545
8920,0.21745907368564329,-0.13931526004675901
8921,0.11396279465872507,0.34819486931376864
8922,0.086401945482402792,0.26447481279051294
8923,-0.015531442476490853,0.02171620109127954
8924,-0.090549714726309294,-0.21794581535896149
8925,0.076704999819483782,-0.45480635796266228
8926,0.013553451220172846,-0.086663370695700334
8927,-0.057830719160968283,0.26366617500177592
8928,0.14721570129633443,0.07909642055778128
8929,0.24172134096242298,-0.047006200630653708
8930,0.095625364744263933,0.18149088897443771
8931,-0.058599864500727475,0.0055787309482612304
8932,0.071632994777324072,0.042870342166168127
8933,0.16462266715672969,0.26755155851333656
8934,-0.041435780425716238,-0.20721989610725872
8935,-0.11776640190928679,-0.31794441214601937
8936,0.078432850327202486,0.023202615805059595
8937,-0.018003665656635356,-0.26377850862596613
8938,-0.15740997417122266,-0.089983816122790702
8939,-0.029057285321837146,0.19304172585480217
8940,-0.04819408041149871,-0.17312567786350624
8941,-0.11081830266943794,-0.045185427842713233
8942,0.12655681165010887,0.047379339865356217
8943,-0.033237034647699545,-0.14337315655947167
8944,-0.26824504632965357,0.0010261392726810103
8945,0.091567867114352233,-0.03749892782582552
8946,0.23703473773842304,-0.099521832452018219
8947,0.033143583906511197,0.1854657533935917
8948,0.085455964032590481,0.1829230577384624
8949,0.040241183737259358,-0.027584531830000116
8950,0.11057845991261006,0.15002386160686623
8951,0.063780723853417737,0.33441334033270287
8952,-0.10107052218077248,0.078433355287521184
8953,0.036642818776186858,-0.14648913968872107
8954,0.094268544811541941,-0.080241548256317061
8955,0.049965919417388191,0.013617260590393527
8956,0.021190622123772863,0.30847260188684372
8957,-0.013646064712295028,0.064263020490159958
8958,0.039600049175570071,-0.24107031133669116
8959,0.1917523258111419,0.15280181969035156
8960,0.18613317579893152,0.13432508328736772
8961,0.25736784946727603,-0.094887886308551703
8962,0.0056659510381155288,-0.015772727708983084
8963,-0.0073344361994758288,-0.032228188630989751
8964,0.38908237904638843,0.068905327818562748
8965,0.32284693942217474,0.10611719475726338
8966,-0.12472932790136744,-0.014839448904202534
8967,-0.052609989613523485,0.010213392303219956
8968,0.16779141895469751,-0.01524219020522919
8969,0.0027074389550717469,0.11361344531627571
8970,-0.039450775469695769,0.022285012402109363
8971,-0.065854900881798253,-0.11685019751711263
8972,-0.34595246263206492,-0.15050992292410903
8973,-0.20472936613926648,-0.23545837487361262
8974,-0.18109047501513781,-0.007738498205752441
8975,-0.22003318746848929,0.10155144558758869
8976,-0.0049282044941129175,-0.17957664150871969
8977,-0.083961515564281955,-0.035209572799984094
8978,0.018907383354538884,0.1750103177245419
8979,0.2321231781410322,-0.035263317777821705
8980,-0.16674845200621355,0.048944875526798208
8981,-0.33088199957789799,0.10501930940178354
8982,-0.16939876049708527,-0.22532127043801711
8983,-0.016095808603826482,-0.19537788367709472
8984,0.053537599647420352,0.016599214583454324
8985,-0.099413474034210705,-0.083177146270366167
8986,0.028417260476727338,-0.012354519046748924
8987,0.018234768657638348,0.04934160637182624
8988,0.037566055030977666,-0.084232213446896118
8989,0.28147413795165227,0.018540378676846367
8990,0.21797976587223949,-0.073982319923292808
8991,0.029468900259105459,-0.17834859453241675
8992,0.12150864243594001,-0.14611016384957018
8993,0.11334873287228571,-0.029421570274140208
8994,-0.044959123173294945,0.30110607340071394
8995,-0.1329803070379931,0.10289432540673003
8996,-0.1836177814347521,-0.24177699175716053
8997,-0.27452883213042401,-0.026602229544772836
8998,-0.16156581397047265,-0.047374553756046364
8999,0.043736393817510995,-0.22303346057482312
9000,0.095267614101483405,-0.14836533261489931
9001,-0.096713582209968868,0.07191642017321162
9002,-0.11442344048127981,0.11424152689934351
9003,-0.0030878029926411921,-0.1191681097545061
9004,0.022929417276990782,-0.14772482353154001
9005,0.26450916239137279,0.086388853914239061
9006,0.2905358229450124,0.23573208091634118
9007,-0.17761583350422477,-0.010965893505630327
9008,-0.13071863492695382,-0.24039629164255144
9009,0.029956181749843339,-0.031772509205110377
9010,-0.106619929122459,-0.070116873078191103
9011,0.061314924595736314,-0.039210001253749321
9012,-0.037180170313713845,0.061923190857764737
9013,-0.089535913162672565,-0.28213826550926974
9014,0.04132032020429343,-0.16788860052878718
9015,-0.13202718465142607,-0.0065633478131319886
9016,-0.020768583187204086,-0.18439261885404265
9017,0.038500312112408425,-0.056980166181943674
9018,-0.12913652297285053,0.020359730656979557
9019,-0.059824050713301595,0.091913333444459372
9020,-0.17158243689536931,0.10194906371602988
9021,-0.073828525894287969,-0.20110496680058843
9022,0.11386541293897688,-0.078820234745407128
9023,0.12226432379926669,-0.077169654865307066
9024,0.27590546192624499,-0.26296494392856834
9025,0.015314508443774431,0.064028532660334619
9026,-0.15553979141501537,0.084858173421155245
9027,0.15022439780681243,0.037777537747300284
9028,0.024496615321598691,0.042338672365183121
9029,-0.15538094972254254,-0.13735037040107362
9030,-0.10735610343738945,-0.030868862942777551
9031,-0.065390211809083637,0.12983270869653468
9032,0.073205768067038782,-0.043109711926125352
9033,-0.029112603260424669,-0.03202048537831146
9034,0.14996773519124801,0.14100965460936307
9035,0.34798678035467345,-0.086974084404960808
9036,-0.22673488191174862,-0.22201091021614414
9037,-0.20862291805574959,0.064476320394381587
9038,0.28452684600478767,0.14996556945247108
9039,-0.096000039246725496,0.077558131726458493
9040,-0.16204175311131924,0.079497542158632042
9041,0.19717555469380593,0.18479344387863519
9042,0.040925294399707213,0.1076715243029526
9043,-0.0056245669446415916,-0.25486637210878649
9044,0.0083446114855702386,-0.50489433776224102
9045,-0.01295087037548614,-0.30540868382397635
9046,-0.012349840803325978,-0.074144279916879788
9047,-0.32094037711664619,0.1129071384475851
9048,-0.13681528115688207,0.26635489550040387
9049,-0.0092734401675054322,0.1637261371689194
9050,-0.2307462304007537,-0.11959735085664132
9051,0.060665101531086646,-0.060020782201069961
9052,-0.073975150711400997,0.15264958430608799
9053,-0.15569843158839575,0.12095597631042618
9054,0.1754012691622632,0.055553431857699426
9055,-0.02939575160930229,-0.011581738651133077
9056,0.00035641610947105898,-0.041544506441932659
9057,0.034595785380771078,-0.041604956254697983
9058,-0.039438954138103229,-0.15291136409843165
9059,0.0978791495741375,0.060148271462595181
9060,-0.063488461321563577,0.042934325581010548
9061,0.17558159540919249,-0.10787146034186931
9062,0.1994670620005074,-0.04026555001199017
9063,-0.19357219149595958,-0.17710726893918677
9064,0.18578684720528732,-0.14625069289763737
9065,0.19125668443972021,-0.20660823035142761
9066,-0.21656272830781592,-0.31884211620219161
9067,0.12669270931884452,-0.049892019516287814
9068,-0.042133844391153585,0.07127613604359033
9069,-0.38672002333082584,-0.057833514864788688
9070,0.12083424218590638,-0.1354317297481549
9071,0.14796741791227819,0.042228979053344162
9072,-0.31425704923542108,0.26958426636841948
9073,-0.063924044858473458,-0.06552721532320388
9074,0.33113108668522295,-0.093437397459423019
9075,0.10756483985752656,-0.048065730975209067
9076,-0.28337770112298744,-0.25490587965068412
9077,-0.19558981874775661,-0.063598295138463962
9078,0.15270836750167149,-0.097361084813862464
9079,0.26532816980196083,-0.35610437095488368
9080,0.096056524525496484,-0.22142371271925543
9081,0.13376924134265505,-0.26015591080009204
9082,0.12491616124698994,-0.093638954929794918
9083,-0.00049465598748607564,0.26629894834549378
9084,-0.15801092722496687,0.14214717365895513
9085,-0.22637773286034357,-0.20971249248115961
9086,0.15068368371587668,-0.11884307389524196
9087,0.45817990723908442,0.1321206412274212
9088,0.14060591462758837,-0.19035939396915916
9089,-0.076000251021403661,-0.40744642463849834
9090,-0.11281798278460667,0.003957314722003823
9091,0.014899556142241538,0.084819474443451101
9092,0.065980215272960968,0.10601741116221772
9093,0.078567674375052507,0.091811103608337441
9094,0.12095083935290069,-0.028119623258860797
9095,-0.097016690450166782,0.13464951890470331
9096,-0.25391509666236795,0.16210422776102096
9097,-0.038206175557129407,-0.062691885259738067
9098,0.10528968613973204,0.18987163365087759
9099,-0.031920218158742401,0.16553190483851035
9100,0.035779432581445995,-0.12586650515687112
9101,0.065972826678214913,0.094119951090971307
9102,-0.059589451872876821,0.32705636445600439
9103,0.023487471180570072,-0.072592256979259681
9104,0.10081372392351035,-0.40807802661725895
9105,-0.21517344648235062,-0.12605914651760172
9106,-0.08160026363037251,0.12068175647577149
9107,0.11981926062406503,-0.0064974061299335108
9108,-0.037806148730444467,-0.19592714672952505
9109,-0.084089871762404095,-0.13274561979191171
9110,-0.050616233465410082,0.12507865134088464
9111,0.15635901470554039,0.27522091217770178
9112,0.18660930221341435,0.03358282698199333
9113,-0.081441282588240224,-0.26334194431861047
9114,-0.14475454132104543,-0.14545587928680315
9115,-0.1452540993166139,-0.15802865577209951
9116,-0.072306062329519166,-0.26514885306795422
9117,0.052035659865698497,0.095716554771469689
9118,0.10709975096642756,0.24278006405366648
9119,0.30063494627109527,0.17829996028059461
9120,0.056236854966896094,0.073339484905618937
9121,-0.19190262331634969,-0.067311842469511302
9122,0.12980364009714443,0.036216375048653646
9123,-0.017812995699634366,-0.075095205838663609
9124,-0.0046034866651323593,-0.020878277164290887
9125,-0.14795245152472611,0.16651455665764087
9126,-0.32755941400470995,-0.10879074883332444
9127,0.070970087513909957,-0.30576807942520889
9128,0.094083853061088546,0.081253946778311881
9129,-0.17067067457964386,0.13465809590854028
9130,-0.034348169040877438,0.10922020344349809
9131,-0.0925641413482583,0.24421852223863807
9132,-0.16248905424836313,-0.030048006189164089
9133,-0.0088157274193725599,-0.3421500238737315
9134,-0.038246700629211643,-0.12714588004658237
9135,-0.080390472692565232,0.029508273932545414
9136,-0.1162476929298316,0.13311562750594669
9137,0.0030046339828612365,0.29218530899151363
9138,0.082397866059645747,0.064923267589572023
9139,-0.16891067979341781,-0.24951648077152078
9140,-0.044007481549473537,-0.038324340043419974
9141,0.29961482111075166,-0.031001345047577639
9142,0.2533823179897865,-0.19790135994307403
9143,0.021866379851765375,-0.14531251670818032
9144,-0.01119246622857621,-0.040647874396034359
9145,-0.07870523726083814,-0.0060914034646632068
9146,-0.19342149905227837,-0.25320073048767155
9147,0.0793319375635472,-0.25127873934957923
9148,0.24283857862887279,0.20937418567652907
9149,-0.032699121876839682,0.099227793830909392
9150,-0.025243726170078015,0.19497177305124119
9151,0.26293355204443702,0.29037671750939092
9152,-0.041768602194461261,-0.10038171416938281
9153,-0.2759760349476601,0.30755342725148332
9154,-0.080368420240967409,0.49731734286928625
9155,-0.092180295510165475,-0.10215755264468986
9156,-0.11675484899496491,0.060618921215819542
9157,0.046969718559900148,0.18991507690457726
9158,0.0087232816021605951,0.027375240358084221
9159,-0.025717227385208145,0.22174977306347493
9160,0.14053865890888248,0.14510822234236245
9161,-0.13078814201695763,0.11390881268968953
9162,-0.19794599200424301,0.049908077726721622
9163,0.051257952960923558,0.032872811394720661
9164,-0.12362029706322665,0.10706496195595057
9165,-0.088983382882465392,0.0079877109161465461
9166,-0.043312635161788744,0.14877373711694794
9167,-0.20283711361897377,0.16696002869539683
9168,0.039205726110011621,-0.10881740833045531
9169,0.13268630244085022,0.062635012015852851
9170,-0.0039362398156885872,-0.013408731137612226
9171,0.031887746018993163,-0.20110347743225801
9172,0.17613313859822899,-0.10593462435071735
9173,0.13060845525841641,0.034916263788495772
9174,-0.15093136310334304,0.24929990293034784
9175,-0.16569338067438594,0.070875716522393134
9176,-0.099789011347449399,-0.19675873223370433
9177,-0.12475909766720296,-0.020889512397350495
9178,0.03652275735906689,0.1710700358757733
9179,-0.18702934991717199,0.040629683873090031
9180,-0.17347766239896356,-0.041445557244511225
9181,0.28746265167479651,0.046862391886523191
9182,0.11637907977683346,-0.19833822642357002
9183,-0.23894750333248788,-0.3205067641472148
9184,-0.15866536387061284,0.17052295491208594
9185,0.093688392606184348,0.19593295702043906
9186,0.18339734677255606,-0.078155128497873566
9187,0.10666327337108458,0.0014914313165732516
9188,0.26747466117917373,-0.024230520809279045
9189,-0.0031920068015722893,-0.050518722509625823
9190,-0.14099322713423967,0.044190117306852433
9191,0.036003881924637243,-0.092895632040947612
9192,-0.1956289948884245,-0.197222605447856
9193,-0.0198288339116518,-0.016419450772158332
9194,0.15980406551576437,0.052966823685430167
9195,-0.17780259770338402,-0.10442927763058638
9196,0.059537132973926446,-0.085242520340862563
9197,0.11108104840818864,0.087684476043351195
9198,-0.03141823731454603,0.068657445551074378
9199,0.075247673930565903,-0.088466905427408205
9200,-0.19606133705139245,-0.18698603119321566
9201,-0.042552248215656729,-0.2702563368382932
9202,0.43483589039420667,-0.41334373642466721
9203,0.15529453788234593,-0.25098377137421196
9204,-0.079380046734564558,0.0080811492549620334
9205,0.03214066099491774,-0.084570105209490362
9206,-0.19914448031205192,0.044920334598616045
9207,-0.11371099270336874,0.1701574674757409
9208,0.19030169845968889,0.12264601082574977
9209,-0.11752183142484385,0.030994837514660069
9210,-0.22873612488473777,-0.23887917002876513
9211,-0.051790052776870543,-0.063376448979887215
9212,-0.10153880375232344,0.057555428221903369
9213,-0.22564182835911961,-0.16327295763973093
9214,-0.21434108101911134,0.096215015375117549
9215,-0.026394911901264577,0.23329503185312123
9216,0.13289377544922099,0.1246028776547715
9217,0.0012927773156777723,-0.040797892379836144
9218,-0.028413384649161978,-0.16838999411443334
9219,-0.0045249477706304185,0.059556688083335731
9220,0.16427857881583977,0.059350334481436985
9221,0.26893693826457188,-0.09937449042846111
9222,-0.12148953434221645,0.072813246756455341
9223,0.006793997848036493,0.20385165080843068
9224,0.127063144523719,0.093075804664867839
9225,-0.17481723230587551,-0.18234844795465793
9226,-0.011096964616015486,-0.16516606950745433
9227,-0.076707158603080472,-0.081522141709145818
9228,-0.084928665571892423,-0.35744273170807206
9229,0.11361489072979056,-0.028297237272353667
9230,-0.18987493798054125,0.20672662722962667
9231,-0.36600413805651649,-0.016982459722674183
9232,-0.063084504998725727,0.22848567652602947
9233,0.06554276760162403,0.26606446733249689
9234,-0.081224623262447906,-0.040881442838227137
9235,0.028237317995721569,-0.082223472789486357
9236,0.13841398174204539,0.080105789143968931
9237,-0.12088203596722411,0.21816737011147522
9238,-0.16764004921625536,-0.0018633276107004604
9239,-0.013171458951083945,-0.057626181375990147
9240,-0.10854894013898364,0.23918812577904777
9241,-0.032452942122699044,0.14906217348577264
9242,-0.013082098150964543,-0.030242692485135864
9243,0.018635769442193612,-0.10875693152009171
9244,-0.051770849689717964,-0.21867678889219916
9245,-0.042837674051438873,-0.10650208174223016
9246,0.14416579023007398,0.0025158501012551961
9247,-0.25809730735325193,-0.3145538478605383
9248,-0.14780277289382801,-0.16911465474825044
9249,0.41992720816031132,0.21326890821589869
9250,0.070354959256058086,0.025694390823564915
9251,-0.21903228850197823,0.085637865387026085
9252,-0.086012017161471319,0.069309836987909906
9253,0.0350367356919771,-0.20199164356999144
9254,0.02943085534123838,-0.072826007793092784
9255,-0.158368797645698,0.0047825862674321078
9256,0.13729806151443297,-0.049421286855602355
9257,0.19627312944014785,-0.12363793091615453
9258,-0.11841880310745674,-0.39837775253475782
9259,-0.10801959224376112,-0.23376716263442057
9260,-0.039842544941247247,0.025835602254378372
9261,0.12156080332146564,0.045706368724063737
9262,0.1730079140162108,-0.10603945729700422
9263,-0.083958500507867836,-0.25117152780133545
9264,-0.065328146887472113,0.054629183305382641
9265,0.072730121763813271,0.067927532241860517
9266,0.14710816213826738,-0.16234140830024379
9267,0.21111733145689959,0.11635872179445358
9268,0.032444036723149015,-0.15226495266184528
9269,-0.093271515772757996,-0.14929603507347392
9270,-0.27127841043803158,0.16758172294651905
9271,-0.18394944041399658,-0.17766017792499347
9272,0.051247487970048987,-0.02009978671054519
9273,-0.029048082871643618,0.16059635534552916
9274,-0.13449907838365188,-0.022339242887884032
9275,-0.17733031041250888,0.029280268193022783
9276,0.011405040268624152,-0.0062211290277221498
9277,0.10613083602079508,0.043019455693533611
9278,-0.20117998311485474,0.022923145008911822
9279,0.045941026187910891,-0.32157555863932191
9280,0.22317410570891144,-0.14491495676699648
9281,-0.065159563755785632,0.096900104954921185
9282,-0.10175243521159145,-0.017894381715288576
9283,-0.14097091050019125,-0.039103047919785923
9284,-0.17329606551246199,-0.012366650721788459
9285,0.037519583396080532,0.067710808520141455
9286,0.058962590355181907,0.14430584339602695
9287,-0.067355713664436115,0.12756637132213267
9288,-0.041606095573509042,-0.024780772153747497
9289,-0.17655116550807537,-0.11275878835941511
9290,-0.27012037788893167,0.02162632011127473
9291,-0.095438681549235599,0.022842787927546033
9292,0.051406769236164399,-0.14436651668714123
9293,0.095733188859681809,-0.023324551799412948
9294,0.035176151042222201,0.068873550479051138
9295,0.085917815735753106,-0.060927201573436535
9296,0.032719115054192428,0.12259432151786934
9297,-0.098259832528537594,0.11741491207735089
9298,-0.044228712621863474,-0.10469803072055789
9299,0.035510683642155039,0.034604027082378072
9300,-0.065930438462668634,-0.036496429812550343
9301,-0.065899817094017876,-0.23315083034096265
9302,-0.092155592038695222,0.06900731940385009
9303,-0.020284536227794723,0.24916882381402147
9304,-0.095141682682830228,0.18558866972684013
9305,-0.11762827663901194,0.16169917681032464
9306,0.21978434021304954,0.14122156132911534
9307,0.20162281540460161,0.25929407690506834
9308,0.10728767055214608,0.13913294090216757
9309,0.0576983706827374,0.017525013784456769
9310,-0.34293305228051696,0.26677929436438347
9311,-0.083249343280510577,0.057427753918983505
9312,0.2154028670829789,-0.089432489103853277
9313,-0.051767005988078985,0.38464952241382622
9314,-0.028262425972263795,0.14650866412935953
9315,-0.029417389094093881,-0.17811650581961286
9316,-0.10655346298557865,0.018992719489921907
9317,0.21307292656399562,-0.16850859519694827
9318,-0.14835772986313303,-0.19135472249282437
9319,-0.41592062859379803,-0.03749656287555854
9320,0.13741870457984365,-0.28859426226533713
9321,0.18094840051236144,0.12994424798272847
9322,-0.10038742348191798,0.4452861559329106
9323,0.056086292951752659,-0.18456410618632485
9324,-0.091643377870342824,-0.090449223042721211
9325,-0.37822744639149358,0.15241064831927903
9326,-0.28085604172106049,-0.12910754801361954
9327,-0.085094230449632866,-0.18898526437789287
9328,0.050827327631341589,-0.11008634619534721
9329,0.085269450454637102,0.0097062542230522859
9330,0.15795985078032004,0.10626312396110575
9331,0.11902655488926615,-0.093051843355946365
9332,-0.076078911010332623,0.10631735977422976
9333,-0.23174946468037791,0.22980977304449179
9334,-0.079652766088458574,0.12710001346215835
9335,-0.022193779619647785,0.20254260124935991
9336,-0.21444574106955747,0.27097895852365195
9337,-0.14469597629474554,0.018506281580620308
9338,0.14269410995284826,-0.024600144236150364
9339,-0.011201765892081356,-0.10933219557022851
9340,-0.17897023946606172,-0.053166275430759642
9341,-0.026282561886596081,0.19566530039463059
9342,0.10004409527797076,0.0053995731713701476
9343,0.28674598324182021,-0.14422555171085114
9344,0.16896386681107561,-0.035416714726527042
9345,-0.024989340224320096,-0.017285156799437297
9346,-0.051468076750144386,0.21161691165059257
9347,-0.10380567944123031,0.33004461169575566
9348,0.16283222226802802,0.15972157507738804
9349,0.28932139553926484,0.056785830478723501
9350,0.089234169454192866,0.030037935958105902
9351,0.19520774111488498,0.17321933417615604
9352,-0.025500182987136032,0.18113972348133348
9353,-0.10179850789523878,0.02020034757384637
9354,0.2483804825632617,0.17975898644047336
9355,0.23644403794718277,-0.060721882608828708
9356,-0.029786719483674041,-0.18030201292622069
9357,-0.33867324778363556,-0.0015405707323222044
9358,-0.22449925145716815,-0.27920235232290291
9359,0.12391312407645388,-0.12881579889067313
9360,-0.10624349117626519,0.081330232298277072
9361,-0.14474941963599591,-0.15367398759561032
9362,0.16539517184786104,0.036107233832963714
9363,0.00032845701786444331,0.079473857498984321
9364,-0.29393751843169491,0.12010101317104666
9365,-0.043444888355886738,0.14412414145920624
9366,0.42489897932355369,-0.28792363788241904
9367,0.090482102670962392,-0.33851507972632761
9368,-0.31022367998763412,-0.072211799030891297
9369,-0.029797976641125639,-0.084624082433784956
9370,0.14734419368947368,-0.062872293810902521
9371,-0.012647012822302049,0.020456534474096399
9372,-0.12099851837726126,0.19364601052604172
9373,-0.15909358342782878,0.28102070563810999
9374,-0.038383258466642284,0.41465822457571
9375,-0.2253872822234555,0.31133799540292684
9376,-0.13701656730263403,-0.28425753209662152
9377,0.1305823548858345,-0.1254909567213929
9378,-0.11496578245751146,0.29058374533947406
9379,-0.051530994536896496,0.073158981770867576
9380,0.099560946621380084,-0.031295498240871883
9381,-0.1220138500902824,-0.15750679655691127
9382,0.12452651825722674,-0.31232089459869256
9383,0.32585962966319681,0.066881418266356837
9384,-0.074311242044077963,0.092512093366206943
9385,-0.15504109546449538,-0.1730531165951282
9386,-0.087125614530022377,-0.053757490540772987
9387,-0.2354123187272501,-0.10865586242580171
9388,0.0051108659442077285,-0.16143272441184942
9389,0.32760082436759552,-0.011043964209051599
9390,0.18059012320750994,-0.018117817492565358
9391,-0.069804890592562979,-0.068840339625935804
9392,-0.12170985974105172,-0.081504470584397401
9393,-0.27878098800234857,0.022444091402014688
9394,-0.06870157945156477,0.07740648988212416
9395,0.19741577644353508,-0.1536213615825188
9396,0.061042595576853202,-0.047201308936800565
9397,0.027250242057934849,0.31754276886580723
9398,0.20712871776687053,0.25138286060398835
9399,0.16921193802094631,0.012576841774067853
9400,0.062391833348055287,-0.021834668631111189
9401,-0.0081070340166208028,-0.088964933301452581
9402,0.24815916943959618,-0.18561320126242362
9403,0.24137850215888518,0.075936469016207264
9404,-0.18697553904964329,0.24361675827400614
9405,-0.092332746025939605,-0.085928814116643867
9406,-0.21916936512317681,-0.034381977907980532
9407,-0.28208529326650794,0.27804607764358891
9408,0.11818779145939731,-0.026295320256674602
9409,-0.30369134708917322,-0.27208925831662439
9410,-0.5003205675511031,-0.075651410190592253
9411,0.086574212130302336,-0.023552975035217583
9412,-0.093622097170271659,-0.12649622254878229
9413,0.10484037582943566,0.23985621133661192
9414,0.069119237774646153,0.20173759725153775
9415,0.16490785410891048,0.20964227782713041
9416,0.19858640461473809,0.13741193936870427
9417,0.23418986392113833,0.042425046181376658
9418,0.21805066877083876,-0.055288715198668154
9419,0.017380738765078792,-0.2447822499272265
9420,-0.11047616503996878,-0.11297645970487642
9421,-0.24965605179024136,0.029469289252764763
9422,-0.019935300667016702,0.20199664066860315
9423,0.25442023458118168,0.1470210228862453
9424,0.01907149032740689,-0.28731517024846526
9425,-0.1902925044373332,0.062290795369939575
9426,0.037049321578516897,0.1864457001628432
9427,0.18298531276904753,-0.17575020543755721
9428,-0.10755901272793007,0.096155442279177106
9429,-0.037491066743476104,-0.01526300752365713
9430,0.18088704526512711,-0.049713188431824401
9431,-0.17980656728609773,0.15966279211980403
9432,-0.061856183672563396,-0.14308468953831205
9433,0.25985754442689019,-0.038217943809229341
9434,-0.1240176199549128,0.25665784802456293
9435,-0.18735067713407372,-0.12393526046970911
9436,0.12260342051936961,-0.16191112942523828
9437,0.19235734243140906,0.1159646812493159
9438,0.037230205830102781,0.21695104569544021
9439,-0.21202654086060313,0.15557787070873141
9440,-0.21303815195160702,-0.039286492584175402
9441,-0.10505574118509878,-0.20770662298199188
9442,-0.0043501110353636255,-0.21231027878190301
9443,0.11505019875525074,-0.1889913169091261
9444,0.15115836439924329,-0.16529389005071335
9445,0.17387572424916303,-0.14893843898673928
9446,0.14702777898144537,-0.10601813205973915
9447,0.13033767499850196,-0.13604295237726094
9448,0.073967323069986796,-0.1760712599896242
9449,-0.0016744505499448163,-0.2355622045820534
9450,-0.15520182066626251,-0.20589069494178666
9451,-0.2699510367087854,0.013052194744385806
9452,-0.11241943002563276,0.20584128157942816
9453,0.037590292940345979,0.20547914949494228
9454,0.2201091861033066,-0.0094811289679232851
9455,0.029807885499053832,-0.21714456875274285
9456,-0.30212510085210775,-0.030712137044659353
9457,0.071626720829416179,0.20412101742374797
9458,0.11665728812394674,-0.06285878717675282
9459,-0.1806565881312249,-0.13626933924645387
9460,0.062417131811303046,0.19224137202066799
9461,-0.01742930069887829,-0.033687426887883114
9462,-0.040660644318921753,-0.15081425548274757
9463,0.080851089111784874,0.21676774747856939
9464,-0.17318162222498398,-0.081533212968789764
9465,0.080424065030291841,-0.18285634082010474
9466,0.19631374128991635,0.21925711357298966
9467,-0.2463104377480945,0.075085165532209008
9468,-0.10964919467214979,-0.19965497547005923
9469,0.1815445047784284,-0.13477505668406548
9470,0.11664449879925283,0.064281130085016611
9471,0.016334996115751378,0.23929659028877828
9472,-0.20376119041677695,0.10022912835429551
9473,-0.24194651757324565,-0.03471706153579137
9474,-0.14009034574228957,-0.13806904504538359
9475,-0.13344871239890221,-0.25141753325377697
9476,-0.027184583587366022,-0.21099446119063295
9477,0.015887607275732102,-0.24678246443958687
9478,-0.017959764328438883,-0.24016485613533733
9479,-0.0048829571009113837,-0.20658055893527158
9480,-0.13211810712544556,-0.2497940935110875
9481,-0.13476030166444064,-0.14607570543194753
9482,-0.19849128665591512,-0.024789600504109083
9483,-0.16295230435107727,0.14731488398356646
9484,0.11006196127425809,0.21044605334858962
9485,0.18792569935190145,0.01961424464603044
9486,0.1238893276285256,-0.22684632530794635
9487,-0.18985044481551475,-0.13640605084474478
9488,-0.17228950257518483,0.17687304189992573
9489,0.28866589305050389,0.065031432915343523
9490,0.0060153853190437877,-0.17937760449908877
9491,-0.20005448831107239,0.031204167114415562
9492,0.21647868901698944,0.096411828531662747
9493,-0.086653054161924356,-0.10619168837387127
9494,-0.024262883149351842,-0.063969751825861551
9495,0.20560287698251767,0.10770583088351569
9496,-0.2321002675083387,-0.052500260392365918
9497,0.065861667635757126,-0.16457483757465574
9498,0.24284295992434793,0.12086529553168165
9499,-0.26179554792112564,0.11899656629506299
9500,-0.069715370270449897,-0.21309296393497812
9501,0.1657281768031576,-0.1885348545288692
9502,0.14728232037227315,0.064549697426353081
9503,0.095963710503419772,0.20763306458722092
9504,-0.18544192602299078,0.1408654159758784
9505,-0.19632762419150165,0.015667423134410378
9506,-0.15009243270268466,-0.11631658630016903
9507,-0.15943583129715749,-0.19660991585744547
9508,0.0031873516949596252,-0.24621151867057578
9509,-0.06866383209312571,-0.20890495645000393
9510,-0.04877654938085834,-0.22320422282531335
9511,-0.033163903129360135,-0.18702263165399702
9512,-0.17495567616945631,-0.15429403726351562
9513,-0.13675595093506465,-0.076068754740014649
9514,-0.23469217780959753,0.066885957834015422
9515,-0.12155999881450007,0.22398997828310746
9516,0.15203590684962912,0.19067430887968498
9517,0.16104993443140003,-0.018491233408113567
9518,0.15635017487739256,-0.20228983513176521
9519,-0.21605653971368238,-0.10842622189246737
9520,-0.096642026711921916,0.20293292932081378
9521,0.31460306926864584,0.056436278085817707
9522,-0.081667697873229431,-0.20146380721478654
9523,-0.097181332480271457,0.060084432007901277
9524,0.21575577788726499,0.10549346487450707
9525,-0.10934563573321428,-0.14410124907181251
9526,0.094941687109111425,-0.0041679813217069921
9527,0.089109965145954859,0.1472936222559959
9528,-0.2317189971694581,-0.10413981523771233
9529,0.20119971184440991,-0.070810060583898146
9530,0.11164219557657289,0.22065176464475231
9531,-0.30649846236390754,0.034501202721801849
9532,0.043778964931164635,-0.21650950036643041
9533,0.19867498372099252,-0.050717712699985373
9534,0.10058976634434716,0.17314404529707378
9535,-0.011185227956738535,0.22818263178492193
9536,-0.24427522794500039,0.10497053633458518
9537,-0.18583511144402154,-0.094457076987546004
9538,-0.10916210365354116,-0.20998948209155849
9539,-0.031139873363235974,-0.21899661278135144
9540,0.088299723362536262,-0.17163287644857236
9541,0.0067740309247085774,-0.19034458506973931
9542,0.076903034521809271,-0.17409304390828087
9543,0.020179145555649248,-0.20692732091389024
9544,-0.073854194785217347,-0.19193262879135042
9545,-0.078535438453049694,-0.1309311732060271
9546,-0.28710993168180277,-0.070344110466385501
9547,-0.17682468057762432,0.12553599852806155
9548,-0.0025149656623907907,0.23682971234573139
9549,0.10156291186344538,0.083576244106531
9550,0.2349587697368915,-0.09547706257051107
9551,-0.16176681118716291,-0.21790919005342882
9552,-0.22490408553175509,0.11907421593977713
9553,0.15405780117792625,0.20718567975299587
9554,0.0036445945359295843,-0.2331949957254863
9555,-0.09032143902787089,0.033834160237375115
9556,0.01006423308240418,0.16971501013605433
9557,-0.0016870575042767302,-0.19493495244401002
9558,0.030618444089628979,0.13052874543407961
9559,-0.10071861554754587,0.10798799509162675
9560,0.044449586852432249,-0.19999728444836434
9561,0.11197420314127882,0.19538465128209928
9562,-0.20634811321089508,0.09092561500883245
9563,-0.085421691471251712,-0.25184219307147598
9564,0.21171731044518483,-0.027804987885780445
9565,0.079702655732436442,0.19404410962244828
9566,-0.16013041681687656,0.16981391561348524
9567,-0.26282107865277532,0.0075799360285108905
9568,-0.15442437766727046,-0.25078690480734839
9569,0.051986921893069714,-0.16316517528158422
9570,0.18267304868376638,-0.14148698125777623
9571,0.18869204045125457,-0.074956863079206459
9572,0.2139043723224382,0.012230284041430752
9573,0.22016954009313564,0.010205853302304203
9574,0.20093297484507222,0.070067940164390677
9575,0.19407928351991702,-0.011249239929678335
9576,0.21835128928159991,-0.076530643958716782
9577,0.11374596863163504,-0.15470056437665106
9578,0.0075405928927072853,-0.25585182752682945
9579,-0.16960422260778441,-0.15379557609716121
9580,-0.23687493733227585,-0.00096590039179779777
9581,-0.067746139091339433,0.17174558477947011
9582,0.15121638594299619,0.18601736499144589
9583,0.2030513060664392,-0.18283852448218441
9584,-0.17386939273384128,-0.16404913716892958
9585,-0.17163170244657602,0.18783655950664774
9586,0.26109885834850194,0.023227492163837994
9587,-0.062041995243911352,-0.1348781677076677
9588,-0.1372872249600032,0.0098972497161600413
9589,0.18918105471272598,0.065085454913930224
9590,-0.19603533815362584,-0.037627005403131915
9591,-0.003820908991699146,-0.071560445615724833
9592,0.20520143927579015,0.12899466247137814
9593,-0.26300512812728877,0.0052546259824305507
9594,0.013656884711073736,-0.21499138243269397
9595,0.23907787704078054,0.041115326599069517
9596,-0.14318132601109437,0.21965025308159872
9597,-0.15036530383253213,-0.023057334870766926
9598,-0.084570066410876971,-0.23857943148963809
9599,0.14348309902684006,-0.20919293671496764
9600,0.23252394999639725,-0.026939563530588254
9601,0.086443848173716947,0.14610726739778843
9602,0.083431938354317503,0.21754807990462008
9603,-0.083407016360216857,0.17012521624378543
9604,-0.13964124349622514,0.16339867112434003
9605,-0.097982438778774855,0.1766900886027378
9606,-0.20399082212751329,0.10892747937574765
9607,-0.14431308940111273,0.18652990342699405
9608,-0.02732669362341468,0.20935029080274581
9609,0.027624733307691014,0.21460278875578243
9610,0.18400690645433512,0.17030414463192994
9611,0.18422016295096888,-0.083608462593100952
9612,0.15378981420991886,-0.17621186622103643
9613,-0.10656799233491901,-0.18893844718972477
9614,-0.23184680451211456,-0.026861267216943735
9615,0.062274097252242117,0.27389415179182519
9616,0.24065624710752348,-0.11614328623831642
9617,-0.048282043727873036,-0.20825941453726257
9618,-0.18094079298372789,0.18714250657268638
9619,0.18348729032354949,-0.04509245731171193
9620,0.038218378890386623,-0.030291007813204693
9621,-0.16276558052734974,0.018432660809418674
9622,0.20840932063755979,-0.046381796726663468
9623,-0.047203157378744018,0.12035040905908742
9624,-0.18729630098142447,-0.10988193181538541
9625,0.27750329698386611,-0.089481252734154137
9626,-0.026631359170123058,0.23329981399570171
9627,-0.20497871802766499,-0.031565393494595209
9628,0.10652835528009984,-0.23236218040802067
9629,0.16439373876739871,-0.0081455459132696757
9630,0.16999533082576132,0.18889017558125537
9631,-0.12034340530026483,0.17573169159147731
9632,-0.22912326263881885,-0.00053135644634802123
9633,-0.10231737716669899,-0.14455746686882281
9634,-0.049134744479025022,-0.20141388102372215
9635,0.073395572995761285,-0.18376620892695594
9636,0.12882701219984338,-0.20505276874105383
9637,0.10388851426469189,-0.20873997691970428
9638,0.17732838244989929,-0.12069075580693728
9639,0.11551669916981488,-0.2510916756795038
9640,0.032065702147471425,-0.19247482973964863
9641,-0.040982029143320907,-0.16514107529793612
9642,-0.20148053072935593,-0.16034144408025469
9643,-0.19504801330238294,0.13750462393671806
9644,-0.06412668922995611,0.16806592470326062
9645,0.15983749152306961,0.19876697540239074
9646,0.19333656315480641,-0.026757111299634671
9647,-0.062277898400438257,-0.29070135585954054
9648,-0.23036884659060061,0.18871570786126252
9649,0.11232531491133432,0.16053704875540314
9650,0.1563923806079284,-0.17487089899669633
9651,-0.2136712976837922,0.061701636089721644
9652,0.071032166819051709,0.015048132526215893
9653,0.12814063524474847,0.035992719858052594
9654,-0.23073415075895159,-0.0045093428386722822
9655,0.15185161156472027,-0.078349986675113961
9656,0.0452086290610536,0.16434927406978386
9657,-0.26277123676317143,-0.030894184795686265
9658,0.18500497755785428,-0.17033262556142365
9659,0.17439631101638181,0.17070695369769981
9660,-0.19349249816328748,0.20109697211924857
9661,-0.13764107592141261,-0.063957911663787309
9662,-0.00049998575001075109,-0.20318043090639046
9663,0.19422171529395993,-0.057724771978482053
9664,0.19384677310689599,0.11638718692918704
9665,0.029523743223477367,0.23837554163589558
9666,-0.044550407999422281,0.24116132449236941
9667,-0.16176635471557133,0.13007523879686295
9668,-0.20245507780970801,0.13866339350513493
9669,-0.24186221977922359,0.11653846060257612
9670,-0.20616387553121002,0.085289494457546924
9671,-0.21987968827406415,0.17248248215303691
9672,-0.13890119619522073,0.14487518505810756
9673,-0.026452120123415593,0.23128207422278224
9674,0.1030509657640057,0.23666150044811138
9675,0.2485415119242248,0.050512314784770369
9676,0.12452133273375965,-0.097387154377861371
9677,-0.044401939636646452,-0.22074017579624394
9678,-0.22760056174811211,-0.041622848833701757
9679,-0.11904754807086396,0.23673136396789068
9680,0.28936868401995702,0.033905170032995771
9681,-0.060557096459338738,-0.19969100731972417
9682,-0.23499093300817356,0.018028585330057627
9683,0.17228788279714283,0.15950798010393502
9684,-0.11866741033619142,-0.16217670895280278
9685,-0.021384315080573185,-0.045830838104350728
9686,0.059430435025201442,0.1903540969112765
9687,-0.17676403272539409,-0.14764141771778025
9688,0.15760887459556747,-0.083080090140847024
9689,0.0095945133600371345,0.23695097005007013
9690,-0.28804904250096058,-0.11813220865602198
9691,0.10356690138480391,-0.18105626445038672
9692,0.18924599243934989,0.088448645065787188
9693,-0.13963835933626489,0.17449565593283614
9694,-0.2036056261226882,0.0054601176612371037
9695,-0.12288045771947977,-0.19560846027714687
9696,0.027769439007204286,-0.20850912166505489
9697,0.18532272169796915,-0.11513112230060123
9698,0.19086969230469519,-0.010501238948858667
9699,0.18247614158059297,0.10882153538213728
9700,0.12458679475786737,0.16226000175312288
9701,0.057633536875862847,-0.27786491614082659
9702,-0.094048165533246603,0.021744298324499305
9703,-0.24597033563438991,0.12943500449255033
9704,-0.31091216264228105,-0.1749979190764844
9705,-0.11693209593024133,0.13235720840635351
9706,0.056850801172097218,0.13723135332683442
9707,0.02238643080605901,-0.14389388232668429
9708,-0.017242011582737367,-0.0048327427926548872
9709,-0.053937333458970241,-0.029688992746309349
9710,-0.080785281227278155,-0.077709471483073028
9711,-0.066978493171818018,-0.050848954892286052
9712,-0.21422260662693485,-0.11686377327814271
9713,-0.081874301382196257,-0.012142515214135001
9714,0.30525541501720493,0.1093439823617466
9715,-0.052242379548741669,-0.15770397539566294
9716,-0.26277857016573769,-0.30712584422689543
9717,0.11354012079683741,0.06107845197920618
9718,0.16571644595224622,0.14299380641821763
9719,0.108705459027354,-0.1143190744050001
9720,0.093764696993995283,0.039249502785547577
9721,-0.2180942666566707,0.26536073838155172
9722,-0.12973185418181943,0.043909061142825355
9723,0.19907210859717678,-0.075027670276329755
9724,0.0063617948287234966,-0.28773083957152329
9725,-0.064786599916437454,-0.30361394671077091
9726,0.05538130570665227,-0.12866091338617283
9727,0.027698825786493731,-0.27611173441006215
9728,0.19839047449209757,-0.13731853834022423
9729,0.26008503001585681,-0.023408619857838219
9730,0.0023596453379958662,-0.20252426455162234
9731,0.043099877627519871,0.001894280257864837
9732,-0.0051224897184137096,0.0023051646050573282
9733,0.1397442803116179,-0.12871558480177689
9734,0.33661123527323961,0.090475916927562003
9735,-0.36223337867434513,-0.058849830001320755
9736,-0.4044015707110718,-0.12830452902515427
9737,0.33749798011522547,0.039341546905533105
9738,0.20124140601167453,0.012930951184601698
9739,0.028174820934020253,0.097202817441280703
9740,0.10410899711819399,0.030784647031072546
9741,-0.18595603902701413,-0.016484772249964474
9742,-0.16776363574546838,0.12183509574010498
9743,0.01606166911506763,-0.0083992103221488743
9744,-0.035325612266955589,0.026476239661082458
9745,0.038335292534849637,0.08698630346199232
9746,-0.047494946097263332,-0.11734578342291235
9747,-0.0022820764555757178,-0.16260556702371462
9748,0.15173887561815674,-0.029707193186006908
9749,-0.10377247355899707,0.034851167169044808
9750,0.093148314834511178,-0.24967742049745564
9751,0.45355381993314026,-0.262329159116091
9752,-0.05446887394505516,-0.00048761706925098958
9753,-0.1208469944582059,-0.17865923434725819
9754,0.21271945042694107,-0.16239814310590334
9755,0.013839478339134976,-0.1904732277489167
9756,0.020061433930826097,-0.2471708585973196
9757,-0.037505889166575969,0.32867512330403947
9758,-0.27027446569207558,0.32146475315686934
9759,-0.2601959386046947,-0.2544778143118358
9760,-0.07264858125571319,-0.058437487846978164
9761,0.070907796622974625,-0.024822550021677579
9762,-0.059164620765549181,-0.0071902981881775494
9763,-0.11935489320509324,0.28646158666914973
9764,-0.039515277938080184,0.084547187890900863
9765,-0.13949169782915913,0.021611851182510938
9766,-0.21052390595926698,0.1944562234107404
9767,-0.081262803969076022,-0.043837878039458315
9768,-0.074261071153698163,0.0057250326321996933
9769,-0.119761457071714,0.009317247018914912
9770,-0.15422873963651945,-0.17938262708840502
9771,0.12689738071312312,0.081767910901848845
9772,0.33722615936193789,0.18251493621116918
9773,0.022464735590113243,0.072060803195205581
9774,-0.13248457047533105,0.015593127146672919
9775,-0.0093090719548794311,-0.0596923853091057
9776,-0.15238412727235459,-0.063024753553784285
9777,-0.063819536905051863,-0.20683471369219883
9778,0.27414038304753063,-0.17438091845176112
9779,-0.0092097871395890821,0.066175792234379929
9780,-0.16268372865284642,0.0056627099442443964
9781,0.19395635050334156,0.0037105600369621867
9782,-0.1033987793614423,0.1895721078295739
9783,-0.26939968048666568,0.17259124747437299
9784,-0.012747896122910527,0.04674035220701972
9785,-0.16800101699607312,-0.072822548200473125
9786,-0.1579428821966678,0.073368848692302785
9787,0.095799765310920895,0.1361717001105533
9788,0.026462716607474047,-0.16529664557649187
9789,-0.084338981839509303,-0.12621136543858474
9790,-0.10293871070137678,-0.090022586665460619
9791,-0.15959759168791979,-0.23475705101957473
9792,-0.099142820431911749,-0.024828481192077784
9793,-0.11253554102753704,0.077382144664451688
9794,-0.20972522701710822,-0.033390371871235863
9795,-0.022107928869240533,0.061946208251790723
9796,0.32268347865805985,0.11650404754430942
9797,0.45008037663285638,0.15205357514457996
9798,0.1498079709695336,0.12739399541632165
9799,-0.028456830701282295,0.0090506832015144877
9800,0.11634841988723028,0.065144504921127361
9801,0.0078587109163454471,-0.0051761338945685385
9802,-0.24465397351383328,-0.23136911595439186
9803,-0.13583462379679564,-0.030080991655831928
9804,-0.15304413721594803,0.10322364154721905
9805,-0.20709211690219845,-0.11653447443696868
9806,-0.047663807871229473,-0.2960463686565134
9807,0.038263631624598539,-0.086955151596145308
9808,0.17725293880339343,0.1247855980292242
9809,0.14515020258467348,0.029276530469500905
9810,-0.074576359869806902,0.089220045814789248
9811,-0.0048640931006143882,0.18938127158099707
9812,0.17698516367589689,-0.10853452836958333
9813,0.23422441639143687,-0.012676753609866667
9814,0.0076198475504366397,0.15753686011675599
9815,-0.16220302809868276,0.011406879801008905
9816,-0.011578619014044129,-0.046605963838640928
9817,-0.016437493143228121,-0.28118142528494083
9818,-0.038335088951890993,-0.20465434133942514
9819,0.18627878903400422,0.095477779481671257
9820,-0.012122988363433824,-0.13654807351861992
9821,-0.28191429736932772,-0.03688003965886965
9822,-0.10573026036186482,0.46744419644871371
9823,0.15266399158024616,0.16306110678075586
9824,-0.145623641619778,-0.14074209488725997
9825,-0.23328948056610102,0.20952842512619629
9826,-0.10398367952866459,0.32852830081716539
9827,-0.13805835623427964,0.00013745214854958207
9828,0.20025230882725753,0.027952621115784344
9829,0.052311748119067844,0.30239410618928747
9830,-0.41845504932795902,0.11241796718854198
9831,-0.040749380865764323,-0.015071168135447184
9832,0.13585602931452592,-0.024114948718294973
9833,0.093821844966809134,0.14153962294194511
9834,0.062775334834750215,0.32690647649004589
9835,-0.1074681493628359,-0.097209244000127926
9836,0.13088284357130875,-0.18573709301228231
9837,0.15901523012618166,0.29736261298278921
9838,-0.11112526614368344,-0.020070038423970829
9839,-0.16093266477030271,-0.25217596908119039
9840,-0.029210107721648244,-0.066143618243870259
9841,0.095514613348734456,0.02794239845822611
9842,-0.046881498652732577,0.02767441305337736
9843,-0.054528328082950786,-0.13866704115188699
9844,0.19980222172542056,-0.10744387730614767
9845,0.068923266653295207,-0.052944094026972435
9846,0.07807133336342538,-0.016208357300315279
9847,0.039666614979667683,0.020558043747472068
9848,-0.2378444203355935,-0.019945049749828109
9849,-0.070773348793219393,0.034090688057940098
9850,0.10786918795615746,-0.049249060844773054
9851,-0.043674942165163273,-0.075057929138714938
9852,0.010542472538019591,0.090395905598953913
9853,0.26444296949191259,-0.032775610173506393
9854,0.13727411584837018,-0.15237671868890604
9855,-0.16100437788918059,-0.004424142765118255
9856,0.13330313869245947,0.050104793015143347
9857,0.32166650367067623,-0.32096626867090738
9858,-0.047511419998300032,-0.28655131328938838
9859,-0.30178082400355061,0.19105166867673176
9860,-0.22231893372769287,0.048195083125224018
9861,-0.16856480457043474,-0.11810503786657972
9862,-0.09358548639186981,0.091968186499130272
9863,0.20897877156628095,-0.20951387268753974
9864,-0.094202576504743091,-0.076806276505441917
9865,-0.16970101233673252,-0.028504277967138152
9866,0.35185543144108333,-0.22810689363692441
9867,0.013142552771610982,-0.016019740093131958
9868,-0.21764457192734241,0.043516419223506783
9869,0.13744010743646845,0.14005133194218539
9870,0.0024467485542509354,0.27331810945321883
9871,-0.035541362520983402,-0.10381767672941006
9872,-0.11857825172407092,0.033381567858477554
9873,-0.12559050020916138,-0.0216024200912645
9874,0.22484759660887979,-0.11014521401844427
9875,0.014948821395872841,0.10642893642192298
9876,-0.059826961971332616,0.16714257175695582
9877,-0.12940517452486369,0.21012021367903469
9878,-0.27587913005143572,0.076481813987640146
9879,0.11708130534258956,-0.12911648226940164
9880,-0.068226568546813679,-0.24500386906841898
9881,-0.014735343329313672,-0.34361512136252054
9882,0.24818939129609063,0.15313371032112844
9883,-0.11363698291688688,0.26543914895036275
9884,0.034148393662830755,-0.04867916152211782
9885,0.058712665974015463,-0.018585796597376043
9886,-0.23751328044427802,0.030585702060619002
9887,0.13662215194752081,0.038896494721383637
9888,0.10485978039151703,-0.03585765094159505
9889,-0.12436963080867823,-0.11278961738500831
9890,-0.066744379827826467,-0.010270631057184593
9891,-0.23788337352324995,-0.09729829128476182
9892,-0.23775923977949162,-0.10804425995237697
9893,-0.07358820954143741,-0.12647588789306352
9894,0.096561065856769851,-0.2899583513616168
9895,0.25691377336387078,-0.25126805863830348
9896,0.086929485106198315,-0.3277323781408602
9897,-0.18171775425931369,-0.2356237622407448
9898,-0.28230996565025179,-0.012268149114284733
9899,-0.095288752371026034,-0.23427750939715458
9900,-0.031331940624049176,-0.25893295474376393
9901,-0.0014390990178384444,0.047668322688857089
9902,0.19267814295125713,0.15546536008645931
9903,0.086557074454839011,0.062365532876187915
9904,0.09908082513119347,-0.037760028665790722
9905,0.050472509389097156,-0.0063075041594481173
9906,-0.24701267989530387,0.019061098402083886
9907,-0.049120464454463587,0.20252999329294333
9908,0.30086469413709366,0.19888990039005414
9909,0.20603501676484359,0.018649722386176029
9910,-0.030794942855425118,0.083601967651263431
9911,0.095514988213258017,0.21295361852704436
9912,0.036097494042496917,0.15942905110365424
9913,-0.1302741789061084,0.10553426095614901
9914,0.064467596210145917,0.062365374489775534
9915,0.16487552912565742,0.14516379206829211
9916,-0.063967003383514576,-0.086787818222167093
9917,-0.1036283560204866,-0.27653778950142549
9918,-0.13422552231458906,0.098177391705684236
9919,-0.12180491259565426,0.22630054128193652
9920,-0.068742339223835949,0.086065830333836704
9921,-0.048019732163811446,0.26941456146967202
9922,0.1468176039324644,0.068049230661538757
9923,0.17894672090628816,-0.16864990732990784
9924,-0.049682116418693585,-0.015514858565445006
9925,-0.078547331835527937,-0.0031708892387418541
9926,-0.026119801730234728,0.15471864292027387
9927,0.2232674699836811,0.15774786942789384
9928,0.31061710573320106,-0.28712991555184303
9929,-0.012405418599273802,-0.25487022697703932
9930,-0.080418541119118503,0.056445651045609224
9931,-0.14916414888091584,-0.10333197531837007
9932,-0.1671814387118693,-0.028664259733372111
9933,0.34061772930297834,0.11609049697180997
9934,0.19622495699633499,0.12122306572273214
9935,-0.22289857564645688,0.1385260201303985
9936,0.17708953896899507,0.065613553486438991
9937,0.097883779690467562,0.13932520012875915
9938,-0.020656716351215732,0.0075047628877821272
9939,0.2664666685680403,-0.066856965599052839
9940,0.15214269487995019,-0.042991376126918467
9941,0.18607235721151599,-0.15387864265030676
9942,-0.037492176109012697,0.022721800544351411
9943,-0.18834446213850714,0.25899937619142333
9944,0.077942253479637541,0.013312115931568041
9945,0.047538585925876994,-0.14206700236796757
9946,-0.018561939452634995,0.037892205991801577
9947,0.024567868889825081,0.089969891288515166
9948,-0.14930018636995301,-0.14468946087089002
9949,0.21960760773487045,-0.21809154818152876
9950,0.31478915135868907,-0.044508798436938335
9951,-0.033963236581153966,-0.21831607354152008
9952,-0.044943900188547888,-0.2895108561348323
9953,-0.044191726878273149,0.092256784389850702
9954,0.054151063053746319,0.24623602297628008
9955,0.082907540113313527,0.10446462891428002
9956,0.095257117306900035,0.065815823953248198
9957,0.31061319384875946,0.052855573057014486
9958,-0.0092375081194977868,-0.11415281195583352
9959,-0.11515562331418934,-0.29041269543424214
9960,0.15352797853948694,-0.3015979506887505
9961,-0.1276822937276724,-0.13419714430899346
9962,-0.17129025083191793,0.047681846427788402
9963,0.10306168347772847,0.033000631103046928
9964,-0.0037987353643386679,-0.039231187422721372
9965,0.0078747124900665592,-0.074983128931970594
9966,0.096648851834776339,-0.084241221199652716
9967,0.070768767357369811,-0.065732255576752663
9968,0.12573837539198085,-0.21738956560524059
9969,0.0080811552887761033,-0.080760904627235397
9970,-0.10901902905430338,0.28549023862651296
9971,0.14716032135669052,-0.051211226955878569
9972,0.28526936474437681,-0.32114795555229009
9973,-0.023998944664324277,0.10368793188416217
9974,-0.16950200232437618,0.18661098779304097
9975,0.15163199415675813,0.090755663961326907
9976,-0.0059419131015695081,0.095767087443948032
9977,-0.27942989364012072,-0.19855759867491377
9978,-0.076742631249825541,-0.14964528194158261
9979,0.09187911988336922,0.16655033805842656
9980,0.26504177752427749,-0.01213153488719337
9981,0.27599180469707629,-0.073542964271892691
9982,0.13389017558731467,0.057803633506960425
9983,0.21692069468995681,-0.043064407800599461
9984,0.14554243122639735,0.23554438427257413
9985,0.071562138957575794,0.26350914152318489
9986,0.15690309735438138,0.0053951619460340071
9987,-0.013331387759000468,0.064247164824879174
9988,-0.019981112305584463,-0.031327389657780397
9989,0.02718828875689305,0.18200415176898549
9990,0.098640407352088316,-0.27033187122390701
9991,0.032565895149347587,0.004146959308805734
9992,0.049819154865972583,0.35841219137475006
9993,0.28812620952913814,0.085587708316360728
9994,0.077636412680539418,0.020381055718466795
9995,-0.094221233793600187,0.30177993377184054
9996,0.017054923833058677,0.21009396785158746
9997,-0.047648204827649782,0.019062800902383173
9998,0.10657753223352308,-0.014419679150654431
9999,0.14374650402994499,-0.15358853418224913
10000,-0.14485920018292228,-0.17789275572282801
10001,0.086075901739408614,0.066778231004155836
10002,0.04350595886002024,0.030977332752785115
10003,-0.29145739656441988,-0.22709725259255586
10004,0.067042292240577131,-0.19212979809200781
10005,0.12556441658187054,0.15839094560428407
10006,-0.11288217116146232,-0.073489821079663883
10007,0.11292652928356926,-0.19976401189112142
10008,-0.02439862193991298,0.098173379133999955
10009,-0.16764306432331161,0.010073962599876318
10010,-0.022798193776887389,-0.060276362782437073
10011,0.029064641103190948,0.13490118346652885
10012,0.030054617587740921,-0.027924483367199559
10013,-0.17654840774528194,-0.11798841004264995
10014,-0.26790583186164085,-0.076016684387001154
10015,-0.0029782636444087283,-0.12934380593733139
10016,-0.11035569129988669,-0.061798222839600167
10017,-0.1176076460569821,0.014355194299280226
10018,0.27208399352229973,-0.12938289902259195
10019,0.31197921089466341,-0.0083408745562422795
10020,0.092904953085820058,0.19118799024072639
10021,-0.14980186623424027,0.29609377690267069
10022,0.067332517270860009,0.055945686252333898
10023,0.30715171277694581,0.010680466405270489
10024,0.078082564578258837,0.13852191095169025
10025,0.044055720936728431,-0.20633673715174503
10026,-0.097327964275953596,-0.15535462131655461
10027,-0.3714875663299772,0.31165110193657336
10028,-0.12032889632882936,0.18325648753879123
10029,-0.029259155888400314,-0.21971229496320011
10030,-0.085896159978141581,-0.08287561080127763
10031,0.026956333141298708,0.13806284378818987
10032,-0.017279915059254185,0.034445152149452408
10033,-0.022542881241846339,-0.094702227801123362
10034,-0.15137063395567008,-0.048373238543110451
10035,-0.27357802652725999,-0.12687109068328176
10036,0.25958087262931756,-0.16122555058412713
10037,0.39351230288690486,0.037481119569124165
10038,0.044740512259039938,-0.040113207100753584
10039,0.036065997080654055,-0.09049991006000678
10040,-0.052661921005465545,-0.013969952405566824
10041,-0.12776033634746067,0.010002629689944217
10042,0.023457038627036051,0.20904941812754207
10043,-0.045262268553275267,-0.017809344762173072
10044,0.049223175383787524,-0.21381460977836697
10045,0.19613360269171307,0.15266517414530295
10046,0.19331450493927962,0.14468262471539645
10047,-0.0081208579491122701,-0.04947651796547458
10048,-0.11994487279655233,0.07843260747385912
10049,-0.15421299185078849,0.044530286555845115
10050,-0.099207825503079924,0.20423345603671528
10051,0.19278595906770099,0.12326539442764875
10052,0.33148963913989815,-0.35910806458840722
10053,0.16015977419570837,-0.061168626461845496
10054,0.0063463672459125927,0.31196560997061162
10055,-0.034597527179875187,-0.12362726500920741
10056,0.03714790751020175,-0.099562936946777536
10057,0.22850504851365466,0.29331137104425242
10058,0.22203038983062007,0.05981574951819519
10059,-0.032209654746541395,-0.11036204519056089
10060,-0.022108538816096528,-0.045005805773191881
10061,0.15821689341303069,-0.064564216692121201
10062,-0.0025147799067217237,0.044535829035289652
10063,-0.085804492517958367,0.076274132487629057
10064,0.18322100776567515,-0.017542278063790592
10065,0.096226849478284332,0.042448034823176509
10066,0.045303106059483997,-0.055515039781308888
10067,0.30580880494749174,-0.29431965317848807
10068,0.24065978168355975,-0.17626047424167113
10069,0.11127691134451764,-0.0086111509966698609
10070,0.10182241514920787,-0.081784342030525189
10071,-0.25028148550825241,0.15640024213862228
10072,-0.36266866693467081,0.1009324600480592
10073,-0.14291886893327835,-0.050741730418284885
10074,-0.19191980571867046,0.16868957921836969
10075,0.03690932549111825,0.015456292304611879
10076,0.13023137730533282,-0.023590815705150155
10077,-0.18992499228729215,0.075595518261899391
10078,-0.025718895637121389,-0.24304505497481496
10079,0.10455178225286708,-0.17524604419396175
10080,-0.12744598562415985,-0.039890363863507493
10081,-0.011680710774689062,-0.076123634700451401
10082,-0.12501395798231452,0.18668624671649972
10083,-0.39925726641185277,0.079413504989597053
10084,-0.227390545994544,-0.022428900285560292
10085,0.076502539146444878,0.19623838807069063
10086,0.23280532913990545,0.027732735122982428
10087,-0.022729235868492924,-0.18878395695821104
10088,0.074698364303570838,-0.19302196519385753
10089,0.26631971602454663,0.036070799870213111
10090,-0.20734562511882129,-0.13261698080564752
10091,-0.07095220771941943,-0.27134000523818264
10092,0.24919002764785808,0.057070740172558636
10093,-0.10927146373652144,-0.28529965824069742
10094,-0.086575297771552415,-0.1414248859491565
10095,0.088384175843359516,0.29064519111017317
10096,0.16659010900291832,-0.16173392830869579
10097,0.14245449058909909,-0.069956982260476488
10098,0.058483246392395508,0.0038526960142591
10099,-0.066325321348832608,-0.31963966053041254
10100,-0.099476751147359266,0.032812827816741018
10101,0.17695581028138668,0.10739795732397592
10102,0.19544852165488782,-0.046320582502341459
10103,0.24295936993188194,-0.031503246940411976
10104,0.47091659775665001,-0.046881257892982905
10105,0.064858572478565441,0.19549439157782961
10106,-0.10806214089486443,0.15781385240217913
10107,-0.070376578776656859,0.1109504785169507
10108,-0.22749246264337383,0.046059313173930347
10109,0.22749733427233135,-0.16706983623056373
10110,0.095653425747509763,0.020648793194883712
10111,-0.1115289431809573,0.14940516764452999
10112,0.10623328728945575,-0.076282125651991162
10113,-0.26474094937414094,-0.099944911990299673
10114,-0.08321829104729643,-0.15152190658861142
10115,0.15511554987446766,-0.20012958188497207
10116,-0.28858605305932683,-0.23812634794675336
10117,-0.089459846291889106,-0.10423889872885178
10118,0.025019825156933236,0.068323930471770697
10119,-0.19135635019603767,0.13435012947567851
10120,-0.064067093343114542,0.16033816468366957
10121,-0.16783585449456748,0.079240004726158025
10122,-0.057119864339060127,-0.01845245502164267
10123,0.18564027467549135,0.079924321243605975
10124,0.11369136915177597,0.21815674146509759
10125,0.21556334343442557,0.085842593980347728
10126,0.11667227939141604,-0.069610162471880579
10127,0.069972511358860831,0.069575130274678598
10128,0.39761745414697214,0.2141812024030377
10129,0.30288024258032908,-0.057777692527079927
10130,0.064892114181670138,-0.35247835856310777
10131,0.068659755769204661,-0.05909015115637941
10132,-0.033371504310179829,0.26449595726039421
10133,-0.13766281464567176,0.054348563653956898
10134,-0.0083880795631919615,-0.0074205399068101134
10135,0.020728636647221344,0.2036254594630264
10136,-0.023195032745808086,0.15616107164624621
10137,-0.037781922793459731,0.1213375357935378
10138,-0.096525614888095787,0.10747635314166727
10139,0.031099152463470614,0.10224791154403962
10140,0.27437977166562566,0.045021347386415098
10141,0.15855254919416673,-0.1478320140311157
10142,-0.20907121041088977,0.24523495645760482
10143,0.047563723494120184,0.29838930495187499
10144,0.36802960789070988,-0.25519220903567846
10145,0.23205545106966982,-0.12106490799480099
10146,0.14136193913442552,-0.040890740144086654
10147,-0.0012678788685056581,-0.17518343521897678
10148,-0.033937018003498028,0.14929402826364593
10149,0.1651864850449469,0.11984071395175705
10150,0.067852637956086481,-0.064737658204539764
10151,0.10756709215313044,-0.012000922767191584
10152,0.18467732492923528,-0.11387265051458031
10153,-0.011280606543405736,-0.10931197885821808
10154,0.061938847091832595,0.010246324222365433
10155,0.052540046021150803,0.031555982769228746
10156,0.025875676183864809,-0.077285214696596966
10157,0.12918018971398301,-0.31542765147931584
10158,0.080343951904324432,-0.2625079364667231
10159,0.10447969868492167,0.094179995453917836
10160,0.048841848774818987,0.069660337395833771
10161,0.033689740355668518,-0.065318992043352855
10162,0.052597657698853099,-0.10741197941427982
10163,0.046045758607978896,-0.12908014003001445
10164,0.23406450694572936,0.15497406272322092
10165,-0.045157223015710561,0.21206396369556546
10166,-0.51306354927267017,-0.033904419637575539
10167,0.038627612427275956,-0.054464399425849089
10168,0.35093907819812592,-0.087601697102039022
10169,-0.17561932667346147,0.10326730886792011
10170,-0.1642050760206781,0.13224460771260074
10171,0.23620964985002013,-0.28806247939550222
10172,0.15417526798477391,-0.025039404948229958
10173,0.10559143055156846,0.31841775331499178
10174,0.15894517968105182,0.28682023614058144
10175,0.020716308292897917,0.2040270806806887
10176,-0.15242128991691822,-0.12793261734442216
10177,-0.2289929865565595,-0.16021775231135366
10178,-0.090135890064432844,0.045329693611557781
10179,-0.00066435243835526181,0.09398979049326707
10180,-0.072538056265038925,-0.060599351235187844
10181,0.18430738967823646,-0.31950924735315916
10182,0.10316603071754607,-0.26128160049655791
10183,-0.073981973347366628,0.03465795737338858
10184,0.19567447637266727,0.14463050656116297
10185,0.00289792704317341,0.25492153405732154
10186,-0.22975396944122195,0.13912018085300135
10187,0.043570252486875294,0.065785695972568059
10188,-0.097226976514180399,0.012234434666466787
10189,-0.047076656395793053,-0.18948126820718533
10190,-0.070542600462359106,-0.021365694997073154
10191,-0.057481841993454588,-0.15383572144311372
10192,0.009164140256953824,-0.22556709441904549
10193,-0.15791053880234698,0.10785251039227932
10194,-0.099216451220809743,0.13456520339468458
10195,0.034135103876961871,-0.032318707763053615
10196,-0.24153406870999342,-0.0812863163484039
10197,-0.057283554841680642,-0.04896973789765291
10198,0.22081942611973837,-0.1689930939603814
10199,0.24144440354272093,-0.034731564969269567
10200,0.29223349611720006,0.029808467084758906
10201,0.17774342597138809,-0.42235244016641743
10202,0.015291699101358767,-0.083802242401700699
10203,-0.1593292146933297,0.38041875827955762
10204,-0.096826513837755909,0.1062092154484718
10205,0.14040165574686903,0.080895938770935802
10206,0.039299366481598846,0.015429222057028694
10207,-0.051901182147368143,0.012378148134900903
10208,0.071729821466565563,0.094028218904397498
10209,0.02991065839915568,-0.17004482457433917
10210,-0.11302281338608948,-0.17899487869093778
10211,-0.14496367260980092,0.099259336276390969
10212,-0.0048680031784833454,0.071081975292067098
10213,0.0029998618244355506,-0.17260876559432856
10214,-0.084075370542184502,-0.20073487917191785
10215,-0.18017742755256319,0.13819415997876022
10216,-0.051408270560060733,0.040782596781347789
10217,-0.050807745974527911,-0.050068074211798222
10218,-0.17266717950708788,0.21225700459292263
10219,-0.028956535839373743,0.10364630472964582
10220,0.1107292259087717,0.063172790994799
10221,0.057799128682803236,0.028025618703099893
10222,0.24172700484702644,-0.14287738524892443
10223,0.15496446959261684,0.12206179129026008
10224,0.013317690381149164,0.1979705321254264
10225,-0.045000883785520328,-0.0087363185734235169
10226,-0.1328854135309934,0.049773579303016499
10227,0.21234042653225782,0.10310290000355188
10228,0.12865246957562695,0.13580750565274086
10229,-0.13820762555190486,0.073221565749006678
10230,-0.049064415267871225,-0.056358574281069086
10231,-0.10438410089195721,-0.14141168961252229
10232,-0.20007539600133836,0.024490889439334244
10233,-0.29274963228807016,-0.0080675658593559983
10234,-0.118926525757521,-0.095960254952334276
10235,-0.037903824125758462,0.25386342185751509
10236,-0.31509880115856531,0.2176061633982741
10237,-0.00049516337526324047,-0.25345232791165812
10238,0.1797743928606288,-0.24878543658304125
10239,-0.10344265045809153,-0.19458883784060632
10240,-0.022794556305928981,0.17173632837111508
10241,-0.18888651625273406,0.38126856300918388
10242,-0.33562272046864272,-0.13540323858476702
10243,0.01755031017712504,-0.1645998691881205
10244,-0.17967497480618491,0.097816896593672931
10245,-0.18381574255507629,0.028697738146977368
10246,0.30490666991342985,0.089269056547802567
10247,0.011562669608131666,0.050772292685272766
10248,-0.35582834695887511,0.06193357107598111
10249,-0.065571949591162221,0.28266063267512287
10250,-0.027032109251117792,0.072837028405899062
10251,-0.30189540336373227,-0.08026981496103329
10252,-0.2143426714356281,0.044638962300356536
10253,-0.00096781777081784461,-0.029483628846095244
10254,0.047726750327507964,0.11837685952812049
10255,0.17577638013531396,0.12876483902954089
10256,0.14452606459662146,-0.19098344148657065
10257,-0.050004250830129625,0.072337581362735395
10258,-0.058078018203795184,0.063421991794938959
10259,0.20767228593522336,-0.27777457604785305
10260,0.20678031755011253,0.076772103386396895
10261,-0.11923513611636063,0.13631057813943692
10262,0.05851221380020049,-0.095926809764800669
10263,0.17930587429123052,0.11309361033194179
10264,-0.11558781275933888,0.0048739374815980931
10265,-0.01982587697042627,-0.15012884291898401
10266,0.057124594285934666,-0.00068411619994915296
10267,-0.13344024182000203,0.037925977827049977
10268,0.036601262817841582,0.048614932849354232
10269,0.097334729501733913,-0.20747997992815842
10270,0.076086048574018489,-0.24710686195697965
10271,0.14455573459871698,0.0018931472835088036
10272,0.034597209777252384,-0.12880574463061728
10273,-0.015814433912810767,-0.097677775944375794
10274,0.096558554298358898,0.25436748215874555
10275,0.044435789606285768,0.32319891780436177
10276,-0.23270978545696874,0.024581836220039698
10277,0.072669841620492517,0.083495043495531246
10278,0.013596345989206449,-0.069743458339248915
10279,0.056922933781926768,0.039926598165285515
10280,-0.088184294672895777,0.21282987533760095
10281,0.065506991692510161,-0.048756987870767994
10282,0.096545886241089798,-0.057542200845703356
10283,-0.16482422291783341,-0.058638545015794276
10284,0.015194153180026419,-0.16775979621061043
10285,0.04583218922503797,-0.050865829668746941
10286,0.010903281076668353,-0.066642814434530698
10287,-0.03733804618091071,-0.081600778286845976
10288,0.10070413598440964,-0.040226871641071117
10289,0.15984465262261721,-0.078487855828342806
10290,-0.31759971900865142,0.025546568908530222
10291,-0.35549754201597605,0.034994312770954182
10292,-0.05697634493045959,0.16098088445442887
10293,-0.087950925839340721,0.12841429887294689
10294,0.14164633441998326,-0.063027638447179082
10295,0.10756563154398673,-0.096255591433904941
10296,-0.062829404923407384,-0.087982516380124207
10297,0.055451910532282184,0.11833453355911648
10298,-0.0043237058565062866,0.03437273122736724
10299,0.074779386148058541,-0.079110267055143943
10300,0.15812874607006713,0.09157489739245124
10301,-0.071083814621517305,0.16409846133811404
10302,-0.13463444941279126,0.050524279990205367
10303,-0.012971360288662484,0.0060845132459562074
10304,0.056661931665899709,0.031896522402552238
10305,-0.048894531809039465,0.10549046119902866
10306,-0.2547932283935575,-0.0040902759517582703
10307,-0.22517585936819887,-0.031025429477839789
10308,0.021884161869053499,-0.041340085165605368
10309,0.14878515524818997,-0.086767826831189776
10310,0.095461264602345636,0.10268444240069316
10311,0.051650481658261867,0.16067577163378038
10312,0.00042851666346260635,0.0026909427275639275
10313,0.06988491675363287,0.25017983295850282
10314,0.21385066126719945,0.21764119356065736
10315,0.12179222398495544,-0.10404644378253104
10316,0.04220304543890855,0.082779000949578727
10317,0.015331611685421874,0.17791347140414451
10318,-0.11624510610096114,0.095048010631069824
10319,-0.081346968819761417,0.29263011753156593
10320,0.085308656230494231,-0.097433610398906301
10321,0.1670459196800948,-0.31202009675487596
10322,-0.0716845851854368,0.085759987492385212
10323,-0.2550493028596254,0.085127567049595884
10324,-0.055109432549680801,0.054460174803347382
10325,0.050529413441626599,-0.070830209420930504
10326,0.074846059579316782,-0.055941366717954043
10327,0.025780830730454771,0.26343956240766098
10328,0.042808161017296814,-0.20263504625479636
10329,0.034327305392271794,-0.34284660558016944
10330,-0.12797361538699173,-0.15928360476466635
10331,-0.1737618585538766,-0.36891138792074263
10332,-0.1426654131196789,-0.1099795378931646
10333,-0.073393647726610722,-0.06872816596565573
10334,0.13459577520728366,-0.36042182164884118
10335,0.14565150332342261,-0.025448815330810347
10336,0.030768446470308235,0.12280077931259412
10337,0.068189566820689232,0.063688687775946815
10338,-0.032408335892296476,0.059786682424746537
10339,-0.12623440983859349,-0.032606276936694358
10340,0.11407657978084934,-0.013548155625792174
10341,0.31907269819139983,-0.02204990594010561
10342,-0.32244185002126752,0.36149782213612669
10343,-0.3918831706031799,0.30916282025952918
10344,0.29244918238852952,-0.23098297981537499
10345,-0.037877760623287439,-0.043205436348622929
10346,-0.30457578764208493,0.048149610414716514
10347,0.06411749571252004,-0.23061689025753226
10348,0.036698439718823223,-0.30596159710468701
10349,0.025212840927585599,-0.19692770472903209
10350,-0.13318789873021453,-0.038530469063544973
10351,-0.21813996126854918,-0.003779934786445352
10352,0.070303450782676816,-0.023260570633406662
10353,0.020690192119539215,-0.10118283206861951
10354,-0.0070679563592930053,-0.2494641026316777
10355,-0.027027648995803247,-0.14388178859857623
10356,-0.10389165281479515,-0.14393565686802706
10357,0.18884405554125316,-0.17595054473096947
10358,0.11029788172388399,0.020150420244121486
10359,-0.15845485331828341,-0.043547177201463221
10360,-0.013589101601332549,-0.14226127543493264
10361,-0.0079342286362374965,0.0311986112786545
10362,-0.034546004248412421,0.014136740414404089
10363,-0.073933433165630544,-0.030420219734293125
10364,-0.083254849323945126,0.14076614398631623
10365,-0.080360651041567074,0.13885750505172006
10366,-0.32237535694235447,0.0030687466189415133
10367,-0.30902381636346915,0.18231252858354194
10368,0.023492512169553798,0.309245661096609
10369,-0.078484151422773554,0.012187900639517321
10370,-0.14931268374730167,-0.26303501375420979
10371,0.040992160243623621,-0.056538265044491887
10372,0.082030052348193494,0.15949363322312457
10373,-0.034757572112471095,0.16193561338719084
10374,-0.1292875270043192,0.18301793903463354
10375,-0.1525929775810286,0.062809608291726465
10376,-0.22520059478434765,-0.040269231821598583
10377,-0.28309120771245094,-0.19061118846008551
10378,-0.1406161376875715,-0.32485753373881915
10379,-0.15889003058940429,0.2676315256505844
10380,-0.1915107009631366,0.58882550934038391
10381,0.037473926885220991,0.0094617149596400683
10382,0.12693209018625529,-0.15416616868127733
10383,0.11729684161333638,-0.036118408097330842
10384,0.26539469911809693,-0.29157558270321488
10385,-0.065171784300779315,-0.20609249740268659
10386,-0.40728086451216289,0.076397976221759825
10387,-0.23838826258776932,-0.026934133168488725
10388,-0.087958588288328698,-0.095424929060160604
10389,-0.17535633190646921,0.062262238326779268
10390,-0.0086957428056532379,-0.027573928430688798
10391,0.18211942571099021,-0.18967387949906023
10392,0.070662512484768417,0.040673095337015241
10393,0.35576483654786206,0.11915569755650647
10394,0.34997411850745203,-0.17353725732293163
10395,-0.13194422494660829,-0.090143903629996719
10396,-0.09765834757670111,0.2366037370087089
10397,-0.19586242719690572,0.19246048678367139
10398,-0.36007441468307727,-0.16671099040605114
10399,-0.07719468275394388,-0.15323384756658578
10400,-0.15002907367537907,0.047063614349914525
10401,-0.079309105372312089,0.066271677942013371
10402,0.22022550287043471,0.17429794873363019
10403,-0.0024919292322155735,0.024653869791096301
10404,-0.29934046264027836,-0.067562881494360613
10405,-0.2906167462375232,-0.010209014390995695
10406,0.090301592249978524,-0.14458188021367219
10407,0.20589481943339133,0.049681101936926743
10408,-0.18397162102554415,0.33431930473132321
10409,-0.20962164810834294,-0.04850040986369196
10410,0.012431850399869097,-0.21326099424955297
10411,0.079057233707784974,0.14956340014850253
10412,0.036671380420560659,-0.046691727975927244
10413,-0.0740135102821535,-0.14425454430843246
10414,-0.02006559853686422,0.19813087746368904
10415,-0.22938251871005869,0.11878970967799327
10416,-0.31422043510728243,-0.027098028648199504
10417,0.035634046593532455,-0.059711446366494531
10418,-0.12234316576395485,-0.4153384986903727
10419,-0.16431744272933749,-0.23086679191020604
10420,-0.0041482298050712239,0.095826798897555826
10421,-0.17899035696535959,-0.13220603227926261
10422,-0.011476426121855343,0.22688218136595031
10423,0.13198205308879879,0.12986357518893971
10424,-4.6409592505658112e-05,-0.35149714370532703
10425,0.023133089965187596,0.11225799454294801
10426,0.070262852458884126,0.097986725470083857
10427,0.090247722440868441,-0.093499545609476736
10428,0.15756886137375076,0.20820960362783789
10429,0.16184686716996657,-0.02363272998893319
10430,0.10976441087269001,-0.10318329236608559
10431,0.26071718679567085,0.014356412938773299
10432,0.31392493808873645,-0.078347205468207171
10433,0.054802936802837147,0.12701826200817151
10434,0.014335706091341188,0.051335254804577846
10435,0.14909405854729088,-0.29417890988828743
10436,0.0014125777711427277,-0.086752267152433074
10437,-0.06754508574171085,0.14445410012100374
10438,-0.048842681778195424,-0.068479532186328185
10439,0.029584350225861405,-0.10203773193368129
10440,0.096135440618963688,0.14369433298951095
10441,-0.10423007529109823,-0.076165985592813984
10442,-0.16023498103111258,-0.026995114847776447
10443,-0.13132653925605864,0.31788648842790362
10444,0.0342999198538783,0.0076341818452403884
10445,0.12776364838727258,-0.15395804829479681
10446,0.079567589109041603,0.019821002127322324
10447,0.13796825438185334,0.053474315554527363
10448,0.055213551486709041,0.16106299578582989
10449,0.05024674344750088,0.039894875083288359
10450,0.09335765738827323,-0.0054202339002423477
10451,-0.12663752944340986,0.16346601293713328
10452,-0.16457627325936294,0.035658222153468699
10453,-0.10564141191340638,0.083654226425963471
10454,-0.1057067625560919,-0.067986711665886768
10455,-0.091374769212265047,-0.41608247056031961
10456,-0.19642578155015139,-0.096966372634724532
10457,-0.20364762574122144,0.064247206092575948
10458,0.10181345213628966,-0.2041189030282588
10459,-0.12694739879021605,0.10164269950300235
10460,-0.1611420127957493,0.39628906496606819
10461,0.24641015700910571,0.23173517818132605
10462,0.31076047116971256,0.088869033935813774
10463,0.061322345330504721,0.016545130206596856
10464,-0.29634691728465734,0.021584827607108822
10465,-0.19735670507614902,0.031923152419947018
10466,0.17846803356787702,-0.050285255224530923
10467,0.12657822044105105,0.094098914098075706
10468,0.086883671114895519,0.012219228326139114
10469,-0.015997110341503071,-0.19492893988669441
10470,-0.32045499698892255,-0.085788535398034868
10471,0.0071280228630797096,-0.17274633852880114
10472,0.057409588335010656,-0.24014401570844407
10473,-0.09572969079802808,0.042508498585374234
10474,0.1043572242839132,-0.03544844628393936
10475,0.1006656843311011,-0.12424511907369683
10476,-0.034296770761358328,0.087249877656024225
10477,0.084017282926123746,-0.1074009540624984
10478,0.07381163143877309,0.011958810861467131
10479,-0.059930298410084432,0.10456031406526355
10480,-0.091332387395876152,-0.30140400578276499
10481,-0.049811381179836682,0.019063643320700145
10482,0.022450417803477923,0.15274288792012092
10483,0.16161543789454785,-0.1150978247000472
10484,0.18283345501574638,0.24597742410747678
10485,-0.0783821159247029,0.1318163028388788
10486,-0.086534382923101602,-0.26944501143344801
10487,0.082647135458371046,-0.097795679021484658
10488,0.070897064389554745,0.051168076007454683
10489,0.059096593814511544,0.0021427615572147309
10490,0.037250326638810269,-0.24246872544583745
10491,0.016125917142350413,-0.18952144504312471
10492,0.092354673741725207,0.031295669401673179
10493,0.23754799366352031,-0.12747787805194272
10494,-0.12461145864813343,0.14922870432275318
10495,-0.31119699583601079,0.14637471230493085
10496,0.1031141213539339,-0.1884056574485633
10497,-0.089308151862152435,-0.034895515954190187
10498,-0.33827580828238712,-0.18862709337547398
10499,0.079833182095918512,-0.14093118871177232
10500,0.15759636404386132,0.092373362136960457
10501,0.041659769104712252,-0.08356499885643498
10502,0.010375490644854223,0.17017245097423603
10503,-0.081614479678199486,0.16350775015319602
10504,0.0071547048048253795,-0.22046463078516329
10505,-0.13324742218287786,0.021535726329612797
10506,-0.11935141563360131,0.054828482442466075
10507,0.2321293002630499,-0.047817330504583991
10508,0.055716414557135344,0.25602704447601404
10509,-0.14067498295574934,0.34065794902963226
10510,0.12288143846346007,0.16786086936672273
10511,0.17727756390509514,0.1306339018809215
10512,-0.05360312699934737,0.22173234981301654
10513,0.094922124960130222,0.30012271707516863
10514,0.19234950812561338,0.23643164740669756
10515,0.069134535411687154,-0.12259386673141537
10516,0.015977804474828994,-0.43157981795058975
10517,-0.1274522577603566,-0.093269109781266235
10518,-0.019049445896690068,0.25536333185029225
10519,0.15149567017605625,-0.050204663771518117
10520,-0.054745510260223104,-0.32928634656673222
10521,-0.018715361419060387,-0.0096801039829340386
10522,-0.024303994169133571,0.063768461710705188
10523,-0.037982299496810062,-0.073904184919199978
10524,0.017545514338130046,0.13484377255315524
10525,-0.16367210186778991,0.044105979044684843
10526,0.23296606608669476,0.003910216132240539
10527,0.14395106262802401,0.35167386441516207
10528,-0.38383915062802998,0.061547476062806472
10529,-0.0079569895027851081,-0.17642884312540402
10530,0.089908440917466609,-0.19659927419259349
10531,-0.14620745215401135,-0.2017614417693207
10532,-0.017041734412273416,0.14712643406321024
10533,-0.071218918225294275,0.087085099868075749
10534,0.098330582005447018,0.00047418935354968765
10535,0.0023882480951655169,0.016221739059135633
10536,-0.21799271744074883,-0.11085161705437188
10537,0.033037593700091607,0.078502893200475751
10538,0.037972509590408585,0.049370340087900852
10539,0.075172795605532208,-0.18162614585038836
10540,0.14046356845269398,-0.0013576836174903247
10541,0.020774582977201542,0.042770597686493182
10542,0.057120157307296922,0.018359854799608864
10543,0.061975987753963686,-0.043756644717413168
10544,0.070250244860815519,0.098152328302090391
10545,0.1059367420079817,0.15728951462657692
10546,-0.012737126557666132,-0.31189235273653343
10547,-0.051639323591729638,-0.35669380825181829
10548,-0.14049186334713162,-0.093832920833201716
10549,-0.14255412065400838,-0.12576310264080995
10550,0.049721888334741206,0.13721157048560814
10551,0.15069124494770453,0.096605640009867252
10552,0.069939360669585796,-0.049630656754898299
10553,-0.13827995905727855,0.04868953433861397
10554,-0.01562350678923527,-0.052636341324933368
10555,0.084056115736086831,0.043407723103255316
10556,-0.095289267559661966,0.17512280294063381
10557,-0.14686296390113082,-0.059713935648566918
10558,-0.044735487916921737,-0.095249071026764803
10559,-0.009621755736414845,0.032299894626255821
10560,-0.05833800961939601,0.048142819080991738
10561,-0.10070747040939389,-0.049781144086776363
10562,-0.0036860984869781076,-0.23628334881591448
10563,0.022330854169966899,-0.24566925348021507
10564,0.061258463817939146,0.015607394907175311
10565,0.024969845120535024,0.015578268103313008
10566,-0.0086863219062734125,0.0021323383254365585
10567,0.0050658608025541925,0.021945297535731871
10568,0.0050648853061410048,-0.021358553352424797
10569,-0.020349577399684529,-0.0035479870566677485
10570,-0.012346328134188426,-0.011589770794646126
10571,0.017060001563445424,0.014998413829152048
10572,-0.014790844588071554,-0.010486557150642697
10573,0.049943409536640081,-0.002873157093968549
10574,-0.0060537770495395051,-0.0044323216548514876
10575,0.016279650874107217,0.006926732698650382
10576,-0.0059467272975872393,-0.0025503193405160838
10577,0.021909255589988016,0.032361136354325602
10578,0.026606294071804877,-0.004920351306668751
10579,0.009072956488455311,-0.034701369163163007
10580,0.017874791213711518,0.0068596693652934523
10581,0.009661475527058188,0.007342613977866317
10582,-0.03323613778050092,-0.0035630376594017882
10583,0.012381699003059981,-0.015521579611135025
10584,0.018244698942231387,-0.012721506150048681
10585,-0.0095946185895614735,-0.0020032732913769376
10586,0.0080436507533185563,0.043358439479006756
10587,-0.004827616477470837,-0.011153332762347711
10588,-0.014363425668482669,0.011034238342021071
10589,-0.016121056845117179,-0.0041013004517412828
10590,0.01884352323869877,-0.0060161219737948314
10591,0.0029536430631358214,-0.0062289728851158133
10592,0.035173279258826212,0.022604419966644765
10593,-0.0042054728509832015,-0.0033533702060191627
10594,-0.022893779712157544,-0.0016438762183324036
10595,-0.009633487239324447,-0.013927017246343938
10596,0.011310273220730116,-0.0036311372749566547
10597,-0.0091383369504119388,-0.0027654676857390066
10598,0.0056155580647246984,0.0049094159789917222
10599,-0.0069255269545537004,-0.0019544420985249354
10600,-0.028478388043530166,0.0061382289034460583
10601,0.018050169598389707,-0.019355620507639754
10602,0.0097114431248714241,0.025139230272698473
10603,0.007848626822727264,0.011574290876759772
10604,0.0063079811173955211,-0.0092179841836720743
10605,-0.0064832951271066863,-0.028016963220343881
10606,0.019783830920183251,0.01001515481199701
10607,0.016288296485085646,0.0081575375014283878
10608,-0.0078051126217975322,-0.014759121541005454
10609,-0.029119885788727418,-0.0204037965855835
10610,0.018172042506351273,-0.00013270626929863969
10611,-0.007677291846770299,0.024917935869191901
10612,0.0081822205565655753,-0.017613765329009327
10613,-0.010166323730670539,-0.026197415852563848
10614,0.021787786758518547,-0.01622897429232906
10615,-0.019623831361562045,-0.0030101888096912871
10616,-0.0095506395895819333,-0.0059853977364078322
10617,-0.010221137618840954,0.0024088941571623157
10618,0.0076607050410029964,-0.024927865999384513
10619,0.026939330542773438,0.00055211121050715033
10620,0.0047043310749723278,-0.011636741738671602
10621,0.0076548184082757161,0.0023896777137320737
10622,-0.026991293017612245,-0.021235089451292429
10623,-0.0072054510001252842,0.019233720891074148
10624,-0.008418972232435127,0.0013283060069254934
10625,-0.010393656981498607,0.011043455489908682
10626,0.02027724326268791,0.0082912839790123764
10627,0.021408810691617056,0.01298573806079051
10628,0.0086186523926340668,0.0071428320037757497
10629,0.034503438862292742,0.0179265455787757
10630,0.01102067589425553,0.01537496512566622
10631,0.021179727756410995,0.0050206983596814275
10632,0.015294492762878786,-0.043659523510657772
10633,-0.028415535611508447,-0.0047763665825152251
10634,0.015585225436706818,0.002412307257451023
10635,0.0093945574246637638,0.013578922446985529
10636,0.0010191457596463618,-0.019273355201862966
10637,0.014729965222295537,-0.013772055319885391
10638,0.0082049643303650621,-0.014292605299382493
10639,-0.0025979119377127998,0.0037593072730954889
10640,-0.018855043739477915,0.0063047530173092519
10641,-0.0031214861528125488,0.0032674227783322869
10642,-0.0037542059770158329,0.00066303319796351542
10643,0.0060168595106916203,0.010663460080952834
10644,-0.0066332169360424527,-0.0047539782920729169
10645,-0.0080776715571585604,-0.0032197692526617907
10646,0.019930103072717913,0.019261464742162913
10647,0.00030956915434711662,0.018422999252010564
10648,0.016258931388673913,-0.0058143523940650905
10649,0.044789006398842639,-0.004236550780818321
10650,-0.012020353878304895,0.025519235967377266
10651,-0.011998355084017391,-0.010569384820225194
10652,0.052139566280870561,-0.004582101391406578
10653,0.0059699907463740143,0.014891244076365242
10654,0.010371039229677767,0.030679023761864255
10655,0.00013226646614452651,-0.019622782677692966
10656,-0.021550987972037815,-0.010882678181378419
10657,0.024141619239162845,-0.0066296007551766532
10658,-0.041869519119449576,0.03337481961713782
10659,0.0031583679158813821,-0.01666024920126926
10660,-0.0032992265811578126,0.022173321092199189
