2090,0
1478,1412
-2956,-612
-1478,-1637
2090,2090
-1478,5499
2956,3568
1478,188
-6271,0
1478,-188
2956,-3568
-1478,-5499
2090,-2090
-1478,1637
-2956,612
1478,-1412
2090,0
1478,1412
-2956,-612
-1478,-1637
2090,2090
-1478,5499
2956,3568
1478,188
-6271,0
1478,-188
2956,-3568
-1478,-5499
2090,-2090
-1478,1637
-2956,612
1478,-1412
2090,0
1478,1412
-2956,-612
-1478,-1637
2090,2090
-1478,5499
2956,3568
1478,188
-6271,0
1478,-188
2956,-3568
-1478,-5499
2090,-2090
-1478,1637
-2956,612
1478,-1412
2090,0
1478,1412
-2956,-612
-1478,-1637
2090,2090
-1478,5499
2956,3568
1478,188
-6271,0
1478,-188
2956,-3568
-1478,-5499
2090,-2090
-1478,1637
-2956,612
1478,-1412
2090,0
1478,1412
-2956,-612
-1478,-1637
2090,2090
-1478,5499
2956,3568
1478,188
-6271,0
1478,-188
2956,-3568
-1478,-5499
2090,-2090
-1478,1637
-2956,612
1478,-1412
2090,0
1478,1412
-2956,-612
-1478,-1637
2090,2090
-1478,5499
2956,3568
1478,188
-6271,0
1478,-188
2956,-3568
-1478,-5499
2090,-2090
-1478,1637
-2956,612
1478,-1412
2090,0
1478,1412
-2956,-612
-1478,-1637
2090,2090
-1478,5499
2956,3568
1478,188
-6271,0
1478,-188
2956,-3568
-1478,-5499
2090,-2090
-1478,1637
-2956,612
1478,-1412
2090,0
1478,1412
-2956,-612
-1478,-1637
2090,2090
-1478,5499
2956,3568
1478,188
-6271,0
1478,-188
2956,-3568
-1478,-5499
2090,-2090
-1478,1637
-2956,612
1478,-1412
2090,0
1478,1412
-2956,-612
-1478,-1637
2090,2090
-1478,5499
2956,3568
1478,188
-6271,0
1478,-188
2956,-3568
-1478,-5499
2090,-2090
-1478,1637
-2956,612
1478,-1412
2090,0
1478,1412
-2956,-612
-1478,-1637
2090,2090
-1478,5499
2956,3568
1478,188
-6271,0
1478,-188
2956,-3568
-1478,-5499
2090,-2090
-1478,1637
-2956,612
1478,-1412
-3742,1398
-3369,1056
-3475,2718
-1963,2846
-372,3816
1730,3392
3934,-183
1415,-2122
-1665,-3348
-3567,926
-326,4481
4357,-1680
-2506,-2080
-2527,2215
3784,362
-2537,-689
-795,-148
2925,1192
-3840,526
668,-2326
3278,1729
-3940,2883
-1762,-3216
2816,-2126
2287,2683
-680,3383
-3906,1495
-3273,-1705
-1353,-3307
347,-3310
1874,-2949
2390,-2330
2607,-2141
2390,-2330
1874,-2949
347,-3310
-1353,-3307
-3273,-1705
-3906,1495
-680,3383
2287,2683
2816,-2126
-1762,-3216
-3940,2883
3278,1729
668,-2326
-3840,526
2925,1192
-795,-148
-2537,-689
3784,362
-2527,2215
-2506,-2080
4357,-1680
-326,4481
-3567,926
-1665,-3348
1415,-2122
3934,-183
1730,3392
-372,3816
-1963,2846
-3475,2718
-3369,1056
-3742,1398
-3616,1610
-3123,1854
-2212,3636
-385,3466
2021,3117
3518,632
1706,-3137
-1613,-2602
-4005,857
292,3725
3962,-335
-2732,-3397
-1586,2688
2606,1349
-2153,-2988
556,2091
267,1224
-2484,-2815
3427,1574
-1705,2540
-3885,-2561
4417,-1964
1212,3192
-2558,3049
-2869,-901
-2468,-3024
2536,-3207
2870,-986
3052,945
3631,1859
1428,3129
2717,2701
2223,2826
2412,2370
4121,394
2477,-591
2028,-3276
-1251,-3359
-4242,-216
-1716,2222
1413,3830
3117,-2046
-2009,-3292
-3170,4032
3420,-137
-510,-1955
-2895,2423
2617,-1448
-507,875
-2620,1328
2042,-3359
1122,3250
-3372,1981
-1210,-4751
3684,223
1466,3007
-2527,2705
-3439,705
-2833,-3582
257,-2908
1769,-2918
2522,-2341
3644,-433
2819,-1580
3429,-800
2881,-1770
1383,-3430
537,-2701
-2896,-3360
-3643,120
-2087,3409
908,2524
4165,193
-1382,-4105
-3714,915
2041,4233
775,-3586
-1643,292
-243,2997
461,-3349
354,2031
-1959,1612
196,-4023
2638,2959
-2878,2565
-2644,-3690
3210,-1290
2385,1955
-1083,3689
-3438,1676
-3624,-2212
-1199,-2759
375,-3630
1723,-2995
2602,-1960
2377,-2639
2602,-1960
1723,-2995
375,-3630
-1199,-2759
-3624,-2212
-3438,1676
-1083,3689
2385,1955
3210,-1290
-2644,-3690
-2878,2565
2638,2959
196,-4023
-1959,1612
354,2031
461,-3349
-243,2997
-1643,292
775,-3586
2041,4233
-3714,915
-1382,-4105
4165,193
908,2524
-2087,3409
-3643,120
-2896,-3360
537,-2701
1383,-3430
2881,-1770
3429,-800
2819,-1580
3644,-433
2522,-2341
1769,-2918
257,-2908
-2833,-3582
-3439,705
-2527,2705
1466,3007
3684,223
-1210,-4751
-3372,1981
1122,3250
2042,-3359
-2620,1328
-507,875
2617,-1448
-2895,2423
-510,-1955
3420,-137
-3170,4032
-2009,-3292
3117,-2046
1413,3830
-1716,2222
-4242,-216
-1251,-3359
2028,-3276
2477,-591
4121,394
2412,2370
2223,2826
2717,2701
1428,3129
3631,1859
3052,945
2870,-986
2536,-3207
-2468,-3024
-2869,-901
-2558,3049
1212,3192
4417,-1964
-3885,-2561
-1705,2540
3427,1574
-2484,-2815
267,1224
556,2091
-2153,-2988
2606,1349
-1586,2688
-2732,-3397
3962,-335
292,3725
-4005,857
-1613,-2602
1706,-3137
3518,632
2021,3117
-385,3466
-2212,3636
-3123,1854
-3616,1610
-3742,1398
-3369,1056
-3475,2718
-1963,2846
-372,3816
1730,3392
3934,-183
1415,-2122
-1665,-3348
-3567,926
-326,4481
4357,-1680
-2506,-2080
-2527,2215
3784,362
-2537,-689
-795,-148
2925,1192
-3840,526
668,-2326
3278,1729
-3940,2883
-1762,-3216
2816,-2126
2287,2683
-680,3383
-3906,1495
-3273,-1705
-1353,-3307
347,-3310
1874,-2949
2390,-2330
-2723,-2678
672,-718
3538,-4292
-682,-2375
3165,2128
5022,134
-743,-13
-2242,4265
-295,2354
-491,-3411
-1969,-4247
201,-311
3883,3231
2730,1638
-2044,-1891
-3806,-3034
15,-795
2642,3903
1379,3220
373,-2640
1717,-4550
1422,-1230
-4311,921
-3623,-1569
1619,998
-1655,5325
-435,381
3798,1090
1125,4097
2325,-1423
3419,792
2237,1934
3040,-2419
2237,1934
3419,792
2325,-1423
1125,4097
3798,1090
-435,381
-1655,5325
1619,998
-3623,-1569
-4311,921
1422,-1230
1717,-4550
373,-2640
1379,3220
2642,3903
15,-795
-3806,-3034
-2044,-1891
2730,1638
3883,3231
201,-311
-1969,-4247
-491,-3411
-295,2354
-2242,4265
-743,-13
5022,134
3165,2128
-682,-2375
3538,-4292
672,-718
-2723,-2678
812,-4105
-2341,-35
-2364,-2131
-771,-2979
-3361,673
-616,-2973
-2189,-2688
-2191,167
1735,-4728
-2293,-2892
1356,-22
4978,-4124
-637,-1187
2778,3311
4199,1546
-2007,239
-3571,1740
-1633,1559
1966,-3705
1520,-4751
-448,1186
921,4448
25,2557
110,-3555
1027,-5243
-365,705
-1880,3609
-2141,2033
2864,-972
5438,-302
63,778
-1296,-5168
1085,-3354
-2053,1750
-4423,-2282
-588,300
-1346,3182
-3520,308
934,2703
-991,2338
-2376,1797
1871,3036
-2576,959
-1920,3057
1060,1567
-5015,-891
-1879,2666
305,-1999
-4456,-4264
9,571
3528,-2956
1807,-3742
799,2176
1441,3967
1880,1416
-3511,-2520
-4061,-1873
2169,562
4439,282
2796,513
-3471,-1121
-4497,-2150
1629,659
2608,3305
1550,2500
545,-3383
1891,-4645
1128,391
-5537,-1159
-1663,-2227
764,2920
-4485,2702
1113,651
1557,3198
-1425,3027
3487,798
655,2584
848,2841
3417,617
-1134,2912
1871,3326
1133,471
-3681,3151
826,3060
-1681,-1737
-5392,-122
394,360
1245,-4675
-502,-3695
1845,1714
4050,2481
1695,198
-4343,-294
-3858,404
2175,-528
4718,-1631
2175,-528
-3858,404
-4343,-294
1695,198
4050,2481
1845,1714
-502,-3695
1245,-4675
394,360
-5392,-122
-1681,-1737
826,3060
-3681,3151
1133,471
1871,3326
-1134,2912
3417,617
848,2841
655,2584
3487,798
-1425,3027
1557,3198
1113,651
-4485,2702
764,2920
-1663,-2227
-5537,-1159
1128,391
1891,-4645
545,-3383
1550,2500
2608,3305
1629,659
-4497,-2150
-3471,-1121
2796,513
4439,282
2169,562
-4061,-1873
-3511,-2520
1880,1416
1441,3967
799,2176
1807,-3742
3528,-2956
9,571
-4456,-4264
305,-1999
-1879,2666
-5015,-891
1060,1567
-1920,3057
-2576,959
1871,3036
-2376,1797
-991,2338
934,2703
-3520,308
-1346,3182
-588,300
-4423,-2282
-2053,1750
1085,-3354
-1296,-5168
63,778
5438,-302
2864,-972
-2141,2033
-1880,3609
-365,705
1027,-5243
110,-3555
25,2557
921,4448
-448,1186
1520,-4751
1966,-3705
-1633,1559
-3571,1740
-2007,239
4199,1546
2778,3311
-637,-1187
4978,-4124
1356,-22
-2293,-2892
1735,-4728
-2191,167
-2189,-2688
-616,-2973
-3361,673
-771,-2979
-2364,-2131
-2341,-35
812,-4105
-2723,-2678
672,-718
3538,-4292
-682,-2375
3165,2128
5022,134
-743,-13
-2242,4265
-295,2354
-491,-3411
-1969,-4247
201,-311
3883,3231
2730,1638
-2044,-1891
-3806,-3034
15,-795
2642,3903
1379,3220
373,-2640
1717,-4550
1422,-1230
-4311,921
-3623,-1569
1619,998
-1655,5325
-435,381
3798,1090
1125,4097
2325,-1423
3419,792
2237,1934
-3434,-1722
-2701,4777
-1797,854
-1366,-3153
-1232,1219
167,-3455
1523,-784
2485,3680
1377,-253
-1455,2323
-2977,-1697
-3842,-4966
-1544,-810
1648,-2418
-1493,3375
-1311,6827
5122,2348
4170,2093
1891,-1890
4546,-874
2948,1809
1283,246
1134,3842
-1159,142
1510,-1718
808,2711
-6589,-255
-1765,224
5863,-102
-81,700
-3827,5730
362,1259
2560,0
362,-1259
-3827,-5730
-81,-700
5863,102
-1765,-224
-6589,255
808,-2711
1510,1718
-1159,-142
1134,-3842
1283,-246
2948,-1809
4546,874
1891,1890
4170,-2093
5122,-2348
-1311,-6827
-1493,-3375
1648,2418
-1544,810
-3842,4966
-2977,1697
-1455,-2323
1377,253
2485,-3680
1523,784
167,3455
-1232,-1219
-1366,3153
-1797,-854
-2701,-4777
-3434,1722
-3915,143
734,-993
4303,1
-1943,-1343
-4119,504
1427,140
312,766
-2639,1607
-2013,154
-2630,1316
716,-665
4242,-1329
631,2170
-1686,822
-2494,-591
-3121,291
3076,-547
6000,-2435
-189,-3195
-2267,182
59,1998
286,1272
763,5652
1131,6776
488,1373
-1019,1101
-2407,-397
-19,-5668
1145,-1415
-1551,2719
453,-491
2048,512
-3347,2253
-2023,1637
5684,-615
1915,-2737
-6166,2338
-1650,1631
4479,-2896
-192,2201
-3208,1588
1932,1455
4807,6719
4141,1408
2582,70
-2007,1677
-3359,-2691
825,1439
1694,2335
-1403,-3414
-3214,-3100
-1495,-4237
1262,-3077
-1557,1361
-3616,-479
2011,-3064
2447,-1718
-2594,2904
-1649,4138
-1216,125
-258,1545
5573,2954
2757,1080
-2710,4794
1559,4490
1770,286
-1125,2941
2655,1032
1349,-2127
-2312,4318
1854,3274
3346,-2969
1336,243
2194,678
779,-2280
-723,-206
642,2724
773,5173
1436,3704
1271,848
-1440,-99
-1058,-2767
10,-452
-1206,1310
-560,-2492
-23,810
279,2339
1646,-1409
-665,1371
-1131,2291
2519,1864
-1926,3817
-7390,-1120
-2295,-3204
-75,1917
-2560,0
-75,-1917
-2295,3204
-7390,1120
-1926,-3817
2519,-1864
-1131,-2291
-665,-1371
1646,1409
279,-2339
-23,-810
-560,2492
-1206,-1310
10,452
-1058,2767
-1440,99
1271,-848
1436,-3704
773,-5173
642,-2724
-723,206
779,2280
2194,-678
1336,-243
3346,2969
1854,-3274
-2312,-4318
1349,2127
2655,-1032
-1125,-2941
1770,-286
1559,-4490
-2710,-4794
2757,-1080
5573,-2954
-258,-1545
-1216,-125
-1649,-4138
-2594,-2904
2447,1718
2011,3064
-3616,479
-1557,-1361
1262,3077
-1495,4237
-3214,3100
-1403,3414
1694,-2335
825,-1439
-3359,2691
-2007,-1677
2582,-70
4141,-1408
4807,-6719
1932,-1455
-3208,-1588
-192,-2201
4479,2896
-1650,-1631
-6166,-2338
1915,2737
5684,615
-2023,-1637
-3347,-2253
2048,-512
453,491
-1551,-2719
1145,1415
-19,5668
-2407,397
-1019,-1101
488,-1373
1131,-6776
763,-5652
286,-1272
59,-1998
-2267,-182
-189,3195
6000,2435
3076,547
-3121,-291
-2494,591
-1686,-822
631,-2170
4242,1329
716,665
-2630,-1316
-2013,-154
-2639,-1607
312,-766
1427,-140
-4119,-504
-1943,1343
4303,-1
734,993
-3915,-143
-3434,-1722
-2701,4777
-1797,854
-1366,-3153
-1232,1219
167,-3455
1523,-784
2485,3680
1377,-253
-1455,2323
-2977,-1697
-3842,-4966
-1544,-810
1648,-2418
-1493,3375
-1311,6827
5122,2348
4170,2093
1891,-1890
4546,-874
2948,1809
1283,246
1134,3842
-1159,142
1510,-1718
808,2711
-6589,-255
-1765,224
5863,-102
-81,700
-3827,5730
362,1259
3683,4670
-4956,400
-5873,-2138
-1950,3374
-1119,1569
3001,-2459
2562,-937
-150,-1643
-600,-3755
-3229,-1366
-2498,2489
-30,4046
678,2908
2958,-708
4327,-3488
2466,-871
-1180,4104
-957,1776
1100,-2778
-2635,1425
-3382,4059
1262,-454
850,-2668
-352,-1356
2531,1091
3627,1789
1462,2022
1000,1545
3901,-2945
4661,-923
1941,1959
963,-3223
1536,0
963,3223
1941,-1959
4661,923
3901,2945
1000,-1545
1462,-2022
3627,-1789
2531,-1091
-352,1356
850,2668
1262,454
-3382,-4059
-2635,-1425
1100,2778
-957,-1776
-1180,-4104
2466,871
4327,3488
2958,708
678,-2908
-30,-4046
-2498,-2489
-3229,1366
-600,3755
-150,1643
2562,937
3001,2459
-1119,-1569
-1950,-3374
-5873,2138
-4956,-400
3683,-4670
1176,-1225
-2134,-2950
759,-2553
483,331
2072,-3333
-328,869
-4538,2589
-552,-4562
536,-528
-571,4207
1263,1698
189,545
1169,730
4414,1328
-117,-2308
-6423,-3755
-2073,-2174
1217,-1751
-2427,4472
1524,2501
1551,-1777
-5607,4019
-1697,-1748
878,-4086
62,2708
3890,-3879
227,-4171
-2398,1420
577,-1745
1119,-1806
3392,-649
2048,512
459,1210
3042,1925
532,5185
315,456
3416,-2189
1488,1196
-146,-1241
1354,-230
3765,2147
3141,2679
104,3408
-2156,-2783
-2586,-3645
1685,890
1268,-1363
-2017,-1759
1394,377
-1977,1179
-5504,1842
-1356,2918
-3146,3760
-2769,-1565
-1570,-4126
-2788,1269
1649,1018
-1958,-2976
-3944,-2507
2755,352
-192,2117
2065,2527
4895,3040
-5731,2498
-3684,3554
3853,2136
1345,-3587
2514,1116
2332,7234
702,-560
3053,-6026
1044,-1751
-319,691
379,-863
-2565,836
-2888,2613
-1628,-3321
-2499,-4893
-1085,2310
1429,4037
3134,754
1862,-598
-3630,666
-2499,1996
3257,1726
708,3375
-2387,3240
-1867,-379
-1438,-752
949,49
-2232,-1465
-4753,-3548
982,-3970
-156,-1490
-3140,584
-1536,0
-3140,-584
-156,1490
982,3970
-4753,3548
-2232,1465
949,-49
-1438,752
-1867,379
-2387,-3240
708,-3375
3257,-1726
-2499,-1996
-3630,-666
1862,598
3134,-754
1429,-4037
-1085,-2310
-2499,4893
-1628,3321
-2888,-2613
-2565,-836
379,863
-319,-691
1044,1751
3053,6026
702,560
2332,-7234
2514,-1116
1345,3587
3853,-2136
-3684,-3554
-5731,-2498
4895,-3040
2065,-2527
-192,-2117
2755,-352
-3944,2507
-1958,2976
1649,-1018
-2788,-1269
-1570,4126
-2769,1565
-3146,-3760
-1356,-2918
-5504,-1842
-1977,-1179
1394,-377
-2017,1759
1268,1363
1685,-890
-2586,3645
-2156,2783
104,-3408
3141,-2679
3765,-2147
1354,230
-146,1241
1488,-1196
3416,2189
315,-456
532,-5185
3042,-1925
459,-1210
2048,-512
3392,649
1119,1806
577,1745
-2398,-1420
227,4171
3890,3879
62,-2708
878,4086
-1697,1748
-5607,-4019
1551,1777
1524,-2501
-2427,-4472
1217,1751
-2073,2174
-6423,3755
-117,2308
4414,-1328
1169,-730
189,-545
1263,-1698
-571,-4207
536,528
-552,4562
-4538,-2589
-328,-869
2072,3333
483,-331
759,2553
-2134,2950
1176,1225
3683,4670
-4956,400
-5873,-2138
-1950,3374
-1119,1569
3001,-2459
2562,-937
-150,-1643
-600,-3755
-3229,-1366
-2498,2489
-30,4046
678,2908
2958,-708
4327,-3488
2466,-871
-1180,4104
-957,1776
1100,-2778
-2635,1425
-3382,4059
1262,-454
850,-2668
-352,-1356
2531,1091
3627,1789
1462,2022
1000,1545
3901,-2945
4661,-923
1941,1959
963,-3223
3010,274
2856,-1271
695,1194
-1713,1794
-664,-1228
2708,2670
-2243,1454
-9310,-1189
-2586,48
6656,-1696
4008,1839
567,1806
1599,-1585
2059,-637
2001,-2823
613,1970
2535,2625
4625,-3924
-2071,2290
-3815,1107
1296,-5476
-1543,-3074
-2173,-3017
2017,-340
-190,-1883
-726,-3897
1049,911
-451,-2140
2052,4
4067,2326
-1024,-1745
-4152,3312
-3584,0
-4152,-3312
-1024,1745
4067,-2326
2052,-4
-451,2140
1049,-911
-726,3897
-190,1883
2017,340
-2173,3017
-1543,3074
1296,5476
-3815,-1107
-2071,-2290
4625,3924
2535,-2625
613,-1970
2001,2823
2059,637
1599,1585
567,-1806
4008,-1839
6656,1696
-2586,-48
-9310,1189
-2243,-1454
2708,-2670
-664,1228
-1713,-1794
695,-1194
2856,1271
3010,-274
-2740,861
-6741,-1076
-2179,-1079
46,2731
278,637
2869,-1994
-1174,-975
-4836,105
-1881,-440
-2209,-885
-2910,-1928
-2273,-3012
-3266,1333
-1095,3028
-162,545
-1082,960
1401,-2374
1869,-2107
506,3051
19,-637
-217,-2275
1546,1980
-158,1429
-5771,-27
-6762,463
-2027,-1333
2050,-5532
-754,-3267
-2766,3112
-204,1881
-3035,1511
-2048,2560
3827,-2307
-446,-1031
-1923,2521
2015,-1860
-717,-3171
670,169
3392,1432
-107,1800
-1671,829
-2593,-41
-666,1469
2591,743
321,-1981
666,-2099
1014,-710
-366,2108
3189,3551
2100,1362
390,997
3104,959
-661,320
-1795,251
994,-2015
-938,-827
1530,163
2955,-2834
-1664,-895
-3586,-790
-4726,-736
-285,5295
7507,1966
5182,-3346
1428,441
2513,-82
2038,-2857
-208,-640
-2085,2108
1079,4939
2566,6078
-2728,1668
-669,-1546
3482,1624
-620,1736
-840,100
1340,457
-241,-5122
-196,-4541
-1087,571
-2326,-6117
-774,-5089
-606,1163
-1399,-4393
-1021,-1987
413,4284
1248,716
772,-1836
2173,-2723
763,593
-1977,3111
5196,-2736
7615,424
-2756,5238
-486,-1207
7680,0
-486,1207
-2756,-5238
7615,-424
5196,2736
-1977,-3111
763,-593
2173,2723
772,1836
1248,-716
413,-4284
-1021,1987
-1399,4393
-606,-1163
-774,5089
-2326,6117
-1087,-571
-196,4541
-241,5122
1340,-457
-840,-100
-620,-1736
3482,-1624
-669,1546
-2728,-1668
2566,-6078
1079,-4939
-2085,-2108
-208,640
2038,2857
2513,82
1428,-441
5182,3346
7507,-1966
-285,-5295
-4726,736
-3586,790
-1664,895
2955,2834
1530,-163
-938,827
994,2015
-1795,-251
-661,-320
3104,-959
390,-997
2100,-1362
3189,-3551
-366,-2108
1014,710
666,2099
321,1981
2591,-743
-666,-1469
-2593,41
-1671,-829
-107,-1800
3392,-1432
670,-169
-717,3171
2015,1860
-1923,-2521
-446,1031
3827,2307
-2048,-2560
-3035,-1511
-204,-1881
-2766,-3112
-754,3267
2050,5532
-2027,1333
-6762,-463
-5771,27
-158,-1429
1546,-1980
-217,2275
19,637
506,-3051
1869,2107
1401,2374
-1082,-960
-162,-545
-1095,-3028
-3266,-1333
-2273,3012
-2910,1928
-2209,885
-1881,440
-4836,-105
-1174,975
2869,1994
278,-637
46,-2731
-2179,1079
-6741,1076
-2740,-861
3010,274
2856,-1271
695,1194
-1713,1794
-664,-1228
2708,2670
-2243,1454
-9310,-1189
-2586,48
6656,-1696
4008,1839
567,1806
1599,-1585
2059,-637
2001,-2823
613,1970
2535,2625
4625,-3924
-2071,2290
-3815,1107
1296,-5476
-1543,-3074
-2173,-3017
2017,-340
-190,-1883
-726,-3897
1049,911
-451,-2140
2052,4
4067,2326
-1024,-1745
-4152,3312
-1474,-1086
5375,171
629,-1287
-2138,-3591
5033,-423
3389,-1001
-1158,-1604
-1110,3948
-1522,1136
840,-1025
679,1111
-2230,-4448
-1651,-485
-627,5175
374,-971
478,1928
-1055,4703
-2743,-804
-2550,-1939
1908,-1177
2122,1579
-3392,-758
-1674,-2485
4738,4260
4808,679
1573,-180
1120,5035
1492,-574
2006,1534
2985,1520
1551,-4111
724,2984
1536,0
724,-2984
1551,4111
2985,-1520
2006,-1534
1492,574
1120,-5035
1573,180
4808,-679
4738,-4260
-1674,2485
-3392,758
2122,-1579
1908,1177
-2550,1939
-2743,804
-1055,-4703
478,-1928
374,971
-627,-5175
-1651,485
-2230,4448
679,-1111
840,1025
-1522,-1136
-1110,-3948
-1158,1604
3389,1001
5033,423
-2138,3591
629,1287
5375,-171
-1474,1086
-5366,1199
-3165,2784
-1728,4972
-791,3852
2385,-1009
3927,-4209
412,-1389
-553,1991
-1549,804
-3663,-1135
-808,-1230
893,-556
555,188
-2305,22
-2365,1209
5748,2424
3855,592
-723,1413
2871,2246
-1409,-2521
-1873,-4778
3876,-3167
1185,-2101
451,328
1804,3304
716,1646
470,-4363
417,-2330
2368,4900
2020,984
-932,-1693
-3072,4608
-1945,4654
2694,2835
-147,3810
-1619,1977
4290,1728
2287,716
730,-2112
1629,1422
-932,4443
812,424
-994,-283
-3864,304
-577,-5603
362,-7068
230,-3170
-1104,-1248
-2121,2346
-1975,1463
-4510,-1327
-1997,2979
416,3397
-109,161
3406,-2433
1075,-4011
-3548,868
-3169,-1393
-2526,-5294
1154,2295
2863,109
1164,-2955
618,4712
-3646,1086
-6475,-3179
-309,919
6452,-177
1285,-1919
-5936,-3924
11,-5099
3411,-1066
152,-1594
2293,-4540
699,-2506
-1432,-558
1426,2127
-716,5651
-2125,257
-64,-5419
-1542,1865
-3324,3933
-1521,-2723
1151,-1035
-1313,-646
-4586,-2027
-858,546
1286,-2664
-1944,-2232
-700,960
2298,-1941
-665,188
-1692,1989
1292,-24
88,923
217,169
2560,0
217,-169
88,-923
1292,24
-1692,-1989
-665,-188
2298,1941
-700,-960
-1944,2232
1286,2664
-858,-546
-4586,2027
-1313,646
1151,1035
-1521,2723
-3324,-3933
-1542,-1865
-64,5419
-2125,-257
-716,-5651
1426,-2127
-1432,558
699,2506
2293,4540
152,1594
3411,1066
11,5099
-5936,3924
1285,1919
6452,177
-309,-919
-6475,3179
-3646,-1086
618,-4712
1164,2955
2863,-109
1154,-2295
-2526,5294
-3169,1393
-3548,-868
1075,4011
3406,2433
-109,-161
416,-3397
-1997,-2979
-4510,1327
-1975,-1463
-2121,-2346
-1104,1248
230,3170
362,7068
-577,5603
-3864,-304
-994,283
812,-424
-932,-4443
1629,-1422
730,2112
2287,-716
4290,-1728
-1619,-1977
-147,-3810
2694,-2835
-1945,-4654
-3072,-4608
-932,1693
2020,-984
2368,-4900
417,2330
470,4363
716,-1646
1804,-3304
451,-328
1185,2101
3876,3167
-1873,4778
-1409,2521
2871,-2246
-723,-1413
3855,-592
5748,-2424
-2365,-1209
-2305,-22
555,-188
893,556
-808,1230
-3663,1135
-1549,-804
-553,-1991
412,1389
3927,4209
2385,1009
-791,-3852
-1728,-4972
-3165,-2784
-5366,-1199
-1474,-1086
5375,171
629,-1287
-2138,-3591
5033,-423
3389,-1001
-1158,-1604
-1110,3948
-1522,1136
840,-1025
679,1111
-2230,-4448
-1651,-485
-627,5175
374,-971
478,1928
-1055,4703
-2743,-804
-2550,-1939
1908,-1177
2122,1579
-3392,-758
-1674,-2485
4738,4260
4808,679
1573,-180
1120,5035
1492,-574
2006,1534
2985,1520
1551,-4111
724,2984
1704,44
-1549,-3215
3365,-188
1086,4099
-565,2193
197,1162
-3259,430
255,-3584
-528,-2969
-2916,-374
3215,1384
3923,2834
3066,-1306
1626,-981
-2019,2471
-399,-3766
-1292,-2969
-2134,4939
-970,219
-2861,-3761
-917,960
188,1690
-1125,1432
-1398,3970
-3807,3371
-1218,1338
550,3236
-3657,4242
252,2347
4874,4644
1068,3493
131,-3334
786,-1448
-99,634
2700,-1791
3059,1985
1046,1124
2714,-2480
578,1099
-2283,1015
-277,962
-1288,1441
-2732,-3364
-2025,-993
848,2032
4840,-1152
1872,775
347,2300
702,347
-1656,-1665
3948,-3201
2810,364
-5025,1442
-1216,-1282
32,-1602
754,-3261
3737,-816
-491,2934
1396,-432
1646,-2651
-3417,-2377
654,-1487
1013,-1656
-1639,-4523
2816,-2428
5192,-359
3591,-924
868,1108
-2118,-125
-5252,373
-4782,1227
-310,-5126
235,-6045
361,-2270
762,-531
1564,1079
5395,-2763
1066,-6024
-2455,-3003
1400,140
-2240,378
-4774,-1421
-1004,384
195,152
-3319,-1990
-6347,4581
2716,3974
7704,-1618
1154,3932
3669,1776
3757,-3277
-745,1908
3471,15
1781,-1250
-2491,4664
412,2643
0,362
-2123,1456
-1234,-2352
-980,-1656
622,3649
4249,-182
1641,-5734
-3483,-1998
-1255,591
1778,-3228
2448,-3701
966,1204
-1052,1494
501,-3179
-2694,-1146
-1339,623
5229,-3266
-957,-61
694,339
7405,-3500
-1044,2435
-2331,2027
517,-1600
-1548,3753
-747,515
-3915,-4075
-2151,-129
1375,2994
-947,4901
1576,-1309
552,-5483
-514,2144
1192,-44
-3358,-4959
-1712,923
-98,511
-1850,-4061
4042,-1153
3202,2487
-2539,-538
-806,-3884
3119,1795
3257,5695
-449,-82
3085,-2864
6955,-783
1160,-1417
-279,-2622
-69,-16
-1463,2275
6,-798
-1255,-1171
898,3834
3710,3249
1473,-13
371,577
-3861,-986
-4546,-773
106,3567
-2456,1296
-2193,-438
2646,2831
1923,-1326
2106,-2866
2834,2172
612,271
-586,-1689
-352,-2265
2024,-710
3252,7130
-379,5150
-3062,1594
-2787,4939
-2497,-310
-885,-653
472,2463
389,-4090
1966,-2134
2282,232
-474,-4126
-2413,165
-2469,1049
521,-2375
3967,1128
2959,1074
455,-2213
-1290,-443
-2565,726
-1795,-733
-1483,2847
-3631,4326
-3745,-2359
-208,-597
1318,4216
-839,1451
-2976,1551
-2816,-3364
437,-6116
1778,2449
-1452,-949
-1667,-4283
2291,3720
2701,1688
-1272,-2384
-1798,-1687
402,-1020
-2310,3244
-3430,4701
-531,3592
-763,1363
499,-1188
1404,1238
-2192,-291
-2468,-2802
-421,1600
-214,2572
610,-1659
3173,-4276
3164,-701
-1551,1504
-3375,-3669
-2518,-2671
653,-16
6425,-3130
375,-2589
-6723,-1846
133,805
2124,2524
-724,-3982
2188,-3168
3723,1892
3068,1090
812,1014
-1466,-1895
-1438,-2971
-1021,-170
1422,-596
3163,2077
1557,3181
-1259,330
-3008,1007
-1546,16
874,341
3013,3674
2276,2754
117,559
1282,-984
-1365,-963
-4051,896
-722,3430
345,5465
-636,-773
-2892,-4510
-1693,4903
1496,5549
-4294,-4389
-5525,-4158
-3130,1386
-4975,2684
1075,2518
1704,44
-1549,-3215
3365,-188
1086,4099
-565,2193
197,1162
-3259,430
255,-3584
-528,-2969
-2916,-374
3215,1384
3923,2834
3066,-1306
1626,-981
-2019,2471
-399,-3766
-1292,-2969
-2134,4939
-970,219
-2861,-3761
-917,960
188,1690
-1125,1432
-1398,3970
-3807,3371
-1218,1338
550,3236
-3657,4242
252,2347
4874,4644
1068,3493
131,-3334
274,936
-933,3594
-1659,-2357
-2836,-4236
-6543,1998
-1711,1064
5715,-1038
546,-116
-5590,-1134
-2212,-1710
2560,-2110
-648,393
-6522,5129
-3910,3166
-1625,-2624
-2557,-1922
29,-125
-1594,-3159
-2520,-646
557,3368
-1555,213
-2972,-1503
-2939,-2194
-2417,-2076
-333,614
-2727,1686
-1136,5238
1850,5341
-1714,733
-468,245
330,-1083
-1869,883
-786,2896
-3254,-3415
-2497,-4299
524,-1600
-1633,-1318
-1049,-830
-3425,-3967
-4066,-3261
1941,-375
-1728,17
-260,2515
8850,205
1708,-1530
-1662,1083
4885,-808
1532,-2262
1118,-3168
1687,-2590
-3131,1936
380,1133
1295,-2090
296,-1085
5818,1477
2218,-31
-375,-4564
2422,-2461
-1430,886
1435,-150
2469,-600
-3487,-522
-667,555
-3639,-2433
-6030,-3072
2578,4750
1574,2638
1496,-2365
3219,335
-7043,-272
-5922,2033
5302,2531
3172,-1705
-4376,1742
-3146,1871
3053,-1860
2734,-981
265,-2129
159,-2374
-2589,-1453
693,-2209
4762,-930
-981,1674
-1850,3436
2016,1298
1419,-1966
2936,-2223
3930,-955
-375,840
-2910,-673
-264,-1521
2929,705
2294,113
-1884,2283
-4579,4435
-2780,611
-1086,-1748
484,-2771
3622,-2034
1648,-745
-817,-706
2642,4647
2198,5097
-1421,-1844
-135,-935
-798,1852
-5172,-383
-3941,-1227
158,1631
1015,5015
1169,3533
-1808,687
-4118,-452
97,-1143
213,1679
-1158,271
2250,-4733
206,137
-1087,3031
2155,-2634
-211,-638
-1282,3347
1613,-460
834,-2954
54,-1654
2021,871
3102,1030
3267,-1273
3346,1960
1217,2180
-1133,-3320
-1004,261
411,2699
1964,-1729
398,-787
224,-1437
3053,-4165
1262,-1915
2000,-147
1904,-287
-4507,-345
-3091,2541
-2216,3382
-2069,-381
4827,1537
-674,361
-5685,-3804
-144,2579
-2006,3280
-376,-790
2932,3002
-931,1500
117,-301
1462,3471
973,1977
1638,-1207
-34,-2119
-1821,-1418
-2256,-1170
100,-2721
-662,-724
-1906,982
2983,473
1889,756
278,-786
1385,-349
-2444,-190
-1038,104
-1798,5940
-4594,3457
-570,-1320
-2187,3536
-1304,-398
1405,-3663
-1138,4304
2983,800
1442,-5060
-1346,-1884
4121,-3309
-1439,-3259
-3664,700
5928,2215
4788,3843
-2266,3320
-1582,4089
584,4902
-2321,-815
-9,-1859
3868,4502
-48,5186
4555,-1170
6885,-1819
-1934,3072
434,-2491
2488,-5957
336,4418
2803,5923
-621,1011
-234,2225
359,1174
-5155,-1013
-2325,-4339
1353,-5363
4949,-320
5574,756
-3997,1667
-2445,2503
5453,-2314
3139,-3547
-23,-1871
-1932,-1231
-2291,-2806
-457,-4258
1591,2409
1208,5071
-1564,395
3063,1919
3858,4176
-3439,3473
-695,1984
503,155
-2904,165
542,-1521
-692,-299
-1810,2472
3495,-1379
2910,-3081
-1292,-2464
-614,-4049
2321,-2510
-479,-1535
-2615,-2824
1616,-2407
-669,-1585
-2359,-1631
2830,-978
960,1530
-155,3170
1411,2747
-1355,1500
1558,1440
3065,1679
-70,-2235
2153,-2661
-775,1494
-5383,952
424,1833
4200,1620
2592,-1959
2550,-485
1709,-1508
17,-800
-449,4662
346,712
471,-4251
-84,-2845
274,936
-933,3594
-1659,-2357
-2836,-4236
-6543,1998
-1711,1064
5715,-1038
546,-116
-5590,-1134
-2212,-1710
2560,-2110
-648,393
-6522,5129
-3910,3166
-1625,-2624
-2557,-1922
29,-125
-1594,-3159
-2520,-646
557,3368
-1555,213
-2972,-1503
-2939,-2194
-2417,-2076
-333,614
-2727,1686
-1136,5238
1850,5341
-1714,733
-468,245
330,-1083
-1869,883
44,-618
500,-1400
846,-4627
1744,-2164
1619,4457
-1776,1307
414,1491
3639,4989
-1830,2259
-877,-134
688,-3378
-6462,-1145
-2858,5177
808,1272
-4886,-2700
-514,-746
4092,916
796,2381
1227,-93
739,-3025
458,-3318
3708,-3167
537,-676
-2596,-2350
2157,-5330
3028,-883
-296,463
-1978,-2242
-3905,-22
13,1654
2798,195
-3355,-499
-2110,-1810
1418,-2979
-2998,-944
-342,-68
3248,-1457
-1110,531
851,307
4978,-2974
-474,54
-3750,2329
1345,1197
2442,2455
804,-525
1901,-1431
-466,3678
-634,1887
1771,884
-2048,4457
-3997,1313
-2075,-998
-2310,861
-2970,678
-1913,-665
1514,-3115
1890,-1470
279,1440
770,-1446
-1343,-1043
-1964,296
621,-1955
1962,1182
197,3689
-3116,830
2688,-854
6493,-1524
-802,-2967
-170,-5429
2322,-2561
-603,3227
-1790,314
-4098,-1998
289,672
2940,1964
-2441,3947
947,6
1593,-3946
-2940,495
61,1099
712,949
-539,1744
-1417,-289
-1683,1550
2330,-627
388,-1281
-3611,4502
-618,-276
2088,-1346
1647,4284
234,-1011
226,606
-1064,6057
-4507,211
-2489,522
3197,3229
3620,-2472
-2041,-4438
-2672,-259
1760,2089
-135,-251
716,-9
4831,3862
1535,1879
-376,347
206,1603
120,-3537
765,-6127
1296,-2655
3163,-1992
-980,-174
-3558,2577
1485,1429
-1952,-380
-2238,-3815
5623,-4879
3603,735
-46,1613
1014,-2541
2173,-2275
1684,-554
-1439,1266
-553,2125
1774,594
1505,1028
808,1678
153,2605
945,3019
-1492,-106
-1530,1543
2969,3022
402,-2257
-1602,-1607
-103,-103
611,-4358
1604,-2391
-1745,2694
-181,2526
3098,323
415,-176
4066,708
4327,-158
-2342,-1082
-6720,-5
-7376,868
4037,322
6810,87
-3276,3545
51,3974
-107,-371
-3981,2308
2644,4612
-792,-674
-5137,-1206
1877,-255
1958,-4547
-2251,-3748
763,2324
3582,1888
216,-1125
-1510,1810
-2273,1496
-4173,-3326
1272,-2395
4851,988
3576,410
6767,-3107
4255,-1564
-577,963
2239,-5469
2851,-4311
1000,1074
3789,-1636
6813,4885
1994,2867
-4070,-9672
-3007,52
-2057,5307
379,-3515
4406,-3129
1898,-4078
-420,-1826
62,1206
1379,-2203
3263,970
985,-1676
-2673,-3596
-4530,4804
-1387,2476
1865,-368
-2733,274
-1082,-2573
4564,1342
2225,1307
2832,-1163
3814,1162
1288,-1231
505,-1175
-1047,1525
1272,2940
3753,3262
-855,-1138
-4859,-1847
-4433,-2198
-2653,-2237
-3564,1550
-3661,-2625
-221,-328
1124,5956
1823,-1324
-196,-1042
-3080,2598
-1862,100
-4688,1984
-4011,-1222
720,410
-3629,6925
-3399,2536
1247,3126
-860,4104
253,-45
1183,1676
-1246,-2284
557,-4426
2896,1024
3946,-670
2756,-1457
-2109,158
-4155,-414
-1593,871
-211,-989
-1230,663
-445,6900
-90,2578
-2659,-3512
-2928,135
-2144,2011
-2042,172
958,1809
1737,1563
-1697,531
-603,1159
3269,-3841
1133,-4459
-3321,1503
-4091,-555
-1406,-3173
1971,-2574
-869,-1418
-5528,3379
-2434,413
678,-4779
-228,-1098
136,1477
407,3239
-12,2830
44,-618
500,-1400
846,-4627
1744,-2164
1619,4457
-1776,1307
414,1491
3639,4989
-1830,2259
-877,-134
688,-3378
-6462,-1145
-2858,5177
808,1272
-4886,-2700
-514,-746
4092,916
796,2381
1227,-93
739,-3025
458,-3318
3708,-3167
537,-676
-2596,-2350
2157,-5330
3028,-883
-296,463
-1978,-2242
-3905,-22
13,1654
2798,195
-3355,-499
2384,-1298
1262,-1407
-4179,1882
-788,2425
-492,3717
-2848,1678
-78,-426
973,-1024
2178,-3640
1951,-1094
-1547,2135
769,1296
3526,4551
-99,4652
-2822,-3238
-2155,-1698
-457,7028
-1284,4520
-4667,474
-3048,-189
981,-5964
-111,-3991
-2472,1171
-1561,-2551
897,-1149
200,1379
-1496,-1196
1965,1400
3922,3547
78,867
-284,-1599
5276,-1453
5219,724
-3778,1060
-4470,2034
2731,3606
834,1811
-1911,-321
-117,-249
678,990
2335,-1149
1213,-2612
2058,1378
2738,788
-2287,-804
1945,487
4873,-4202
-310,-5978
3940,-3033
5259,-3706
3362,-2771
5629,-1565
-1671,-1348
-4518,58
2150,-976
3766,330
4742,3845
1610,1016
-2387,-2022
2711,1330
4120,1685
-1939,-1936
-2738,-602
3225,-275
2772,-1986
-3470,1772
1414,2817
6951,789
-427,2712
-2145,3027
4639,-328
3549,-4624
165,-3644
1441,2623
322,3581
317,2083
2064,-162
-2312,-3816
-4993,1035
-1454,5121
3248,99
4663,-741
-1187,2023
-2436,-382
70,-3471
-3434,-162
-1709,2658
-931,-2486
-3077,-2514
1095,2601
-64,-653
1626,-1949
3915,44
-5980,-4071
-4616,-2900
1209,2597
-2534,2684
2,3841
1303,4001
587,145
3087,-527
-335,-370
-2567,-1160
-188,1237
1722,3200
2019,676
1455,-2842
2100,-2706
1198,-993
2169,-69
386,2410
-6515,2692
-4489,-200
-2641,-704
-3572,-2373
1748,-3541
2380,2520
2351,4331
2355,-2417
-908,-1032
2375,5278
2542,3021
-808,2833
-808,3710
-187,-3357
3602,-2594
-704,1203
-4770,-2826
2684,-1598
1001,-3164
-2699,-5549
143,2196
-222,773
16,-1783
-2491,3342
-2159,-1301
1185,-3929
-2146,-2045
986,-4350
2376,-1865
-6072,-1150
-4668,-2361
1415,860
1240,1734
-1079,176
-1944,-2145
-531,28
-417,2316
-618,-2562
-1744,355
-23,5317
4899,1334
1124,1518
-306,3678
2824,4248
-515,3356
3562,-1576
6413,-1073
276,166
1530,-1678
-874,1448
-6257,1386
-2117,-1527
-1092,355
-1768,1236
1912,-1008
671,-3498
-4878,-1435
-2520,3428
6700,2711
6381,926
1038,602
-738,-2539
-5361,-3494
-2548,-2824
3600,-2570
-1804,1373
-2309,914
3078,-3087
1742,986
711,3011
-326,-156
-1734,-181
-253,-1845
-585,-1820
-808,-743
-372,-2398
-1439,-14
-2579,-106
-3638,246
-364,2850
2145,-974
-2048,3434
-525,5408
4042,-3191
541,1405
-1092,1477
1531,-2779
944,4531
-429,-1192
-32,-3371
535,6606
-1286,1700
-2817,-1763
-1015,-902
-858,-3332
-1591,1680
-413,2068
-1712,-63
-4089,2462
-2212,-651
1038,-1601
10,1780
-1004,-217
168,-1749
-1878,2171
-1592,1545
-24,-2792
-3035,42
714,-1124
6815,-5031
3266,2167
-1423,3716
-1903,-1297
1086,-512
2610,-1119
363,-779
-237,261
-2818,-110
-3027,12
1765,-3779
211,-3173
-2137,417
-302,-157
1967,3137
1702,3907
-4372,-897
-3328,-1791
2071,494
-441,1104
-543,-2484
-1237,-3320
-1911,-1523
893,-2150
-4761,737
-4661,702
896,-2255
-3290,-1159
-989,-3807
1817,-3541
-2598,1674
1508,2274
5506,1897
2994,357
-923,951
-2664,2810
2384,-1298
1262,-1407
-4179,1882
-788,2425
-492,3717
-2848,1678
-78,-426
973,-1024
2178,-3640
1951,-1094
-1547,2135
769,1296
3526,4551
-99,4652
-2822,-3238
-2155,-1698
-457,7028
-1284,4520
-4667,474
-3048,-189
981,-5964
-111,-3991
-2472,1171
-1561,-2551
897,-1149
200,1379
-1496,-1196
1965,1400
3922,3547
78,867
-284,-1599
5276,-1453
-62,1112
433,-4764
-1389,1488
1332,3751
3462,3098
1248,4400
3911,-17
4429,-137
-124,-663
726,-3422
3963,-522
5275,-1004
2762,1927
-473,6184
2314,2592
3027,2038
-70,-329
1142,-2570
1841,-1444
-2414,-4894
-5053,-2662
-1329,-1389
2547,-2582
16,2899
-4566,-1841
-3395,-4148
1799,4309
2628,1018
1873,-811
1829,3008
-329,-540
1548,1031
936,6155
-3341,3380
2499,-343
5996,687
832,548
-1259,-111
-1375,1289
130,-3582
-418,-3912
167,4240
5224,-130
446,-3219
-4103,3177
1390,-1072
2054,-3883
-1268,1415
-2615,457
389,-2288
3266,-156
1380,1607
3723,-3324
2581,-6088
-2555,-782
-354,883
326,2052
1423,4495
707,496
-3804,-1199
606,585
382,1866
-1033,4372
5351,3142
-274,1872
-4004,1532
978,-2600
391,-2444
1840,331
-1392,-414
-3982,521
1223,952
-1707,345
977,2758
5903,1735
-2202,-2096
-2084,-109
-37,3281
-2911,1092
2144,-3110
522,-2577
-3481,1625
805,2017
-651,761
-2216,1223
-358,-1500
-3150,-2043
-3171,2387
646,2522
1285,624
-2342,1204
-5217,1109
-962,24
2982,-777
-459,201
-2168,1026
1448,2022
1904,4095
-406,-988
1811,-7140
2587,-3698
-687,-251
538,1351
299,2614
-2414,-1238
561,-1496
645,1094
-552,-1368
2798,-1691
1237,341
-329,1853
895,1936
-1789,-3510
-1167,-4144
-241,307
-4232,-2028
-1225,-1445
3971,2620
-471,692
-1871,1383
2510,3724
-1526,439
-2870,-2152
3458,-74
35,869
-2491,-1629
2569,1794
1357,4673
62,-3284
-410,-4558
-1884,642
-870,1311
-4408,3327
-2478,-1265
5103,-6133
3865,-1340
2431,-769
810,598
-1741,1627
-518,-2456
-3107,2185
-2829,2072
-297,-5614
-514,-3444
2930,-1207
1606,-68
1400,3536
5555,867
468,-2819
-1608,-2337
-837,-921
-3777,-801
649,-942
1470,-1162
-2791,-2433
-1137,-1503
-605,-3171
269,-4388
2171,2546
1165,3503
2684,-1810
4107,-2931
747,450
-2579,6803
-2851,1553
-1517,-5391
2343,776
3455,-1831
-2161,-5069
-1775,2493
801,1040
-3587,-302
-1152,4486
2527,3747
-569,3448
-31,3102
-493,-1569
-2122,-3377
-627,-1355
-360,-2860
528,-4186
-275,1931
-2169,4590
-478,271
1427,-429
744,2484
-1875,3187
-551,-250
-478,801
-5625,3392
-577,-2216
5168,-815
-1174,3196
-3828,-2752
-1633,-3723
-345,-2548
830,-1773
600,1890
1491,126
821,1763
0,2886
963,-3097
-370,-2862
-66,-526
-1732,1201
-5394,660
-2579,-2472
-2628,3631
-4830,4113
600,-2694
1281,-427
-3703,-1051
185,-1167
3401,584
-2187,-6630
-2500,-5017
-225,1709
-1704,-1910
1551,-3113
2920,-1961
738,-2814
1702,-2076
194,-2695
-615,684
-724,5219
-1682,-1
1698,-4543
1980,-2440
1804,-988
2339,877
-2508,39
-1125,-2597
1497,-270
-681,-640
984,-3069
-864,-2516
-3270,-2985
-652,778
1231,5032
2243,5197
-2343,7518
-5387,5634
-845,3043
623,3980
-506,396
-2718,2054
-794,5628
3575,-1613
-3662,-3899
-4582,3434
6094,3685
3251,-2592
-2903,-3676
1271,-2802
2647,-1415
-434,4333
-62,1112
433,-4764
-1389,1488
1332,3751
3462,3098
1248,4400
3911,-17
4429,-137
-124,-663
726,-3422
3963,-522
5275,-1004
2762,1927
-473,6184
2314,2592
3027,2038
-70,-329
1142,-2570
1841,-1444
-2414,-4894
-5053,-2662
-1329,-1389
2547,-2582
16,2899
-4566,-1841
-3395,-4148
1799,4309
2628,1018
1873,-811
1829,3008
-329,-540
1548,1031
-3372,3796
-281,3235
-1110,989
1909,5748
1229,1917
-1368,-3015
2015,-704
-110,871
-4673,2941
-3839,2377
-2023,-357
1161,1179
2044,4922
-2191,3813
-5183,-1805
-1974,-29
2558,3102
-875,-804
-2642,219
3717,2370
2309,38
-3014,-1774
441,-3751
3803,-1883
2402,1351
550,3528
-17,5487
195,2105
-1436,782
-2301,1579
-372,-982
115,-2502
-300,-5793
1717,-3769
2363,2409
-1387,321
-2196,1445
1040,6094
-103,4846
-1242,2067
1484,248
1310,1757
2592,677
6036,-266
1563,5756
-2811,3461
1596,-1761
3442,1532
209,-167
-2190,-4729
-5291,-2029
-5024,2834
-2416,2214
-2631,-694
2304,-958
5419,-3044
29,-3031
3084,-12
6281,899
-1290,1663
-1214,-1642
2493,-2183
221,-143
839,-5584
-88,-3160
-3877,1460
-2564,-2702
907,-1492
846,-2055
-1565,-3121
682,1673
4068,-749
1642,-3796
-316,-886
-1330,1654
-1352,591
1336,-898
-935,2127
-2262,435
1369,-1270
-556,1576
-3691,-1514
-1088,-79
2459,1641
50,-1676
-5159,1683
-1893,-610
1428,-4074
-1210,-755
183,-211
-627,3379
-1453,2395
3317,-628
-40,2772
-3937,-584
840,-825
2896,724
1960,-4893
-990,-3604
-2683,-1276
1968,-53
2348,1805
-1588,93
-1551,1663
215,-2352
2904,-5207
2772,1941
-915,-169
-893,-2920
-836,420
-5480,-660
-6271,-15
174,-999
3020,-3182
1082,314
3837,750
4163,-3419
-2371,-1897
-2577,3819
1446,352
693,-3494
-636,2253
-1403,3765
-311,3763
4110,3159
2876,-409
-1604,2885
2105,497
4820,-3796
-517,264
-2043,-2706
466,-3906
1043,-1232
1579,-3507
842,-2190
357,-2272
-1002,-468
-3880,2793
-773,-2110
-930,-2857
-6704,-2664
-2449,-2849
1690,3214
-669,1639
1450,-1142
1603,1514
269,811
975,845
-2656,205
-2471,328
1458,2532
-614,314
-1853,-562
834,603
1481,-473
-560,-2857
-1105,-2948
1499,2044
2020,1094
1609,-1996
3920,2172
2896,-248
-588,-2219
875,3528
3172,472
576,-2586
-1151,1357
245,1410
-768,3243
-1775,3777
-1890,-2406
-2799,-1299
-658,3458
-1050,2161
-2199,906
3845,-2793
4223,-5289
-594,1
1300,1206
926,-593
-3470,-951
-3855,-6173
-4,-5856
2959,1384
1706,1850
3450,-1160
3231,-2849
-2482,-2447
766,4072
1180,6469
-5746,-2903
-486,-3188
2984,7504
-2348,2929
-2465,-3176
-2216,3049
-755,716
413,-1602
-2472,1449
-696,-1137
-1087,1148
-2277,1481
2044,-2226
-2578,-314
-7702,-2577
-1607,-1170
3531,3372
4928,-291
-556,-640
-7279,-2386
-1807,-5433
997,-307
-1282,2191
4094,1868
3439,-46
-2273,-1781
-363,990
-61,-457
1407,1187
6954,3877
3465,-3012
-1992,-2522
-38,961
2416,-4107
3620,-4344
3309,-170
864,690
-2650,-1814
-3257,-2058
2542,395
1867,-952
-2371,2459
4190,4830
2110,-3504
-6653,-4002
-981,234
774,-133
-1421,2001
3991,305
1985,-244
1187,663
5452,-3806
727,1323
-1412,3725
1253,-3546
-46,2454
-859,5090
-977,-297
-1404,3651
-3338,774
-2694,-2168
3004,3554
2337,1066
-304,220
-212,1460
-4204,-679
-3372,3796
-281,3235
-1110,989
1909,5748
1229,1917
-1368,-3015
2015,-704
-110,871
-4673,2941
-3839,2377
-2023,-357
1161,1179
2044,4922
-2191,3813
-5183,-1805
-1974,-29
2558,3102
-875,-804
-2642,219
3717,2370
2309,38
-3014,-1774
441,-3751
3803,-1883
2402,1351
550,3528
-17,5487
195,2105
-1436,782
-2301,1579
-372,-982
115,-2502
-3046,-5456
-1585,-3008
318,-1709
247,530
2332,2531
2566,755
1065,-251
670,-1385
20,-579
1675,2516
2855,1560
912,586
-3155,2802
-2713,2014
5981,-3322
6124,-3436
-817,1816
-1080,-1046
-1043,-1786
1563,4885
3027,666
-1619,-2037
-2650,5463
-3984,2533
-439,-6251
2283,-4819
-8372,1346
-5791,321
991,-1621
-6829,2748
-3467,578
454,-2553
-3620,2534
-1342,3195
-3460,1500
-1373,498
4830,-223
872,2977
1384,3120
2565,3495
-66,2965
1716,-2032
-1644,428
-2183,2778
3367,733
1984,1492
2772,-987
3955,-1311
-1661,2008
-822,2501
2944,2913
-347,815
-2036,-1163
-1200,-1471
-2372,-2918
-410,-1342
1278,-572
-240,-2234
2164,-1650
3079,-377
196,-2394
876,-4543
425,2324
-1695,5843
-874,-1660
990,-2961
2701,-2769
2528,-4331
2045,1210
302,3988
-2668,2990
-325,2621
1629,1715
2270,719
3492,-1434
-1953,656
-1841,1776
3865,147
-368,2904
-3465,-356
-1961,-2710
-957,1944
1276,-51
-2129,-253
-4038,873
1203,-3033
3683,-923
2728,3009
110,2830
838,986
3224,1
-430,-1211
-705,-5361
1380,-2134
-622,2142
-363,-412
-1448,3258
-1822,4061
16,-599
-3570,152
-2842,-606
223,-1025
-3631,-721
-1399,1234
2947,5452
1552,-921
5001,-3706
3840,634
-3775,-3824
221,-1007
3643,3486
-1730,-1764
-1457,1338
-1672,3458
-1744,-180
4363,940
1012,-3028
-4206,-4676
1737,539
3663,-2158
-378,-3525
-1692,1205
-307,734
956,-773
-590,-41
775,861
2304,1106
-2087,-1149
-2022,-336
1834,2276
1057,2447
-500,3474
-2135,1132
-3915,-1303
-39,-1160
5264,-4303
1645,-1970
-2059,-861
1108,-6327
-984,-987
-2124,2185
1825,-1878
-235,3220
611,3157
1629,-2752
-2900,-1445
-492,-680
1279,-1841
490,-2865
998,-2344
-1631,-220
2168,-965
2820,-398
-1092,839
4979,-65
1878,-440
-4512,-1034
679,0
-1958,685
-4980,345
-724,2534
756,2737
1706,565
81,-1087
-599,-964
-842,1991
-2543,3527
1093,1081
-867,-2583
-2745,1109
3547,4928
142,-4183
-4499,-4756
-2097,3941
-624,-2531
2158,-6809
1,1224
-2827,4234
-2325,1418
-6061,-1816
-4785,-1974
-2741,530
-5372,1048
-2578,-1322
-1495,-1284
-1889,1589
1316,-3383
988,-5182
-485,1418
-931,-1880
716,-1465
3066,3433
150,-2684
-1190,-2723
615,-1450
-196,-2655
-1447,2862
-1503,-1526
195,-5258
-630,1556
-2870,1507
452,375
1773,2047
-358,2708
1078,1535
2504,-3225
2592,-1827
1764,2605
-299,750
-2621,-4135
-4517,-5083
-756,3023
2727,5727
-1922,-893
-3292,-1009
-508,2038
-2068,3995
-557,3699
3217,-781
1208,-2379
-93,-2425
-580,-281
-3281,3294
-1005,913
0,-1086
-2463,-930
3156,-3151
5695,-3707
-136,202
1789,2050
5903,-2747
3468,-385
459,5079
-3045,-1478
-3735,-2351
1443,1985
3109,-100
-152,2505
1060,2005
2683,862
-1227,7014
-1973,1290
-911,-7067
-1344,-4939
1555,-4380
-188,-295
-2058,6008
3456,3741
3067,-587
2430,-1947
5256,1161
1167,3986
1454,-478
5985,-639
3352,4069
-953,-622
-3046,-5456
-1585,-3008
318,-1709
247,530
2332,2531
2566,755
1065,-251
670,-1385
20,-579
1675,2516
2855,1560
912,586
-3155,2802
-2713,2014
5981,-3322
6124,-3436
-817,1816
-1080,-1046
-1043,-1786
1563,4885
3027,666
-1619,-2037
-2650,5463
-3984,2533
-439,-6251
2283,-4819
-8372,1346
-5791,321
991,-1621
-6829,2748
-3467,578
454,-2553
1942,2304
-3999,-1451
1504,-186
8892,4114
569,2862
-4704,4058
706,5139
2476,-2928
-402,-4095
210,4178
2474,2872
159,-1533
-1053,2482
1602,4181
-431,404
-4166,1
-1911,-230
1116,-1896
-980,-136
-4167,-2635
-2408,-6185
1675,-1143
2342,1445
319,-845
282,-1532
2814,-646
1938,1770
-1329,1061
-2475,889
-3347,1329
-253,-3992
1773,-5515
-2684,-2172
383,1933
3332,4668
-2245,1386
1239,2389
5398,3325
1192,-890
-198,-91
-1227,-2715
470,-2771
3502,1994
-104,-656
-2588,3211
-2157,4756
152,-972
2219,3259
276,1075
1561,-1835
1670,4698
1212,722
6531,-2694
2740,955
-5100,684
-3108,895
456,1842
2523,583
1208,-3636
-1170,-911
954,6417
1174,1272
417,-1525
1476,1639
1730,-1916
900,-2129
-2281,-120
-3057,2105
-364,3037
741,-1518
55,-918
-1364,-317
-448,1920
-693,8643
-2963,3434
-1970,-415
-4697,602
-6591,-4041
-989,-893
-106,2932
-2077,2646
-2360,3755
-2631,-85
2233,-613
4709,1117
1114,926
-317,1580
-335,-1858
1535,1271
3498,4373
100,-1700
-2495,1475
17,2244
1839,-3177
-278,1443
-3537,-985
-3982,-7091
-1913,-860
-675,2393
-206,196
125,1382
904,3073
3612,1150
1729,-3739
-3600,-5119
-2027,-3571
-1328,-3477
-3403,-2388
-1488,-1324
-3258,-1470
-2762,-439
1711,1319
-637,1626
990,-1529
3886,-2006
-1756,3484
-1672,2751
4210,757
5306,6792
2923,3184
2249,-3803
2982,542
-1814,-2453
-4400,-5327
690,2302
966,1454
-1560,1229
-1612,3747
-3390,-3028
-1368,-3412
4580,284
2419,1598
-3182,6660
-370,3902
257,194
-2470,3364
1446,-675
531,-3929
-496,652
4909,2518
2388,-180
2124,-2512
5665,809
1914,3082
163,-670
-2137,-1746
-1932,-1162
2846,1733
214,5736
856,-388
2388,-4965
-2157,-290
68,-777
1021,-2785
-756,299
1701,1810
1253,-7
1044,-1695
277,747
-1539,2654
1236,1448
2682,690
1732,-3715
751,-3624
1226,762
3783,-5547
3457,-5608
1051,2515
-2933,236
-3993,1469
547,3169
-410,-2596
-3023,-1161
-765,-583
-151,-1202
-870,1214
-2448,-2824
-2522,-1372
653,1215
1020,-4851
-344,-3898
961,-1720
1383,-2153
-3018,1755
-2479,815
3238,-747
-572,242
-2866,-2231
661,-2613
-921,-1910
527,-457
-1598,2536
-4626,-1704
1621,-5794
-2992,-845
-6566,1199
2378,-518
1349,2134
-711,1438
658,-1748
-2292,554
-883,1204
-229,1187
487,3530
4278,1884
215,162
-5533,-915
-2430,-844
2377,2598
411,-188
-720,-2816
2016,916
982,-457
2417,-3839
2446,-5618
-1682,-5307
3059,1637
2925,5184
-3103,1601
2175,-583
3394,-1013
-2788,-571
-2139,1315
538,510
-1810,-2322
-4463,982
-86,2634
1717,-2356
-3189,1507
-2815,3492
-1576,-3401
-3145,73
-2128,1207
3222,-4704
6741,-1584
-2456,249
-4905,278
5786,2658
2849,312
-2693,-1388
-1535,-1327
-3044,55
733,972
765,-3037
-1019,-2866
3632,62
-1456,-662
-4702,-1271
621,-2351
-304,-415
544,1422
1908,-2533
802,-2426
2964,-190
1808,-1656
2166,640
1942,2304
-3999,-1451
1504,-186
8892,4114
569,2862
-4704,4058
706,5139
2476,-2928
-402,-4095
210,4178
2474,2872
159,-1533
-1053,2482
1602,4181
-431,404
-4166,1
-1911,-230
1116,-1896
-980,-136
-4167,-2635
-2408,-6185
1675,-1143
2342,1445
319,-845
282,-1532
2814,-646
1938,1770
-1329,1061
-2475,889
-3347,1329
-253,-3992
1773,-5515
-3742,1398
-3369,1056
-3475,2718
-1963,2846
-372,3816
1730,3392
3934,-183
1415,-2122
-1665,-3348
-3567,926
-326,4481
4357,-1680
-2506,-2080
-2527,2215
3784,362
-2537,-689
-795,-148
2925,1192
-3840,526
668,-2326
3278,1729
-3940,2883
-1762,-3216
2816,-2126
2287,2683
-680,3383
-3906,1495
-3273,-1705
-1353,-3307
347,-3310
1874,-2949
2390,-2330
2607,-2141
2390,-2330
1874,-2949
347,-3310
-1353,-3307
-3273,-1705
-3906,1495
-680,3383
2287,2683
2816,-2126
-1762,-3216
-3940,2883
3278,1729
668,-2326
-3840,526
2925,1192
-795,-148
-2537,-689
3784,362
-2527,2215
-2506,-2080
4357,-1680
-326,4481
-3567,926
-1665,-3348
1415,-2122
3934,-183
1730,3392
-372,3816
-1963,2846
-3475,2718
-3369,1056
-3742,1398
-3616,1610
-3123,1854
-2212,3636
-385,3466
2021,3117
3518,632
1706,-3137
-1613,-2602
-4005,857
292,3725
3962,-335
-2732,-3397
-1586,2688
2606,1349
-2153,-2988
556,2091
267,1224
-2484,-2815
3427,1574
-1705,2540
-3885,-2561
4417,-1964
1212,3192
-2558,3049
-2869,-901
-2468,-3024
2536,-3207
2870,-986
3052,945
3631,1859
1428,3129
2717,2701
2223,2826
2412,2370
4121,394
2477,-591
2028,-3276
-1251,-3359
-4242,-216
-1716,2222
1413,3830
3117,-2046
-2009,-3292
-3170,4032
3420,-137
-510,-1955
-2895,2423
2617,-1448
-507,875
-2620,1328
2042,-3359
1122,3250
-3372,1981
-1210,-4751
3684,223
1466,3007
-2527,2705
-3439,705
-2833,-3582
257,-2908
1769,-2918
2522,-2341
3644,-433
2819,-1580
3429,-800
2881,-1770
1383,-3430
537,-2701
-2896,-3360
-3643,120
-2087,3409
908,2524
4165,193
-1382,-4105
-3714,915
2041,4233
775,-3586
-1643,292
-243,2997
461,-3349
354,2031
-1959,1612
196,-4023
2638,2959
-2878,2565
-2644,-3690
3210,-1290
2385,1955
-1083,3689
-3438,1676
-3624,-2212
-1199,-2759
375,-3630
1723,-2995
2602,-1960
2377,-2639
2602,-1960
1723,-2995
375,-3630
-1199,-2759
-3624,-2212
-3438,1676
-1083,3689
2385,1955
3210,-1290
-2644,-3690
-2878,2565
2638,2959
196,-4023
-1959,1612
354,2031
461,-3349
-243,2997
-1643,292
775,-3586
2041,4233
-3714,915
-1382,-4105
4165,193
908,2524
-2087,3409
-3643,120
-2896,-3360
537,-2701
1383,-3430
2881,-1770
3429,-800
2819,-1580
3644,-433
2522,-2341
1769,-2918
257,-2908
-2833,-3582
-3439,705
-2527,2705
1466,3007
3684,223
-1210,-4751
-3372,1981
1122,3250
2042,-3359
-2620,1328
-507,875
2617,-1448
-2895,2423
-510,-1955
3420,-137
-3170,4032
-2009,-3292
3117,-2046
1413,3830
-1716,2222
-4242,-216
-1251,-3359
2028,-3276
2477,-591
4121,394
2412,2370
2223,2826
2717,2701
1428,3129
3631,1859
3052,945
2870,-986
2536,-3207
-2468,-3024
-2869,-901
-2558,3049
1212,3192
4417,-1964
-3885,-2561
-1705,2540
3427,1574
-2484,-2815
267,1224
556,2091
-2153,-2988
2606,1349
-1586,2688
-2732,-3397
3962,-335
292,3725
-4005,857
-1613,-2602
1706,-3137
3518,632
2021,3117
-385,3466
-2212,3636
-3123,1854
-3616,1610
-3742,1398
-3369,1056
-3475,2718
-1963,2846
-372,3816
1730,3392
3934,-183
1415,-2122
-1665,-3348
-3567,926
-326,4481
4357,-1680
-2506,-2080
-2527,2215
3784,362
-2537,-689
-795,-148
2925,1192
-3840,526
668,-2326
3278,1729
-3940,2883
-1762,-3216
2816,-2126
2287,2683
-680,3383
-3906,1495
-3273,-1705
-1353,-3307
347,-3310
1874,-2949
2390,-2330
-600,62
3115,-1711
3036,-1169
-3741,1484
1500,1032
1886,3492
-3457,2832
386,-1900
2204,-2056
-2030,-1423
-2745,-73
1345,3862
2987,3961
1144,263
-3329,-830
-4966,315
2556,217
-159,1621
-6832,1604
2884,-3269
2567,-3084
-4633,1749
639,3525
1761,4196
826,1934
-754,-2423
-3333,-4520
-18,-3150
-2950,2127
-4044,2638
-239,211
-3053,2370
300,-362
3529,-1939
-575,2385
926,-1350
1358,-1542
-2066,5136
-1372,2378
942,1950
-865,3832
-4748,-3253
-3071,-2951
2234,1230
5181,-2815
1338,703
-3895,7288
-1118,1412
-250,-4427
-545,-2555
2039,-1090
-1121,-2094
-291,-1726
1061,868
-2493,149
657,-2359
1247,603
1018,2887
2966,-603
-1847,-2273
-3034,1009
-4834,3981
-6238,3011
1444,1496
1448,362
-1797,-3089
155,-3470
1229,460
2141,2987
-1342,2811
-1256,-952
1082,-3445
-1461,-2481
2597,-3814
1014,-2319
-4115,2339
2684,2002
1468,21
-2409,-800
2551,228
674,1957
-2635,-921
-2348,-2792
-2541,344
212,2415
1832,-481
494,-5298
412,-2324
1511,3589
226,558
-1974,-3588
-21,-1866
2367,466
571,-1437
-2393,-2935
-597,97
2172,-2534
-620,-5299
137,-1655
2742,-5008
784,-4155
2776,2411
3257,-2748
487,-4035
462,-283
110,-733
3369,3595
2264,3415
-3748,808
-240,1851
1809,-1644
1022,-284
2592,689
-1288,-2486
-1515,1311
-342,345
-4339,-598
-3019,4393
643,3258
1194,2376
-2548,-1217
-6031,-2157
-1478,5511
293,-55
-2111,-3475
-556,2813
1121,-3174
3367,-3055
2048,2110
-2353,-2367
-768,-1561
-358,-1604
-2565,-2182
-2149,2480
-3222,-365
-2075,-2019
1392,262
561,-423
163,2427
1706,1934
913,-4191
580,-4737
-94,426
-3453,1616
-3580,-2689
-1001,-1632
-963,-737
-990,-3605
-1475,-594
-2883,-2468
190,-3168
3314,5415
-748,1502
-2662,-2426
1851,4242
187,1469
-3537,378
-1061,6191
-2088,4563
-901,633
4045,-362
-526,338
-1829,-1433
1123,-3749
-3148,659
965,2564
7242,-948
2321,-1521
1846,1302
3838,5872
2159,4662
3010,-2143
200,-3341
-3459,1352
-2722,3932
-3239,-930
74,-3414
2585,824
-3808,635
-3162,1454
3385,1079
693,-5286
-2483,-1908
-1757,905
-1879,-2371
-1808,2419
-1976,1501
1776,-516
6000,8437
4686,7620
3885,-279
1786,-645
0,362
2811,-596
2086,-1560
301,170
1756,-609
3102,-3963
2535,876
-2937,4124
-7079,-421
-5399,-1100
-712,1043
3702,2642
733,1412
-1611,-2954
1893,-1860
1774,224
350,-2381
-1028,-2506
-135,-1089
1041,-1594
-5244,-1294
-2974,-648
5136,-416
1792,1165
459,1415
1100,-1217
-3075,-617
-3225,1656
-1648,-1042
-707,-4412
-832,-3033
-749,1802
2172,3258
1199,211
383,1063
3685,2440
2271,914
-187,1095
1739,15
305,1114
-2292,2741
2207,-2017
2109,-2119
-1503,1035
5036,965
2643,4205
-5646,3106
1602,-3406
3376,-4433
-1729,372
1050,5462
1900,2657
1089,905
-1071,4449
-1096,-1325
3260,-2723
1133,3233
630,-1782
3035,-2094
2222,3338
2514,-907
506,-3931
3095,-3884
4972,-2790
-600,62
3115,-1711
3036,-1169
-3741,1484
1500,1032
1886,3492
-3457,2832
386,-1900
2204,-2056
-2030,-1423
-2745,-73
1345,3862
2987,3961
1144,263
-3329,-830
-4966,315
2556,217
-159,1621
-6832,1604
2884,-3269
2567,-3084
-4633,1749
639,3525
1761,4196
826,1934
-754,-2423
-3333,-4520
-18,-3150
-2950,2127
-4044,2638
-239,211
-3053,2370
2428,-1554
-2639,-975
-2425,-373
566,4109
174,3294
2919,533
2940,526
57,-4488
929,-3911
-594,2710
-4313,862
-3473,2136
-53,6073
956,-1583
-842,-5069
-1628,1746
294,2384
607,-1828
-1059,-1185
70,-882
-454,-5519
-2164,-3680
1261,3416
241,2818
-2617,1129
815,-392
-1666,-3608
-3351,340
1882,1945
-755,-2062
-2626,-1508
1081,-646
-2022,-1086
-3881,-736
704,2665
1723,5996
-1109,1167
-837,-1129
3737,1117
7116,210
5395,629
934,-850
-3034,-335
-4376,1827
-117,-1157
3897,2093
879,2291
282,-3347
2138,1347
-941,2171
-1012,-482
1333,1819
1730,-1288
-196,-803
-3301,3675
2543,2620
3936,1182
-4778,2562
-2400,4362
-484,-797
-1716,-2149
4229,5718
437,1667
-2950,-4800
2692,-954
2145,596
1082,-1555
178,-4179
-463,-166
1924,3511
-425,-2677
-272,-912
2339,3208
-22,-991
-1920,-390
-2515,913
-988,-427
663,163
3,2247
-1507,3872
-4673,1881
-3249,3035
-772,2417
-1216,-3163
835,-715
-758,1355
-724,-137
1656,276
-3721,-1396
-3889,589
34,-1086
-1670,-6291
-1801,-1634
-1820,701
-1425,-1394
-391,-1053
-724,-2384
2028,-2169
4205,124
3053,2793
-455,1773
-1271,19
571,4051
-5002,2138
-5935,63
49,4935
-1325,2562
-265,-815
1157,-265
-554,1222
2497,3588
669,451
-1214,400
1350,1546
-275,-1703
449,2470
1671,3824
442,-516
149,-1742
-2228,-5401
-2642,-3131
-1503,2210
-949,-200
597,-1602
2013,-857
4803,1622
1693,3687
-3027,-849
1192,-4238
1112,-249
-1850,4825
216,-884
352,-8419
1979,-1746
760,2010
-3672,-1930
1288,-435
3832,-33
-2685,12
-3301,958
211,-534
-563,-388
-606,-2214
2177,-2640
1030,-636
-3388,-1404
-3157,1566
-650,540
-2884,-4680
-3730,-371
462,1026
-304,-1262
-2771,1905
257,863
1419,1913
1424,4107
772,-1981
-1205,-135
2557,3371
3507,-3642
-150,-3258
702,52
-127,-1329
-1356,1196
834,1477
2801,3902
1985,7457
-2504,770
-43,-637
3868,2836
659,-461
4105,17
3941,1840
-3912,-439
-970,-2395
2546,-223
-815,4921
-3210,1151
-1329,-1414
3970,3724
3878,-18
1582,-102
-3265,2964
-9552,-2835
-2552,2250
1884,4061
-679,-7443
2632,-3158
-1519,3551
-1243,-214
5356,2169
-3542,1022
-7760,-3390
-1796,2866
1301,4968
3764,-1237
-2196,1358
-3472,5282
3670,-1081
-1382,-4131
-4556,-310
-1184,385
-1621,0
3185,-438
5690,-2195
3221,-1072
4091,-567
1822,-3624
1901,-2181
4989,1644
1549,-957
-9,-2707
851,-1190
-1558,-2327
-1124,-523
1768,3124
2117,4754
-1723,3303
-4402,-3824
-72,-3450
1647,-138
-1736,-5590
394,-2327
3892,89
1448,-6305
-1307,-701
138,1400
1637,-3924
814,-132
-419,281
-3034,1330
-3039,4374
583,-1504
266,-937
1194,1513
4361,-3540
2095,-1286
1393,2222
2328,1620
-557,2727
-1558,-2324
1164,-8029
3729,-4869
152,-2014
-3579,-2350
1502,-3431
3828,-5731
1992,-3045
2458,1996
-93,1559
-2185,2026
-2486,2744
-1630,-786
2074,357
1913,2324
2015,-1188
2428,-1554
-2639,-975
-2425,-373
566,4109
174,3294
2919,533
2940,526
57,-4488
929,-3911
-594,2710
-4313,862
-3473,2136
-53,6073
956,-1583
-842,-5069
-1628,1746
294,2384
607,-1828
-1059,-1185
70,-882
-454,-5519
-2164,-3680
1261,3416
241,2818
-2617,1129
815,-392
-1666,-3608
-3351,340
1882,1945
-755,-2062
-2626,-1508
1081,-646
1580,-768
-3800,388
-1693,656
2104,1933
-1065,2175
36,28
1367,326
-899,1520
1300,2054
405,684
-5196,-1415
-3801,924
-208,1411
670,-2942
2049,-2350
1066,2133
936,1418
2075,-924
-148,1259
-1585,2095
-2073,1314
-890,2298
330,85
-1318,-134
2210,3392
1810,1314
-3726,-1033
915,197
2590,-977
826,-1162
2421,3436
-1479,4352
362,-1448
1775,108
-1497,5351
2352,431
-3515,-2089
-5314,-462
5813,-2826
383,-721
-3498,1330
2215,209
-1201,4124
-3173,6900
-3299,2178
-92,-2251
4792,1742
382,1991
485,-6788
2881,-5001
-1540,732
-1805,-2699
1742,-1642
1885,2207
-2895,52
-2892,-2629
683,-1923
-690,681
3606,2040
3827,563
-2751,-2996
-256,413
-2357,5555
-3457,-1470
1704,-2304
-3415,1354
-4254,-5472
-999,-1847
-3117,2610
-2733,-2052
-3981,1285
-698,-2630
2222,-6944
-2845,358
-461,-2375
1542,-3066
-108,3039
1738,-771
-260,-911
-1642,3795
-5098,1896
-6516,929
3382,3305
4978,758
-1233,-4099
-2823,-1929
-3254,-25
1248,-3023
4458,-2842
1865,-1180
1014,1086
1738,1721
2472,-2155
-1955,-2028
-6855,1442
-1467,3108
3620,2110
391,-1224
-2323,-1662
485,-787
751,1187
-4020,3486
-3523,-676
-3385,-3756
-5253,-2136
1526,-1899
2680,-840
-3232,166
-74,-728
2119,76
174,2505
-1125,297
-5019,-2332
-1457,1561
3860,-998
196,-4183
2215,2629
4536,428
-361,-2801
2346,1451
4516,-1352
1726,-449
3274,2409
1075,-120
-185,600
2598,-1528
68,-944
-1736,1835
-3028,-680
-2701,5964
763,9333
-1184,330
63,-265
1961,2973
-299,1697
3205,1855
1501,3222
82,1232
5161,-4642
950,-4268
677,680
2700,1175
-3687,1099
-2772,-154
-936,-2318
-106,-1330
2236,1141
-2311,2272
-1168,-13
151,-601
-3505,-320
143,-2465
-1587,18
-4362,2284
542,1966
-1433,4262
-4660,3729
-4207,2002
-3149,-858
409,-4834
-362,-1448
-2301,1545
541,336
2694,2158
2623,2193
2577,-1328
3307,-4413
2582,-4542
1806,-801
2993,1471
1668,-195
-1279,-1451
-807,429
2804,1261
2717,-364
-295,1317
2587,4192
3415,3373
-1230,-513
-953,-4000
1974,-2286
3799,-796
1512,-3122
-1949,-2073
-301,1403
-1307,2912
354,925
4174,-3782
-2034,-4783
-2767,-2116
1280,-1385
-964,-608
1192,3752
2135,4156
529,-1658
2420,-727
1193,2362
-116,-551
-2069,1519
-2570,2155
2145,-3701
1913,-1182
2252,3447
4301,-1214
432,-6192
-1387,-3338
-2354,1266
413,837
5098,3348
-2402,6988
-3125,1347
5453,-2873
617,-404
-2028,1041
1563,-48
-2016,-3310
-1160,-992
834,4611
-1210,863
2882,-3212
2932,-79
-2454,3351
-392,2083
1297,-6422
724,-7903
2765,2535
-667,4093
-4420,734
-1027,2916
1222,757
1671,-840
1180,413
-223,-1713
4951,-1368
6353,-1928
-2542,-3136
-2405,383
2303,-670
-806,-2193
1411,339
1947,-2312
-5658,-4222
-1331,-1568
6118,-304
2023,-794
837,-2546
2626,-2181
-1336,-824
-3025,-601
1803,2090
2970,3058
-3104,641
-4157,-332
-1723,778
-3529,2167
-449,613
1580,-768
-3800,388
-1693,656
2104,1933
-1065,2175
36,28
1367,326
-899,1520
1300,2054
405,684
-5196,-1415
-3801,924
-208,1411
670,-2942
2049,-2350
1066,2133
936,1418
2075,-924
-148,1259
-1585,2095
-2073,1314
-890,2298
330,85
-1318,-134
2210,3392
1810,1314
-3726,-1033
915,197
2590,-977
826,-1162
2421,3436
-1479,4352
574,3920
-2231,692
1090,-161
113,4805
-1849,1216
-511,-1293
-1144,948
-889,555
2519,1238
1525,1908
-571,1131
933,534
-77,1411
1675,1396
4867,-1445
-834,412
-3448,1767
943,-3013
1888,-3152
-1389,1383
-5717,3980
-1709,1302
3734,-1619
1174,742
2436,-77
1895,195
457,1059
4272,-4987
-2285,-984
-4968,5628
1344,1280
-3182,1052
-3770,-1448
451,-4981
-2393,831
-2085,-1494
-1865,-5312
-3323,1068
404,638
4558,-1649
2777,1787
-198,-1436
3116,-2700
1883,3236
-1534,981
3248,-2508
2309,-759
1308,-2602
3501,-1641
-883,1318
870,2687
243,4902
-3944,-12
2249,-1711
1183,2963
-1886,-288
363,-1429
-2757,153
445,-1
1820,1945
-2620,-1940
448,-2535
639,578
593,-1836
874,1448
-3836,2837
-1920,-499
-2102,1359
-5240,2960
-2168,5343
-620,3235
2526,-244
580,3573
-5853,119
-538,-4151
-454,-1538
-5577,-2157
473,-3131
1379,-4678
-1943,-1724
1443,1458
3606,-5073
1871,-3820
-1642,1989
1970,475
5423,-894
-5080,-2104
-6065,-1056
3295,-3485
1313,-5545
1997,2050
2773,789
-2898,-3129
973,-1197
1936,-4409
-2656,-261
-1086,3408
-3326,-1089
-2748,1784
1745,1943
-113,-1892
-235,-1581
-3047,-895
-4561,2121
3843,651
3584,-3437
-2129,-1527
-1339,-724
-406,-1588
3604,-2102
4923,-3121
173,-2633
2460,-1642
3441,-1356
-4265,-157
-3605,2734
2656,-1858
-952,-7625
-2418,-703
3210,917
1753,-1737
-895,3003
367,-1302
91,-3256
-1094,4657
-6758,3727
-7945,561
370,516
874,1148
-4127,1438
-2988,-1404
1057,1448
1547,3356
-1547,-1986
-587,-3512
-837,-1884
-2177,2875
2084,4460
-1102,-1755
-3536,-1077
2250,3627
413,4588
1245,2768
3708,-2690
-2732,-1855
-2947,2006
-44,-41
-268,-98
-354,169
-1944,-1178
1020,1870
2174,4300
31,1300
2617,257
552,3619
135,2066
5771,549
2537,3510
-1278,-233
876,-655
150,4344
530,-202
1670,-400
-645,3112
937,-3510
3040,-5591
-1478,-3490
-476,-4654
4728,-2945
-878,-2433
-6462,120
-3263,5160
-1025,2952
-443,2184
1267,3524
2022,-2850
-216,-5263
-850,800
2029,2345
-86,1527
-1629,3588
1591,264
-69,-4275
-1735,-1063
-660,369
-774,-202
-250,3196
-743,1410
487,-2694
728,-2313
-2633,-783
-1349,3223
-874,2172
-2033,-3007
759,565
-1015,2092
-1923,-2011
4285,-1205
4316,-327
-1437,585
775,2203
6121,531
2169,-20
-452,-60
4188,-2401
2165,-5199
-1574,-3087
-595,3319
-2503,1526
-3311,-3561
-947,-2550
1119,-1596
1530,559
-2045,600
-2508,-2487
2063,450
2078,2262
-410,172
1562,-1878
3245,-4809
1303,-2269
2629,1244
4568,371
186,717
-2534,2384
-2064,4880
-3935,2420
-2330,-2050
2712,1098
3973,215
4091,-2390
4426,2968
-1460,2204
-6178,-1521
-513,1334
2588,1791
2180,1271
5638,2411
145,1005
-8013,535
-4296,-142
877,-1915
3270,1554
3320,2632
-303,-2805
-1071,-2224
-197,561
892,232
2288,2797
-1819,2417
-4893,825
-386,2801
1336,1713
-1035,-792
2793,-3158
6201,-1356
574,3920
-2231,692
1090,-161
113,4805
-1849,1216
-511,-1293
-1144,948
-889,555
2519,1238
1525,1908
-571,1131
933,534
-77,1411
1675,1396
4867,-1445
-834,412
-3448,1767
943,-3013
1888,-3152
-1389,1383
-5717,3980
-1709,1302
3734,-1619
1174,742
2436,-77
1895,195
457,1059
4272,-4987
-2285,-984
-4968,5628
1344,1280
-3182,1052
-2534,-3046
4345,-4656
-3309,-494
-3296,5825
3404,676
-344,3230
664,6155
1668,-3063
-1669,-3531
3441,151
3109,1031
-4929,800
-2587,-4986
2063,-2359
567,2357
632,-1717
1702,-738
497,-171
90,-51
2542,4977
2019,2107
-3109,-2091
-2839,727
891,3326
-303,1978
-2229,-83
-775,2632
3054,1214
2487,-2720
-913,-104
2074,-2220
-925,-2812
-7665,2172
-839,-297
2229,-1464
-2395,2404
-248,5747
886,5214
1438,500
2511,2969
1346,3244
3543,-2784
4261,-630
5254,728
5431,-659
195,-929
2179,-279
3331,6723
-28,4036
4878,-4786
3440,-1081
-1423,1460
2671,-1467
2124,-3025
-629,-518
-361,4241
867,1926
4067,1090
1736,572
-1642,-4100
-940,1115
-590,3361
-1062,-1771
-5171,1643
-3558,2746
3800,-2264
2398,-4361
1724,-3689
2435,-1123
-1555,1280
1493,1840
4774,-1069
2318,-2183
2847,637
1261,1413
-4026,3051
-3722,911
479,-3658
-2472,-246
-6019,942
250,-540
1819,43
-1977,-1384
-962,940
-2444,743
-1887,-2123
-1231,1855
-5275,1060
594,-3395
4446,-614
-1383,2113
1034,313
2061,-254
-2915,1692
-2046,350
166,-1294
2172,-724
1884,-1989
-37,-642
2831,-207
-241,-1458
-4762,1239
1631,-142
602,-1176
-5776,644
1215,-993
4455,2027
-2599,4008
-3300,1335
-412,3027
1993,4341
2564,2965
-2034,-970
-524,-2809
4223,-872
-903,-3914
-4428,-1148
14,4622
1276,-1832
-1953,-3896
-3238,1406
-1832,632
-481,-2045
2067,-2440
3616,-835
1152,634
-648,1240
-2273,360
-1086,-2022
4052,-642
906,303
-3561,-1284
-1103,75
-1804,2918
81,4639
2988,624
-3046,-3179
-4110,197
1455,167
1444,-1867
-23,-1027
-166,-683
-2253,434
-3098,-1062
134,-1522
1893,1204
27,1183
-139,1898
-41,642
-622,-1791
46,-1109
-143,-3346
732,-2549
975,740
-1153,-2032
-607,-2406
38,608
-757,314
-1393,-852
-2775,-254
-1024,724
1545,849
518,-164
-2810,-3223
-7097,-3446
-4336,-1976
3063,-2919
1497,2562
-2825,8077
-923,4128
695,-2961
403,-7993
1186,-1147
103,4556
-1378,-1884
919,794
1864,2144
-590,-4054
-2139,-2020
-1946,-3861
-47,-3365
-719,2965
-1799,-283
2292,-1490
2327,-529
156,-1397
2824,767
4231,-1749
6483,-3219
5989,-2324
1895,-2499
3066,1957
-62,3770
-3290,2690
674,1763
-1617,-628
-1532,-511
2581,-1598
-1398,-1637
-1689,-64
1548,-1947
672,-482
462,3020
-641,6372
-1907,6725
-1204,-1289
965,-3040
656,2134
-3534,1352
-1581,785
1019,2679
-303,1748
2393,496
785,3144
140,2791
3697,-2185
-3071,-731
-4862,-1855
793,-6484
-1227,-2273
1657,-2155
3844,-2203
-3604,4775
-4419,1789
-724,-3620
-528,-2142
-2141,-2082
-3759,-3163
-562,-808
1509,2863
-512,-2864
1315,-6597
2310,1771
350,1068
650,-2071
-1454,2761
-2422,2095
2091,1850
-61,2323
-4794,1251
-1250,2030
-240,-657
-2527,2893
-1777,5150
-972,-2952
1272,-2245
-1424,-1410
-4768,-2598
2093,4788
3094,2076
1869,-3311
5846,-852
-2266,-1581
-3791,1874
5243,2765
-1491,-2716
-2534,-3046
4345,-4656
-3309,-494
-3296,5825
3404,676
-344,3230
664,6155
1668,-3063
-1669,-3531
3441,151
3109,1031
-4929,800
-2587,-4986
2063,-2359
567,2357
632,-1717
1702,-738
497,-171
90,-51
2542,4977
2019,2107
-3109,-2091
-2839,727
891,3326
-303,1978
-2229,-83
-775,2632
3054,1214
2487,-2720
-913,-104
2074,-2220
-925,-2812
-4838,-2728
-2396,-90
-2625,-2931
1912,-2990
3850,683
-2236,1323
-1332,-2420
2241,-3376
-822,1766
-276,646
719,-1745
-3412,3414
-2907,5089
-514,2216
-334,340
922,-786
968,-1105
1236,333
-1208,1176
-5364,-1937
-2383,-2153
-1798,-760
-3899,-1810
1004,1722
1445,895
-2056,-2641
-1309,1891
-2254,706
-987,-870
3449,3977
1848,1797
-2276,1345
-1448,2896
89,-920
-2719,381
-3581,128
-2648,-3340
-4249,344
-659,1522
712,-596
-6720,442
-4506,337
2861,855
-502,-658
-2996,-2843
1463,2788
4070,3537
1223,-2179
-3046,-464
-2004,-214
461,-1752
-1148,333
-111,-3528
4026,-3867
2877,3176
-587,1870
330,-2777
1718,-1294
1598,1114
1702,225
206,-408
-168,-180
-595,-2843
-5071,-128
-4663,5076
794,956
1683,-1018
1477,31
765,-951
-1699,3045
92,1884
1793,-1641
1133,3442
3082,2531
1487,-3298
-3365,-3310
-1597,-3892
2470,-2948
2092,2116
1952,1205
3459,-1656
1787,3077
-224,2399
1764,-3755
1789,-1171
-227,-2208
794,-4822
-579,2028
-2666,1833
1483,184
4766,4331
1235,1671
-3680,1573
-2643,2263
7,-4582
-3317,-5000
-2534,-1386
2907,-1332
534,-702
-2701,-378
-1757,1285
-705,4810
-860,5915
-4400,3222
-3958,8
-1309,2014
-1514,5203
2832,3374
-399,520
-9423,-2414
-4314,-5017
637,-2822
-48,-341
2189,-266
442,-336
393,-3775
1560,-3044
-1709,2519
-1266,-1234
-1195,-3084
-2639,1973
294,-625
2999,-2057
2720,319
-1252,-502
-4346,1241
-1715,4825
1371,6754
1218,-168
963,-8020
5095,-715
4335,2921
-2564,-665
1547,741
6029,-3043
2869,-3826
3008,282
-937,-974
-1877,1581
403,3087
-6032,-1659
-1309,-4784
5137,-2882
-2185,2080
-1268,-44
-397,-1398
-3592,3797
1885,1556
1343,-1944
-3419,-1472
-3790,-967
-1690,319
4599,-101
1250,2194
-7420,1228
-3098,-1591
2421,5817
989,5219
-846,-1318
-1100,3773
724,2896
1624,-3982
1956,-179
3389,2875
1265,-3188
-3237,-2271
-3309,3030
-822,-2768
639,-2490
3480,2552
2076,-3055
-2935,-382
792,2800
3655,-1639
-1756,898
-1169,-1821
2746,-2308
622,3165
-499,-217
3872,1227
4589,-68
-355,-5729
1470,-886
4711,-1840
1085,-1477
601,4845
1228,2388
-125,2425
-2690,723
-6196,-2890
117,1873
3459,-326
-4750,-3628
-3546,1076
2646,1425
2814,904
-235,1977
-2260,274
3573,-947
4905,-1132
1378,-1394
2371,-1342
-2491,-678
-2611,569
2407,986
-331,-527
2325,-1084
2622,-423
-1711,-1541
2473,-865
2399,-539
1838,-1821
3907,1108
349,1358
440,-369
-1064,588
-2777,-580
1911,692
1365,-47
430,-1566
-531,2992
-2519,-861
3519,-4340
3194,1433
-3982,2834
-2869,5148
1677,4418
3782,65
1822,2502
581,92
619,-3486
-1015,-2007
2446,-2056
2472,-76
-582,-1318
3500,-3091
2043,696
-234,1492
1990,1413
-554,2276
1796,1665
3024,-140
-234,585
5927,5578
6187,913
-2689,-5430
-3177,-1335
-752,-1142
-2272,233
-3083,2620
1887,-599
4664,2037
-2176,562
-2423,-3914
2439,-526
-2445,-1911
-4838,-2728
-2396,-90
-2625,-2931
1912,-2990
3850,683
-2236,1323
-1332,-2420
2241,-3376
-822,1766
-276,646
719,-1745
-3412,3414
-2907,5089
-514,2216
-334,340
922,-786
968,-1105
1236,333
-1208,1176
-5364,-1937
-2383,-2153
-1798,-760
-3899,-1810
1004,1722
1445,895
-2056,-2641
-1309,1891
-2254,706
-987,-870
3449,3977
1848,1797
-2276,1345
-2384,4582
3539,5168
-1200,293
-3507,-3772
4157,-5003
-694,-2976
-3932,294
1030,865
1327,1244
1592,-717
1355,-2848
1127,1150
1598,2423
1868,976
1783,3852
-938,-22
1578,-5716
1890,-238
-1811,483
1958,-2818
-859,1648
-2398,-703
2224,-2769
-3901,2916
-599,-1070
6191,-3142
-237,513
-22,-2545
-97,-245
-991,2603
4134,-1119
2364,-2182
1298,-3620
-9,-3003
-2816,-1198
44,-271
-2849,2712
-3867,-1507
1289,-2543
575,3172
-389,-1634
-16,-4105
2,-1589
-1243,-4958
-3288,-2605
-655,1162
844,-3574
1071,-7259
-54,-2490
-3907,2171
-817,-2862
1643,-4425
-591,2062
278,3088
1585,1312
2192,1096
-1705,1491
-2109,505
4077,-1816
-450,1620
-4538,2282
447,-1636
2561,354
2050,-778
-1324,-2322
1835,1499
8544,-73
3186,-1168
-347,1658
1408,2228
563,1396
347,-2490
17,-3879
1666,-1846
-1847,-2352
-5701,1105
2569,2158
4480,-3772
-1096,775
-169,7072
1826,485
1165,-419
-1696,4180
1249,-88
5305,-1811
811,-1014
507,-4624
1390,-2399
190,432
2928,-2363
1338,-806
-540,2171
-2348,1702
-2814,2648
3176,1713
260,-3032
-1086,-2384
3452,996
-3728,-2119
-3900,-2424
592,2024
-3476,2548
680,2714
2231,-410
-3113,-2655
-376,3155
1212,1535
-420,-1672
115,4083
-476,2981
-3915,-689
-6765,1318
-1783,2155
1960,3215
-2496,2960
-2199,212
1576,-149
627,2839
-401,5069
1226,2222
1689,-109
-2663,-41
-5230,-2705
326,-5267
3739,-4013
310,1001
-1324,2748
-1711,-634
-2684,-1686
-411,-4596
297,-7168
-644,-2934
2544,-267
3331,520
-171,2335
-770,2743
2286,961
3901,-775
-365,3304
-2273,5255
1730,3013
626,2876
-968,-2189
2095,-325
1282,7501
-1842,100
-3832,-4367
-4200,-923
-1765,-2002
-747,3357
82,4078
3136,-3858
2675,-2166
-401,2343
-228,3233
-508,2446
-523,-440
3686,-551
253,1020
-5014,2901
3046,1448
3591,-4127
-4470,-1418
556,3552
4034,-588
8,-2484
-368,-742
-1265,-2172
-497,-179
-512,4177
-6748,3507
-7548,1046
-985,756
664,1545
-1972,-279
1322,-4439
3338,-3990
-3220,-329
-4557,859
-1500,347
-2150,-579
-665,665
832,1783
1483,527
1352,1812
70,1351
2985,-2071
610,-1538
-2800,-427
3013,-946
682,-280
-2317,1786
3496,874
796,-3875
701,-3569
3963,-3005
-2508,-5274
-250,-1281
3981,272
-1750,111
42,4746
282,2971
-3886,-577
535,-183
-379,-288
-1712,-1183
4160,-3506
-1027,1344
-6134,6419
-355,1576
990,859
-480,-285
-410,-3553
528,556
1706,-316
-2994,-1846
-5587,1780
-1692,373
873,87
1546,535
-2225,-639
-4531,1850
-1539,701
-2815,-2431
-362,212
3551,1497
-1406,-3552
1695,-5329
6312,994
-494,4112
-493,2807
1072,2875
-2570,1396
-75,1528
-96,1976
-123,315
4783,2397
3009,2335
2064,-2050
2799,-3282
-53,-1467
991,2062
-1479,2708
-4618,-1693
-1457,-3457
-270,-60
3501,2919
1871,1221
-6704,-2170
-2033,-1716
3402,3006
1658,5767
2649,1428
2341,-2000
2741,124
-469,1996
-2384,4582
3539,5168
-1200,293
-3507,-3772
4157,-5003
-694,-2976
-3932,294
1030,865
1327,1244
1592,-717
1355,-2848
1127,1150
1598,2423
1868,976
1783,3852
-938,-22
1578,-5716
1890,-238
-1811,483
1958,-2818
-859,1648
-2398,-703
2224,-2769
-3901,2916
-599,-1070
6191,-3142
-237,513
-22,-2545
-97,-245
-991,2603
4134,-1119
2364,-2182
-1448,-3584
-1805,-832
-1831,213
4152,-4000
1174,-2495
-3855,3713
3624,479
5369,-1912
-856,-2928
-907,-6307
2430,528
3095,5429
-1170,-39
-5338,-1825
-3117,750
-1705,3287
-3675,2562
-690,-860
3811,225
3207,2909
654,825
-143,-1304
2548,1848
3131,1803
-283,-3776
907,-3992
2503,-1990
-638,-1743
-3125,-978
-3840,-1155
-2279,1540
-1055,2043
-1236,-1448
-750,-2016
-2164,-3684
-2807,-1904
-3338,685
-3287,-2527
1245,-1084
2507,-1084
2398,-944
2850,3689
1286,-1075
4590,-977
4238,3196
825,-281
252,5892
-5981,4908
-2225,-5266
7668,1047
3987,1064
2468,-6140
2246,787
-1241,4292
-319,-800
-1309,-2683
2020,-836
4347,1401
-1248,2889
75,2962
674,-1322
-1781,-2268
-29,845
-2178,1092
-1448,4132
1774,3008
-1148,-1163
-1756,2176
-230,1389
-207,243
1236,2388
1992,-1907
102,-3614
-2503,-2362
-2751,-152
-1323,3561
-46,-149
611,-3299
850,-3401
1806,-3007
1838,671
1061,-2481
-341,-2193
1586,4854
7907,-1204
2954,-5935
-4880,1230
517,4746
344,2528
-2854,-413
2209,482
610,984
-829,-2167
4501,-1002
3545,-153
-621,-3034
-1448,-1960
-735,735
1363,-1249
4774,-1340
5551,5609
2844,4450
695,-2046
-2904,1511
-3044,1416
4287,-188
5055,3027
-506,-1575
-21,-1671
3804,-130
3091,-4319
-1439,1842
-1443,2535
616,-2112
-967,2252
-410,-1844
1379,-2200
1349,3855
1036,-2845
1588,-2110
2562,3658
-1788,-470
-5223,544
-1471,1957
838,-2211
1310,-2694
299,993
-2155,5074
-2172,4308
-2967,2656
-2664,2531
-803,698
720,1251
1932,-1048
-1895,-2292
-3513,3514
-1667,-401
-2322,-3006
1404,7357
7,4857
-7764,-4331
-2913,-1246
5015,1974
3570,2658
1839,2170
2984,-2074
2074,-3016
-39,-1266
-16,349
-1192,524
-843,-2755
2114,-2792
24,-952
-2065,-399
-1531,1466
1205,-2440
4936,-5110
-2030,1448
-6123,1879
1584,-1204
1236,0
-1397,-3584
1154,-4660
863,409
1235,-1339
788,-5856
-1396,-2573
-2344,2351
-4840,210
-5692,-1468
-765,2263
3435,1464
-1023,-1431
-3811,-276
-207,-1192
-3071,-2534
-3955,-1090
1161,303
768,1449
532,1829
319,1342
-249,-1085
192,-3484
-4755,-570
-3151,1054
2328,-3574
-176,-4511
2533,-336
4341,614
-2352,943
-2565,2242
5,791
-2172,2384
-2712,2998
-749,-1802
-291,611
-1618,2992
-2403,321
-906,2507
2499,-1405
2172,-2946
-903,4547
-223,-963
-1790,-3167
-5276,4539
-4396,239
-3551,-1813
-1098,1067
1446,-1059
-952,-1085
236,-1564
3854,1207
1427,3795
-163,-355
2293,534
2546,1139
3411,1001
3943,5295
-324,1716
517,-435
3488,3551
89,819
-100,-1441
-450,-134
-2896,-936
-1905,-1913
-4036,-573
-2495,1164
1949,-251
1403,2092
3689,5466
1889,155
-2954,-2379
-2255,526
-1064,51
2910,-2412
822,-3859
-3795,-1162
511,-86
-918,-1375
382,2373
3265,2635
-3588,-118
2067,1080
3812,51
-7162,-1821
-2223,-669
1194,2820
-2031,3116
2809,-1288
2513,655
-181,3012
-83,-217
-220,744
312,387
-1615,-3463
-1448,-3584
-1805,-832
-1831,213
4152,-4000
1174,-2495
-3855,3713
3624,479
5369,-1912
-856,-2928
-907,-6307
2430,528
3095,5429
-1170,-39
-5338,-1825
-3117,750
-1705,3287
-3675,2562
-690,-860
3811,225
3207,2909
654,825
-143,-1304
2548,1848
3131,1803
-283,-3776
907,-3992
2503,-1990
-638,-1743
-3125,-978
-3840,-1155
-2279,1540
-1055,2043
-3742,1398
-3369,1056
-3475,2718
-1963,2846
-372,3816
1730,3392
3934,-183
1415,-2122
-1665,-3348
-3567,926
-326,4481
4357,-1680
-2506,-2080
-2527,2215
3784,362
-2537,-689
-795,-148
2925,1192
-3840,526
668,-2326
3278,1729
-3940,2883
-1762,-3216
2816,-2126
2287,2683
-680,3383
-3906,1495
-3273,-1705
-1353,-3307
347,-3310
1874,-2949
2390,-2330
2607,-2141
2390,-2330
1874,-2949
347,-3310
-1353,-3307
-3273,-1705
-3906,1495
-680,3383
2287,2683
2816,-2126
-1762,-3216
-3940,2883
3278,1729
668,-2326
-3840,526
2925,1192
-795,-148
-2537,-689
3784,362
-2527,2215
-2506,-2080
4357,-1680
-326,4481
-3567,926
-1665,-3348
1415,-2122
3934,-183
1730,3392
-372,3816
-1963,2846
-3475,2718
-3369,1056
-3742,1398
-3616,1610
-3123,1854
-2212,3636
-385,3466
2021,3117
3518,632
1706,-3137
-1613,-2602
-4005,857
292,3725
3962,-335
-2732,-3397
-1586,2688
2606,1349
-2153,-2988
556,2091
267,1224
-2484,-2815
3427,1574
-1705,2540
-3885,-2561
4417,-1964
1212,3192
-2558,3049
-2869,-901
-2468,-3024
2536,-3207
2870,-986
3052,945
3631,1859
1428,3129
2717,2701
2223,2826
2412,2370
4121,394
2477,-591
2028,-3276
-1251,-3359
-4242,-216
-1716,2222
1413,3830
3117,-2046
-2009,-3292
-3170,4032
3420,-137
-510,-1955
-2895,2423
2617,-1448
-507,875
-2620,1328
2042,-3359
1122,3250
-3372,1981
-1210,-4751
3684,223
1466,3007
-2527,2705
-3439,705
-2833,-3582
257,-2908
1769,-2918
2522,-2341
3644,-433
2819,-1580
3429,-800
2881,-1770
1383,-3430
537,-2701
-2896,-3360
-3643,120
-2087,3409
908,2524
4165,193
-1382,-4105
-3714,915
2041,4233
775,-3586
-1643,292
-243,2997
461,-3349
354,2031
-1959,1612
196,-4023
2638,2959
-2878,2565
-2644,-3690
3210,-1290
2385,1955
-1083,3689
-3438,1676
-3624,-2212
-1199,-2759
375,-3630
1723,-2995
2602,-1960
2377,-2639
2602,-1960
1723,-2995
375,-3630
-1199,-2759
-3624,-2212
-3438,1676
-1083,3689
2385,1955
3210,-1290
-2644,-3690
-2878,2565
2638,2959
196,-4023
-1959,1612
354,2031
461,-3349
-243,2997
-1643,292
775,-3586
2041,4233
-3714,915
-1382,-4105
4165,193
908,2524
-2087,3409
-3643,120
-2896,-3360
537,-2701
1383,-3430
2881,-1770
3429,-800
2819,-1580
3644,-433
2522,-2341
1769,-2918
257,-2908
-2833,-3582
-3439,705
-2527,2705
1466,3007
3684,223
-1210,-4751
-3372,1981
1122,3250
2042,-3359
-2620,1328
-507,875
2617,-1448
-2895,2423
-510,-1955
3420,-137
-3170,4032
-2009,-3292
3117,-2046
1413,3830
-1716,2222
-4242,-216
-1251,-3359
2028,-3276
2477,-591
4121,394
2412,2370
2223,2826
2717,2701
1428,3129
3631,1859
3052,945
2870,-986
2536,-3207
-2468,-3024
-2869,-901
-2558,3049
1212,3192
4417,-1964
-3885,-2561
-1705,2540
3427,1574
-2484,-2815
267,1224
556,2091
-2153,-2988
2606,1349
-1586,2688
-2732,-3397
3962,-335
292,3725
-4005,857
-1613,-2602
1706,-3137
3518,632
2021,3117
-385,3466
-2212,3636
-3123,1854
-3616,1610
-3742,1398
-3369,1056
-3475,2718
-1963,2846
-372,3816
1730,3392
3934,-183
1415,-2122
-1665,-3348
-3567,926
-326,4481
4357,-1680
-2506,-2080
-2527,2215
3784,362
-2537,-689
-795,-148
2925,1192
-3840,526
668,-2326
3278,1729
-3940,2883
-1762,-3216
2816,-2126
2287,2683
-680,3383
-3906,1495
-3273,-1705
-1353,-3307
347,-3310
1874,-2949
2390,-2330
-2110,936
-3206,3679
701,2012
2993,-3026
786,-935
-1478,6435
-36,3134
2393,1467
1144,4365
-4031,-939
452,-3179
6940,-1153
-1802,-2415
-4727,121
2357,4022
1431,43
391,-2708
-928,2435
-4584,-1074
601,-6856
3530,-1689
-4400,-1998
-5146,-1347
2248,1676
246,-3766
-1168,184
4573,1442
743,-3998
-880,2389
3007,202
-3987,-1922
-4312,4190
786,-724
-1769,1826
2638,2993
4860,-6440
-315,-1289
-2352,682
-4936,-3970
-422,1491
4685,2745
216,652
-752,637
-2136,1263
-4216,3907
-758,640
395,-4588
2471,-4406
3699,-1724
1064,974
1887,1804
2096,2838
-599,3629
-3301,2429
-1785,89
1701,-2079
-1863,-1540
-575,-965
4486,1127
445,3591
1571,902
3572,1234
-197,2709
4585,-242
7354,-1236
4109,-2919
3408,-3195
493,644
2458,2064
5792,944
210,-1322
-910,-1241
1882,-633
-799,-1106
-112,2028
3272,589
594,-991
-2877,5279
-90,4263
4889,-1329
3736,1425
-1058,5381
-131,1814
1562,-1202
-409,3823
592,851
-823,-7101
-2951,-2367
1958,131
197,-3425
-5276,-1770
-1836,1588
925,3379
2216,105
3705,-2096
2954,-172
2534,-424
-693,1600
-2575,1289
-3527,-1349
-3230,1520
3901,4538
80,6153
-5104,1757
3561,-3503
-466,-1304
-4345,-1598
3821,728
-335,649
-1227,-6067
5238,-925
2618,331
-1302,-3731
-3739,3098
840,2894
3360,1509
-4299,2621
-1078,-4197
690,-2221
-4549,133
4598,-5948
8826,-3446
1181,1081
-1292,-200
-2163,-1753
-1988,-1302
-1040,874
-522,2568
-62,1960
-2592,-2723
-2142,-2698
-258,3431
-1653,2048
-3024,-2348
-2323,-3624
2526,-3529
1190,-1918
-5788,-2983
-3015,-1930
113,-1229
-751,-4037
-82,764
-2202,2238
16,-2694
3229,360
-456,1211
-1190,-1281
648,376
963,-418
-102,-457
-1958,585
-643,124
-254,2050
802,774
3526,-261
942,4207
371,1710
671,-3185
-2823,106
623,1166
4282,724
349,2923
-1288,2126
536,4209
673,5865
-1532,1441
-1248,895
1258,1151
-229,-623
-1393,-278
-2138,-1029
-4359,222
-1629,1515
-395,1266
-2055,3008
1403,-516
1969,-4792
-1045,-4406
559,-3361
2757,910
2712,805
1457,-1323
246,2697
-260,274
-2483,-3645
-2992,-355
-144,680
-282,406
-3623,336
-4177,581
-515,1331
1067,-1324
-838,-212
-361,3520
-930,891
-2749,-745
1409,2107
5143,2060
3885,-1995
2321,-3981
128,-1814
-1163,-1389
-665,-2192
216,245
954,842
-1262,-1173
-1795,1454
572,4863
-116,2371
494,-488
-137,-173
-4500,126
-624,-2096
4826,-5026
132,-2023
-4584,2881
-3399,1937
652,-982
4378,-2071
1737,1080
-4097,2938
-4623,-949
-3232,550
-1976,2741
2534,-1024
878,-683
-5406,198
-1941,168
-128,1405
-3632,-620
993,1505
1899,4750
-3672,1381
-2453,376
590,1432
1349,-162
1391,-670
1841,1232
1087,2673
-1681,366
2874,-2785
5377,-2509
-1538,-143
-2055,57
-1274,-2082
-1254,-2492
2132,-3741
-2051,-4724
-1700,-804
2125,2264
-4436,1509
-2962,-1823
2102,-2907
-336,335
3457,-1408
4576,-3369
-2110,936
-3206,3679
701,2012
2993,-3026
786,-935
-1478,6435
-36,3134
2393,1467
1144,4365
-4031,-939
452,-3179
6940,-1153
-1802,-2415
-4727,121
2357,4022
1431,43
391,-2708
-928,2435
-4584,-1074
601,-6856
3530,-1689
-4400,-1998
-5146,-1347
2248,1676
246,-3766
-1168,184
4573,1442
743,-3998
-880,2389
3007,202
-3987,-1922
-4312,4190
5076,2340
3988,-507
-2633,240
-2297,2386
2069,948
4500,2328
943,1726
-3636,-791
149,2136
423,6081
-4336,4161
1498,-649
5439,-1046
-2427,3437
-4424,3844
2278,-621
4526,-2341
617,-2605
-2498,242
-2730,4215
-3017,-176
-3146,-3049
-1395,-462
468,61
-669,2691
-3231,3084
-2197,1919
-105,3661
-129,978
1697,-1692
1553,-3552
-3404,-3341
-4045,2534
-976,466
10,-2698
-23,42
-1507,-1830
-201,-1364
1657,7
-1646,-521
1382,134
5409,-2625
-400,-729
-497,396
1082,-2292
-2892,2535
1137,2318
3377,592
-825,3278
244,-1139
-960,-355
-2564,1953
1692,-4623
307,-5653
-3970,-1425
-1406,739
700,-514
-1638,-1250
-1796,474
794,150
1421,4554
-1501,6006
-3381,-844
-904,-1476
-1916,-3116
-3926,-4476
632,2183
1392,4907
978,2491
2929,-3367
-352,-2975
1849,3946
1497,-210
-6359,-2794
358,-1321
5162,-4079
115,-218
2734,-848
970,-3993
21,1974
4967,4987
530,5390
-2594,1618
-1698,-2042
-1909,385
1137,-4535
1731,-3723
1854,3052
1048,-3969
-46,-6410
5995,-938
6528,-1120
1487,-1072
1215,-778
147,-1010
1473,-1384
1810,424
-3351,3389
-766,-2172
3375,-4817
-1142,1110
-1909,2307
1737,1907
1063,1744
950,431
1677,-245
-637,-3612
-1114,-2547
-428,2523
-92,3435
140,5481
-3214,4826
-1931,-857
3032,-2275
-436,-3850
-2042,-6147
3033,-2320
3884,438
2580,-1386
3605,-2621
2407,-1558
-3212,-158
-3105,-3055
3291,-3770
1512,1338
-2077,161
1148,-565
1177,5790
-3628,4900
-4463,1059
2332,205
3940,-2884
-3013,-1894
-2171,1785
1010,3225
906,1666
2950,-2403
-218,1839
-338,5101
4240,-2618
809,-2157
1554,2913
4192,327
-2457,-491
-2441,-1118
2381,-2053
-109,1536
345,3027
2659,1446
-2066,500
-2849,542
3258,-631
3774,-3120
-131,-656
394,1864
3410,-1010
-518,-1623
-4463,-1764
1781,-3259
-363,-2407
-6817,-1810
1232,725
2133,1016
-2021,-2546
2374,1163
344,2343
432,-1835
1619,366
-3085,-2371
-677,-4280
-2152,2646
-3697,1326
1911,381
-863,334
-983,-8337
615,-4968
-4332,2054
-2883,-811
-634,2185
325,2239
1604,-1842
-310,1916
922,795
1216,-2589
-192,1115
-2755,266
-4711,-3734
1428,-274
1246,3173
-2262,1268
535,2569
-2470,5025
-2428,4564
-1339,4045
-3274,-92
2716,-833
2428,3393
280,763
2792,255
-557,2616
1372,-1395
1059,-2774
-2517,-2012
2539,-631
429,2593
-1891,-219
-364,-1070
-4035,3755
189,2818
1713,521
-3274,4121
-1136,4546
-1407,-2245
-2029,-3857
-2019,-1445
-5248,-2070
-2281,2526
-1518,3435
-5900,-1900
-3923,2035
1384,1983
3706,-2876
1585,2066
211,1019
362,-4045
-2337,2276
-1292,4695
1624,-3152
710,-4181
2973,2757
5862,3761
2851,-9
578,-2114
2087,-2801
853,399
-1614,1716
-666,-982
-267,1279
831,2487
2807,-2098
-154,-3027
-2134,386
81,1015
896,362
240,2384
-867,999
807,-665
3986,1356
1006,-2963
-2975,-3293
-985,2434
1733,-2035
2287,-2339
780,690
-3169,-6351
-1900,-4318
5076,2340
3988,-507
-2633,240
-2297,2386
2069,948
4500,2328
943,1726
-3636,-791
149,2136
423,6081
-4336,4161
1498,-649
5439,-1046
-2427,3437
-4424,3844
2278,-621
4526,-2341
617,-2605
-2498,242
-2730,4215
-3017,-176
-3146,-3049
-1395,-462
468,61
-669,2691
-3231,3084
-2197,1919
-105,3661
-129,978
1697,-1692
1553,-3552
-3404,-3341
1810,1448
1693,-6751
-3450,-2314
-529,-1075
3344,-1930
-1339,2555
-2748,10
3257,-1668
2670,-1448
-2272,-2609
-197,816
2360,-1458
-756,-2679
-4717,1846
-3323,207
1299,810
150,1543
-1772,792
1728,3700
1565,-1576
-767,-2526
856,4227
-1177,-287
-3149,-668
1643,5431
1632,1890
-1107,-2221
566,-2908
-1209,-952
224,3558
3537,3239
-2232,2441
-2684,2534
1043,-2867
-1424,-5182
1385,37
6334,2430
4788,1260
1022,-1308
177,-4125
2923,3249
1342,8540
-1970,-1771
-1842,-4037
-1446,1873
1218,254
942,2182
157,2331
2554,-1575
-2247,1787
-2073,1019
4560,-1785
849,2467
533,3692
3701,2871
-3145,3766
-4549,3377
2837,2431
3445,1565
415,2142
2177,1996
463,-962
-3545,-3740
1915,-3495
4758,-724
-756,-458
-127,-1751
1684,-2273
-2827,-3854
-5173,-4366
-1199,-5158
3879,-3199
3145,1778
-2689,-107
-4243,-1224
1693,200
2349,-2267
-2528,472
683,-217
2187,-5018
72,519
3143,1161
-1488,-2113
-7291,3165
-3828,1096
-946,-4857
2902,-1601
3415,1605
56,-233
573,-2575
-1470,-850
-1895,1384
733,-1014
-476,-1528
-780,-179
170,-3000
2172,-4919
2393,-2691
33,-364
1811,712
2918,-220
3474,-2125
3138,216
-687,3777
499,1469
399,-2873
-1884,-4149
-1163,-3222
-2618,-1662
886,1274
1923,4366
-3152,1354
-1548,-2599
-4313,-265
-6768,673
-1610,-900
-1371,-1607
919,-1038
3622,474
3840,-3048
5451,-3813
-510,134
-2425,-2319
2321,477
1113,5635
1443,-640
1930,-3277
1224,616
1086,3620
-1664,4519
665,-51
1450,-789
-2241,2580
724,2681
2419,1404
607,-1668
311,286
-1818,3356
-2769,-1030
55,-1986
3755,-443
2584,286
-449,1779
1821,-548
150,205
-4298,2423
-256,2121
3078,4094
589,2761
782,355
2485,-2491
774,-5827
-665,-3772
-196,-6194
-1461,-5691
-2237,828
-1279,-1529
-534,2225
-116,6297
-2116,-428
-1660,1086
2925,318
1730,-1912
-1397,2135
1102,-4479
1582,-3685
-1259,4308
715,-3
3673,1807
73,2116
-2116,-4537
1203,216
295,1887
-2174,-658
1089,3028
1977,1935
-1230,-1021
-608,-1527
-1791,-1934
-3278,617
4489,2913
4414,2584
-4134,538
980,833
5684,3102
3674,-138
6712,135
1927,3936
-5165,-3239
-698,-4826
2869,3778
-1300,220
-6206,-2896
-2006,2710
4997,1789
2738,2119
-695,797
-1565,-5297
-1241,907
-174,3118
-2381,-3265
-2691,2257
-1348,2911
-285,-3864
-200,-3219
-4032,-1942
-1431,3771
2331,6204
-1820,-819
-4021,102
-5274,430
-2995,-1106
187,5082
-3084,1421
-521,-4119
2476,1025
-186,-2026
-1918,-7673
-3139,-2356
2617,714
3288,-1038
-3050,1889
1236,3018
1132,-937
-2172,-150
1042,1701
-1516,62
-3016,872
-2989,1429
-3068,1356
88,1465
-1267,-1206
745,-981
1556,1324
-1270,2420
4793,3845
3566,1566
-937,342
2354,3762
-709,2536
-1224,-2045
518,-953
-2362,2434
69,187
701,-1146
-1121,1238
-1306,-2028
-2771,-3415
-1641,831
-2651,120
-2135,-1477
2834,-700
1191,-708
-1032,-1590
-1127,-45
-2045,5682
1810,1448
1693,-6751
-3450,-2314
-529,-1075
3344,-1930
-1339,2555
-2748,10
3257,-1668
2670,-1448
-2272,-2609
-197,816
2360,-1458
-756,-2679
-4717,1846
-3323,207
1299,810
150,1543
-1772,792
1728,3700
1565,-1576
-767,-2526
856,4227
-1177,-287
-3149,-668
1643,5431
1632,1890
-1107,-2221
566,-2908
-1209,-952
224,3558
3537,3239
-2232,2441
-3328,2428
-31,1008
2798,-771
1316,-382
1833,2122
1027,1399
750,-1514
828,372
-1493,2185
-898,-927
-432,-3486
-3827,-828
-3582,4043
617,2902
1578,841
1649,-284
1698,-3371
-1994,2210
-1742,2222
-659,-6469
-6216,-1732
-2803,-1562
4832,-5505
-1374,278
-6872,-3318
-4396,-2511
-3696,4123
-1478,-2606
996,-1868
-2523,3447
-5381,-339
-2534,-2431
-812,-3982
-1439,-2778
-986,750
-2572,629
-2290,1915
1461,3641
1109,1557
-97,-2320
249,-182
1117,4031
3829,56
3413,-3023
1916,-2054
-390,15
-5438,1590
-2185,-1964
4579,-1352
3467,-819
44,-1980
-1926,4217
-711,477
364,-4793
-1603,170
-347,-440
392,3407
-2394,4132
-5056,-4036
-5866,1218
-1829,2227
-116,-5114
-271,-926
3634,1898
468,-2128
-2685,-3497
3032,340
987,1117
-3983,-2125
1648,2914
5021,4394
-2070,-1078
-4864,-1218
1873,-3042
62,-2537
-5447,-1205
1099,-3677
3034,597
376,967
5400,-349
4185,4187
1136,-346
3161,-967
-1143,5244
-2119,-1104
2463,-5375
-327,719
-2707,2639
1007,-229
2703,-1353
-2072,46
-6576,75
-2251,-235
522,1890
-3075,1499
-1393,-1052
1086,-1660
641,-1998
1778,358
-163,3655
-1337,-527
-936,-4182
-3992,-863
-1280,-983
4159,-3849
3519,-1678
1635,5277
-2639,6464
-4782,-3390
-530,-4209
-26,3133
-1514,934
-311,651
1052,2366
3855,1281
4814,1409
2467,-4094
-368,-2918
-1568,2586
934,-699
2328,2827
1857,2876
980,-3729
-1563,2170
-578,5437
-767,3070
-2426,3158
3513,823
4052,1192
-1001,158
2539,-3600
2569,-4164
-1986,-3182
855,-1857
3165,-3405
1978,-941
3144,1808
3407,-2283
-725,1126
-3622,1464
945,-4029
5543,701
1838,2318
-1267,2883
3246,3920
5027,-1167
46,3183
-2141,4110
-1454,-892
-1360,2927
-1388,-2677
-3478,-5226
-1950,5628
2031,1471
35,-6005
-467,75
1699,2582
389,-955
-1183,-217
-2194,2395
-1360,362
-1894,-2413
-4085,-2334
406,-645
2874,2743
1384,3925
5121,2383
4884,85
-333,-801
-3242,2353
-3445,3105
-265,2023
-51,2107
-1114,385
904,1984
100,1437
-658,-3292
-975,-1775
-1327,-1014
2423,-750
3018,1859
661,-2289
616,-2629
152,2287
537,-699
356,-3625
-697,-616
-380,4051
-647,5186
-119,170
-18,-1041
174,254
1704,-2940
-1010,-1600
-3135,1451
-932,659
-637,2114
-476,337
564,-1925
274,1517
1164,-1575
2402,-3138
172,4591
-2067,1823
-1018,-3384
-2609,1719
-3044,-554
-44,-3910
-3336,2505
-3206,344
1697,-5061
-388,1157
314,3453
-1256,414
-6163,2647
1432,2511
5767,2863
2565,4457
2822,-182
164,-335
784,1437
2392,-887
-1860,1120
-2644,-616
-1810,-4856
114,-3328
1435,-489
30,5056
2631,3933
1071,-2386
-1572,-2309
673,-4977
-2027,-2160
-244,4694
3537,157
570,-402
2579,992
3098,-851
772,2546
2492,-244
2183,-3248
3237,-1942
778,-3259
-3687,1356
1806,832
4273,-4473
1928,-127
1679,-776
-1208,-4687
489,-1464
4749,415
3146,803
-1070,418
-3850,-188
-827,2002
130,3179
-3328,2428
-31,1008
2798,-771
1316,-382
1833,2122
1027,1399
750,-1514
828,372
-1493,2185
-898,-927
-432,-3486
-3827,-828
-3582,4043
617,2902
1578,841
1649,-284
1698,-3371
-1994,2210
-1742,2222
-659,-6469
-6216,-1732
-2803,-1562
4832,-5505
-1374,278
-6872,-3318
-4396,-2511
-3696,4123
-1478,-2606
996,-1868
-2523,3447
-5381,-339
-2534,-2431
-1942,-194
-204,895
510,-915
-1647,-990
810,-205
-2146,1768
-4498,1581
-1649,296
-597,3638
3317,1667
1629,-1720
-699,1382
3442,-592
701,-1519
2225,718
4179,-2830
-2209,-2081
2471,-2722
4712,-7366
-743,-185
1559,3474
-793,-1844
-1792,2729
2917,5994
-2565,2101
-6128,3648
-349,3796
1564,-1441
140,-2599
1295,1155
679,374
-2743,-4171
-3108,-1086
-2455,-223
-401,-5561
2413,-1470
-146,-99
-803,-4195
-113,1739
-1137,2797
910,-2992
-1886,-2057
-1413,1139
4859,2667
411,-816
-638,-1549
3682,3081
-433,399
-1202,-483
-514,1619
-2769,271
572,3704
5003,3881
4548,-67
-677,-3487
-2797,-7683
6,-2687
-348,269
562,-3200
1882,-449
-1149,-1426
-2686,-2325
-2849,1265
-1682,312
1254,1342
2623,2081
819,994
-2751,1393
-1927,-578
-153,-536
1030,598
3242,2441
-2075,1886
-2559,-3707
3141,-168
-2580,2965
-2478,84
1677,4312
-3325,3068
929,-1837
1688,-2789
-4874,-4188
1529,641
568,475
-5288,-3239
2511,369
3300,-2234
-1448,-2779
718,2267
-1215,1199
-5607,232
-4846,-1947
-1711,-2950
-484,-1067
490,-1850
1384,-109
-3258,-1236
-4508,-1904
126,4578
-1079,4512
-990,153
1776,-934
397,1130
-506,2287
-2908,-5010
-741,-5064
6002,3310
2810,-143
-14,-3221
2219,3174
1517,3601
2209,-1470
218,-607
-942,2081
1758,-842
-1406,-2515
-2265,-860
374,463
-98,-303
83,-5083
-874,-2427
1282,5405
2559,3258
-2095,-1170
-879,-2858
-879,-2228
-1103,446
6474,-72
3390,3090
-2719,5858
850,1679
-828,-1605
-2663,-2968
572,1070
637,1107
767,-5614
1661,-103
1590,1595
1399,-5027
621,-698
532,46
270,-1930
930,-802
3799,-5065
3745,-303
939,5730
-18,245
-1140,-503
-663,1068
2237,2256
-836,6486
-2431,2455
2578,-1728
517,2900
-243,3196
4847,1066
896,1392
-2998,-2513
-606,-605
1488,6503
3832,1810
1052,-936
-4078,5414
-3513,3512
1466,-349
3246,694
-3268,1275
-4160,3385
-804,3522
-4316,1792
-1803,1729
-113,587
-5209,-666
-1204,-688
5801,2658
8766,4414
5210,-1477
-1970,-4118
-168,-2843
-966,-2749
-3877,2510
2733,4823
3156,386
-996,1178
1267,3380
3333,-98
2903,-3905
711,-3486
434,408
1676,2388
167,189
1092,-1160
4538,106
3530,1843
-139,1863
1709,-1451
2822,-2193
-2586,1224
-1474,-69
528,-3273
-2308,-3798
222,-4025
-1241,225
-1689,2066
3901,-3588
1195,-2631
1732,2421
2600,1598
-3224,-620
1016,-2139
383,-1049
-7495,122
-2554,-2826
1516,-1857
-681,618
545,-2328
1741,-1015
-519,3092
-2538,924
424,1466
733,6094
-955,4231
3338,-718
2525,-2504
-1810,-936
-324,2202
-143,2652
-2543,1365
-3964,-755
-366,-1606
3874,1566
-817,1315
-2567,-41
818,218
-2599,-3922
-2910,-1961
615,1762
-1752,-3570
-217,-1383
2872,3874
-1330,-330
-354,-1985
2821,239
-2843,481
-4700,-2810
-1001,-5723
-1356,-1537
-2558,516
25,-2786
5673,-2740
3394,133
-5671,3191
-5457,3138
-909,664
1526,-879
1536,-1978
-1942,-194
-204,895
510,-915
-1647,-990
810,-205
-2146,1768
-4498,1581
-1649,296
-597,3638
3317,1667
1629,-1720
-699,1382
3442,-592
701,-1519
2225,718
4179,-2830
-2209,-2081
2471,-2722
4712,-7366
-743,-185
1559,3474
-793,-1844
-1792,2729
2917,5994
-2565,2101
-6128,3648
-349,3796
1564,-1441
140,-2599
1295,1155
679,374
-2743,-4171
2110,362
-1258,5439
-163,261
1701,-1601
-1244,711
-3343,-1306
1555,651
4449,1321
-317,-3033
-2563,-2474
-1111,1259
368,282
358,-2529
-1716,1581
-425,6275
938,2020
575,-3043
3089,-1112
3286,3655
541,1505
-1451,-2834
-959,560
2087,243
2252,-2617
2915,-471
2032,-3051
-5621,-1941
-4946,3951
2267,-244
2807,-5233
3179,-3694
1226,-892
-3408,0
-744,-1783
3051,-2378
2343,-2501
272,-313
-230,1871
2362,-2488
2916,-3317
2948,-78
4610,682
2248,2180
360,477
144,-1936
-1079,-2286
-127,-2942
-2710,397
-2323,543
6340,-4302
3321,-4620
-4479,-1797
-582,1582
642,2337
-1673,1638
729,685
2124,-3663
574,-2038
-2385,727
-2422,-3335
-461,-1331
-1726,270
-2632,-1882
-2766,1693
-1386,-662
131,-3373
-3478,2554
-2628,327
723,-4052
-2769,-508
-1096,144
2773,1285
-508,4436
-665,2856
-652,2370
-5635,1309
-4799,-1716
1536,1165
2977,2292
-618,-1514
-246,-802
3557,628
1487,-1756
157,-2107
4537,1751
2613,1018
-1111,-3452
-162,297
-3115,-375
-1971,-7620
3825,-1884
1221,1485
-861,-2061
14,2159
-161,450
2507,-413
0,7453
-1678,4406
2226,-714
-1692,1520
-3376,-1044
589,-4448
-1235,-982
-1054,1789
1458,-2058
421,-2220
-2825,863
-3703,-3215
2748,-4180
4483,-787
-685,-300
-443,1559
1262,1138
1889,1406
-556,2516
-5687,-2362
-2993,-1256
1904,2257
2400,-1768
1080,-1942
-1427,-1428
-1122,-4235
-1948,-318
-2636,3738
2380,-174
2426,-426
-622,4892
857,2757
786,-362
1550,1787
2956,431
-361,569
-2116,572
-604,-1994
426,3268
1530,3738
-1,-2763
-1200,-1837
3016,-2147
2377,-1159
-2360,4034
1657,1780
4121,406
-1548,-231
-3047,-5097
632,-2289
3108,158
589,-2229
-2640,1868
-2098,2472
-5120,1433
-6149,5811
357,-267
115,-2137
-4169,7438
147,-1144
3128,-8732
-2134,1232
-1613,2303
4175,1979
1960,1448
1079,-6386
4520,-1189
1817,3000
-1284,-3755
-1713,-3042
625,-1765
2499,-74
-2400,2959
-2878,-1158
244,-1795
1473,-445
4778,-617
1159,2423
-1468,-522
2776,-3384
1299,1030
-511,2630
-1893,2851
-3092,2139
-1362,-644
-1682,338
2375,-827
4020,-3897
614,-387
738,1015
-3245,-2761
-1737,-2243
1657,1745
-3271,5340
1382,3949
4646,4
1386,2110
862,857
-2711,-2197
3847,1557
5997,-1307
-4580,-1858
-1843,5990
-1167,4672
-3270,4256
733,3288
-2452,-4959
3425,-512
9494,4275
2744,-1830
2798,-1179
2726,1130
-178,-1194
129,-1091
1926,2215
4388,3298
-1350,174
-2448,905
293,2747
-7132,1822
-5101,2313
1032,500
-488,1299
2,2389
-2322,-2855
-2664,-1040
-2350,3195
-5701,2342
-4344,4132
-4849,2237
-2452,-1661
2336,-1890
180,-2748
1989,-2476
-333,-2013
-5218,112
2090,2073
3719,-1633
-1767,-2016
-1289,-904
374,-2772
177,585
-732,3183
785,2926
-238,4530
-2986,1763
1756,-126
3692,2269
898,-290
1022,-2256
291,574
-403,203
-2160,-1514
-2613,-530
947,1683
1332,1022
853,-4078
-940,-2197
-3644,3353
381,-484
2110,362
-1258,5439
-163,261
1701,-1601
-1244,711
-3343,-1306
1555,651
4449,1321
-317,-3033
-2563,-2474
-1111,1259
368,282
358,-2529
-1716,1581
-425,6275
938,2020
575,-3043
3089,-1112
3286,3655
541,1505
-1451,-2834
-959,560
2087,243
2252,-2617
2915,-471
2032,-3051
-5621,-1941
-4946,3951
2267,-244
2807,-5233
3179,-3694
1226,-892
-2622,1298
1686,3399
-1408,2934
2630,-2194
2002,-3384
-5856,-1639
-1528,-1521
-309,1498
-3216,3252
-1535,-1967
-711,-2328
3764,1472
1495,478
-5328,1877
-2491,4508
-1496,1555
-1845,-621
-2208,1267
-3775,2002
1820,1013
673,-205
-3029,-982
3573,1860
2387,994
-1017,-5550
2647,-4015
99,-1770
-2293,-4584
215,54
-121,4968
-1174,4030
-1489,1357
-2534,-2534
-1678,-2600
2027,-3016
2671,-3837
-2198,-457
-5490,-2761
-3480,-7412
-343,-4006
2092,1883
5231,1284
2444,-2715
-2841,480
2472,1996
5001,-1980
1124,1818
1880,2908
-3574,-2244
-3682,-1282
3400,-1295
-3992,-2904
-3165,-1589
3416,-2708
-3897,-3391
1622,-1079
8206,-878
-832,-2483
-1054,-698
3597,-58
3963,-3814
121,-3350
-5576,-1880
-1557,-2323
1086,2110
-1305,3628
-307,-975
-3112,-2003
-2818,857
2839,1184
3170,-1556
331,-300
-3629,3428
-4732,2989
-1029,362
1586,-919
1714,1566
927,604
859,-4436
-11,193
1579,4463
3214,-1097
-2882,-1815
-1225,3017
4706,3396
-628,-1477
-761,-2904
-832,1288
-4330,635
3840,-775
3987,2757
-1999,2595
1991,-1253
466,-2618
-1422,-1502
597,-1631
-1086,-1086
2975,709
4613,-888
-2051,-247
-1848,249
2282,-2181
830,3026
-1070,5312
660,-742
1061,-1621
-1092,-71
-2157,-612
-1844,-3053
-455,-2797
-46,2826
1874,3543
4349,242
-909,-3428
-3536,-4292
-391,1464
-1526,1632
595,-1268
944,-2375
-3416,-5638
140,-804
1369,2587
-972,-432
1643,3459
1116,3968
-686,1583
-2401,3505
-4173,3521
-998,3770
626,892
914,-1519
2432,2035
1159,927
692,-2338
1926,-2755
1677,-2948
-1718,-2324
-2936,-2077
1588,-651
841,599
-1829,139
99,-1021
-1054,-2333
1330,64
6277,-67
4714,-2903
3986,-918
4116,-806
3715,480
2741,4105
-2988,-145
-4288,-4370
-178,-762
-18,3756
-2154,1432
-3184,-1719
-497,1287
1882,503
-1214,-378
-3985,2338
-4707,1086
-3716,3856
-314,3092
685,-3126
-958,-314
-1987,-2295
-730,-4657
827,2420
-1442,-92
-2944,-3421
-936,949
-1216,44
-2004,-3226
227,-2864
557,2642
381,2930
2886,-3812
-1033,1079
-6696,5258
-832,-997
3407,796
203,1406
1526,-4117
1665,-1129
-493,1575
1411,-625
580,1517
-1118,5265
1558,2484
2611,-4323
419,-286
-989,6181
-362,-1386
-399,-2837
-1693,2254
-283,-1764
3166,1601
3732,5736
464,1173
-4742,2537
-8319,1189
-4197,-722
1272,2981
-2886,2486
-2763,4277
5963,2405
3771,36
-1870,6714
-218,2017
222,-2174
2945,2596
4715,-2847
537,-3671
821,315
1902,-657
-752,641
229,-716
2026,1213
100,3032
-1566,-1113
-104,-547
1604,-2389
1981,-1187
1714,3364
-362,-362
-1610,1679
-2095,534
-2986,-5449
296,523
3601,1924
2963,877
838,1711
-1807,-3697
466,-195
2079,2634
-1847,-3347
1559,-2178
5492,-6
-983,-245
-2891,1841
2132,2918
2582,332
727,-2256
-541,526
-1355,-839
604,-1557
181,6473
-1266,3798
3235,-2188
3055,2157
-107,2890
2627,1079
-1249,-2179
-2564,-5831
3554,-621
-1419,2878
-2622,1298
1686,3399
-1408,2934
2630,-2194
2002,-3384
-5856,-1639
-1528,-1521
-309,1498
-3216,3252
-1535,-1967
-711,-2328
3764,1472
1495,478
-5328,1877
-2491,4508
-1496,1555
-1845,-621
-2208,1267
-3775,2002
1820,1013
673,-205
-3029,-982
3573,1860
2387,994
-1017,-5550
2647,-4015
99,-1770
-2293,-4584
215,54
-121,4968
-1174,4030
-1489,1357
2048,-3408
444,-2178
-4992,3153
-444,-903
1282,-3990
552,1103
6121,691
228,-3215
-6284,-2379
-1663,2412
-4298,2698
-2896,-1264
5536,2315
-929,1804
-4636,-2179
2717,4263
507,1953
-658,-3849
2693,1952
-1702,2851
-3459,611
-3598,-1610
-4293,-4241
1394,-34
542,2243
-2335,391
3497,-3516
2405,-5210
-2804,-2268
-1717,-6006
-983,-4560
-851,2291
-274,-1086
-122,-1462
-943,-1341
-2609,-2333
-61,1263
1546,-2686
-2318,-2938
-2747,397
477,-1233
-116,2570
-2347,646
-478,-2232
-659,-435
-5401,-5558
-1786,-962
4866,3996
1213,-2079
-1855,1681
1160,2425
1866,-2760
910,1789
1021,1714
-766,-3506
-3232,-900
-1454,2825
-410,-418
-1218,-3195
2617,544
2886,2499
-810,1112
395,819
1,2339
-300,2684
2496,-2085
2391,-1471
3997,1773
4935,-3035
623,-1217
-2368,3770
-3047,332
-247,-337
4291,790
4013,-490
2418,-203
2412,-228
1116,-2955
-729,-4604
496,-1142
2169,-1673
-575,-4735
-342,-1775
4988,-1625
5847,929
2093,5426
-1896,199
-2354,-2173
-441,-2792
-2259,-3539
-3457,3845
64,3287
4031,-1233
1673,1754
-5289,982
-2515,1197
2534,2746
-1474,-222
-224,114
2246,-863
-1374,-5526
-1349,-3788
-3693,2049
-5483,1345
1231,-5325
2688,-5123
-1873,2527
-1704,3640
1537,-433
2930,580
1908,-397
1878,-5159
3021,-657
2904,1612
1272,-5183
801,611
3137,7772
1056,671
-3573,-2118
-3346,-724
-5158,-773
-4832,1387
1376,-1169
255,-3156
-1191,-747
3860,596
2017,2874
-2744,451
-1324,-3108
827,1238
1454,707
322,-5065
-1828,-3472
-1998,233
-2776,734
-3034,231
-821,713
-1189,2716
-508,2521
1628,-50
-1662,-3328
-1841,-4578
506,-404
-2446,2569
-507,3291
2976,3710
460,-513
-1501,947
-2521,5719
2341,361
6337,-1656
-1849,101
-3431,-1889
2431,1501
792,1346
923,-2656
2841,958
-645,2813
-4331,1294
-3331,507
-450,362
-1274,2323
618,579
2967,-744
-921,2965
241,2794
-243,-1389
-3783,-2970
3057,-901
2703,-1090
-3313,-3055
1114,1014
887,5086
-1985,1674
-14,-3999
19,-2569
659,3827
-1186,3580
-2932,1565
-1055,380
-2844,-2519
-2073,693
1484,2650
2455,2768
2904,4625
-2294,-898
-3839,-1864
3604,1509
2568,-121
-2018,140
1307,-2628
3846,-804
2472,2384
893,-3952
2104,-1606
3777,-3195
603,-7855
-225,4371
2911,4562
391,-339
-2289,6699
279,4227
1096,3231
145,5855
-1073,918
-1416,-2282
621,-2797
-1333,454
-2169,773
2697,-2270
892,-194
-1874,-141
2281,2607
2143,2996
-1317,-1851
-2603,3560
-1015,2687
1986,-2547
-1757,2983
-4652,1814
516,-477
1687,-457
-775,-4713
227,-1664
1086,-574
557,-4169
1420,-1074
1675,2024
-1788,1218
-2734,-1858
409,-2234
1664,143
1978,-134
371,-157
1177,-3354
4666,-4089
-336,3946
-2314,4152
1861,-838
-254,611
899,357
-336,-1805
-6727,-1433
-2085,-406
1594,1525
1615,4678
4284,5981
138,3357
-637,1763
2226,2169
770,942
3098,2453
1889,5134
-1636,1521
38,-1761
58,-1028
2048,-3408
444,-2178
-4992,3153
-444,-903
1282,-3990
552,1103
6121,691
228,-3215
-6284,-2379
-1663,2412
-4298,2698
-2896,-1264
5536,2315
-929,1804
-4636,-2179
2717,4263
507,1953
-658,-3849
2693,1952
-1702,2851
-3459,611
-3598,-1610
-4293,-4241
1394,-34
542,2243
-2335,391
3497,-3516
2405,-5210
-2804,-2268
-1717,-6006
-983,-4560
-851,2291
-3742,1398
-3369,1056
-3475,2718
-1963,2846
-372,3816
1730,3392
3934,-183
1415,-2122
-1665,-3348
-3567,926
-326,4481
4357,-1680
-2506,-2080
-2527,2215
3784,362
-2537,-689
-795,-148
2925,1192
-3840,526
668,-2326
3278,1729
-3940,2883
-1762,-3216
2816,-2126
2287,2683
-680,3383
-3906,1495
-3273,-1705
-1353,-3307
347,-3310
1874,-2949
2390,-2330
2607,-2141
2390,-2330
1874,-2949
347,-3310
-1353,-3307
-3273,-1705
-3906,1495
-680,3383
2287,2683
2816,-2126
-1762,-3216
-3940,2883
3278,1729
668,-2326
-3840,526
2925,1192
-795,-148
-2537,-689
3784,362
-2527,2215
-2506,-2080
4357,-1680
-326,4481
-3567,926
-1665,-3348
1415,-2122
3934,-183
1730,3392
-372,3816
-1963,2846
-3475,2718
-3369,1056
-3742,1398
-3616,1610
-3123,1854
-2212,3636
-385,3466
2021,3117
3518,632
1706,-3137
-1613,-2602
-4005,857
292,3725
3962,-335
-2732,-3397
-1586,2688
2606,1349
-2153,-2988
556,2091
267,1224
-2484,-2815
3427,1574
-1705,2540
-3885,-2561
4417,-1964
1212,3192
-2558,3049
-2869,-901
-2468,-3024
2536,-3207
2870,-986
3052,945
3631,1859
1428,3129
2717,2701
2223,2826
2412,2370
4121,394
2477,-591
2028,-3276
-1251,-3359
-4242,-216
-1716,2222
1413,3830
3117,-2046
-2009,-3292
-3170,4032
3420,-137
-510,-1955
-2895,2423
2617,-1448
-507,875
-2620,1328
2042,-3359
1122,3250
-3372,1981
-1210,-4751
3684,223
1466,3007
-2527,2705
-3439,705
-2833,-3582
257,-2908
1769,-2918
2522,-2341
3644,-433
2819,-1580
3429,-800
2881,-1770
1383,-3430
537,-2701
-2896,-3360
-3643,120
-2087,3409
908,2524
4165,193
-1382,-4105
-3714,915
2041,4233
775,-3586
-1643,292
-243,2997
461,-3349
354,2031
-1959,1612
196,-4023
2638,2959
-2878,2565
-2644,-3690
3210,-1290
2385,1955
-1083,3689
-3438,1676
-3624,-2212
-1199,-2759
375,-3630
1723,-2995
2602,-1960
2377,-2639
2602,-1960
1723,-2995
375,-3630
-1199,-2759
-3624,-2212
-3438,1676
-1083,3689
2385,1955
3210,-1290
-2644,-3690
-2878,2565
2638,2959
196,-4023
-1959,1612
354,2031
461,-3349
-243,2997
-1643,292
775,-3586
2041,4233
-3714,915
-1382,-4105
4165,193
908,2524
-2087,3409
-3643,120
-2896,-3360
537,-2701
1383,-3430
2881,-1770
3429,-800
2819,-1580
3644,-433
2522,-2341
1769,-2918
257,-2908
-2833,-3582
-3439,705
-2527,2705
1466,3007
3684,223
-1210,-4751
-3372,1981
1122,3250
2042,-3359
-2620,1328
-507,875
2617,-1448
-2895,2423
-510,-1955
3420,-137
-3170,4032
-2009,-3292
3117,-2046
1413,3830
-1716,2222
-4242,-216
-1251,-3359
2028,-3276
2477,-591
4121,394
2412,2370
2223,2826
2717,2701
1428,3129
3631,1859
3052,945
2870,-986
2536,-3207
-2468,-3024
-2869,-901
-2558,3049
1212,3192
4417,-1964
-3885,-2561
-1705,2540
3427,1574
-2484,-2815
267,1224
556,2091
-2153,-2988
2606,1349
-1586,2688
-2732,-3397
3962,-335
292,3725
-4005,857
-1613,-2602
1706,-3137
3518,632
2021,3117
-385,3466
-2212,3636
-3123,1854
-3616,1610
-3742,1398
-3369,1056
-3475,2718
-1963,2846
-372,3816
1730,3392
3934,-183
1415,-2122
-1665,-3348
-3567,926
-326,4481
4357,-1680
-2506,-2080
-2527,2215
3784,362
-2537,-689
-795,-148
2925,1192
-3840,526
668,-2326
3278,1729
-3940,2883
-1762,-3216
2816,-2126
2287,2683
-680,3383
-3906,1495
-3273,-1705
-1353,-3307
347,-3310
1874,-2949
2390,-2330
4264,-1042
2143,-3446
646,1034
-113,550
2474,553
1412,408
-3742,-4308
1704,-3139
7713,-1196
1594,-1594
-2006,1332
3143,2824
6336,-23
2144,-3899
-4039,-2382
-4704,2288
-2129,478
-1043,-3909
192,-2803
1354,-151
717,-2626
188,-4714
-42,-2271
-2516,-2427
-4570,-2435
-768,609
2124,1318
-2291,550
-1748,-1380
2356,-2289
-2369,-1631
-2465,-1749
1448,1448
-4770,3154
-4270,1783
2784,3799
1286,4861
3114,3454
4991,-1310
-166,-5404
314,-539
994,805
-1538,-4056
1340,-3269
1231,-359
-2777,2673
-681,5690
1302,5342
-1399,1508
-2904,-2603
-2038,193
998,2308
1712,-2900
-2757,-3356
-2852,-158
148,-2264
698,-6127
3078,-4149
1030,1654
-2737,-328
1793,-3697
4026,1244
1087,3559
-544,1323
-1492,-618
-1418,-1322
-3345,1923
-3576,1228
619,-1887
-258,2991
-3151,4129
47,-2851
4319,-4552
3197,-2152
949,1097
1856,4682
221,1365
-376,-2268
1596,-111
-260,-673
152,-1054
-969,1176
-4321,1003
-432,1211
697,-610
-171,-2572
787,1251
-2409,2495
-1186,892
474,1001
-2761,-805
-4544,-757
-3613,1574
3145,1641
3458,551
-2230,-2626
-362,-5006
-3315,-2501
-3681,146
2560,1286
240,1164
3036,-1326
5823,1084
-1224,4290
-1805,-1615
-145,-1853
-883,2938
-995,-2549
-6,-4165
2617,-988
-493,-1543
-1245,358
1473,-3375
-550,-5057
2282,-252
2561,-4336
-2043,-3111
51,-9
-331,-6561
-1930,-4657
2782,-1711
5622,-691
798,3399
-3448,41
638,2086
999,5858
253,-134
5054,-2572
80,-2578
-3559,612
2622,2440
3978,-1524
2231,2826
-1249,3515
-1867,-773
-309,1369
-2705,-48
978,2523
1456,1328
-2817,-7903
1052,-642
1154,2733
313,-5226
1836,1236
-1068,3918
-1652,-3778
-2541,-1598
726,1799
4637,-1650
-1350,1175
-1021,6308
1036,-96
-2090,-2113
381,3484
2157,-620
4216,-1440
2415,711
-2987,-3094
1886,1355
1052,4232
-4344,2172
-10,4407
117,550
-2362,-556
-2294,2590
-845,-557
3192,367
209,-405
-3099,-2442
-1210,4339
-2552,4623
-1299,138
1583,-1318
-205,-3755
-1000,177
952,2789
675,839
-1209,3111
827,35
1497,-734
-356,4098
2030,-809
1437,62
-1132,5953
279,1098
1347,1095
3414,1703
2639,-3254
-717,-1874
-1873,-3049
-4816,-3519
-2051,1374
1492,-106
-4778,-493
-4647,1345
330,121
-1235,848
-1750,898
-2379,325
-931,-1454
5257,-2044
1763,1379
-5889,-109
-792,362
4819,2844
1255,236
295,4252
750,2873
-1300,-4790
-413,1646
125,3985
1584,-1222
3221,312
65,-1422
1726,-2572
2054,158
-4690,-88
-1941,712
1890,149
-59,-1898
2310,443
-2800,5325
-8535,5486
445,-1921
4707,-2958
2114,4221
3808,3031
1667,712
422,5078
2077,2741
-2776,-935
-4554,3359
-1305,851
-1692,-5957
-149,-901
670,3757
-3299,251
-2978,1136
-308,4347
-1519,2218
-2197,-422
-36,688
239,-1232
-1890,-4154
-745,2041
1800,3677
2605,-2831
2743,-1534
88,-1101
503,-3647
4359,-1464
1647,515
-1430,4184
-901,2592
-632,-2678
2667,306
4264,-1042
2143,-3446
646,1034
-113,550
2474,553
1412,408
-3742,-4308
1704,-3139
7713,-1196
1594,-1594
-2006,1332
3143,2824
6336,-23
2144,-3899
-4039,-2382
-4704,2288
-2129,478
-1043,-3909
192,-2803
1354,-151
717,-2626
188,-4714
-42,-2271
-2516,-2427
-4570,-2435
-768,609
2124,1318
-2291,550
-1748,-1380
2356,-2289
-2369,-1631
-2465,-1749
2322,1086
-3437,1799
-975,85
1764,1960
599,2611
4065,-679
2534,-2284
-573,-1663
1801,-1472
2285,-1394
4165,1636
2292,2256
-3256,-2579
804,-2955
2384,-560
-288,-1656
2434,1011
526,3148
-1647,-1987
359,-2147
997,300
1134,-2711
-3605,1438
-3777,6550
1945,286
-2187,-2288
-4552,278
-1367,-2507
-2453,-3008
-1809,1686
-2370,4613
-3441,5073
-150,2534
2920,-2188
5399,275
1699,5331
-3362,-186
-185,-3011
-199,2086
-3778,-561
-3375,-3060
-534,1619
3985,2717
2213,138
-2526,112
192,1723
736,-2594
-2588,-4580
-691,3800
1128,4171
-282,-195
29,2316
-233,-261
-1330,-1909
1301,469
2119,-2100
-14,-2468
1440,-2445
-47,-3129
-3862,988
-211,624
2117,-3912
-1554,-2304
-2394,112
-2410,-4070
-2439,-6100
2044,-2282
4801,-1310
2079,-106
-1761,1266
-3271,-1250
297,-1229
1786,-2645
-2076,-3278
-1507,1361
110,403
1740,395
6019,4279
1006,3286
-4296,1999
-320,-2459
-1726,-4975
-4528,2847
-1237,6061
915,1645
1141,-198
2984,1057
4764,-375
807,-3634
1560,685
7088,2363
-487,-4792
-3876,-4121
1438,1523
-1673,2999
-77,79
362,-5219
-3619,-1996
658,4278
-2418,5610
-3303,5560
4669,-1139
596,-4961
-590,-1186
4255,-3446
-583,-1364
-2962,4483
283,-433
-1510,-2636
-4660,-1379
162,-2170
2730,2826
-1705,1276
2602,-2530
3909,3682
-1575,1107
3820,-2236
4668,3313
-2283,-931
-2848,-2303
283,2193
5021,-1908
1526,-817
-5565,1523
-2273,-803
138,922
-1426,-2505
253,-4667
2022,362
-3093,855
-8000,838
-844,670
792,15
-3565,1938
1489,-875
-672,-2823
-5766,690
-4426,704
-4951,-3289
227,-4401
1580,-1517
-3101,-1403
-459,-1032
-334,887
-2134,-1435
-2305,999
-1300,1418
2511,-6442
-1317,-4712
-2785,-1671
3791,-2327
3690,3233
1141,1958
1256,-334
2169,5634
-1536,3160
-5686,-4000
690,-2102
582,3054
-4079,941
150,-5431
-1888,-3822
-2555,2451
2685,2933
1614,621
1415,197
1335,-1158
-209,-2321
-1677,615
-1694,684
2408,-1273
-2610,1957
-6293,2530
2400,2323
4835,3877
4625,1216
2863,3016
-2110,4672
1382,1491
2104,4040
-1074,2621
-882,-1358
-1415,600
579,-2714
268,-3242
-249,1436
96,-1394
-3984,-1529
498,1015
4182,-2242
-302,-2281
2319,-170
2410,-274
1069,1218
4136,2286
-159,3092
-2842,3207
-176,659
1006,-415
1051,-2529
-1317,-3813
836,1034
4040,842
2147,-1236
1933,2550
1251,-696
2913,-3859
4580,375
-1428,-13
-2303,364
182,2486
-1251,1434
345,1723
-398,-298
-967,-260
1707,2453
-397,-907
510,-1338
3568,740
3150,-2020
4875,-1540
713,493
-4282,-1162
1790,-313
3982,2322
-367,-188
-1906,-2138
-1834,-219
328,-1834
-1500,-96
-5468,3506
-1808,-1289
1397,-1350
1431,1461
1815,-684
1151,2302
2540,3545
584,1072
-1552,838
4194,1114
3877,3493
-720,-1221
1084,-3950
936,4685
643,2617
548,-95
-3622,5307
-3086,187
-1137,-2876
-3213,935
-2856,2116
269,3038
3333,-2152
369,-5125
-4791,-196
140,636
2322,1086
-3437,1799
-975,85
1764,1960
599,2611
4065,-679
2534,-2284
-573,-1663
1801,-1472
2285,-1394
4165,1636
2292,2256
-3256,-2579
804,-2955
2384,-560
-288,-1656
2434,1011
526,3148
-1647,-1987
359,-2147
997,300
1134,-2711
-3605,1438
-3777,6550
1945,286
-2187,-2288
-4552,278
-1367,-2507
-2453,-3008
-1809,1686
-2370,4613
-3441,5073
-3858,-150
740,2400
781,8112
-1157,2034
-1648,1034
384,3701
2959,1018
-775,3567
-1436,3657
-1061,1285
-1240,1201
914,-4077
-2021,-5117
-897,-3443
-2153,-5056
-8224,463
-546,3946
3124,-1076
389,-2168
4923,-103
3214,-1330
1962,-2079
4366,1870
417,3649
-3014,581
-2180,359
1510,-115
459,-3772
-1588,-3609
2184,1159
-1265,3642
-3395,1649
2472,2896
2132,4600
-782,746
-2964,-535
-2401,-1806
491,-3336
431,1471
3855,2836
3286,1549
-1054,1900
2936,-177
2889,1750
-591,4438
663,2867
-1070,361
-1953,-3154
1626,-1220
1611,1321
-2981,-1983
-499,-630
4737,2352
105,926
1605,-223
5553,-710
-2452,-2086
-1131,-2092
3166,2791
-3036,1785
-2200,-4742
1011,-558
88,1320
-1042,-104
-3434,5394
578,624
4252,-2728
375,3437
78,1472
2568,3052
2901,4675
1781,-169
-658,1851
-422,-1455
1133,-3886
99,3595
-370,-935
-73,-6998
-321,-401
1730,3518
990,842
-4153,-1711
-2269,-220
2584,577
1068,-1392
-1494,511
-3160,1782
-1503,-1917
1828,-5488
-360,-2593
-705,4699
1883,4054
313,136
-318,579
1634,-2257
1017,-4864
-2172,-2896
-1968,82
1033,370
352,-4718
176,-4992
510,-1001
-2042,-3685
-1556,-4152
-634,262
-1009,735
1117,-301
1364,1427
-1404,4477
-3087,5360
-487,3669
2342,-305
1270,-2674
2373,-30
1397,-2287
-3640,-5192
-2142,653
853,2022
685,101
-597,-42
-4425,-3187
-1805,139
4442,2947
2484,-1960
591,-1784
952,-1782
-1697,-1181
-1126,4325
238,2322
-693,265
2090,1603
3213,-3035
473,-2922
1161,3342
3067,4086
2247,-447
-2687,-2596
-4571,1563
1920,1720
1031,-2470
-3410,-568
1578,-1458
1467,-3824
-2128,1235
-2438,486
-3690,-3576
1764,2196
3853,6272
-2257,2181
-1550,277
-181,337
-1539,-3105
-2748,-2134
-5752,3097
-3088,1309
1515,1644
-742,3940
-5260,-3435
-2447,-2057
4682,4920
1872,0
-2232,1881
-430,4931
-1500,-946
1368,1359
3449,1149
351,-550
1612,6064
-559,2895
-2482,-1859
-559,-1532
-4948,-4386
-5264,-2119
-26,-3092
1533,-3843
1666,2191
-266,-2788
-1473,-3534
-70,3639
2026,-52
3000,782
951,2627
213,-1882
-2669,-621
-3868,-3329
4282,-4665
3307,133
-5364,-1810
-2052,663
3378,4169
2455,-2206
1878,-4965
2710,-3222
1125,-1284
-87,-1069
4208,-4202
2414,-1983
-5008,336
-1393,-1285
1627,1488
-3235,1007
-1136,-4047
2064,-3384
509,-1645
2279,-2930
1219,-2520
-4960,223
-5893,1910
-902,518
2738,-508
-2242,772
-6920,135
557,-282
2804,1726
-4307,-131
-4577,-1172
-1684,2272
2631,719
2648,-601
-3664,1016
71,-2147
2598,-208
-695,4130
1490,-528
-724,-1448
-126,1738
1300,-363
-3189,-1246
3282,-1202
4148,-1513
-2637,1691
1607,1334
131,-2833
-1160,140
2978,3475
-915,-2261
-1156,-3885
-1431,-319
-4564,-3253
773,-2572
3162,3786
-710,3240
-751,34
1470,14
-336,283
-9,-1034
5335,-1083
2086,1587
-1016,1786
1449,2341
-1849,3307
1645,-1082
5959,-3194
2566,-1025
4291,2541
615,4473
-3858,-150
740,2400
781,8112
-1157,2034
-1648,1034
384,3701
2959,1018
-775,3567
-1436,3657
-1061,1285
-1240,1201
914,-4077
-2021,-5117
-897,-3443
-2153,-5056
-8224,463
-546,3946
3124,-1076
389,-2168
4923,-103
3214,-1330
1962,-2079
4366,1870
417,3649
-3014,581
-2180,359
1510,-115
459,-3772
-1588,-3609
2184,1159
-1265,3642
-3395,1649
0,0
0,0
0,0
0,0
0,0
0,0
0,0
0,0
0,0
0,0
0,0
0,0
0,0
0,0
0,0
0,0
0,0
0,0
0,0
0,0
0,0
0,0
0,0
0,0
0,0
0,0
0,0
0,0
0,0
0,0
0,0
0,0
